Rk,Player,Age,Team,Pos,G,GS,MP,FG,FGA,FG%,3P,3PA,3P%,2P,2PA,2P%,eFG%,FT,FTA,FT%,ORB,DRB,TRB,AST,STL,BLK,TOV,PF,PTS,Trp-Dbl,Awards,season_end_year,season
1.0,Stephen Curry,32.0,GSW,PG,63.0,63.0,2152.0,658.0,1365.0,0.482,337.0,801.0,0.421,321.0,564.0,0.569,0.605,362.0,395.0,0.916,29.0,316.0,345.0,363.0,77.0,8.0,213.0,119.0,2015.0,0.0,"MVP-3,AS,NBA1",2021,2020-21
2.0,Damian Lillard,30.0,POR,PG,67.0,67.0,2398.0,602.0,1334.0,0.451,275.0,704.0,0.391,327.0,630.0,0.519,0.554,449.0,484.0,0.928,32.0,251.0,283.0,505.0,62.0,17.0,203.0,102.0,1928.0,0.0,"MVP-7,AS,NBA2",2021,2020-21
3.0,Nikola Jokić,25.0,DEN,C,72.0,72.0,2488.0,732.0,1293.0,0.566,92.0,237.0,0.388,640.0,1056.0,0.606,0.602,342.0,394.0,0.868,205.0,575.0,780.0,599.0,95.0,48.0,222.0,192.0,1898.0,16.0,"MVP-1,AS,NBA1",2021,2020-21
4.0,Bradley Beal,27.0,WAS,SG,60.0,60.0,2147.0,670.0,1382.0,0.485,130.0,373.0,0.349,540.0,1009.0,0.535,0.532,408.0,459.0,0.889,72.0,211.0,283.0,265.0,69.0,22.0,187.0,140.0,1878.0,0.0,"AS,NBA3",2021,2020-21
5.0,Luka Dončić,21.0,DAL,PG,66.0,66.0,2262.0,647.0,1351.0,0.479,192.0,548.0,0.35,455.0,803.0,0.567,0.55,344.0,471.0,0.73,54.0,473.0,527.0,567.0,64.0,36.0,281.0,152.0,1830.0,11.0,"MVP-6,AS,NBA1",2021,2020-21
6.0,Giannis Antetokounmpo,26.0,MIL,PF,61.0,61.0,2013.0,626.0,1100.0,0.569,67.0,221.0,0.303,559.0,879.0,0.636,0.6,398.0,581.0,0.685,97.0,574.0,671.0,357.0,72.0,73.0,207.0,168.0,1717.0,7.0,"MVP-4,DPOY-5,AS,NBA1,DEF1",2021,2020-21
7.0,Devin Booker,24.0,PHO,SG,67.0,67.0,2270.0,623.0,1287.0,0.484,126.0,371.0,0.34,497.0,916.0,0.543,0.533,340.0,392.0,0.867,34.0,247.0,281.0,289.0,53.0,16.0,207.0,181.0,1712.0,0.0,AS,2021,2020-21
8.0,Julius Randle,26.0,NYK,PF,71.0,71.0,2667.0,602.0,1321.0,0.456,160.0,389.0,0.411,442.0,932.0,0.474,0.516,348.0,429.0,0.811,84.0,639.0,723.0,427.0,64.0,18.0,241.0,225.0,1712.0,6.0,"MVP-8,MIP-1,AS,NBA2",2021,2020-21
9.0,Jayson Tatum,22.0,BOS,SF,64.0,64.0,2290.0,605.0,1318.0,0.459,187.0,485.0,0.386,418.0,833.0,0.502,0.53,295.0,340.0,0.868,50.0,422.0,472.0,276.0,75.0,31.0,171.0,122.0,1692.0,1.0,AS,2021,2020-21
10.0,Zion Williamson,20.0,NOP,PF,61.0,61.0,2026.0,634.0,1037.0,0.611,10.0,34.0,0.294,624.0,1003.0,0.622,0.616,369.0,529.0,0.698,167.0,274.0,441.0,226.0,57.0,39.0,167.0,135.0,1647.0,0.0,AS,2021,2020-21
11.0,Nikola Vučević,30.0,2TM,C,70.0,70.0,2348.0,666.0,1396.0,0.477,176.0,440.0,0.4,490.0,956.0,0.513,0.54,131.0,156.0,0.84,146.0,671.0,817.0,269.0,65.0,48.0,126.0,137.0,1639.0,2.0,AS,2021,2020-21
11.0,Nikola Vučević,30.0,ORL,C,44.0,44.0,1500.0,436.0,908.0,0.48,117.0,288.0,0.406,319.0,620.0,0.515,0.545,91.0,110.0,0.827,87.0,430.0,517.0,167.0,42.0,28.0,83.0,79.0,1080.0,1.0,,2021,2020-21
11.0,Nikola Vučević,30.0,CHI,C,26.0,26.0,848.0,230.0,488.0,0.471,59.0,152.0,0.388,171.0,336.0,0.509,0.532,40.0,46.0,0.87,59.0,241.0,300.0,102.0,23.0,20.0,43.0,58.0,559.0,1.0,,2021,2020-21
12.0,Trae Young,22.0,ATL,PG,63.0,63.0,2125.0,487.0,1112.0,0.438,136.0,397.0,0.343,351.0,715.0,0.491,0.499,484.0,546.0,0.886,38.0,207.0,245.0,594.0,53.0,12.0,261.0,111.0,1594.0,0.0,,2021,2020-21
13.0,Zach LaVine,25.0,CHI,SG,58.0,58.0,2034.0,569.0,1123.0,0.507,200.0,477.0,0.419,369.0,646.0,0.571,0.596,253.0,298.0,0.849,36.0,253.0,289.0,282.0,46.0,27.0,203.0,138.0,1591.0,0.0,AS,2021,2020-21
14.0,De'Aaron Fox,23.0,SAC,PG,58.0,58.0,2036.0,529.0,1110.0,0.477,103.0,320.0,0.322,426.0,790.0,0.539,0.523,300.0,417.0,0.719,33.0,170.0,203.0,417.0,87.0,27.0,174.0,170.0,1461.0,0.0,,2021,2020-21
15.0,Collin Sexton,22.0,CLE,SG,60.0,60.0,2115.0,525.0,1105.0,0.475,98.0,264.0,0.371,427.0,841.0,0.508,0.519,312.0,383.0,0.815,58.0,129.0,187.0,262.0,62.0,10.0,167.0,157.0,1460.0,0.0,,2021,2020-21
16.0,Joel Embiid,26.0,PHI,C,51.0,51.0,1585.0,461.0,899.0,0.513,58.0,154.0,0.377,403.0,745.0,0.541,0.545,471.0,548.0,0.859,113.0,426.0,539.0,145.0,50.0,69.0,159.0,123.0,1451.0,0.0,"MVP-2,DPOY-7,AS,NBA2,DEF2",2021,2020-21
17.0,Kyrie Irving,28.0,BRK,PG,54.0,54.0,1886.0,549.0,1086.0,0.506,152.0,378.0,0.402,397.0,708.0,0.561,0.576,201.0,218.0,0.922,52.0,205.0,257.0,324.0,76.0,37.0,130.0,140.0,1451.0,0.0,"AS,NBA3",2021,2020-21
18.0,Brandon Ingram,23.0,NOP,SF,61.0,61.0,2093.0,513.0,1101.0,0.466,143.0,375.0,0.381,370.0,726.0,0.51,0.531,281.0,320.0,0.878,34.0,265.0,299.0,296.0,42.0,36.0,154.0,124.0,1450.0,0.0,,2021,2020-21
19.0,Russell Westbrook,32.0,WAS,PG,65.0,65.0,2369.0,544.0,1238.0,0.439,86.0,273.0,0.315,458.0,965.0,0.475,0.474,271.0,413.0,0.656,109.0,641.0,750.0,763.0,89.0,23.0,312.0,190.0,1445.0,38.0,MVP-11,2021,2020-21
20.0,Jaylen Brown,24.0,BOS,SG,58.0,58.0,1999.0,538.0,1111.0,0.484,163.0,411.0,0.397,375.0,700.0,0.536,0.558,191.0,250.0,0.764,71.0,276.0,347.0,195.0,72.0,32.0,158.0,168.0,1430.0,0.0,AS,2021,2020-21
21.0,Terry Rozier,26.0,CHO,SG,69.0,69.0,2383.0,510.0,1134.0,0.45,222.0,571.0,0.389,288.0,563.0,0.512,0.548,165.0,202.0,0.817,47.0,255.0,302.0,293.0,87.0,26.0,128.0,119.0,1407.0,0.0,,2021,2020-21
22.0,Donovan Mitchell,24.0,UTA,PG,53.0,53.0,1771.0,478.0,1091.0,0.438,178.0,461.0,0.386,300.0,630.0,0.476,0.52,267.0,316.0,0.845,50.0,185.0,235.0,277.0,52.0,15.0,147.0,117.0,1401.0,0.0,AS,2021,2020-21
23.0,Anthony Edwards,19.0,MIN,SG,72.0,55.0,2314.0,505.0,1211.0,0.417,171.0,520.0,0.329,334.0,691.0,0.483,0.488,211.0,272.0,0.776,59.0,277.0,336.0,211.0,82.0,36.0,160.0,129.0,1392.0,0.0,ROY-2,2021,2020-21
24.0,Khris Middleton,29.0,MIL,SF,68.0,68.0,2269.0,511.0,1074.0,0.476,151.0,365.0,0.414,360.0,709.0,0.508,0.546,212.0,236.0,0.898,54.0,352.0,406.0,370.0,74.0,9.0,178.0,160.0,1385.0,0.0,,2021,2020-21
25.0,Andrew Wiggins,25.0,GSW,PF,71.0,71.0,2364.0,505.0,1058.0,0.477,140.0,368.0,0.38,365.0,690.0,0.529,0.543,170.0,238.0,0.714,82.0,265.0,347.0,167.0,67.0,70.0,126.0,159.0,1320.0,0.0,,2021,2020-21
26.0,DeMar DeRozan,31.0,SAS,PF,61.0,61.0,2056.0,455.0,920.0,0.495,19.0,74.0,0.257,436.0,846.0,0.515,0.505,387.0,440.0,0.88,40.0,219.0,259.0,422.0,56.0,15.0,119.0,128.0,1316.0,0.0,,2021,2020-21
27.0,Kawhi Leonard,29.0,LAC,SF,52.0,52.0,1773.0,465.0,908.0,0.512,101.0,254.0,0.398,364.0,654.0,0.557,0.568,261.0,295.0,0.885,55.0,282.0,337.0,269.0,81.0,21.0,105.0,82.0,1292.0,0.0,"MVP-13,AS,NBA1,DEF2",2021,2020-21
28.0,Norman Powell,27.0,2TM,SG,69.0,58.0,2205.0,438.0,918.0,0.477,171.0,416.0,0.411,267.0,502.0,0.532,0.57,236.0,271.0,0.871,42.0,173.0,215.0,129.0,82.0,18.0,119.0,160.0,1283.0,0.0,,2021,2020-21
28.0,Norman Powell,27.0,TOR,SG,42.0,31.0,1277.0,282.0,566.0,0.498,118.0,269.0,0.439,164.0,297.0,0.552,0.602,141.0,163.0,0.865,19.0,107.0,126.0,77.0,47.0,8.0,77.0,98.0,823.0,0.0,,2021,2020-21
28.0,Norman Powell,27.0,POR,SF,27.0,27.0,928.0,156.0,352.0,0.443,53.0,147.0,0.361,103.0,205.0,0.502,0.518,95.0,108.0,0.88,23.0,66.0,89.0,52.0,35.0,10.0,42.0,62.0,460.0,0.0,,2021,2020-21
29.0,RJ Barrett,20.0,NYK,SG,72.0,72.0,2511.0,467.0,1060.0,0.441,124.0,309.0,0.401,343.0,751.0,0.457,0.499,206.0,276.0,0.746,68.0,346.0,414.0,217.0,53.0,20.0,139.0,188.0,1264.0,0.0,,2021,2020-21
30.0,Domantas Sabonis,24.0,IND,PF,62.0,62.0,2231.0,484.0,904.0,0.535,52.0,162.0,0.321,432.0,742.0,0.582,0.564,240.0,328.0,0.732,150.0,592.0,742.0,415.0,76.0,33.0,213.0,203.0,1260.0,9.0,AS,2021,2020-21
31.0,Paul George,30.0,LAC,SF,54.0,54.0,1821.0,445.0,953.0,0.467,171.0,416.0,0.411,274.0,537.0,0.51,0.557,198.0,228.0,0.868,45.0,314.0,359.0,280.0,62.0,24.0,179.0,132.0,1259.0,0.0,"AS,NBA3",2021,2020-21
32.0,Jordan Clarkson,28.0,UTA,SG,68.0,1.0,1818.0,457.0,1075.0,0.425,208.0,599.0,0.347,249.0,476.0,0.523,0.522,129.0,144.0,0.896,47.0,227.0,274.0,168.0,61.0,10.0,115.0,110.0,1251.0,0.0,6MOY-1,2021,2020-21
33.0,Karl-Anthony Towns,25.0,MIN,C,50.0,50.0,1689.0,425.0,875.0,0.486,122.0,315.0,0.387,303.0,560.0,0.541,0.555,267.0,311.0,0.859,133.0,396.0,529.0,225.0,39.0,57.0,160.0,186.0,1239.0,0.0,,2021,2020-21
34.0,Bojan Bogdanović,31.0,UTA,SF,72.0,72.0,2216.0,406.0,925.0,0.439,180.0,461.0,0.39,226.0,464.0,0.487,0.536,233.0,265.0,0.879,40.0,241.0,281.0,136.0,45.0,4.0,128.0,115.0,1225.0,0.0,,2021,2020-21
35.0,Tobias Harris,28.0,PHI,PF,62.0,62.0,2014.0,473.0,924.0,0.512,82.0,208.0,0.394,391.0,716.0,0.546,0.556,182.0,204.0,0.892,62.0,357.0,419.0,220.0,55.0,51.0,107.0,119.0,1210.0,0.0,,2021,2020-21
36.0,Jerami Grant,26.0,DET,SF,54.0,54.0,1829.0,400.0,932.0,0.429,115.0,329.0,0.35,285.0,603.0,0.473,0.491,290.0,343.0,0.845,35.0,215.0,250.0,152.0,35.0,58.0,109.0,125.0,1205.0,0.0,,2021,2020-21
37.0,Ja Morant,21.0,MEM,PG,63.0,63.0,2053.0,430.0,957.0,0.449,73.0,241.0,0.303,357.0,716.0,0.499,0.487,271.0,372.0,0.728,59.0,193.0,252.0,465.0,57.0,13.0,203.0,87.0,1204.0,1.0,,2021,2020-21
38.0,Bam Adebayo,23.0,MIA,C,64.0,64.0,2143.0,456.0,800.0,0.57,2.0,8.0,0.25,454.0,792.0,0.573,0.571,283.0,354.0,0.799,142.0,431.0,573.0,346.0,75.0,66.0,169.0,145.0,1197.0,2.0,"DPOY-4,DEF2",2021,2020-21
39.0,Pascal Siakam,26.0,TOR,PF,56.0,56.0,2006.0,437.0,961.0,0.455,73.0,246.0,0.297,364.0,715.0,0.509,0.493,249.0,301.0,0.827,95.0,310.0,405.0,250.0,64.0,37.0,130.0,174.0,1196.0,1.0,,2021,2020-21
40.0,Malcolm Brogdon,28.0,IND,PG,56.0,56.0,1930.0,444.0,980.0,0.453,145.0,374.0,0.388,299.0,606.0,0.493,0.527,153.0,177.0,0.864,58.0,236.0,294.0,329.0,49.0,15.0,115.0,110.0,1186.0,0.0,,2021,2020-21
41.0,Buddy Hield,28.0,SAC,SG,71.0,71.0,2433.0,403.0,992.0,0.406,282.0,721.0,0.391,121.0,271.0,0.446,0.548,88.0,104.0,0.846,29.0,305.0,334.0,257.0,63.0,30.0,130.0,175.0,1176.0,0.0,,2021,2020-21
42.0,Tim Hardaway Jr.,28.0,DAL,SG,70.0,31.0,1985.0,407.0,911.0,0.447,207.0,529.0,0.391,200.0,382.0,0.524,0.56,142.0,174.0,0.816,20.0,209.0,229.0,126.0,31.0,11.0,64.0,111.0,1163.0,0.0,6MOY-5,2021,2020-21
43.0,Michael Porter Jr.,22.0,DEN,SF,61.0,54.0,1912.0,443.0,817.0,0.542,170.0,382.0,0.445,273.0,435.0,0.628,0.646,106.0,134.0,0.791,91.0,354.0,445.0,70.0,40.0,54.0,77.0,126.0,1162.0,0.0,,2021,2020-21
44.0,Dillon Brooks,25.0,MEM,SF,67.0,67.0,1997.0,432.0,1031.0,0.419,128.0,372.0,0.344,304.0,659.0,0.461,0.481,159.0,195.0,0.815,53.0,143.0,196.0,157.0,78.0,26.0,119.0,237.0,1151.0,0.0,,2021,2020-21
45.0,Chris Paul,35.0,PHO,PG,70.0,70.0,2199.0,439.0,879.0,0.499,102.0,258.0,0.395,337.0,621.0,0.543,0.557,169.0,181.0,0.934,25.0,287.0,312.0,622.0,99.0,19.0,156.0,166.0,1149.0,1.0,"MVP-5,AS,NBA2",2021,2020-21
46.0,LeBron James,36.0,LAL,PG,45.0,45.0,1504.0,422.0,823.0,0.513,104.0,285.0,0.365,318.0,538.0,0.591,0.576,178.0,255.0,0.698,29.0,317.0,346.0,350.0,48.0,25.0,168.0,70.0,1126.0,5.0,"MVP-13,AS,NBA2",2021,2020-21
47.0,Jimmy Butler,31.0,MIA,SF,52.0,52.0,1745.0,366.0,736.0,0.497,25.0,102.0,0.245,341.0,634.0,0.538,0.514,359.0,416.0,0.863,94.0,265.0,359.0,369.0,108.0,18.0,109.0,71.0,1116.0,4.0,"DPOY-10,NBA3,DEF2",2021,2020-21
48.0,John Collins,23.0,ATL,PF,63.0,63.0,1848.0,429.0,771.0,0.556,83.0,208.0,0.399,346.0,563.0,0.615,0.61,170.0,204.0,0.833,118.0,349.0,467.0,78.0,34.0,63.0,84.0,193.0,1111.0,0.0,,2021,2020-21
49.0,CJ McCollum,29.0,POR,SG,47.0,47.0,1600.0,405.0,884.0,0.458,169.0,420.0,0.402,236.0,464.0,0.509,0.554,108.0,133.0,0.812,30.0,155.0,185.0,223.0,44.0,21.0,65.0,87.0,1087.0,0.0,,2021,2020-21
50.0,James Harden,31.0,2TM,PG,44.0,43.0,1609.0,342.0,734.0,0.466,121.0,334.0,0.362,221.0,400.0,0.553,0.548,278.0,323.0,0.861,35.0,313.0,348.0,475.0,53.0,33.0,177.0,99.0,1083.0,12.0,"MVP-13,AS",2021,2020-21
50.0,James Harden,31.0,HOU,PG,8.0,8.0,290.0,60.0,135.0,0.444,25.0,72.0,0.347,35.0,63.0,0.556,0.537,53.0,60.0,0.883,5.0,36.0,41.0,83.0,7.0,6.0,34.0,14.0,198.0,0.0,,2021,2020-21
50.0,James Harden,31.0,BRK,PG,36.0,35.0,1319.0,282.0,599.0,0.471,96.0,262.0,0.366,186.0,337.0,0.552,0.551,225.0,263.0,0.856,30.0,277.0,307.0,392.0,46.0,27.0,143.0,85.0,885.0,12.0,,2021,2020-21
51.0,Jonas Valančiūnas,28.0,MEM,C,62.0,61.0,1755.0,440.0,743.0,0.592,21.0,57.0,0.368,419.0,686.0,0.611,0.606,157.0,203.0,0.773,253.0,523.0,776.0,112.0,35.0,57.0,100.0,179.0,1058.0,0.0,,2021,2020-21
52.0,Dejounte Murray,24.0,SAS,PG,67.0,67.0,2139.0,441.0,974.0,0.453,63.0,199.0,0.317,378.0,775.0,0.488,0.485,106.0,134.0,0.791,58.0,415.0,473.0,363.0,101.0,7.0,117.0,135.0,1051.0,4.0,,2021,2020-21
53.0,Jrue Holiday,30.0,MIL,PG,59.0,56.0,1907.0,414.0,823.0,0.503,111.0,283.0,0.392,303.0,540.0,0.561,0.57,107.0,136.0,0.787,73.0,195.0,268.0,357.0,96.0,37.0,127.0,98.0,1046.0,0.0,"DPOY-8,DEF1",2021,2020-21
54.0,Coby White,20.0,CHI,PG,69.0,54.0,2156.0,375.0,902.0,0.416,163.0,454.0,0.359,212.0,448.0,0.473,0.506,128.0,142.0,0.901,28.0,256.0,284.0,328.0,38.0,15.0,156.0,179.0,1041.0,0.0,,2021,2020-21
55.0,Fred VanVleet,26.0,TOR,SG,52.0,52.0,1899.0,338.0,870.0,0.389,174.0,476.0,0.366,164.0,394.0,0.416,0.489,169.0,191.0,0.885,32.0,188.0,220.0,328.0,87.0,37.0,95.0,119.0,1019.0,0.0,,2021,2020-21
56.0,Jamal Murray,23.0,DEN,PG,48.0,48.0,1704.0,378.0,792.0,0.477,129.0,316.0,0.408,249.0,476.0,0.523,0.559,133.0,153.0,0.869,37.0,157.0,194.0,231.0,64.0,13.0,108.0,95.0,1018.0,0.0,,2021,2020-21
57.0,Rudy Gobert,28.0,UTA,C,71.0,71.0,2187.0,391.0,579.0,0.675,0.0,4.0,0.0,391.0,575.0,0.68,0.675,233.0,374.0,0.623,240.0,720.0,960.0,89.0,40.0,190.0,118.0,163.0,1015.0,0.0,"MVP-10,DPOY-1,AS,NBA3,DEF1",2021,2020-21
58.0,Deandre Ayton,22.0,PHO,C,69.0,69.0,2115.0,430.0,687.0,0.626,4.0,20.0,0.2,426.0,667.0,0.639,0.629,133.0,173.0,0.769,228.0,499.0,727.0,99.0,41.0,81.0,103.0,196.0,997.0,0.0,,2021,2020-21
59.0,Joe Harris,29.0,BRK,SF,69.0,65.0,2141.0,357.0,707.0,0.505,211.0,444.0,0.475,146.0,263.0,0.555,0.654,49.0,63.0,0.778,43.0,205.0,248.0,130.0,46.0,14.0,62.0,141.0,974.0,0.0,,2021,2020-21
60.0,Mikal Bridges,24.0,PHO,SF,72.0,72.0,2348.0,363.0,669.0,0.543,134.0,315.0,0.425,229.0,354.0,0.647,0.643,110.0,131.0,0.84,76.0,233.0,309.0,152.0,76.0,63.0,57.0,116.0,970.0,0.0,,2021,2020-21
61.0,Clint Capela,26.0,ATL,C,63.0,63.0,1898.0,413.0,695.0,0.594,0.0,0.0,,413.0,695.0,0.594,0.594,130.0,227.0,0.573,297.0,606.0,903.0,49.0,44.0,129.0,73.0,145.0,956.0,1.0,DPOY-6,2021,2020-21
62.0,Caris LeVert,26.0,2TM,SG,47.0,39.0,1486.0,359.0,814.0,0.441,84.0,258.0,0.326,275.0,556.0,0.495,0.493,146.0,180.0,0.811,33.0,181.0,214.0,245.0,66.0,30.0,102.0,105.0,948.0,0.0,,2021,2020-21
62.0,Caris LeVert,26.0,BRK,SG,12.0,4.0,334.0,87.0,200.0,0.435,22.0,63.0,0.349,65.0,137.0,0.474,0.49,26.0,34.0,0.765,10.0,42.0,52.0,72.0,13.0,6.0,26.0,20.0,222.0,0.0,,2021,2020-21
62.0,Caris LeVert,26.0,IND,SG,35.0,35.0,1152.0,272.0,614.0,0.443,62.0,195.0,0.318,210.0,419.0,0.501,0.493,120.0,146.0,0.822,23.0,139.0,162.0,173.0,53.0,24.0,76.0,85.0,726.0,0.0,,2021,2020-21
63.0,Kelly Olynyk,29.0,2TM,PF,70.0,62.0,1997.0,337.0,697.0,0.484,126.0,368.0,0.342,211.0,329.0,0.641,0.574,145.0,175.0,0.829,87.0,402.0,489.0,203.0,79.0,42.0,126.0,207.0,945.0,0.0,,2021,2020-21
63.0,Kelly Olynyk,29.0,MIA,C,43.0,38.0,1157.0,162.0,376.0,0.431,77.0,243.0,0.317,85.0,133.0,0.639,0.533,31.0,40.0,0.775,44.0,217.0,261.0,91.0,40.0,26.0,55.0,123.0,432.0,0.0,,2021,2020-21
63.0,Kelly Olynyk,29.0,HOU,PF,27.0,24.0,840.0,175.0,321.0,0.545,49.0,125.0,0.392,126.0,196.0,0.643,0.621,114.0,135.0,0.844,43.0,185.0,228.0,112.0,39.0,16.0,71.0,84.0,513.0,0.0,,2021,2020-21
64.0,Kevin Durant,32.0,BRK,PF,35.0,32.0,1157.0,324.0,603.0,0.537,85.0,189.0,0.45,239.0,414.0,0.577,0.608,210.0,238.0,0.882,13.0,234.0,247.0,195.0,25.0,45.0,120.0,70.0,943.0,0.0,AS,2021,2020-21
65.0,Duncan Robinson,26.0,MIA,SF,72.0,72.0,2262.0,315.0,717.0,0.439,250.0,613.0,0.408,65.0,104.0,0.625,0.614,62.0,75.0,0.827,7.0,243.0,250.0,127.0,43.0,20.0,81.0,181.0,942.0,0.0,,2021,2020-21
66.0,Darius Garland,21.0,CLE,PG,54.0,50.0,1790.0,362.0,802.0,0.451,105.0,266.0,0.395,257.0,536.0,0.479,0.517,112.0,132.0,0.848,23.0,106.0,129.0,329.0,66.0,6.0,164.0,110.0,941.0,0.0,,2021,2020-21
67.0,Dennis Schröder,27.0,LAL,SG,61.0,61.0,1956.0,332.0,760.0,0.437,71.0,212.0,0.335,261.0,548.0,0.476,0.484,206.0,243.0,0.848,30.0,181.0,211.0,351.0,70.0,13.0,163.0,159.0,941.0,0.0,,2021,2020-21
68.0,Harrison Barnes,28.0,SAC,PF,58.0,58.0,2102.0,319.0,642.0,0.497,100.0,256.0,0.391,219.0,386.0,0.567,0.575,195.0,235.0,0.83,64.0,321.0,385.0,201.0,43.0,11.0,93.0,75.0,933.0,0.0,,2021,2020-21
69.0,Montrezl Harrell,27.0,LAL,C,69.0,1.0,1580.0,375.0,603.0,0.622,0.0,10.0,0.0,375.0,593.0,0.632,0.622,181.0,256.0,0.707,158.0,270.0,428.0,73.0,46.0,49.0,74.0,128.0,931.0,0.0,6MOY-6,2021,2020-21
70.0,Carmelo Anthony,36.0,POR,PF,69.0,3.0,1690.0,327.0,777.0,0.421,133.0,325.0,0.409,194.0,452.0,0.429,0.506,137.0,154.0,0.89,32.0,182.0,214.0,104.0,46.0,38.0,61.0,144.0,924.0,0.0,6MOY-7,2021,2020-21
71.0,Doug McDermott,29.0,IND,PF,66.0,29.0,1619.0,354.0,665.0,0.532,111.0,286.0,0.388,243.0,379.0,0.641,0.616,80.0,98.0,0.816,60.0,161.0,221.0,85.0,20.0,6.0,53.0,117.0,899.0,0.0,,2021,2020-21
72.0,Gary Trent Jr.,22.0,2TM,SG,58.0,38.0,1802.0,320.0,785.0,0.408,165.0,429.0,0.385,155.0,356.0,0.435,0.513,83.0,106.0,0.783,27.0,125.0,152.0,80.0,56.0,10.0,43.0,92.0,888.0,0.0,,2021,2020-21
72.0,Gary Trent Jr.,22.0,POR,SG,41.0,23.0,1262.0,217.0,524.0,0.414,121.0,305.0,0.397,96.0,219.0,0.438,0.53,58.0,75.0,0.773,21.0,70.0,91.0,58.0,37.0,6.0,31.0,63.0,613.0,0.0,,2021,2020-21
72.0,Gary Trent Jr.,22.0,TOR,SG,17.0,15.0,540.0,103.0,261.0,0.395,44.0,124.0,0.355,59.0,137.0,0.431,0.479,25.0,31.0,0.806,6.0,55.0,61.0,22.0,19.0,4.0,12.0,29.0,275.0,0.0,,2021,2020-21
73.0,Keldon Johnson,21.0,SAS,SF,69.0,67.0,1968.0,338.0,705.0,0.479,60.0,181.0,0.331,278.0,524.0,0.531,0.522,145.0,196.0,0.74,93.0,319.0,412.0,121.0,40.0,24.0,78.0,142.0,881.0,0.0,,2021,2020-21
74.0,Kyle Kuzma,25.0,LAL,SF,68.0,32.0,1954.0,335.0,757.0,0.443,137.0,380.0,0.361,198.0,377.0,0.525,0.533,67.0,97.0,0.691,108.0,309.0,417.0,127.0,35.0,41.0,113.0,121.0,874.0,0.0,,2021,2020-21
75.0,Eric Bledsoe,31.0,NOP,SG,71.0,70.0,2111.0,307.0,730.0,0.421,121.0,355.0,0.341,186.0,375.0,0.496,0.503,134.0,195.0,0.687,29.0,215.0,244.0,268.0,55.0,24.0,114.0,112.0,869.0,0.0,,2021,2020-21
76.0,Richaun Holmes,27.0,SAC,C,61.0,61.0,1782.0,366.0,575.0,0.637,2.0,11.0,0.182,364.0,564.0,0.645,0.638,135.0,170.0,0.794,144.0,360.0,504.0,101.0,39.0,96.0,75.0,213.0,869.0,0.0,,2021,2020-21
77.0,Kristaps Porziņģis,25.0,DAL,C,43.0,43.0,1327.0,325.0,683.0,0.476,97.0,258.0,0.376,228.0,425.0,0.536,0.547,118.0,138.0,0.855,82.0,299.0,381.0,68.0,20.0,58.0,51.0,115.0,865.0,0.0,,2021,2020-21
78.0,Gordon Hayward,30.0,CHO,SF,44.0,44.0,1496.0,311.0,658.0,0.473,85.0,205.0,0.415,226.0,453.0,0.499,0.537,156.0,185.0,0.843,37.0,221.0,258.0,181.0,52.0,14.0,91.0,74.0,863.0,0.0,,2021,2020-21
79.0,Christian Wood,25.0,HOU,C,41.0,41.0,1326.0,329.0,640.0,0.514,77.0,206.0,0.374,252.0,434.0,0.581,0.574,125.0,198.0,0.631,76.0,319.0,395.0,71.0,34.0,48.0,80.0,88.0,860.0,0.0,,2021,2020-21
80.0,Brook Lopez,32.0,MIL,C,70.0,70.0,1902.0,322.0,640.0,0.503,95.0,281.0,0.338,227.0,359.0,0.632,0.577,120.0,142.0,0.845,104.0,243.0,347.0,50.0,40.0,103.0,64.0,149.0,859.0,0.0,,2021,2020-21
81.0,Saddiq Bey,21.0,DET,SF,70.0,53.0,1909.0,279.0,691.0,0.404,175.0,460.0,0.38,104.0,231.0,0.45,0.53,124.0,147.0,0.844,43.0,275.0,318.0,95.0,52.0,14.0,60.0,110.0,857.0,0.0,ROY-4,2021,2020-21
82.0,Jalen Brunson,24.0,DAL,PG,68.0,12.0,1697.0,328.0,627.0,0.523,81.0,200.0,0.405,247.0,427.0,0.578,0.588,120.0,151.0,0.795,27.0,204.0,231.0,239.0,35.0,1.0,80.0,109.0,857.0,0.0,6MOY-4,2021,2020-21
83.0,Kyle Anderson,27.0,MEM,PF,69.0,69.0,1887.0,308.0,658.0,0.468,94.0,261.0,0.36,214.0,397.0,0.539,0.54,144.0,184.0,0.783,52.0,344.0,396.0,250.0,84.0,57.0,86.0,120.0,854.0,0.0,,2021,2020-21
84.0,Kelly Oubre Jr.,25.0,GSW,SF,55.0,50.0,1687.0,318.0,724.0,0.439,90.0,285.0,0.316,228.0,439.0,0.519,0.501,123.0,177.0,0.695,82.0,247.0,329.0,73.0,57.0,42.0,70.0,121.0,849.0,0.0,,2021,2020-21
85.0,Miles Bridges,22.0,CHO,PF,66.0,19.0,1932.0,313.0,622.0,0.503,116.0,290.0,0.4,197.0,332.0,0.593,0.596,98.0,113.0,0.867,81.0,316.0,397.0,147.0,44.0,52.0,106.0,143.0,840.0,0.0,6MOY-12,2021,2020-21
86.0,Shai Gilgeous-Alexander,22.0,OKC,SG,35.0,35.0,1180.0,287.0,565.0,0.508,71.0,170.0,0.418,216.0,395.0,0.547,0.571,185.0,229.0,0.808,19.0,147.0,166.0,207.0,27.0,23.0,106.0,70.0,830.0,0.0,,2021,2020-21
87.0,Ben Simmons,24.0,PHI,PG,58.0,58.0,1877.0,325.0,583.0,0.557,3.0,10.0,0.3,322.0,573.0,0.562,0.56,176.0,287.0,0.613,93.0,324.0,417.0,401.0,93.0,35.0,173.0,171.0,829.0,4.0,"MVP-12,DPOY-2,AS,DEF1",2021,2020-21
88.0,Kemba Walker,30.0,BOS,PG,43.0,43.0,1369.0,284.0,676.0,0.42,127.0,353.0,0.36,157.0,323.0,0.486,0.514,134.0,149.0,0.899,16.0,154.0,170.0,212.0,48.0,12.0,88.0,61.0,829.0,0.0,,2021,2020-21
89.0,Josh Jackson,23.0,DET,SG,62.0,25.0,1560.0,296.0,707.0,0.419,77.0,257.0,0.3,219.0,450.0,0.487,0.473,159.0,218.0,0.729,57.0,197.0,254.0,143.0,53.0,47.0,142.0,178.0,828.0,0.0,,2021,2020-21
90.0,Mike Conley,33.0,UTA,PG,51.0,51.0,1498.0,284.0,640.0,0.444,138.0,335.0,0.412,146.0,305.0,0.479,0.552,121.0,142.0,0.852,36.0,141.0,177.0,305.0,70.0,9.0,99.0,98.0,827.0,0.0,AS,2021,2020-21
91.0,P.J. Washington,22.0,CHO,PF,64.0,61.0,1954.0,302.0,686.0,0.44,112.0,290.0,0.386,190.0,396.0,0.48,0.522,108.0,145.0,0.745,93.0,325.0,418.0,161.0,69.0,79.0,128.0,171.0,824.0,0.0,,2021,2020-21
92.0,John Wall,30.0,HOU,PG,40.0,40.0,1288.0,293.0,726.0,0.404,79.0,249.0,0.317,214.0,477.0,0.449,0.458,158.0,211.0,0.749,17.0,112.0,129.0,275.0,42.0,31.0,141.0,46.0,823.0,1.0,,2021,2020-21
93.0,Thaddeus Young,32.0,CHI,PF,68.0,23.0,1652.0,370.0,662.0,0.559,12.0,45.0,0.267,358.0,617.0,0.58,0.568,71.0,113.0,0.628,168.0,255.0,423.0,291.0,74.0,40.0,137.0,152.0,823.0,0.0,6MOY-14,2021,2020-21
94.0,Kevin Huerter,22.0,ATL,SG,69.0,49.0,2126.0,316.0,731.0,0.432,140.0,386.0,0.363,176.0,345.0,0.51,0.528,50.0,64.0,0.781,38.0,193.0,231.0,241.0,82.0,18.0,79.0,165.0,822.0,0.0,,2021,2020-21
95.0,Chris Boucher,28.0,TOR,C,60.0,14.0,1453.0,288.0,560.0,0.514,90.0,235.0,0.383,198.0,325.0,0.609,0.595,152.0,193.0,0.788,117.0,287.0,404.0,63.0,35.0,111.0,46.0,166.0,818.0,0.0,6MOY-8,2021,2020-21
96.0,Shake Milton,24.0,PHI,SG,63.0,4.0,1461.0,300.0,667.0,0.45,71.0,203.0,0.35,229.0,464.0,0.494,0.503,146.0,176.0,0.83,33.0,115.0,148.0,193.0,39.0,18.0,103.0,130.0,817.0,0.0,6MOY-12,2021,2020-21
97.0,Devonte' Graham,25.0,CHO,PG,55.0,44.0,1659.0,252.0,669.0,0.377,179.0,477.0,0.375,73.0,192.0,0.38,0.51,133.0,158.0,0.842,22.0,126.0,148.0,295.0,48.0,6.0,84.0,77.0,816.0,0.0,,2021,2020-21
98.0,Kendrick Nunn,25.0,MIA,PG,56.0,44.0,1650.0,319.0,658.0,0.485,122.0,320.0,0.381,197.0,338.0,0.583,0.578,56.0,60.0,0.933,21.0,158.0,179.0,148.0,52.0,14.0,80.0,108.0,816.0,0.0,,2021,2020-21
99.0,Tyler Herro,21.0,MIA,SG,54.0,15.0,1635.0,307.0,699.0,0.439,107.0,297.0,0.36,200.0,402.0,0.498,0.516,94.0,117.0,0.803,25.0,243.0,268.0,184.0,35.0,17.0,101.0,71.0,815.0,0.0,,2021,2020-21
100.0,Joe Ingles,33.0,UTA,SF,67.0,30.0,1867.0,275.0,562.0,0.489,183.0,406.0,0.451,92.0,156.0,0.59,0.652,76.0,90.0,0.844,27.0,217.0,244.0,318.0,45.0,12.0,117.0,120.0,809.0,0.0,6MOY-2,2021,2020-21
101.0,Enes Freedom,28.0,POR,C,72.0,35.0,1758.0,339.0,561.0,0.604,1.0,4.0,0.25,338.0,557.0,0.607,0.605,127.0,164.0,0.774,284.0,511.0,795.0,84.0,33.0,48.0,78.0,168.0,806.0,0.0,6MOY-10,2021,2020-21
102.0,Jarrett Allen,22.0,2TM,C,63.0,45.0,1864.0,298.0,482.0,0.618,6.0,19.0,0.316,292.0,463.0,0.631,0.624,204.0,290.0,0.703,196.0,435.0,631.0,106.0,32.0,90.0,100.0,96.0,806.0,0.0,,2021,2020-21
102.0,Jarrett Allen,22.0,BRK,C,12.0,5.0,320.0,44.0,65.0,0.677,0.0,0.0,,44.0,65.0,0.677,0.677,46.0,61.0,0.754,38.0,87.0,125.0,20.0,7.0,19.0,22.0,21.0,134.0,0.0,,2021,2020-21
102.0,Jarrett Allen,22.0,CLE,C,51.0,40.0,1544.0,254.0,417.0,0.609,6.0,19.0,0.316,248.0,398.0,0.623,0.616,158.0,229.0,0.69,158.0,348.0,506.0,86.0,25.0,71.0,78.0,75.0,672.0,0.0,,2021,2020-21
103.0,LaMelo Ball,19.0,CHO,PG,51.0,31.0,1469.0,293.0,672.0,0.436,92.0,261.0,0.352,201.0,411.0,0.489,0.504,125.0,165.0,0.758,63.0,239.0,302.0,313.0,81.0,18.0,145.0,136.0,803.0,1.0,ROY-1,2021,2020-21
104.0,Lonzo Ball,23.0,NOP,PG,55.0,55.0,1747.0,290.0,700.0,0.414,172.0,455.0,0.378,118.0,245.0,0.482,0.537,50.0,64.0,0.781,33.0,230.0,263.0,316.0,82.0,31.0,123.0,103.0,802.0,1.0,,2021,2020-21
105.0,D'Angelo Russell,24.0,MIN,PG,42.0,26.0,1196.0,281.0,652.0,0.431,120.0,310.0,0.387,161.0,342.0,0.471,0.523,114.0,149.0,0.765,16.0,95.0,111.0,244.0,45.0,18.0,112.0,68.0,796.0,0.0,,2021,2020-21
106.0,Jae'Sean Tate,25.0,HOU,SF,70.0,58.0,2043.0,316.0,625.0,0.506,60.0,195.0,0.308,256.0,430.0,0.595,0.554,102.0,147.0,0.694,132.0,242.0,374.0,178.0,85.0,36.0,98.0,222.0,794.0,0.0,,2021,2020-21
107.0,Kyle Lowry,34.0,TOR,PG,46.0,46.0,1601.0,260.0,596.0,0.436,131.0,331.0,0.396,129.0,265.0,0.487,0.546,140.0,160.0,0.875,35.0,212.0,247.0,338.0,45.0,14.0,126.0,143.0,791.0,2.0,,2021,2020-21
108.0,Rui Hachimura,22.0,WAS,PF,57.0,57.0,1797.0,310.0,648.0,0.478,45.0,137.0,0.328,265.0,511.0,0.519,0.513,124.0,161.0,0.77,49.0,263.0,312.0,82.0,44.0,7.0,68.0,120.0,789.0,0.0,,2021,2020-21
109.0,Dwayne Bacon,25.0,ORL,SG,72.0,50.0,1853.0,292.0,726.0,0.402,59.0,207.0,0.285,233.0,519.0,0.449,0.443,145.0,176.0,0.824,31.0,193.0,224.0,93.0,45.0,5.0,46.0,103.0,788.0,0.0,,2021,2020-21
110.0,Anthony Davis,27.0,LAL,PF,36.0,36.0,1162.0,301.0,613.0,0.491,26.0,100.0,0.26,275.0,513.0,0.536,0.512,158.0,214.0,0.738,62.0,224.0,286.0,110.0,45.0,59.0,74.0,60.0,786.0,0.0,AS,2021,2020-21
111.0,Naz Reid,21.0,MIN,C,70.0,15.0,1347.0,304.0,581.0,0.523,61.0,174.0,0.351,243.0,407.0,0.597,0.576,115.0,166.0,0.693,82.0,240.0,322.0,72.0,34.0,76.0,69.0,179.0,784.0,0.0,,2021,2020-21
112.0,Marcus Morris,31.0,LAC,PF,57.0,29.0,1502.0,276.0,584.0,0.473,140.0,296.0,0.473,136.0,288.0,0.472,0.592,73.0,89.0,0.82,35.0,199.0,234.0,58.0,34.0,15.0,57.0,117.0,765.0,0.0,,2021,2020-21
113.0,Justin Holiday,31.0,IND,SG,72.0,52.0,2183.0,258.0,625.0,0.413,173.0,453.0,0.382,85.0,172.0,0.494,0.551,67.0,85.0,0.788,32.0,224.0,256.0,119.0,74.0,41.0,54.0,135.0,756.0,0.0,,2021,2020-21
114.0,Darius Bazley,20.0,OKC,PF,55.0,55.0,1714.0,273.0,690.0,0.396,83.0,286.0,0.29,190.0,404.0,0.47,0.456,125.0,178.0,0.702,51.0,345.0,396.0,99.0,29.0,25.0,122.0,60.0,754.0,0.0,,2021,2020-21
115.0,Bobby Portis,25.0,MIL,C,66.0,7.0,1372.0,313.0,598.0,0.523,74.0,157.0,0.471,239.0,441.0,0.542,0.585,54.0,73.0,0.74,124.0,342.0,466.0,71.0,52.0,26.0,56.0,115.0,754.0,0.0,6MOY-9,2021,2020-21
116.0,Tyrese Haliburton,20.0,SAC,PG,58.0,20.0,1746.0,292.0,619.0,0.472,121.0,296.0,0.409,171.0,323.0,0.529,0.569,48.0,56.0,0.857,39.0,134.0,173.0,309.0,77.0,28.0,92.0,83.0,753.0,0.0,ROY-3,2021,2020-21
117.0,Jeff Green,34.0,BRK,PF,68.0,38.0,1835.0,261.0,530.0,0.492,103.0,250.0,0.412,158.0,280.0,0.564,0.59,125.0,161.0,0.776,34.0,229.0,263.0,108.0,36.0,27.0,54.0,122.0,750.0,0.0,,2021,2020-21
118.0,Lou Williams,34.0,2TM,PG,66.0,4.0,1423.0,265.0,646.0,0.41,69.0,173.0,0.399,196.0,473.0,0.414,0.464,150.0,173.0,0.867,21.0,117.0,138.0,225.0,47.0,6.0,108.0,62.0,749.0,0.0,,2021,2020-21
118.0,Lou Williams,34.0,LAC,PG,42.0,3.0,918.0,181.0,430.0,0.421,45.0,119.0,0.378,136.0,311.0,0.437,0.473,103.0,119.0,0.866,15.0,73.0,88.0,144.0,39.0,4.0,66.0,42.0,510.0,0.0,,2021,2020-21
118.0,Lou Williams,34.0,ATL,PG,24.0,1.0,505.0,84.0,216.0,0.389,24.0,54.0,0.444,60.0,162.0,0.37,0.444,47.0,54.0,0.87,6.0,44.0,50.0,81.0,8.0,2.0,42.0,20.0,239.0,0.0,,2021,2020-21
119.0,Patty Mills,32.0,SAS,PG,68.0,1.0,1685.0,252.0,611.0,0.412,161.0,429.0,0.375,91.0,182.0,0.5,0.544,71.0,78.0,0.91,18.0,98.0,116.0,162.0,42.0,3.0,66.0,81.0,736.0,0.0,,2021,2020-21
120.0,Derrick Rose,32.0,2TM,PG,50.0,3.0,1279.0,287.0,611.0,0.47,50.0,129.0,0.388,237.0,482.0,0.492,0.511,110.0,127.0,0.866,20.0,110.0,130.0,209.0,49.0,19.0,78.0,56.0,734.0,0.0,"MVP-9,6MOY-3",2021,2020-21
120.0,Derrick Rose,32.0,DET,PG,15.0,0.0,342.0,79.0,184.0,0.429,13.0,39.0,0.333,66.0,145.0,0.455,0.465,42.0,50.0,0.84,6.0,23.0,29.0,63.0,18.0,4.0,29.0,17.0,213.0,0.0,,2021,2020-21
120.0,Derrick Rose,32.0,NYK,PG,35.0,3.0,937.0,208.0,427.0,0.487,37.0,90.0,0.411,171.0,337.0,0.507,0.53,68.0,77.0,0.883,14.0,87.0,101.0,146.0,31.0,15.0,49.0,39.0,521.0,0.0,,2021,2020-21
121.0,Immanuel Quickley,21.0,NYK,PG,64.0,3.0,1243.0,229.0,580.0,0.395,118.0,303.0,0.389,111.0,277.0,0.401,0.497,155.0,174.0,0.891,25.0,112.0,137.0,127.0,30.0,12.0,58.0,114.0,731.0,0.0,,2021,2020-21
122.0,Luguentz Dort,21.0,OKC,SG,52.0,52.0,1543.0,247.0,639.0,0.387,113.0,329.0,0.343,134.0,310.0,0.432,0.475,122.0,164.0,0.744,38.0,151.0,189.0,88.0,45.0,19.0,79.0,134.0,729.0,0.0,,2021,2020-21
123.0,Malik Beasley,24.0,MIN,SG,37.0,36.0,1214.0,264.0,600.0,0.44,128.0,321.0,0.399,136.0,279.0,0.487,0.547,68.0,80.0,0.85,28.0,134.0,162.0,88.0,30.0,7.0,60.0,62.0,724.0,0.0,,2021,2020-21
124.0,Bogdan Bogdanović,28.0,ATL,SG,44.0,27.0,1305.0,267.0,565.0,0.473,146.0,333.0,0.438,121.0,232.0,0.522,0.602,40.0,44.0,0.909,20.0,140.0,160.0,147.0,49.0,13.0,54.0,99.0,720.0,0.0,,2021,2020-21
125.0,Evan Fournier,28.0,2TM,SF,42.0,36.0,1259.0,247.0,541.0,0.457,117.0,283.0,0.413,130.0,258.0,0.504,0.565,108.0,137.0,0.788,10.0,118.0,128.0,144.0,47.0,19.0,73.0,96.0,719.0,0.0,,2021,2020-21
125.0,Evan Fournier,28.0,ORL,SF,26.0,26.0,787.0,170.0,369.0,0.461,73.0,188.0,0.388,97.0,181.0,0.536,0.56,98.0,123.0,0.797,5.0,70.0,75.0,95.0,27.0,9.0,54.0,55.0,511.0,0.0,,2021,2020-21
125.0,Evan Fournier,28.0,BOS,SF,16.0,10.0,472.0,77.0,172.0,0.448,44.0,95.0,0.463,33.0,77.0,0.429,0.576,10.0,14.0,0.714,5.0,48.0,53.0,49.0,20.0,10.0,19.0,41.0,208.0,0.0,,2021,2020-21
126.0,Terrence Ross,29.0,ORL,SG,46.0,2.0,1347.0,254.0,616.0,0.412,89.0,264.0,0.337,165.0,352.0,0.469,0.485,120.0,138.0,0.87,15.0,143.0,158.0,108.0,47.0,21.0,74.0,88.0,717.0,0.0,,2021,2020-21
127.0,Rudy Gay,34.0,SAS,PF,63.0,1.0,1358.0,264.0,628.0,0.42,106.0,278.0,0.381,158.0,350.0,0.451,0.505,82.0,102.0,0.804,42.0,261.0,303.0,88.0,45.0,40.0,65.0,115.0,716.0,0.0,,2021,2020-21
128.0,Reggie Jackson,30.0,LAC,SG,67.0,43.0,1544.0,263.0,585.0,0.45,122.0,282.0,0.433,141.0,303.0,0.465,0.554,67.0,82.0,0.817,24.0,168.0,192.0,205.0,41.0,7.0,74.0,127.0,715.0,0.0,,2021,2020-21
129.0,Josh Richardson,27.0,DAL,SG,59.0,56.0,1790.0,264.0,618.0,0.427,88.0,267.0,0.33,176.0,351.0,0.501,0.498,99.0,108.0,0.917,51.0,144.0,195.0,153.0,61.0,24.0,79.0,130.0,715.0,0.0,,2021,2020-21
130.0,Will Barton,30.0,DEN,SF,56.0,52.0,1736.0,259.0,608.0,0.426,98.0,257.0,0.381,161.0,351.0,0.459,0.507,95.0,121.0,0.785,39.0,187.0,226.0,181.0,50.0,23.0,96.0,95.0,711.0,0.0,,2021,2020-21
131.0,Seth Curry,30.0,PHI,SG,57.0,57.0,1638.0,258.0,552.0,0.467,126.0,280.0,0.45,132.0,272.0,0.485,0.582,69.0,77.0,0.896,10.0,126.0,136.0,155.0,44.0,8.0,65.0,96.0,711.0,0.0,,2021,2020-21
132.0,Reggie Bullock,29.0,NYK,SF,65.0,64.0,1949.0,248.0,561.0,0.442,163.0,398.0,0.41,85.0,163.0,0.521,0.587,50.0,55.0,0.909,16.0,207.0,223.0,99.0,52.0,11.0,45.0,146.0,709.0,0.0,,2021,2020-21
133.0,Bryn Forbes,27.0,MIL,SG,70.0,10.0,1354.0,250.0,529.0,0.473,154.0,341.0,0.452,96.0,188.0,0.511,0.618,47.0,61.0,0.77,11.0,101.0,112.0,45.0,24.0,1.0,44.0,77.0,701.0,0.0,,2021,2020-21
134.0,Lauri Markkanen,23.0,CHI,PF,51.0,26.0,1317.0,250.0,521.0,0.48,119.0,296.0,0.402,131.0,225.0,0.582,0.594,76.0,92.0,0.826,35.0,233.0,268.0,45.0,26.0,15.0,52.0,75.0,695.0,0.0,,2021,2020-21
135.0,Donte DiVincenzo,24.0,MIL,SG,66.0,66.0,1814.0,253.0,603.0,0.42,131.0,346.0,0.379,122.0,257.0,0.475,0.528,51.0,71.0,0.718,81.0,299.0,380.0,203.0,72.0,15.0,91.0,112.0,688.0,0.0,,2021,2020-21
136.0,Andre Drummond,27.0,2TM,C,46.0,46.0,1242.0,282.0,572.0,0.493,0.0,8.0,0.0,282.0,564.0,0.5,0.493,123.0,205.0,0.6,166.0,385.0,551.0,94.0,63.0,49.0,124.0,149.0,687.0,0.0,,2021,2020-21
136.0,Andre Drummond,27.0,CLE,C,25.0,25.0,722.0,180.0,380.0,0.474,0.0,8.0,0.0,180.0,372.0,0.484,0.474,77.0,129.0,0.597,101.0,236.0,337.0,64.0,40.0,29.0,81.0,69.0,437.0,0.0,,2021,2020-21
136.0,Andre Drummond,27.0,LAL,C,21.0,21.0,520.0,102.0,192.0,0.531,0.0,0.0,,102.0,192.0,0.531,0.531,46.0,76.0,0.605,65.0,149.0,214.0,30.0,23.0,20.0,43.0,80.0,250.0,0.0,,2021,2020-21
137.0,OG Anunoby,23.0,TOR,SF,43.0,43.0,1433.0,249.0,519.0,0.48,104.0,261.0,0.398,145.0,258.0,0.562,0.58,80.0,102.0,0.784,54.0,183.0,237.0,94.0,66.0,32.0,75.0,114.0,682.0,0.0,,2021,2020-21
138.0,Danilo Gallinari,32.0,ATL,PF,51.0,4.0,1222.0,206.0,475.0,0.434,103.0,254.0,0.406,103.0,221.0,0.466,0.542,161.0,174.0,0.925,17.0,194.0,211.0,76.0,30.0,10.0,43.0,105.0,676.0,0.0,,2021,2020-21
139.0,Goran Dragić,34.0,MIA,PG,50.0,11.0,1337.0,240.0,555.0,0.432,91.0,244.0,0.373,149.0,311.0,0.479,0.514,101.0,122.0,0.828,25.0,144.0,169.0,219.0,33.0,8.0,118.0,113.0,672.0,0.0,,2021,2020-21
140.0,Lonnie Walker IV,22.0,SAS,SG,60.0,38.0,1522.0,256.0,609.0,0.42,100.0,282.0,0.355,156.0,327.0,0.477,0.502,57.0,70.0,0.814,14.0,141.0,155.0,101.0,29.0,15.0,65.0,101.0,669.0,0.0,,2021,2020-21
141.0,Théo Maledon,19.0,OKC,PG,65.0,49.0,1778.0,226.0,614.0,0.368,105.0,313.0,0.335,121.0,301.0,0.402,0.454,101.0,135.0,0.748,25.0,186.0,211.0,227.0,56.0,11.0,141.0,126.0,658.0,0.0,,2021,2020-21
142.0,Dāvis Bertāns,28.0,WAS,PF,57.0,7.0,1464.0,193.0,478.0,0.404,169.0,428.0,0.395,24.0,50.0,0.48,0.581,100.0,115.0,0.87,18.0,150.0,168.0,49.0,33.0,13.0,33.0,136.0,655.0,0.0,,2021,2020-21
143.0,Patrick Williams,19.0,CHI,PF,71.0,71.0,1983.0,255.0,528.0,0.483,54.0,138.0,0.391,201.0,390.0,0.515,0.534,91.0,125.0,0.728,66.0,261.0,327.0,99.0,64.0,46.0,98.0,126.0,655.0,0.0,,2021,2020-21
144.0,Danny Green,33.0,PHI,SF,69.0,69.0,1934.0,224.0,544.0,0.412,175.0,432.0,0.405,49.0,112.0,0.438,0.573,31.0,40.0,0.775,55.0,205.0,260.0,118.0,92.0,56.0,67.0,125.0,654.0,0.0,,2021,2020-21
145.0,Kentavious Caldwell-Pope,27.0,LAL,SG,67.0,67.0,1902.0,218.0,506.0,0.431,120.0,293.0,0.41,98.0,213.0,0.46,0.549,97.0,112.0,0.866,27.0,152.0,179.0,127.0,62.0,26.0,66.0,114.0,653.0,0.0,DPOY-11,2021,2020-21
146.0,Victor Oladipo,28.0,3TM,SG,33.0,33.0,1080.0,235.0,576.0,0.408,78.0,239.0,0.326,157.0,337.0,0.466,0.476,104.0,138.0,0.754,12.0,148.0,160.0,151.0,46.0,14.0,83.0,81.0,652.0,0.0,,2021,2020-21
146.0,Victor Oladipo,28.0,IND,SG,9.0,9.0,300.0,64.0,152.0,0.421,25.0,69.0,0.362,39.0,83.0,0.47,0.503,27.0,37.0,0.73,1.0,50.0,51.0,38.0,15.0,2.0,18.0,23.0,180.0,0.0,,2021,2020-21
146.0,Victor Oladipo,28.0,HOU,SG,20.0,20.0,669.0,155.0,381.0,0.407,49.0,153.0,0.32,106.0,228.0,0.465,0.471,65.0,83.0,0.783,8.0,87.0,95.0,99.0,24.0,10.0,51.0,45.0,424.0,0.0,,2021,2020-21
146.0,Victor Oladipo,28.0,MIA,SG,4.0,4.0,111.0,16.0,43.0,0.372,4.0,17.0,0.235,12.0,26.0,0.462,0.419,12.0,18.0,0.667,3.0,11.0,14.0,14.0,7.0,2.0,14.0,13.0,48.0,0.0,,2021,2020-21
147.0,Ivica Zubac,23.0,LAC,C,72.0,33.0,1609.0,257.0,394.0,0.652,1.0,4.0,0.25,256.0,390.0,0.656,0.654,135.0,171.0,0.789,189.0,330.0,519.0,90.0,24.0,62.0,81.0,187.0,650.0,0.0,,2021,2020-21
148.0,Isaac Okoro,20.0,CLE,SG,67.0,67.0,2173.0,235.0,559.0,0.42,62.0,214.0,0.29,173.0,345.0,0.501,0.476,114.0,157.0,0.726,68.0,138.0,206.0,128.0,62.0,24.0,86.0,185.0,646.0,0.0,,2021,2020-21
149.0,Delon Wright,28.0,2TM,PG,63.0,39.0,1748.0,240.0,518.0,0.463,64.0,172.0,0.372,176.0,346.0,0.509,0.525,101.0,126.0,0.802,65.0,204.0,269.0,278.0,101.0,30.0,83.0,75.0,645.0,0.0,,2021,2020-21
149.0,Delon Wright,28.0,DET,PG,36.0,31.0,1052.0,136.0,293.0,0.464,31.0,89.0,0.348,105.0,204.0,0.515,0.517,71.0,90.0,0.789,37.0,127.0,164.0,181.0,58.0,19.0,48.0,45.0,374.0,0.0,,2021,2020-21
149.0,Delon Wright,28.0,SAC,PG,27.0,8.0,696.0,104.0,225.0,0.462,33.0,83.0,0.398,71.0,142.0,0.5,0.536,30.0,36.0,0.833,28.0,77.0,105.0,97.0,43.0,11.0,35.0,30.0,271.0,0.0,,2021,2020-21
150.0,Robin Lopez,32.0,WAS,C,71.0,9.0,1354.0,269.0,425.0,0.633,5.0,18.0,0.278,264.0,407.0,0.649,0.639,99.0,137.0,0.723,141.0,131.0,272.0,55.0,15.0,44.0,75.0,109.0,642.0,0.0,,2021,2020-21
151.0,Elfrid Payton,26.0,NYK,PG,63.0,63.0,1484.0,269.0,622.0,0.432,28.0,98.0,0.286,241.0,524.0,0.46,0.455,73.0,107.0,0.682,64.0,152.0,216.0,203.0,47.0,9.0,103.0,116.0,639.0,0.0,,2021,2020-21
152.0,Marcus Smart,26.0,BOS,PG,48.0,45.0,1581.0,203.0,510.0,0.398,93.0,282.0,0.33,110.0,228.0,0.482,0.489,128.0,162.0,0.79,36.0,131.0,167.0,273.0,72.0,23.0,96.0,126.0,627.0,0.0,,2021,2020-21
153.0,Daniel Theis,28.0,2TM,C,65.0,51.0,1601.0,252.0,466.0,0.541,49.0,152.0,0.322,203.0,314.0,0.646,0.593,74.0,110.0,0.673,93.0,263.0,356.0,108.0,41.0,57.0,66.0,167.0,627.0,0.0,,2021,2020-21
153.0,Daniel Theis,28.0,BOS,C,42.0,37.0,1027.0,159.0,288.0,0.552,33.0,95.0,0.347,126.0,193.0,0.653,0.609,46.0,67.0,0.687,54.0,166.0,220.0,67.0,25.0,43.0,41.0,120.0,397.0,0.0,,2021,2020-21
153.0,Daniel Theis,28.0,CHI,C,23.0,14.0,574.0,93.0,178.0,0.522,16.0,57.0,0.281,77.0,121.0,0.636,0.567,28.0,43.0,0.651,39.0,97.0,136.0,41.0,16.0,14.0,25.0,47.0,230.0,0.0,,2021,2020-21
154.0,Desmond Bane,22.0,MEM,SG,68.0,17.0,1519.0,234.0,499.0,0.469,117.0,271.0,0.432,117.0,228.0,0.513,0.586,40.0,49.0,0.816,31.0,179.0,210.0,118.0,41.0,16.0,59.0,125.0,625.0,0.0,,2021,2020-21
155.0,Alec Burks,29.0,NYK,SG,49.0,5.0,1255.0,210.0,500.0,0.42,102.0,246.0,0.415,108.0,254.0,0.425,0.522,101.0,118.0,0.856,21.0,206.0,227.0,107.0,31.0,14.0,49.0,102.0,623.0,0.0,,2021,2020-21
156.0,Aaron Gordon,25.0,2TM,PF,50.0,50.0,1384.0,231.0,499.0,0.463,59.0,176.0,0.335,172.0,323.0,0.533,0.522,97.0,149.0,0.651,77.0,207.0,284.0,161.0,33.0,34.0,97.0,89.0,618.0,1.0,,2021,2020-21
156.0,Aaron Gordon,25.0,ORL,PF,25.0,25.0,736.0,128.0,293.0,0.437,42.0,112.0,0.375,86.0,181.0,0.475,0.509,66.0,105.0,0.629,39.0,127.0,166.0,105.0,16.0,20.0,67.0,49.0,364.0,1.0,,2021,2020-21
156.0,Aaron Gordon,25.0,DEN,PF,25.0,25.0,648.0,103.0,206.0,0.5,17.0,64.0,0.266,86.0,142.0,0.606,0.541,31.0,44.0,0.705,38.0,80.0,118.0,56.0,17.0,14.0,30.0,40.0,254.0,0.0,,2021,2020-21
157.0,Cedi Osman,25.0,CLE,SF,59.0,26.0,1510.0,219.0,586.0,0.374,99.0,324.0,0.306,120.0,262.0,0.458,0.458,76.0,95.0,0.8,38.0,163.0,201.0,174.0,53.0,9.0,80.0,119.0,613.0,0.0,,2021,2020-21
158.0,Jordan Poole,21.0,GSW,SG,51.0,7.0,988.0,205.0,474.0,0.432,97.0,276.0,0.351,108.0,198.0,0.545,0.535,105.0,119.0,0.882,15.0,77.0,92.0,99.0,26.0,9.0,51.0,86.0,612.0,0.0,,2021,2020-21
159.0,Brandon Clarke,24.0,MEM,PF,59.0,16.0,1415.0,256.0,495.0,0.517,20.0,77.0,0.26,236.0,418.0,0.565,0.537,78.0,113.0,0.69,97.0,231.0,328.0,95.0,60.0,51.0,33.0,84.0,610.0,0.0,,2021,2020-21
160.0,Marvin Bagley III,21.0,SAC,PF,43.0,42.0,1112.0,247.0,490.0,0.504,37.0,108.0,0.343,210.0,382.0,0.55,0.542,77.0,134.0,0.575,106.0,212.0,318.0,43.0,21.0,21.0,59.0,100.0,608.0,0.0,,2021,2020-21
161.0,Wendell Carter Jr.,21.0,2TM,C,54.0,44.0,1375.0,230.0,457.0,0.503,15.0,51.0,0.294,215.0,406.0,0.53,0.52,131.0,179.0,0.732,132.0,311.0,443.0,104.0,35.0,42.0,78.0,146.0,606.0,0.0,,2021,2020-21
161.0,Wendell Carter Jr.,21.0,CHI,C,32.0,25.0,792.0,129.0,252.0,0.512,8.0,22.0,0.364,121.0,230.0,0.526,0.528,82.0,111.0,0.739,70.0,180.0,250.0,69.0,18.0,24.0,49.0,96.0,348.0,0.0,,2021,2020-21
161.0,Wendell Carter Jr.,21.0,ORL,C,22.0,19.0,583.0,101.0,205.0,0.493,7.0,29.0,0.241,94.0,176.0,0.534,0.51,49.0,68.0,0.721,62.0,131.0,193.0,35.0,17.0,18.0,29.0,50.0,258.0,0.0,,2021,2020-21
162.0,Cole Anthony,20.0,ORL,PG,47.0,34.0,1273.0,219.0,552.0,0.397,58.0,172.0,0.337,161.0,380.0,0.424,0.449,109.0,131.0,0.832,38.0,183.0,221.0,192.0,30.0,18.0,106.0,98.0,605.0,0.0,,2021,2020-21
163.0,Hamidou Diallo,22.0,2TM,SF,52.0,9.0,1226.0,224.0,470.0,0.477,28.0,82.0,0.341,196.0,388.0,0.505,0.506,128.0,200.0,0.64,59.0,213.0,272.0,101.0,41.0,24.0,76.0,134.0,604.0,0.0,,2021,2020-21
163.0,Hamidou Diallo,22.0,OKC,SG,32.0,5.0,761.0,143.0,297.0,0.481,12.0,41.0,0.293,131.0,256.0,0.512,0.502,83.0,132.0,0.629,37.0,128.0,165.0,77.0,31.0,12.0,49.0,83.0,381.0,0.0,,2021,2020-21
163.0,Hamidou Diallo,22.0,DET,SF,20.0,4.0,465.0,81.0,173.0,0.468,16.0,41.0,0.39,65.0,132.0,0.492,0.514,45.0,68.0,0.662,22.0,85.0,107.0,24.0,10.0,12.0,27.0,51.0,223.0,0.0,,2021,2020-21
164.0,Jae Crowder,30.0,PHO,PF,60.0,42.0,1648.0,199.0,492.0,0.404,148.0,380.0,0.389,51.0,112.0,0.455,0.555,57.0,75.0,0.76,32.0,250.0,282.0,127.0,48.0,27.0,55.0,125.0,603.0,0.0,,2021,2020-21
165.0,T.J. McConnell,28.0,IND,PG,69.0,3.0,1796.0,274.0,490.0,0.559,15.0,48.0,0.313,259.0,442.0,0.586,0.574,33.0,48.0,0.688,55.0,201.0,256.0,456.0,128.0,23.0,135.0,113.0,596.0,1.0,6MOY-11,2021,2020-21
166.0,Robert Covington,30.0,POR,PF,70.0,70.0,2243.0,204.0,509.0,0.401,135.0,356.0,0.379,69.0,153.0,0.451,0.533,50.0,62.0,0.806,61.0,405.0,466.0,117.0,101.0,84.0,64.0,195.0,593.0,0.0,,2021,2020-21
167.0,Jakob Poeltl,25.0,SAS,C,69.0,51.0,1845.0,265.0,430.0,0.616,0.0,0.0,,265.0,430.0,0.616,0.616,63.0,124.0,0.508,219.0,328.0,547.0,134.0,47.0,123.0,83.0,172.0,593.0,0.0,,2021,2020-21
168.0,Myles Turner,24.0,IND,C,47.0,47.0,1455.0,206.0,432.0,0.477,69.0,206.0,0.335,137.0,226.0,0.606,0.557,111.0,142.0,0.782,63.0,243.0,306.0,48.0,40.0,159.0,67.0,165.0,592.0,0.0,DPOY-9,2021,2020-21
169.0,Dorian Finney-Smith,27.0,DAL,PF,60.0,60.0,1921.0,220.0,466.0,0.472,119.0,302.0,0.394,101.0,164.0,0.616,0.6,31.0,41.0,0.756,98.0,228.0,326.0,102.0,52.0,25.0,48.0,138.0,590.0,0.0,,2021,2020-21
170.0,Talen Horton-Tucker,20.0,LAL,SG,65.0,4.0,1304.0,224.0,489.0,0.458,37.0,131.0,0.282,187.0,358.0,0.522,0.496,100.0,129.0,0.775,25.0,144.0,169.0,181.0,63.0,21.0,105.0,127.0,585.0,0.0,,2021,2020-21
171.0,Ricky Rubio,30.0,MIN,PG,68.0,51.0,1772.0,193.0,498.0,0.388,66.0,214.0,0.308,127.0,284.0,0.447,0.454,130.0,150.0,0.867,28.0,195.0,223.0,433.0,98.0,4.0,111.0,139.0,582.0,0.0,,2021,2020-21
172.0,Mason Plumlee,30.0,DET,C,56.0,56.0,1499.0,234.0,381.0,0.614,0.0,7.0,0.0,234.0,374.0,0.626,0.614,113.0,169.0,0.669,145.0,374.0,519.0,202.0,43.0,50.0,105.0,186.0,581.0,2.0,,2021,2020-21
173.0,Bruce Brown,24.0,BRK,PG,65.0,37.0,1451.0,235.0,423.0,0.556,17.0,59.0,0.288,218.0,364.0,0.599,0.576,86.0,117.0,0.735,111.0,238.0,349.0,104.0,58.0,28.0,54.0,145.0,573.0,0.0,,2021,2020-21
174.0,Cameron Johnson,24.0,PHO,PF,60.0,11.0,1437.0,203.0,483.0,0.42,117.0,335.0,0.349,86.0,148.0,0.581,0.541,50.0,59.0,0.847,33.0,166.0,199.0,86.0,37.0,16.0,40.0,85.0,573.0,0.0,,2021,2020-21
175.0,Landry Shamet,23.0,BRK,SG,61.0,12.0,1403.0,186.0,456.0,0.408,129.0,333.0,0.387,57.0,123.0,0.463,0.549,66.0,78.0,0.846,11.0,101.0,112.0,99.0,31.0,10.0,48.0,93.0,567.0,0.0,,2021,2020-21
176.0,Svi Mykhailiuk,23.0,2TM,SF,66.0,14.0,1324.0,208.0,506.0,0.411,105.0,314.0,0.334,103.0,192.0,0.536,0.515,38.0,50.0,0.76,24.0,139.0,163.0,110.0,51.0,12.0,88.0,63.0,559.0,0.0,,2021,2020-21
176.0,Svi Mykhailiuk,23.0,DET,SF,36.0,5.0,634.0,84.0,223.0,0.377,57.0,171.0,0.333,27.0,52.0,0.519,0.504,24.0,30.0,0.8,11.0,63.0,74.0,57.0,27.0,6.0,39.0,33.0,249.0,0.0,,2021,2020-21
176.0,Svi Mykhailiuk,23.0,OKC,SF,30.0,9.0,690.0,124.0,283.0,0.438,48.0,143.0,0.336,76.0,140.0,0.543,0.523,14.0,20.0,0.7,13.0,76.0,89.0,53.0,24.0,6.0,49.0,30.0,310.0,0.0,,2021,2020-21
177.0,Raul Neto,28.0,WAS,PG,64.0,22.0,1403.0,209.0,447.0,0.468,64.0,164.0,0.39,145.0,283.0,0.512,0.539,75.0,85.0,0.882,28.0,128.0,156.0,146.0,73.0,6.0,53.0,109.0,557.0,0.0,,2021,2020-21
178.0,Derrick White,26.0,SAS,SG,36.0,32.0,1064.0,186.0,453.0,0.411,84.0,243.0,0.346,102.0,210.0,0.486,0.503,97.0,114.0,0.851,13.0,94.0,107.0,127.0,26.0,36.0,45.0,91.0,553.0,0.0,,2021,2020-21
179.0,Nicolas Batum,32.0,LAC,SF,67.0,38.0,1835.0,191.0,412.0,0.464,110.0,272.0,0.404,81.0,140.0,0.579,0.597,48.0,58.0,0.828,50.0,266.0,316.0,148.0,69.0,37.0,53.0,102.0,540.0,0.0,,2021,2020-21
180.0,Isaiah Stewart,19.0,DET,C,68.0,14.0,1455.0,226.0,409.0,0.553,21.0,63.0,0.333,205.0,346.0,0.592,0.578,64.0,92.0,0.696,159.0,294.0,453.0,59.0,39.0,86.0,67.0,184.0,537.0,0.0,,2021,2020-21
181.0,Isaiah Roby,22.0,OKC,PF,61.0,34.0,1425.0,207.0,429.0,0.483,32.0,109.0,0.294,175.0,320.0,0.547,0.52,87.0,117.0,0.744,89.0,252.0,341.0,107.0,52.0,37.0,113.0,162.0,533.0,0.0,,2021,2020-21
182.0,Terence Davis,23.0,2TM,SG,61.0,4.0,1074.0,195.0,456.0,0.428,98.0,267.0,0.367,97.0,189.0,0.513,0.535,45.0,55.0,0.818,20.0,134.0,154.0,83.0,44.0,14.0,63.0,97.0,533.0,0.0,,2021,2020-21
182.0,Terence Davis,23.0,TOR,SG,34.0,4.0,493.0,87.0,210.0,0.414,44.0,122.0,0.361,43.0,88.0,0.489,0.519,16.0,18.0,0.889,9.0,57.0,66.0,37.0,17.0,7.0,29.0,48.0,234.0,0.0,,2021,2020-21
182.0,Terence Davis,23.0,SAC,SG,27.0,0.0,581.0,108.0,246.0,0.439,54.0,145.0,0.372,54.0,101.0,0.535,0.549,29.0,37.0,0.784,11.0,77.0,88.0,46.0,27.0,7.0,34.0,49.0,299.0,0.0,,2021,2020-21
183.0,Grayson Allen,25.0,MEM,SG,50.0,38.0,1259.0,173.0,414.0,0.418,107.0,274.0,0.391,66.0,140.0,0.471,0.547,79.0,91.0,0.868,19.0,141.0,160.0,108.0,46.0,8.0,48.0,71.0,532.0,0.0,,2021,2020-21
184.0,Kenrich Williams,26.0,OKC,PF,66.0,13.0,1426.0,219.0,411.0,0.533,52.0,117.0,0.444,167.0,294.0,0.568,0.596,36.0,63.0,0.571,84.0,189.0,273.0,152.0,55.0,17.0,76.0,143.0,526.0,0.0,,2021,2020-21
185.0,Luke Kennard,24.0,LAC,SG,63.0,17.0,1232.0,197.0,414.0,0.476,100.0,224.0,0.446,97.0,190.0,0.511,0.597,26.0,31.0,0.839,15.0,146.0,161.0,104.0,23.0,9.0,48.0,91.0,520.0,0.0,,2021,2020-21
186.0,Cory Joseph,29.0,2TM,PG,63.0,13.0,1446.0,200.0,426.0,0.469,45.0,132.0,0.341,155.0,294.0,0.527,0.522,72.0,88.0,0.818,35.0,124.0,159.0,213.0,61.0,18.0,79.0,139.0,517.0,0.0,,2021,2020-21
186.0,Cory Joseph,29.0,SAC,PG,44.0,2.0,944.0,111.0,250.0,0.444,31.0,94.0,0.33,80.0,156.0,0.513,0.506,36.0,47.0,0.766,25.0,74.0,99.0,108.0,39.0,9.0,44.0,98.0,289.0,0.0,,2021,2020-21
186.0,Cory Joseph,29.0,DET,PG,19.0,11.0,502.0,89.0,176.0,0.506,14.0,38.0,0.368,75.0,138.0,0.543,0.545,36.0,41.0,0.878,10.0,50.0,60.0,105.0,22.0,9.0,35.0,41.0,228.0,0.0,,2021,2020-21
187.0,Payton Pritchard,23.0,BOS,SG,66.0,4.0,1268.0,184.0,418.0,0.44,102.0,248.0,0.411,82.0,170.0,0.482,0.562,40.0,45.0,0.889,33.0,125.0,158.0,120.0,37.0,9.0,53.0,104.0,510.0,0.0,,2021,2020-21
188.0,Nickeil Alexander-Walker,22.0,NOP,SG,46.0,13.0,1007.0,192.0,458.0,0.419,76.0,219.0,0.347,116.0,239.0,0.485,0.502,48.0,66.0,0.727,13.0,131.0,144.0,102.0,47.0,22.0,69.0,88.0,508.0,0.0,,2021,2020-21
189.0,Cameron Payne,26.0,PHO,PG,60.0,1.0,1079.0,191.0,395.0,0.484,73.0,166.0,0.44,118.0,229.0,0.515,0.576,50.0,56.0,0.893,16.0,128.0,144.0,217.0,36.0,16.0,60.0,97.0,505.0,0.0,,2021,2020-21
190.0,Blake Griffin,31.0,2TM,PF,46.0,30.0,1186.0,174.0,411.0,0.423,70.0,205.0,0.341,104.0,206.0,0.505,0.509,87.0,117.0,0.744,35.0,190.0,225.0,140.0,32.0,15.0,62.0,111.0,505.0,0.0,,2021,2020-21
190.0,Blake Griffin,31.0,DET,PF,20.0,20.0,626.0,81.0,222.0,0.365,39.0,124.0,0.315,42.0,98.0,0.429,0.453,44.0,62.0,0.71,7.0,97.0,104.0,77.0,14.0,2.0,32.0,42.0,245.0,0.0,,2021,2020-21
190.0,Blake Griffin,31.0,BRK,PF,26.0,10.0,560.0,93.0,189.0,0.492,31.0,81.0,0.383,62.0,108.0,0.574,0.574,43.0,55.0,0.782,28.0,93.0,121.0,63.0,18.0,13.0,30.0,69.0,260.0,0.0,,2021,2020-21
191.0,Paul Millsap,35.0,DEN,PF,56.0,36.0,1162.0,191.0,401.0,0.476,49.0,143.0,0.343,142.0,258.0,0.55,0.537,71.0,98.0,0.724,76.0,186.0,262.0,98.0,51.0,36.0,51.0,111.0,502.0,0.0,,2021,2020-21
192.0,Anfernee Simons,21.0,POR,SG,64.0,0.0,1104.0,168.0,401.0,0.419,120.0,282.0,0.426,48.0,119.0,0.403,0.569,46.0,57.0,0.807,14.0,126.0,140.0,89.0,18.0,8.0,43.0,96.0,502.0,0.0,,2021,2020-21
193.0,Furkan Korkmaz,23.0,PHI,SG,55.0,11.0,1062.0,170.0,424.0,0.401,101.0,269.0,0.375,69.0,155.0,0.445,0.52,60.0,82.0,0.732,17.0,96.0,113.0,82.0,49.0,9.0,46.0,64.0,501.0,0.0,,2021,2020-21
194.0,Georges Niang,27.0,UTA,PF,72.0,10.0,1154.0,177.0,405.0,0.437,124.0,292.0,0.425,53.0,113.0,0.469,0.59,22.0,23.0,0.957,28.0,148.0,176.0,59.0,25.0,8.0,51.0,116.0,500.0,0.0,,2021,2020-21
195.0,Royce O'Neale,27.0,UTA,SF,71.0,71.0,2241.0,175.0,394.0,0.444,107.0,278.0,0.385,68.0,116.0,0.586,0.58,39.0,46.0,0.848,88.0,397.0,485.0,181.0,57.0,32.0,83.0,182.0,496.0,0.0,,2021,2020-21
196.0,Malik Monk,22.0,CHO,SG,42.0,0.0,878.0,173.0,399.0,0.434,85.0,212.0,0.401,88.0,187.0,0.471,0.54,59.0,72.0,0.819,14.0,87.0,101.0,87.0,19.0,4.0,55.0,47.0,490.0,0.0,,2021,2020-21
197.0,Tyrese Maxey,20.0,PHI,SG,61.0,8.0,935.0,198.0,429.0,0.462,31.0,103.0,0.301,167.0,326.0,0.512,0.498,61.0,70.0,0.871,11.0,93.0,104.0,120.0,26.0,13.0,41.0,79.0,488.0,0.0,,2021,2020-21
198.0,Dwight Howard,35.0,PHI,C,69.0,6.0,1196.0,178.0,303.0,0.587,5.0,20.0,0.25,173.0,283.0,0.611,0.596,121.0,210.0,0.576,190.0,390.0,580.0,61.0,30.0,62.0,112.0,200.0,482.0,0.0,,2021,2020-21
199.0,Khem Birch,28.0,2TM,C,67.0,22.0,1529.0,189.0,380.0,0.497,13.0,52.0,0.25,176.0,328.0,0.537,0.514,91.0,129.0,0.705,174.0,213.0,387.0,89.0,48.0,50.0,44.0,113.0,482.0,0.0,,2021,2020-21
199.0,Khem Birch,28.0,ORL,C,48.0,5.0,952.0,94.0,209.0,0.45,4.0,21.0,0.19,90.0,188.0,0.479,0.459,63.0,85.0,0.741,117.0,126.0,243.0,53.0,32.0,28.0,23.0,67.0,255.0,0.0,,2021,2020-21
199.0,Khem Birch,28.0,TOR,C,19.0,17.0,577.0,95.0,171.0,0.556,9.0,31.0,0.29,86.0,140.0,0.614,0.582,28.0,44.0,0.636,57.0,87.0,144.0,36.0,16.0,22.0,21.0,46.0,227.0,0.0,,2021,2020-21
200.0,Kent Bazemore,31.0,GSW,SF,67.0,18.0,1333.0,176.0,392.0,0.449,75.0,184.0,0.408,101.0,208.0,0.486,0.545,54.0,78.0,0.692,26.0,203.0,229.0,108.0,69.0,33.0,82.0,158.0,481.0,0.0,,2021,2020-21
201.0,Eric Gordon,32.0,HOU,SG,27.0,13.0,789.0,159.0,367.0,0.433,69.0,210.0,0.329,90.0,157.0,0.573,0.527,94.0,114.0,0.825,8.0,50.0,58.0,71.0,14.0,13.0,51.0,44.0,481.0,0.0,,2021,2020-21
202.0,Monte Morris,25.0,DEN,PG,47.0,13.0,1196.0,186.0,387.0,0.481,51.0,134.0,0.381,135.0,253.0,0.534,0.547,58.0,73.0,0.795,11.0,85.0,96.0,150.0,34.0,13.0,34.0,48.0,481.0,0.0,,2021,2020-21
203.0,Aaron Holiday,24.0,IND,PG,66.0,8.0,1176.0,170.0,436.0,0.39,67.0,182.0,0.368,103.0,254.0,0.406,0.467,68.0,83.0,0.819,15.0,74.0,89.0,123.0,46.0,13.0,66.0,94.0,475.0,0.0,,2021,2020-21
204.0,Terance Mann,24.0,LAC,SG,67.0,10.0,1263.0,178.0,350.0,0.509,38.0,91.0,0.418,140.0,259.0,0.541,0.563,78.0,94.0,0.83,56.0,186.0,242.0,104.0,29.0,13.0,40.0,126.0,472.0,0.0,,2021,2020-21
205.0,De'Anthony Melton,22.0,MEM,PG,52.0,1.0,1045.0,172.0,393.0,0.438,87.0,211.0,0.412,85.0,182.0,0.467,0.548,41.0,51.0,0.804,30.0,131.0,161.0,132.0,60.0,31.0,66.0,85.0,472.0,0.0,,2021,2020-21
206.0,JaMychal Green,30.0,DEN,PF,58.0,5.0,1120.0,173.0,374.0,0.463,79.0,198.0,0.399,94.0,176.0,0.534,0.568,46.0,57.0,0.807,85.0,192.0,277.0,53.0,26.0,22.0,53.0,144.0,471.0,0.0,,2021,2020-21
207.0,Pat Connaughton,28.0,MIL,SG,69.0,4.0,1575.0,168.0,387.0,0.434,101.0,272.0,0.371,67.0,115.0,0.583,0.565,31.0,40.0,0.775,63.0,269.0,332.0,81.0,49.0,23.0,33.0,99.0,468.0,0.0,,2021,2020-21
208.0,Serge Ibaka,31.0,LAC,C,41.0,39.0,955.0,186.0,365.0,0.51,39.0,115.0,0.339,147.0,250.0,0.588,0.563,43.0,53.0,0.811,73.0,202.0,275.0,74.0,9.0,47.0,44.0,76.0,454.0,0.0,,2021,2020-21
209.0,Cody Zeller,28.0,CHO,C,48.0,21.0,1005.0,181.0,324.0,0.559,4.0,28.0,0.143,177.0,296.0,0.598,0.565,85.0,119.0,0.714,119.0,209.0,328.0,86.0,27.0,17.0,51.0,121.0,451.0,0.0,,2021,2020-21
210.0,Jaxson Hayes,20.0,NOP,C,60.0,3.0,964.0,175.0,280.0,0.625,6.0,14.0,0.429,169.0,266.0,0.635,0.636,93.0,120.0,0.775,92.0,165.0,257.0,35.0,25.0,38.0,39.0,101.0,449.0,0.0,,2021,2020-21
211.0,James Wiseman,19.0,GSW,C,39.0,27.0,836.0,191.0,368.0,0.519,12.0,38.0,0.316,179.0,330.0,0.542,0.535,54.0,86.0,0.628,55.0,171.0,226.0,26.0,11.0,36.0,60.0,121.0,448.0,0.0,,2021,2020-21
212.0,Tomáš Satoranský,29.0,CHI,SG,58.0,18.0,1307.0,169.0,329.0,0.514,42.0,118.0,0.356,127.0,211.0,0.602,0.578,67.0,79.0,0.848,30.0,112.0,142.0,271.0,40.0,14.0,96.0,89.0,447.0,0.0,,2021,2020-21
213.0,Draymond Green,30.0,GSW,PF,63.0,63.0,1982.0,170.0,380.0,0.447,34.0,126.0,0.27,136.0,254.0,0.535,0.492,70.0,88.0,0.795,55.0,393.0,448.0,558.0,105.0,52.0,188.0,194.0,444.0,6.0,"DPOY-3,DEF1",2021,2020-21
214.0,Wayne Ellington,33.0,DET,SG,46.0,31.0,1012.0,149.0,338.0,0.441,116.0,275.0,0.422,33.0,63.0,0.524,0.612,28.0,35.0,0.8,12.0,73.0,85.0,67.0,18.0,9.0,33.0,59.0,442.0,0.0,,2021,2020-21
215.0,Tyus Jones,24.0,MEM,PG,70.0,9.0,1222.0,178.0,413.0,0.431,45.0,140.0,0.321,133.0,273.0,0.487,0.485,41.0,45.0,0.911,21.0,119.0,140.0,259.0,64.0,6.0,48.0,31.0,442.0,0.0,,2021,2020-21
216.0,Steven Adams,27.0,NOP,C,58.0,58.0,1605.0,189.0,308.0,0.614,0.0,3.0,0.0,189.0,305.0,0.62,0.614,60.0,135.0,0.444,213.0,301.0,514.0,111.0,54.0,38.0,78.0,113.0,438.0,1.0,,2021,2020-21
217.0,D.J. Augustin,33.0,2TM,PG,57.0,12.0,1129.0,135.0,343.0,0.394,83.0,217.0,0.382,52.0,126.0,0.413,0.515,85.0,94.0,0.904,20.0,74.0,94.0,188.0,28.0,1.0,65.0,56.0,438.0,0.0,,2021,2020-21
217.0,D.J. Augustin,33.0,MIL,PG,37.0,6.0,713.0,71.0,192.0,0.37,49.0,129.0,0.38,22.0,63.0,0.349,0.497,36.0,40.0,0.9,11.0,39.0,50.0,110.0,20.0,1.0,34.0,33.0,227.0,0.0,,2021,2020-21
217.0,D.J. Augustin,33.0,HOU,PG,20.0,6.0,416.0,64.0,151.0,0.424,34.0,88.0,0.386,30.0,63.0,0.476,0.536,49.0,54.0,0.907,9.0,35.0,44.0,78.0,8.0,0.0,31.0,23.0,211.0,0.0,,2021,2020-21
218.0,Dario Šarić,26.0,PHO,C,50.0,4.0,871.0,153.0,342.0,0.447,47.0,135.0,0.348,106.0,207.0,0.512,0.516,84.0,99.0,0.848,46.0,144.0,190.0,65.0,30.0,4.0,57.0,95.0,437.0,0.0,,2021,2020-21
219.0,Josh Hart,25.0,NOP,SF,47.0,4.0,1349.0,151.0,344.0,0.439,63.0,193.0,0.326,88.0,151.0,0.583,0.531,69.0,89.0,0.775,53.0,324.0,377.0,109.0,38.0,12.0,49.0,111.0,434.0,0.0,,2021,2020-21
220.0,Kevin Porter Jr.,20.0,HOU,SG,26.0,23.0,835.0,156.0,367.0,0.425,50.0,161.0,0.311,106.0,206.0,0.515,0.493,69.0,94.0,0.734,20.0,79.0,99.0,164.0,19.0,8.0,91.0,61.0,431.0,0.0,,2021,2020-21
221.0,Jaden McDaniels,20.0,MIN,PF,63.0,27.0,1511.0,164.0,367.0,0.447,72.0,198.0,0.364,92.0,169.0,0.544,0.545,27.0,45.0,0.6,52.0,180.0,232.0,71.0,35.0,60.0,47.0,172.0,427.0,0.0,,2021,2020-21
222.0,DeAndre Jordan,32.0,BRK,C,57.0,43.0,1246.0,190.0,249.0,0.763,0.0,1.0,0.0,190.0,248.0,0.766,0.763,46.0,92.0,0.5,117.0,310.0,427.0,93.0,17.0,65.0,85.0,116.0,426.0,0.0,,2021,2020-21
223.0,Jusuf Nurkić,26.0,POR,C,37.0,37.0,880.0,171.0,333.0,0.514,12.0,30.0,0.4,159.0,303.0,0.525,0.532,70.0,113.0,0.619,86.0,246.0,332.0,125.0,38.0,39.0,73.0,103.0,424.0,0.0,,2021,2020-21
224.0,Garrett Temple,34.0,CHI,SG,56.0,25.0,1528.0,158.0,381.0,0.415,67.0,200.0,0.335,91.0,181.0,0.503,0.503,40.0,50.0,0.8,29.0,131.0,160.0,124.0,43.0,30.0,58.0,126.0,423.0,0.0,,2021,2020-21
225.0,Alex Len,27.0,2TM,C,64.0,42.0,979.0,171.0,278.0,0.615,8.0,25.0,0.32,163.0,253.0,0.644,0.629,73.0,116.0,0.629,78.0,182.0,260.0,49.0,20.0,64.0,55.0,127.0,423.0,0.0,,2021,2020-21
225.0,Alex Len,27.0,TOR,C,7.0,2.0,76.0,5.0,10.0,0.5,3.0,6.0,0.5,2.0,4.0,0.5,0.65,3.0,6.0,0.5,0.0,11.0,11.0,3.0,1.0,6.0,8.0,10.0,16.0,0.0,,2021,2020-21
225.0,Alex Len,27.0,WAS,C,57.0,40.0,903.0,166.0,268.0,0.619,5.0,19.0,0.263,161.0,249.0,0.647,0.629,70.0,110.0,0.636,78.0,171.0,249.0,46.0,19.0,58.0,47.0,117.0,407.0,0.0,,2021,2020-21
226.0,KJ Martin,20.0,HOU,SF,45.0,8.0,1068.0,162.0,318.0,0.509,35.0,96.0,0.365,127.0,222.0,0.572,0.564,60.0,84.0,0.714,73.0,169.0,242.0,48.0,30.0,41.0,38.0,89.0,419.0,0.0,,2021,2020-21
227.0,Robert Williams,23.0,BOS,C,52.0,13.0,985.0,186.0,258.0,0.721,0.0,2.0,0.0,186.0,256.0,0.727,0.721,45.0,73.0,0.616,133.0,225.0,358.0,94.0,43.0,91.0,52.0,105.0,417.0,0.0,,2021,2020-21
228.0,Sterling Brown,25.0,HOU,SG,51.0,14.0,1229.0,150.0,335.0,0.448,91.0,215.0,0.423,59.0,120.0,0.492,0.584,25.0,31.0,0.806,38.0,186.0,224.0,72.0,38.0,12.0,41.0,97.0,416.0,0.0,,2021,2020-21
229.0,Trey Burke,28.0,DAL,PG,62.0,1.0,911.0,151.0,353.0,0.428,58.0,164.0,0.354,93.0,189.0,0.492,0.51,51.0,57.0,0.895,10.0,44.0,54.0,81.0,36.0,7.0,33.0,64.0,411.0,0.0,,2021,2020-21
230.0,Tristan Thompson,29.0,BOS,C,54.0,43.0,1287.0,169.0,326.0,0.518,0.0,3.0,0.0,169.0,323.0,0.523,0.518,71.0,120.0,0.592,169.0,270.0,439.0,67.0,24.0,33.0,62.0,119.0,409.0,0.0,,2021,2020-21
231.0,Markieff Morris,31.0,LAL,PF,61.0,27.0,1200.0,153.0,378.0,0.405,65.0,209.0,0.311,88.0,169.0,0.521,0.491,36.0,50.0,0.72,48.0,218.0,266.0,73.0,22.0,19.0,54.0,105.0,407.0,0.0,,2021,2020-21
232.0,Denzel Valentine,27.0,CHI,SG,62.0,3.0,1036.0,155.0,416.0,0.373,80.0,242.0,0.331,75.0,174.0,0.431,0.469,16.0,17.0,0.941,24.0,173.0,197.0,105.0,30.0,7.0,42.0,70.0,406.0,0.0,,2021,2020-21
233.0,Ben McLemore,27.0,2TM,SG,53.0,5.0,905.0,135.0,365.0,0.37,97.0,280.0,0.346,38.0,85.0,0.447,0.503,39.0,53.0,0.736,15.0,85.0,100.0,39.0,23.0,9.0,42.0,88.0,406.0,0.0,,2021,2020-21
233.0,Ben McLemore,27.0,HOU,SG,32.0,4.0,537.0,80.0,224.0,0.357,55.0,166.0,0.331,25.0,58.0,0.431,0.48,23.0,32.0,0.719,11.0,55.0,66.0,28.0,20.0,3.0,28.0,51.0,238.0,0.0,,2021,2020-21
233.0,Ben McLemore,27.0,LAL,SG,21.0,1.0,368.0,55.0,141.0,0.39,42.0,114.0,0.368,13.0,27.0,0.481,0.539,16.0,21.0,0.762,4.0,30.0,34.0,11.0,3.0,6.0,14.0,37.0,168.0,0.0,,2021,2020-21
234.0,Edmond Sumner,25.0,IND,SG,53.0,24.0,861.0,148.0,282.0,0.525,35.0,88.0,0.398,113.0,194.0,0.582,0.587,68.0,83.0,0.819,18.0,76.0,94.0,49.0,33.0,10.0,51.0,88.0,399.0,0.0,,2021,2020-21
235.0,Al Horford,34.0,OKC,C,28.0,28.0,782.0,162.0,360.0,0.45,56.0,152.0,0.368,106.0,208.0,0.51,0.528,18.0,22.0,0.818,29.0,159.0,188.0,94.0,25.0,26.0,29.0,48.0,398.0,0.0,,2021,2020-21
236.0,Facundo Campazzo,29.0,DEN,PG,65.0,19.0,1425.0,120.0,315.0,0.381,76.0,216.0,0.352,44.0,99.0,0.444,0.502,80.0,91.0,0.879,22.0,112.0,134.0,232.0,79.0,14.0,73.0,132.0,396.0,0.0,6MOY-15,2021,2020-21
237.0,Derrick Jones Jr.,23.0,POR,SF,58.0,43.0,1318.0,147.0,304.0,0.484,43.0,136.0,0.316,104.0,168.0,0.619,0.554,59.0,91.0,0.648,77.0,128.0,205.0,47.0,37.0,54.0,32.0,127.0,396.0,0.0,,2021,2020-21
238.0,Frank Jackson,22.0,DET,PG,40.0,6.0,738.0,134.0,293.0,0.457,61.0,150.0,0.407,73.0,143.0,0.51,0.561,61.0,75.0,0.813,15.0,71.0,86.0,36.0,15.0,1.0,34.0,53.0,390.0,0.0,,2021,2020-21
239.0,Xavier Tillman Sr.,22.0,MEM,PF,59.0,12.0,1085.0,167.0,299.0,0.559,22.0,65.0,0.338,145.0,234.0,0.62,0.595,34.0,53.0,0.642,74.0,182.0,256.0,75.0,44.0,33.0,45.0,116.0,390.0,0.0,,2021,2020-21
240.0,Taurean Prince,26.0,2TM,PF,41.0,10.0,905.0,131.0,327.0,0.401,62.0,155.0,0.4,69.0,172.0,0.401,0.495,65.0,76.0,0.855,19.0,123.0,142.0,76.0,28.0,23.0,47.0,75.0,389.0,0.0,,2021,2020-21
240.0,Taurean Prince,26.0,BRK,PF,12.0,4.0,218.0,30.0,74.0,0.405,13.0,37.0,0.351,17.0,37.0,0.459,0.493,24.0,27.0,0.889,2.0,32.0,34.0,7.0,8.0,8.0,11.0,21.0,97.0,0.0,,2021,2020-21
240.0,Taurean Prince,26.0,CLE,PF,29.0,6.0,687.0,101.0,253.0,0.399,49.0,118.0,0.415,52.0,135.0,0.385,0.496,41.0,49.0,0.837,17.0,91.0,108.0,69.0,20.0,15.0,36.0,54.0,292.0,0.0,,2021,2020-21
241.0,Gary Harris,26.0,2TM,SG,39.0,38.0,1080.0,138.0,345.0,0.4,48.0,141.0,0.34,90.0,204.0,0.441,0.47,64.0,78.0,0.821,21.0,58.0,79.0,78.0,28.0,11.0,37.0,71.0,388.0,0.0,,2021,2020-21
241.0,Gary Harris,26.0,DEN,SG,19.0,19.0,581.0,69.0,156.0,0.442,24.0,75.0,0.32,45.0,81.0,0.556,0.519,22.0,30.0,0.733,13.0,34.0,47.0,32.0,17.0,4.0,14.0,37.0,184.0,0.0,,2021,2020-21
241.0,Gary Harris,26.0,ORL,SG,20.0,19.0,499.0,69.0,189.0,0.365,24.0,66.0,0.364,45.0,123.0,0.366,0.429,42.0,48.0,0.875,8.0,24.0,32.0,46.0,11.0,7.0,23.0,34.0,204.0,0.0,,2021,2020-21
242.0,PJ Dozier,24.0,DEN,SG,50.0,6.0,1088.0,148.0,355.0,0.417,47.0,149.0,0.315,101.0,206.0,0.49,0.483,42.0,66.0,0.636,35.0,147.0,182.0,92.0,31.0,22.0,46.0,86.0,385.0,0.0,,2021,2020-21
243.0,Eric Paschall,24.0,GSW,PF,40.0,2.0,695.0,148.0,298.0,0.497,18.0,54.0,0.333,130.0,244.0,0.533,0.527,67.0,94.0,0.713,28.0,100.0,128.0,51.0,12.0,7.0,43.0,68.0,381.0,0.0,,2021,2020-21
244.0,Daniel Gafford,22.0,2TM,C,54.0,11.0,791.0,154.0,225.0,0.684,0.0,0.0,,154.0,225.0,0.684,0.684,72.0,108.0,0.667,94.0,137.0,231.0,29.0,26.0,75.0,41.0,98.0,380.0,0.0,,2021,2020-21
244.0,Daniel Gafford,22.0,CHI,C,31.0,11.0,383.0,60.0,87.0,0.69,0.0,0.0,,60.0,87.0,0.69,0.69,27.0,41.0,0.659,44.0,59.0,103.0,17.0,11.0,34.0,22.0,54.0,147.0,0.0,,2021,2020-21
244.0,Daniel Gafford,22.0,WAS,C,23.0,0.0,408.0,94.0,138.0,0.681,0.0,0.0,,94.0,138.0,0.681,0.681,45.0,67.0,0.672,50.0,78.0,128.0,12.0,15.0,41.0,19.0,44.0,233.0,0.0,,2021,2020-21
245.0,Jaylen Nowell,21.0,MIN,SG,42.0,0.0,759.0,142.0,335.0,0.424,50.0,150.0,0.333,92.0,185.0,0.497,0.499,45.0,55.0,0.818,19.0,76.0,95.0,62.0,22.0,12.0,28.0,72.0,379.0,0.0,,2021,2020-21
246.0,Dean Wade,24.0,CLE,PF,63.0,19.0,1212.0,134.0,311.0,0.431,78.0,213.0,0.366,56.0,98.0,0.571,0.556,30.0,39.0,0.769,38.0,177.0,215.0,74.0,35.0,21.0,30.0,78.0,376.0,0.0,,2021,2020-21
247.0,Juancho Hernangómez,25.0,MIN,PF,52.0,6.0,900.0,130.0,299.0,0.435,55.0,168.0,0.327,75.0,131.0,0.573,0.527,60.0,97.0,0.619,45.0,160.0,205.0,35.0,19.0,7.0,27.0,52.0,375.0,0.0,,2021,2020-21
248.0,Damion Lee,28.0,GSW,SG,57.0,1.0,1079.0,128.0,274.0,0.467,77.0,194.0,0.397,51.0,80.0,0.638,0.608,40.0,44.0,0.909,22.0,158.0,180.0,73.0,38.0,8.0,30.0,89.0,373.0,0.0,,2021,2020-21
249.0,Jeff Teague,32.0,2TM,PG,55.0,7.0,950.0,123.0,284.0,0.433,36.0,82.0,0.439,87.0,202.0,0.431,0.496,89.0,105.0,0.848,15.0,73.0,88.0,132.0,34.0,12.0,64.0,56.0,371.0,0.0,,2021,2020-21
249.0,Jeff Teague,32.0,BOS,PG,34.0,5.0,616.0,78.0,188.0,0.415,26.0,56.0,0.464,52.0,132.0,0.394,0.484,51.0,61.0,0.836,10.0,47.0,57.0,73.0,26.0,7.0,39.0,43.0,233.0,0.0,,2021,2020-21
249.0,Jeff Teague,32.0,MIL,PG,21.0,2.0,334.0,45.0,96.0,0.469,10.0,26.0,0.385,35.0,70.0,0.5,0.521,38.0,44.0,0.864,5.0,26.0,31.0,59.0,8.0,5.0,25.0,13.0,138.0,0.0,,2021,2020-21
250.0,Moses Brown,21.0,OKC,C,43.0,32.0,920.0,146.0,268.0,0.545,0.0,0.0,,146.0,268.0,0.545,0.545,78.0,126.0,0.619,154.0,229.0,383.0,10.0,31.0,47.0,43.0,93.0,370.0,0.0,,2021,2020-21
251.0,Alex Caruso,26.0,LAL,PG,58.0,6.0,1216.0,133.0,305.0,0.436,55.0,137.0,0.401,78.0,168.0,0.464,0.526,49.0,76.0,0.645,31.0,139.0,170.0,160.0,64.0,15.0,76.0,108.0,370.0,0.0,,2021,2020-21
252.0,Timothé Luwawu-Cabarrot,25.0,BRK,SF,58.0,7.0,1050.0,130.0,356.0,0.365,75.0,239.0,0.314,55.0,117.0,0.47,0.471,35.0,43.0,0.814,28.0,101.0,129.0,69.0,33.0,6.0,43.0,99.0,370.0,0.0,,2021,2020-21
253.0,Derrick Favors,29.0,UTA,C,68.0,0.0,1039.0,155.0,243.0,0.638,0.0,2.0,0.0,155.0,241.0,0.643,0.638,59.0,80.0,0.738,138.0,238.0,376.0,44.0,32.0,68.0,36.0,143.0,369.0,0.0,,2021,2020-21
254.0,James Johnson,33.0,2TM,PF,51.0,12.0,1043.0,146.0,327.0,0.446,31.0,120.0,0.258,115.0,207.0,0.556,0.494,45.0,76.0,0.592,32.0,145.0,177.0,98.0,42.0,42.0,55.0,120.0,368.0,0.0,,2021,2020-21
254.0,James Johnson,33.0,DAL,PF,29.0,1.0,504.0,67.0,145.0,0.462,15.0,60.0,0.25,52.0,85.0,0.612,0.514,17.0,29.0,0.586,14.0,72.0,86.0,50.0,24.0,23.0,27.0,59.0,166.0,0.0,,2021,2020-21
254.0,James Johnson,33.0,NOP,PF,22.0,11.0,539.0,79.0,182.0,0.434,16.0,60.0,0.267,63.0,122.0,0.516,0.478,28.0,47.0,0.596,18.0,73.0,91.0,48.0,18.0,19.0,28.0,61.0,202.0,0.0,,2021,2020-21
255.0,Mo Bamba,22.0,ORL,C,46.0,5.0,725.0,142.0,301.0,0.472,38.0,118.0,0.322,104.0,183.0,0.568,0.535,45.0,66.0,0.682,76.0,189.0,265.0,35.0,14.0,58.0,36.0,87.0,367.0,0.0,,2021,2020-21
256.0,Aleksej Pokusevski,19.0,OKC,PF,45.0,28.0,1090.0,139.0,408.0,0.341,58.0,207.0,0.28,81.0,201.0,0.403,0.412,31.0,42.0,0.738,30.0,182.0,212.0,97.0,20.0,42.0,99.0,58.0,367.0,0.0,,2021,2020-21
257.0,DeMarcus Cousins,30.0,2TM,C,41.0,11.0,713.0,130.0,305.0,0.426,47.0,135.0,0.348,83.0,170.0,0.488,0.503,59.0,81.0,0.728,53.0,210.0,263.0,76.0,34.0,24.0,64.0,107.0,366.0,0.0,,2021,2020-21
257.0,DeMarcus Cousins,30.0,HOU,C,25.0,11.0,506.0,79.0,210.0,0.376,39.0,116.0,0.336,40.0,94.0,0.426,0.469,44.0,59.0,0.746,30.0,161.0,191.0,60.0,21.0,18.0,39.0,74.0,241.0,0.0,,2021,2020-21
257.0,DeMarcus Cousins,30.0,LAC,C,16.0,0.0,207.0,51.0,95.0,0.537,8.0,19.0,0.421,43.0,76.0,0.566,0.579,15.0,22.0,0.682,23.0,49.0,72.0,16.0,13.0,6.0,25.0,33.0,125.0,0.0,,2021,2020-21
258.0,Willy Hernangómez,26.0,NOP,C,47.0,12.0,846.0,151.0,268.0,0.563,1.0,10.0,0.1,150.0,258.0,0.581,0.565,62.0,93.0,0.667,117.0,217.0,334.0,50.0,22.0,23.0,34.0,68.0,365.0,0.0,,2021,2020-21
259.0,Jeremy Lamb,28.0,IND,SG,36.0,8.0,765.0,120.0,276.0,0.435,52.0,128.0,0.406,68.0,148.0,0.459,0.529,71.0,75.0,0.947,25.0,106.0,131.0,53.0,34.0,23.0,22.0,72.0,363.0,0.0,,2021,2020-21
260.0,Garrison Mathews,24.0,WAS,SG,64.0,24.0,1038.0,97.0,237.0,0.409,76.0,198.0,0.384,21.0,39.0,0.538,0.57,84.0,95.0,0.884,16.0,71.0,87.0,26.0,29.0,7.0,10.0,106.0,354.0,0.0,,2021,2020-21
261.0,R.J. Hampton,19.0,2TM,SG,51.0,1.0,888.0,136.0,313.0,0.435,27.0,87.0,0.31,109.0,226.0,0.482,0.478,55.0,82.0,0.671,29.0,150.0,179.0,87.0,21.0,10.0,53.0,61.0,354.0,0.0,,2021,2020-21
261.0,R.J. Hampton,19.0,DEN,SG,25.0,0.0,233.0,25.0,60.0,0.417,5.0,18.0,0.278,20.0,42.0,0.476,0.458,9.0,12.0,0.75,10.0,40.0,50.0,14.0,5.0,2.0,11.0,22.0,64.0,0.0,,2021,2020-21
261.0,R.J. Hampton,19.0,ORL,SG,26.0,1.0,655.0,111.0,253.0,0.439,22.0,69.0,0.319,89.0,184.0,0.484,0.482,46.0,70.0,0.657,19.0,110.0,129.0,73.0,16.0,8.0,42.0,39.0,290.0,0.0,,2021,2020-21
262.0,Malachi Flynn,22.0,TOR,PG,47.0,14.0,928.0,127.0,340.0,0.374,54.0,168.0,0.321,73.0,172.0,0.424,0.453,45.0,56.0,0.804,10.0,106.0,116.0,137.0,38.0,7.0,43.0,68.0,353.0,0.0,,2021,2020-21
263.0,Ty Jerome,23.0,OKC,SG,33.0,1.0,788.0,128.0,287.0,0.446,71.0,168.0,0.423,57.0,119.0,0.479,0.57,26.0,34.0,0.765,10.0,81.0,91.0,120.0,20.0,6.0,47.0,61.0,353.0,0.0,,2021,2020-21
264.0,Maxi Kleber,29.0,DAL,PF,50.0,40.0,1341.0,116.0,275.0,0.422,87.0,212.0,0.41,29.0,63.0,0.46,0.58,34.0,37.0,0.919,47.0,213.0,260.0,68.0,24.0,35.0,30.0,105.0,353.0,0.0,,2021,2020-21
265.0,LaMarcus Aldridge,35.0,2TM,C,26.0,23.0,674.0,140.0,296.0,0.473,31.0,80.0,0.388,109.0,216.0,0.505,0.525,41.0,47.0,0.872,19.0,99.0,118.0,49.0,11.0,29.0,27.0,47.0,352.0,0.0,,2021,2020-21
265.0,LaMarcus Aldridge,35.0,SAS,C,21.0,18.0,544.0,115.0,248.0,0.464,27.0,75.0,0.36,88.0,173.0,0.509,0.518,31.0,37.0,0.838,17.0,77.0,94.0,36.0,8.0,18.0,20.0,36.0,288.0,0.0,,2021,2020-21
265.0,LaMarcus Aldridge,35.0,BRK,C,5.0,5.0,130.0,25.0,48.0,0.521,4.0,5.0,0.8,21.0,43.0,0.488,0.563,10.0,10.0,1.0,2.0,22.0,24.0,13.0,3.0,11.0,7.0,11.0,64.0,0.0,,2021,2020-21
266.0,Chuma Okeke,22.0,ORL,PF,45.0,19.0,1133.0,135.0,324.0,0.417,49.0,141.0,0.348,86.0,183.0,0.47,0.492,30.0,40.0,0.75,42.0,139.0,181.0,101.0,48.0,22.0,38.0,48.0,349.0,0.0,,2021,2020-21
267.0,Jalen McDaniels,23.0,CHO,SF,47.0,18.0,904.0,133.0,284.0,0.468,35.0,105.0,0.333,98.0,179.0,0.547,0.53,45.0,64.0,0.703,45.0,124.0,169.0,53.0,28.0,19.0,45.0,95.0,346.0,0.0,,2021,2020-21
268.0,James Ennis III,30.0,ORL,SF,41.0,37.0,986.0,115.0,243.0,0.473,45.0,104.0,0.433,70.0,139.0,0.504,0.566,70.0,87.0,0.805,43.0,123.0,166.0,62.0,32.0,7.0,36.0,84.0,345.0,0.0,,2021,2020-21
269.0,De'Andre Hunter,23.0,ATL,SF,23.0,19.0,678.0,120.0,248.0,0.484,31.0,95.0,0.326,89.0,153.0,0.582,0.546,73.0,85.0,0.859,17.0,93.0,110.0,44.0,19.0,12.0,29.0,59.0,344.0,0.0,,2021,2020-21
270.0,Jarred Vanderbilt,21.0,MIN,PF,64.0,30.0,1139.0,143.0,236.0,0.606,1.0,5.0,0.2,142.0,231.0,0.615,0.608,57.0,102.0,0.559,118.0,250.0,368.0,76.0,64.0,46.0,53.0,123.0,344.0,0.0,,2021,2020-21
271.0,Kira Lewis Jr.,19.0,NOP,PG,54.0,0.0,904.0,130.0,337.0,0.386,40.0,120.0,0.333,90.0,217.0,0.415,0.445,43.0,51.0,0.843,12.0,59.0,71.0,124.0,38.0,10.0,34.0,88.0,343.0,0.0,,2021,2020-21
272.0,Deni Avdija,20.0,WAS,SF,54.0,32.0,1257.0,130.0,312.0,0.417,53.0,168.0,0.315,77.0,144.0,0.535,0.502,29.0,45.0,0.644,22.0,240.0,262.0,63.0,32.0,15.0,33.0,140.0,342.0,0.0,,2021,2020-21
273.0,Dwight Powell,29.0,DAL,C,58.0,19.0,966.0,120.0,194.0,0.619,5.0,21.0,0.238,115.0,173.0,0.665,0.631,97.0,124.0,0.782,80.0,154.0,234.0,63.0,36.0,30.0,40.0,135.0,342.0,0.0,,2021,2020-21
274.0,Devin Vassell,20.0,SAS,SF,62.0,7.0,1056.0,123.0,303.0,0.406,52.0,150.0,0.347,71.0,153.0,0.464,0.492,43.0,51.0,0.843,24.0,150.0,174.0,56.0,43.0,18.0,22.0,88.0,341.0,0.0,,2021,2020-21
275.0,Mike Muscala,29.0,OKC,C,35.0,0.0,645.0,119.0,267.0,0.446,68.0,184.0,0.37,51.0,83.0,0.614,0.573,33.0,36.0,0.917,19.0,113.0,132.0,28.0,8.0,11.0,21.0,54.0,339.0,0.0,,2021,2020-21
276.0,Mychal Mulder,26.0,GSW,PG,60.0,6.0,766.0,119.0,265.0,0.449,85.0,214.0,0.397,34.0,51.0,0.667,0.609,14.0,22.0,0.636,8.0,52.0,60.0,26.0,12.0,12.0,16.0,56.0,337.0,0.0,,2021,2020-21
277.0,JaVale McGee,33.0,2TM,C,46.0,2.0,678.0,144.0,282.0,0.511,5.0,24.0,0.208,139.0,258.0,0.539,0.52,44.0,67.0,0.657,77.0,162.0,239.0,39.0,19.0,54.0,60.0,121.0,337.0,0.0,,2021,2020-21
277.0,JaVale McGee,33.0,CLE,C,33.0,1.0,503.0,112.0,215.0,0.521,5.0,20.0,0.25,107.0,195.0,0.549,0.533,36.0,55.0,0.655,54.0,116.0,170.0,33.0,16.0,40.0,45.0,80.0,265.0,0.0,,2021,2020-21
277.0,JaVale McGee,33.0,DEN,C,13.0,1.0,175.0,32.0,67.0,0.478,0.0,4.0,0.0,32.0,63.0,0.508,0.478,8.0,12.0,0.667,23.0,46.0,69.0,6.0,3.0,14.0,15.0,41.0,72.0,0.0,,2021,2020-21
278.0,Brad Wanamaker,31.0,2TM,PG,61.0,0.0,1053.0,115.0,299.0,0.385,16.0,85.0,0.188,99.0,214.0,0.463,0.411,90.0,101.0,0.891,18.0,87.0,105.0,174.0,43.0,11.0,71.0,94.0,336.0,0.0,,2021,2020-21
278.0,Brad Wanamaker,31.0,GSW,PG,39.0,0.0,625.0,61.0,173.0,0.353,13.0,61.0,0.213,48.0,112.0,0.429,0.39,50.0,56.0,0.893,8.0,58.0,66.0,99.0,26.0,6.0,37.0,55.0,185.0,0.0,,2021,2020-21
278.0,Brad Wanamaker,31.0,CHO,PG,22.0,0.0,428.0,54.0,126.0,0.429,3.0,24.0,0.125,51.0,102.0,0.5,0.44,40.0,45.0,0.889,10.0,29.0,39.0,75.0,17.0,5.0,34.0,39.0,151.0,0.0,,2021,2020-21
279.0,Bismack Biyombo,28.0,CHO,C,66.0,36.0,1349.0,142.0,242.0,0.587,0.0,1.0,0.0,142.0,241.0,0.589,0.587,47.0,105.0,0.448,137.0,210.0,347.0,81.0,17.0,74.0,71.0,141.0,331.0,0.0,,2021,2020-21
280.0,Larry Nance Jr.,28.0,CLE,PF,35.0,27.0,1091.0,128.0,272.0,0.471,41.0,114.0,0.36,87.0,158.0,0.551,0.546,30.0,49.0,0.612,54.0,181.0,235.0,107.0,61.0,17.0,55.0,72.0,327.0,0.0,,2021,2020-21
281.0,JJ Redick,36.0,2TM,SG,44.0,0.0,723.0,106.0,267.0,0.397,66.0,178.0,0.371,40.0,89.0,0.449,0.521,49.0,52.0,0.942,4.0,60.0,64.0,51.0,11.0,3.0,36.0,50.0,327.0,0.0,,2021,2020-21
281.0,JJ Redick,36.0,NOP,SG,31.0,0.0,576.0,87.0,214.0,0.407,51.0,140.0,0.364,36.0,74.0,0.486,0.526,45.0,47.0,0.957,3.0,49.0,52.0,40.0,9.0,2.0,25.0,37.0,270.0,0.0,,2021,2020-21
281.0,JJ Redick,36.0,DAL,SG,13.0,0.0,147.0,19.0,53.0,0.358,15.0,38.0,0.395,4.0,15.0,0.267,0.5,4.0,5.0,0.8,1.0,11.0,12.0,11.0,2.0,1.0,11.0,13.0,57.0,0.0,,2021,2020-21
282.0,Aron Baynes,34.0,TOR,C,53.0,31.0,980.0,134.0,304.0,0.441,27.0,103.0,0.262,107.0,201.0,0.532,0.485,29.0,41.0,0.707,87.0,186.0,273.0,47.0,17.0,23.0,46.0,119.0,324.0,0.0,,2021,2020-21
283.0,Nerlens Noel,26.0,NYK,C,64.0,41.0,1547.0,137.0,223.0,0.614,0.0,3.0,0.0,137.0,220.0,0.623,0.614,50.0,70.0,0.714,142.0,266.0,408.0,46.0,70.0,141.0,65.0,176.0,324.0,0.0,,2021,2020-21
284.0,Solomon Hill,29.0,ATL,PF,71.0,16.0,1513.0,107.0,298.0,0.359,68.0,212.0,0.321,39.0,86.0,0.453,0.473,35.0,46.0,0.761,42.0,172.0,214.0,75.0,50.0,11.0,42.0,116.0,317.0,0.0,,2021,2020-21
285.0,Josh Okogie,22.0,MIN,SG,59.0,37.0,1197.0,102.0,254.0,0.402,29.0,108.0,0.269,73.0,146.0,0.5,0.459,83.0,108.0,0.769,63.0,93.0,156.0,63.0,54.0,28.0,43.0,123.0,316.0,0.0,,2021,2020-21
286.0,Danuel House Jr.,27.0,HOU,SF,36.0,23.0,932.0,110.0,272.0,0.404,54.0,156.0,0.346,56.0,116.0,0.483,0.504,41.0,63.0,0.651,18.0,114.0,132.0,69.0,20.0,16.0,36.0,67.0,315.0,0.0,,2021,2020-21
287.0,Drew Eubanks,23.0,SAS,C,54.0,3.0,755.0,116.0,205.0,0.566,2.0,2.0,1.0,114.0,203.0,0.562,0.571,77.0,106.0,0.726,74.0,167.0,241.0,42.0,18.0,49.0,45.0,88.0,311.0,0.0,,2021,2020-21
288.0,Frank Kaminsky,27.0,PHO,C,47.0,13.0,715.0,121.0,257.0,0.471,31.0,85.0,0.365,90.0,172.0,0.523,0.531,37.0,60.0,0.617,36.0,152.0,188.0,79.0,14.0,17.0,22.0,70.0,310.0,0.0,,2021,2020-21
289.0,Moritz Wagner,23.0,3TM,C,45.0,24.0,722.0,104.0,229.0,0.454,31.0,91.0,0.341,73.0,138.0,0.529,0.522,71.0,87.0,0.816,27.0,119.0,146.0,50.0,26.0,18.0,43.0,108.0,310.0,0.0,,2021,2020-21
289.0,Moritz Wagner,23.0,WAS,C,25.0,13.0,375.0,62.0,122.0,0.508,13.0,42.0,0.31,49.0,80.0,0.613,0.561,41.0,52.0,0.788,13.0,60.0,73.0,32.0,22.0,8.0,21.0,62.0,178.0,0.0,,2021,2020-21
289.0,Moritz Wagner,23.0,BOS,C,9.0,1.0,61.0,4.0,14.0,0.286,2.0,6.0,0.333,2.0,8.0,0.25,0.357,1.0,2.0,0.5,3.0,16.0,19.0,6.0,0.0,1.0,9.0,10.0,11.0,0.0,,2021,2020-21
289.0,Moritz Wagner,23.0,ORL,C,11.0,10.0,286.0,38.0,93.0,0.409,16.0,43.0,0.372,22.0,50.0,0.44,0.495,29.0,33.0,0.879,11.0,43.0,54.0,12.0,4.0,9.0,13.0,36.0,121.0,0.0,,2021,2020-21
290.0,Damyean Dotson,26.0,CLE,SG,46.0,7.0,907.0,119.0,293.0,0.406,46.0,159.0,0.289,73.0,134.0,0.545,0.485,24.0,36.0,0.667,5.0,88.0,93.0,91.0,16.0,4.0,42.0,42.0,308.0,0.0,,2021,2020-21
291.0,Kevin Love,32.0,CLE,PF,25.0,25.0,622.0,103.0,252.0,0.409,57.0,156.0,0.365,46.0,96.0,0.479,0.522,42.0,51.0,0.824,17.0,169.0,186.0,63.0,16.0,2.0,38.0,26.0,305.0,0.0,,2021,2020-21
292.0,Precious Achiuwa,21.0,MIA,PF,61.0,4.0,737.0,124.0,228.0,0.544,0.0,1.0,0.0,124.0,227.0,0.546,0.544,56.0,110.0,0.509,73.0,135.0,208.0,29.0,20.0,28.0,43.0,91.0,304.0,0.0,,2021,2020-21
293.0,Juan Toscano-Anderson,27.0,GSW,SG,53.0,16.0,1107.0,121.0,209.0,0.579,37.0,92.0,0.402,84.0,117.0,0.718,0.667,22.0,31.0,0.71,29.0,206.0,235.0,150.0,41.0,26.0,61.0,111.0,301.0,0.0,,2021,2020-21
294.0,Tony Bradley,23.0,2TM,C,42.0,8.0,684.0,131.0,197.0,0.665,0.0,3.0,0.0,131.0,194.0,0.675,0.665,38.0,55.0,0.691,85.0,154.0,239.0,37.0,15.0,30.0,33.0,61.0,300.0,0.0,,2021,2020-21
294.0,Tony Bradley,23.0,PHI,C,20.0,8.0,287.0,51.0,75.0,0.68,0.0,1.0,0.0,51.0,74.0,0.689,0.68,7.0,11.0,0.636,39.0,65.0,104.0,17.0,6.0,13.0,6.0,28.0,109.0,0.0,,2021,2020-21
294.0,Tony Bradley,23.0,OKC,C,22.0,0.0,397.0,80.0,122.0,0.656,0.0,2.0,0.0,80.0,120.0,0.667,0.656,31.0,44.0,0.705,46.0,89.0,135.0,20.0,9.0,17.0,27.0,33.0,191.0,0.0,,2021,2020-21
295.0,Ish Smith,32.0,WAS,PG,44.0,1.0,924.0,129.0,297.0,0.434,18.0,49.0,0.367,111.0,248.0,0.448,0.465,19.0,33.0,0.576,22.0,128.0,150.0,172.0,32.0,13.0,41.0,62.0,295.0,0.0,,2021,2020-21
296.0,Grant Williams,22.0,BOS,PF,63.0,9.0,1138.0,108.0,247.0,0.437,48.0,129.0,0.372,60.0,118.0,0.508,0.534,30.0,51.0,0.588,48.0,130.0,178.0,64.0,32.0,24.0,56.0,161.0,294.0,0.0,,2021,2020-21
297.0,DeAndre' Bembry,26.0,TOR,SF,51.0,12.0,972.0,117.0,228.0,0.513,14.0,53.0,0.264,103.0,175.0,0.589,0.544,45.0,66.0,0.682,33.0,113.0,146.0,107.0,53.0,18.0,71.0,87.0,293.0,0.0,,2021,2020-21
298.0,Hassan Whiteside,31.0,SAC,C,36.0,4.0,546.0,126.0,224.0,0.563,0.0,1.0,0.0,126.0,223.0,0.565,0.563,41.0,79.0,0.519,61.0,154.0,215.0,20.0,9.0,46.0,40.0,73.0,293.0,0.0,,2021,2020-21
299.0,Cam Reddish,21.0,ATL,SF,26.0,21.0,750.0,96.0,263.0,0.365,33.0,126.0,0.262,63.0,137.0,0.46,0.428,67.0,82.0,0.817,22.0,82.0,104.0,35.0,33.0,9.0,34.0,68.0,292.0,0.0,,2021,2020-21
300.0,Sekou Doumbouya,20.0,DET,PF,56.0,11.0,869.0,107.0,282.0,0.379,26.0,115.0,0.226,81.0,167.0,0.485,0.426,45.0,64.0,0.703,39.0,104.0,143.0,47.0,24.0,9.0,44.0,94.0,285.0,0.0,,2021,2020-21
301.0,Austin Rivers,28.0,2TM,SG,36.0,7.0,845.0,104.0,245.0,0.424,55.0,149.0,0.369,49.0,96.0,0.51,0.537,22.0,31.0,0.71,8.0,74.0,82.0,81.0,30.0,2.0,36.0,64.0,285.0,0.0,,2021,2020-21
301.0,Austin Rivers,28.0,NYK,SG,21.0,2.0,442.0,58.0,135.0,0.43,28.0,77.0,0.364,30.0,58.0,0.517,0.533,10.0,14.0,0.714,5.0,42.0,47.0,42.0,12.0,0.0,22.0,32.0,154.0,0.0,,2021,2020-21
301.0,Austin Rivers,28.0,DEN,SG,15.0,5.0,403.0,46.0,110.0,0.418,27.0,72.0,0.375,19.0,38.0,0.5,0.541,12.0,17.0,0.706,3.0,32.0,35.0,39.0,18.0,2.0,14.0,32.0,131.0,0.0,,2021,2020-21
302.0,Trevor Ariza,35.0,MIA,SF,30.0,27.0,841.0,99.0,241.0,0.411,50.0,143.0,0.35,49.0,98.0,0.5,0.515,34.0,44.0,0.773,27.0,117.0,144.0,55.0,31.0,18.0,21.0,55.0,282.0,0.0,,2021,2020-21
303.0,Willie Cauley-Stein,27.0,DAL,C,53.0,16.0,906.0,115.0,182.0,0.632,1.0,11.0,0.091,114.0,171.0,0.667,0.635,49.0,78.0,0.628,66.0,170.0,236.0,35.0,21.0,43.0,29.0,129.0,280.0,0.0,,2021,2020-21
304.0,Wesley Matthews,34.0,LAL,SG,58.0,10.0,1130.0,89.0,252.0,0.353,66.0,197.0,0.335,23.0,55.0,0.418,0.484,35.0,41.0,0.854,20.0,73.0,93.0,54.0,38.0,17.0,26.0,80.0,279.0,0.0,,2021,2020-21
305.0,Patrick Beverley,32.0,LAC,PG,37.0,34.0,832.0,93.0,220.0,0.423,56.0,141.0,0.397,37.0,79.0,0.468,0.55,36.0,45.0,0.8,29.0,90.0,119.0,76.0,29.0,28.0,34.0,108.0,278.0,0.0,,2021,2020-21
306.0,David Nwaba,28.0,HOU,SF,30.0,9.0,679.0,106.0,218.0,0.486,17.0,63.0,0.27,89.0,155.0,0.574,0.525,47.0,68.0,0.691,40.0,78.0,118.0,31.0,30.0,21.0,17.0,60.0,276.0,0.0,,2021,2020-21
307.0,Andre Iguodala,37.0,MIA,SF,63.0,5.0,1339.0,95.0,248.0,0.383,60.0,182.0,0.33,35.0,66.0,0.53,0.504,25.0,38.0,0.658,38.0,183.0,221.0,142.0,57.0,35.0,67.0,90.0,275.0,0.0,,2021,2020-21
308.0,Michael Carter-Williams,29.0,ORL,SG,31.0,25.0,800.0,105.0,270.0,0.389,15.0,61.0,0.246,90.0,209.0,0.431,0.417,49.0,80.0,0.613,39.0,100.0,139.0,129.0,25.0,17.0,69.0,81.0,274.0,0.0,,2021,2020-21
309.0,Torrey Craig,30.0,2TM,SF,50.0,8.0,803.0,109.0,227.0,0.48,39.0,106.0,0.368,70.0,121.0,0.579,0.566,17.0,22.0,0.773,57.0,140.0,197.0,49.0,28.0,26.0,25.0,83.0,274.0,0.0,,2021,2020-21
309.0,Torrey Craig,30.0,MIL,SF,18.0,0.0,201.0,18.0,46.0,0.391,8.0,22.0,0.364,10.0,24.0,0.417,0.478,1.0,2.0,0.5,13.0,30.0,43.0,16.0,9.0,7.0,5.0,24.0,45.0,0.0,,2021,2020-21
309.0,Torrey Craig,30.0,PHO,SF,32.0,8.0,602.0,91.0,181.0,0.503,31.0,84.0,0.369,60.0,97.0,0.619,0.588,16.0,20.0,0.8,44.0,110.0,154.0,33.0,19.0,19.0,20.0,59.0,229.0,0.0,,2021,2020-21
310.0,Otto Porter Jr.,27.0,2TM,SF,28.0,6.0,606.0,98.0,227.0,0.432,39.0,104.0,0.375,59.0,123.0,0.48,0.518,36.0,42.0,0.857,28.0,124.0,152.0,55.0,16.0,4.0,25.0,41.0,271.0,0.0,,2021,2020-21
310.0,Otto Porter Jr.,27.0,CHI,SF,25.0,6.0,540.0,89.0,202.0,0.441,38.0,95.0,0.4,51.0,107.0,0.477,0.535,31.0,37.0,0.838,28.0,110.0,138.0,50.0,12.0,4.0,25.0,37.0,247.0,0.0,,2021,2020-21
310.0,Otto Porter Jr.,27.0,ORL,PF,3.0,0.0,66.0,9.0,25.0,0.36,1.0,9.0,0.111,8.0,16.0,0.5,0.38,5.0,5.0,1.0,0.0,14.0,14.0,5.0,4.0,0.0,0.0,4.0,24.0,0.0,,2021,2020-21
311.0,Stanley Johnson,24.0,TOR,PF,61.0,13.0,1006.0,89.0,233.0,0.382,45.0,137.0,0.328,44.0,96.0,0.458,0.479,44.0,55.0,0.8,29.0,124.0,153.0,89.0,52.0,18.0,54.0,116.0,267.0,0.0,,2021,2020-21
312.0,Saben Lee,21.0,DET,PG,48.0,7.0,781.0,99.0,210.0,0.471,8.0,23.0,0.348,91.0,187.0,0.487,0.49,61.0,89.0,0.685,20.0,77.0,97.0,174.0,32.0,13.0,55.0,76.0,267.0,0.0,,2021,2020-21
313.0,Chasson Randle,27.0,ORL,PG,41.0,5.0,837.0,92.0,237.0,0.388,44.0,130.0,0.338,48.0,107.0,0.449,0.481,38.0,48.0,0.792,7.0,75.0,82.0,74.0,22.0,5.0,46.0,64.0,266.0,0.0,,2021,2020-21
314.0,Caleb Martin,25.0,CHO,SF,53.0,3.0,818.0,96.0,256.0,0.375,31.0,125.0,0.248,65.0,131.0,0.496,0.436,41.0,64.0,0.641,31.0,110.0,141.0,67.0,37.0,12.0,33.0,62.0,264.0,0.0,,2021,2020-21
315.0,Marc Gasol,36.0,LAL,C,52.0,42.0,993.0,88.0,194.0,0.454,50.0,122.0,0.41,38.0,72.0,0.528,0.582,36.0,50.0,0.72,38.0,177.0,215.0,109.0,26.0,58.0,53.0,115.0,262.0,0.0,,2021,2020-21
316.0,George Hill,34.0,2TM,PG,30.0,17.0,672.0,95.0,197.0,0.482,31.0,80.0,0.388,64.0,117.0,0.547,0.561,40.0,50.0,0.8,16.0,45.0,61.0,73.0,23.0,5.0,31.0,31.0,261.0,0.0,,2021,2020-21
316.0,George Hill,34.0,OKC,PG,14.0,14.0,369.0,61.0,120.0,0.508,22.0,57.0,0.386,39.0,63.0,0.619,0.6,21.0,25.0,0.84,8.0,21.0,29.0,43.0,12.0,2.0,12.0,12.0,165.0,0.0,,2021,2020-21
316.0,George Hill,34.0,PHI,PG,16.0,3.0,303.0,34.0,77.0,0.442,9.0,23.0,0.391,25.0,54.0,0.463,0.5,19.0,25.0,0.76,8.0,24.0,32.0,30.0,11.0,3.0,19.0,19.0,96.0,0.0,,2021,2020-21
317.0,Semi Ojeleye,26.0,BOS,PF,56.0,15.0,950.0,89.0,221.0,0.403,58.0,158.0,0.367,31.0,63.0,0.492,0.534,24.0,32.0,0.75,31.0,116.0,147.0,37.0,17.0,0.0,21.0,56.0,260.0,0.0,,2021,2020-21
318.0,Gorgui Dieng,31.0,2TM,C,38.0,1.0,552.0,85.0,163.0,0.521,30.0,70.0,0.429,55.0,93.0,0.591,0.613,58.0,67.0,0.866,40.0,100.0,140.0,48.0,26.0,16.0,32.0,56.0,258.0,0.0,,2021,2020-21
318.0,Gorgui Dieng,31.0,MEM,C,22.0,1.0,371.0,56.0,108.0,0.519,23.0,48.0,0.479,33.0,60.0,0.55,0.625,38.0,43.0,0.884,28.0,70.0,98.0,29.0,17.0,14.0,22.0,38.0,173.0,0.0,,2021,2020-21
318.0,Gorgui Dieng,31.0,SAS,C,16.0,0.0,181.0,29.0,55.0,0.527,7.0,22.0,0.318,22.0,33.0,0.667,0.591,20.0,24.0,0.833,12.0,30.0,42.0,19.0,9.0,2.0,10.0,18.0,85.0,0.0,,2021,2020-21
319.0,Jordan McLaughlin,24.0,MIN,PG,51.0,2.0,938.0,100.0,242.0,0.413,33.0,92.0,0.359,67.0,150.0,0.447,0.481,23.0,30.0,0.767,21.0,87.0,108.0,193.0,51.0,6.0,51.0,44.0,256.0,0.0,,2021,2020-21
320.0,Mitchell Robinson,22.0,NYK,C,31.0,29.0,853.0,115.0,176.0,0.653,0.0,0.0,,115.0,176.0,0.653,0.653,26.0,53.0,0.491,113.0,139.0,252.0,17.0,35.0,45.0,26.0,86.0,256.0,0.0,,2021,2020-21
321.0,Matisse Thybulle,23.0,PHI,SG,65.0,8.0,1298.0,102.0,243.0,0.42,43.0,143.0,0.301,59.0,100.0,0.59,0.508,8.0,18.0,0.444,30.0,94.0,124.0,63.0,105.0,71.0,32.0,127.0,255.0,0.0,"DPOY-11,DEF2",2021,2020-21
322.0,Obi Toppin,22.0,NYK,PF,62.0,0.0,683.0,104.0,209.0,0.498,26.0,85.0,0.306,78.0,124.0,0.629,0.56,19.0,26.0,0.731,26.0,112.0,138.0,29.0,17.0,15.0,23.0,55.0,253.0,0.0,,2021,2020-21
323.0,Kevon Looney,24.0,GSW,C,61.0,34.0,1161.0,108.0,197.0,0.548,4.0,17.0,0.235,104.0,180.0,0.578,0.558,31.0,48.0,0.646,117.0,205.0,322.0,119.0,21.0,22.0,37.0,136.0,251.0,0.0,,2021,2020-21
324.0,Tony Snell,29.0,ATL,SG,47.0,23.0,992.0,88.0,171.0,0.515,62.0,109.0,0.569,26.0,62.0,0.419,0.696,11.0,11.0,1.0,18.0,94.0,112.0,59.0,13.0,11.0,21.0,75.0,249.0,0.0,,2021,2020-21
325.0,Jevon Carter,25.0,PHO,PG,60.0,1.0,717.0,94.0,223.0,0.422,56.0,151.0,0.371,38.0,72.0,0.528,0.547,4.0,7.0,0.571,16.0,76.0,92.0,71.0,29.0,9.0,16.0,56.0,248.0,0.0,,2021,2020-21
326.0,Naji Marshall,23.0,NOP,SF,32.0,10.0,700.0,82.0,209.0,0.392,29.0,83.0,0.349,53.0,126.0,0.421,0.462,53.0,75.0,0.707,15.0,133.0,148.0,88.0,26.0,10.0,38.0,58.0,246.0,0.0,,2021,2020-21
327.0,Rodney Hood,28.0,2TM,SF,55.0,5.0,942.0,94.0,260.0,0.362,34.0,113.0,0.301,60.0,147.0,0.408,0.427,24.0,28.0,0.857,23.0,80.0,103.0,53.0,24.0,7.0,36.0,74.0,246.0,0.0,,2021,2020-21
327.0,Rodney Hood,28.0,POR,SF,38.0,5.0,726.0,73.0,201.0,0.363,25.0,84.0,0.298,48.0,117.0,0.41,0.425,9.0,12.0,0.75,18.0,55.0,73.0,47.0,20.0,4.0,31.0,59.0,180.0,0.0,,2021,2020-21
327.0,Rodney Hood,28.0,TOR,SF,17.0,0.0,216.0,21.0,59.0,0.356,9.0,29.0,0.31,12.0,30.0,0.4,0.432,15.0,16.0,0.938,5.0,25.0,30.0,6.0,4.0,3.0,5.0,15.0,66.0,0.0,,2021,2020-21
328.0,Justin Jackson,25.0,2TM,SF,34.0,3.0,577.0,89.0,221.0,0.403,36.0,117.0,0.308,53.0,104.0,0.51,0.484,31.0,37.0,0.838,16.0,61.0,77.0,52.0,15.0,2.0,32.0,32.0,245.0,0.0,,2021,2020-21
328.0,Justin Jackson,25.0,OKC,SF,33.0,3.0,544.0,86.0,212.0,0.406,34.0,111.0,0.306,52.0,101.0,0.515,0.486,30.0,35.0,0.857,14.0,57.0,71.0,51.0,15.0,2.0,31.0,31.0,236.0,0.0,,2021,2020-21
328.0,Justin Jackson,25.0,MIL,SF,1.0,0.0,33.0,3.0,9.0,0.333,2.0,6.0,0.333,1.0,3.0,0.333,0.444,1.0,2.0,0.5,2.0,4.0,6.0,1.0,0.0,0.0,1.0,1.0,9.0,0.0,,2021,2020-21
329.0,Gabe Vincent,24.0,MIA,PG,50.0,7.0,655.0,88.0,233.0,0.378,46.0,149.0,0.309,42.0,84.0,0.5,0.476,20.0,23.0,0.87,10.0,46.0,56.0,67.0,21.0,2.0,34.0,79.0,242.0,0.0,,2021,2020-21
330.0,Nemanja Bjelica,32.0,2TM,PF,37.0,3.0,595.0,89.0,196.0,0.454,27.0,85.0,0.318,62.0,111.0,0.559,0.523,37.0,51.0,0.725,29.0,98.0,127.0,69.0,15.0,5.0,33.0,68.0,242.0,0.0,,2021,2020-21
330.0,Nemanja Bjelica,32.0,SAC,PF,26.0,1.0,439.0,69.0,150.0,0.46,17.0,58.0,0.293,52.0,92.0,0.565,0.517,32.0,42.0,0.762,24.0,76.0,100.0,49.0,8.0,2.0,28.0,48.0,187.0,0.0,,2021,2020-21
330.0,Nemanja Bjelica,32.0,MIA,PF,11.0,2.0,156.0,20.0,46.0,0.435,10.0,27.0,0.37,10.0,19.0,0.526,0.543,5.0,9.0,0.556,5.0,22.0,27.0,20.0,7.0,3.0,5.0,20.0,55.0,0.0,,2021,2020-21
331.0,Rajon Rondo,34.0,2TM,PG,45.0,3.0,770.0,95.0,215.0,0.442,36.0,89.0,0.404,59.0,126.0,0.468,0.526,16.0,17.0,0.941,18.0,92.0,110.0,199.0,37.0,4.0,79.0,53.0,242.0,0.0,,2021,2020-21
331.0,Rajon Rondo,34.0,ATL,PG,27.0,2.0,402.0,44.0,110.0,0.4,17.0,45.0,0.378,27.0,65.0,0.415,0.477,1.0,2.0,0.5,4.0,51.0,55.0,95.0,19.0,2.0,39.0,25.0,106.0,0.0,,2021,2020-21
331.0,Rajon Rondo,34.0,LAC,PG,18.0,1.0,368.0,51.0,105.0,0.486,19.0,44.0,0.432,32.0,61.0,0.525,0.576,15.0,15.0,1.0,14.0,41.0,55.0,104.0,18.0,2.0,40.0,28.0,136.0,0.0,,2021,2020-21
332.0,Taj Gibson,35.0,NYK,C,45.0,3.0,936.0,99.0,158.0,0.627,3.0,15.0,0.2,96.0,143.0,0.671,0.636,40.0,55.0,0.727,99.0,151.0,250.0,36.0,31.0,49.0,22.0,99.0,241.0,0.0,,2021,2020-21
333.0,Max Strus,24.0,MIA,SF,39.0,0.0,507.0,85.0,187.0,0.455,50.0,148.0,0.338,35.0,39.0,0.897,0.588,16.0,24.0,0.667,5.0,36.0,41.0,24.0,11.0,2.0,8.0,43.0,236.0,0.0,,2021,2020-21
334.0,Isaiah Hartenstein,22.0,2TM,C,46.0,2.0,559.0,94.0,171.0,0.55,2.0,6.0,0.333,92.0,165.0,0.558,0.556,46.0,71.0,0.648,65.0,116.0,181.0,55.0,19.0,39.0,44.0,104.0,236.0,0.0,,2021,2020-21
334.0,Isaiah Hartenstein,22.0,DEN,C,30.0,0.0,272.0,41.0,80.0,0.513,0.0,0.0,,41.0,80.0,0.513,0.513,22.0,36.0,0.611,40.0,45.0,85.0,15.0,11.0,20.0,21.0,59.0,104.0,0.0,,2021,2020-21
334.0,Isaiah Hartenstein,22.0,CLE,C,16.0,2.0,287.0,53.0,91.0,0.582,2.0,6.0,0.333,51.0,85.0,0.6,0.593,24.0,35.0,0.686,25.0,71.0,96.0,40.0,8.0,19.0,23.0,45.0,132.0,0.0,,2021,2020-21
335.0,Goga Bitadze,21.0,IND,C,45.0,3.0,561.0,83.0,194.0,0.428,20.0,79.0,0.253,63.0,115.0,0.548,0.479,45.0,61.0,0.738,60.0,90.0,150.0,37.0,9.0,60.0,17.0,94.0,231.0,0.0,,2021,2020-21
336.0,Jake Layman,26.0,MIN,SF,45.0,11.0,627.0,91.0,184.0,0.495,23.0,78.0,0.295,68.0,106.0,0.642,0.557,26.0,37.0,0.703,13.0,54.0,67.0,28.0,29.0,19.0,26.0,44.0,231.0,0.0,,2021,2020-21
337.0,Oshae Brissett,22.0,IND,SF,21.0,16.0,519.0,73.0,151.0,0.483,33.0,78.0,0.423,40.0,73.0,0.548,0.593,50.0,65.0,0.769,29.0,86.0,115.0,18.0,19.0,20.0,10.0,32.0,229.0,0.0,,2021,2020-21
338.0,Brandon Goodwin,25.0,ATL,PG,47.0,5.0,620.0,84.0,223.0,0.377,32.0,103.0,0.311,52.0,120.0,0.433,0.448,28.0,43.0,0.651,8.0,61.0,69.0,95.0,17.0,0.0,36.0,41.0,228.0,0.0,,2021,2020-21
339.0,Onyeka Okongwu,20.0,ATL,C,50.0,4.0,601.0,96.0,149.0,0.644,0.0,3.0,0.0,96.0,146.0,0.658,0.644,36.0,57.0,0.632,62.0,101.0,163.0,18.0,23.0,33.0,29.0,100.0,228.0,0.0,,2021,2020-21
340.0,Chimezie Metu,23.0,SAC,C,36.0,6.0,488.0,91.0,179.0,0.508,13.0,37.0,0.351,78.0,142.0,0.549,0.545,31.0,43.0,0.721,31.0,81.0,112.0,28.0,14.0,18.0,29.0,59.0,226.0,0.0,,2021,2020-21
341.0,Armoni Brooks,22.0,HOU,SG,20.0,5.0,520.0,78.0,192.0,0.406,60.0,157.0,0.382,18.0,35.0,0.514,0.563,7.0,12.0,0.583,10.0,58.0,68.0,30.0,12.0,5.0,22.0,34.0,223.0,0.0,,2021,2020-21
342.0,Nassir Little,20.0,POR,PF,48.0,2.0,640.0,78.0,167.0,0.467,28.0,80.0,0.35,50.0,87.0,0.575,0.551,36.0,45.0,0.8,32.0,96.0,128.0,23.0,5.0,13.0,18.0,51.0,220.0,0.0,,2021,2020-21
343.0,Aaron Nesmith,21.0,BOS,SF,46.0,1.0,669.0,78.0,178.0,0.438,40.0,108.0,0.37,38.0,70.0,0.543,0.551,22.0,28.0,0.786,28.0,99.0,127.0,23.0,15.0,9.0,23.0,87.0,218.0,0.0,,2021,2020-21
344.0,Yuta Watanabe,26.0,TOR,SF,50.0,4.0,723.0,79.0,180.0,0.439,36.0,90.0,0.4,43.0,90.0,0.478,0.539,24.0,29.0,0.828,36.0,123.0,159.0,40.0,26.0,19.0,19.0,57.0,218.0,0.0,,2021,2020-21
345.0,Mike Scott,32.0,PHI,PF,51.0,12.0,852.0,76.0,211.0,0.36,53.0,155.0,0.342,23.0,56.0,0.411,0.486,8.0,12.0,0.667,11.0,109.0,120.0,40.0,24.0,14.0,19.0,72.0,213.0,0.0,,2021,2020-21
346.0,Nic Claxton,21.0,BRK,C,32.0,1.0,594.0,90.0,145.0,0.621,1.0,5.0,0.2,89.0,140.0,0.636,0.624,31.0,64.0,0.484,43.0,123.0,166.0,28.0,23.0,40.0,18.0,68.0,212.0,0.0,,2021,2020-21
347.0,Tyler Johnson,28.0,BRK,SG,39.0,3.0,684.0,72.0,183.0,0.393,48.0,132.0,0.364,24.0,51.0,0.471,0.525,18.0,21.0,0.857,6.0,71.0,77.0,47.0,14.0,0.0,17.0,43.0,210.0,0.0,,2021,2020-21
348.0,Cody Martin,25.0,CHO,SF,52.0,10.0,849.0,83.0,188.0,0.441,16.0,58.0,0.276,67.0,130.0,0.515,0.484,25.0,43.0,0.581,52.0,109.0,161.0,86.0,37.0,12.0,40.0,52.0,207.0,0.0,,2021,2020-21
349.0,Patrick Patterson,31.0,LAC,PF,38.0,5.0,582.0,72.0,165.0,0.436,40.0,112.0,0.357,32.0,53.0,0.604,0.558,13.0,17.0,0.765,19.0,56.0,75.0,29.0,14.0,8.0,11.0,45.0,197.0,0.0,,2021,2020-21
350.0,Maurice Harkless,27.0,2TM,SF,37.0,23.0,772.0,69.0,165.0,0.418,23.0,84.0,0.274,46.0,81.0,0.568,0.488,33.0,43.0,0.767,13.0,76.0,89.0,44.0,30.0,20.0,22.0,86.0,194.0,0.0,,2021,2020-21
350.0,Maurice Harkless,27.0,MIA,SF,11.0,3.0,124.0,5.0,13.0,0.385,5.0,11.0,0.455,0.0,2.0,0.0,0.577,0.0,2.0,0.0,2.0,11.0,13.0,7.0,2.0,4.0,3.0,14.0,15.0,0.0,,2021,2020-21
350.0,Maurice Harkless,27.0,SAC,PF,26.0,20.0,648.0,64.0,152.0,0.421,18.0,73.0,0.247,46.0,79.0,0.582,0.48,33.0,41.0,0.805,11.0,65.0,76.0,37.0,28.0,16.0,19.0,72.0,179.0,0.0,,2021,2020-21
351.0,P.J. Tucker,35.0,2TM,PF,52.0,33.0,1356.0,66.0,177.0,0.373,40.0,119.0,0.336,26.0,58.0,0.448,0.486,21.0,28.0,0.75,51.0,153.0,204.0,61.0,39.0,20.0,40.0,125.0,193.0,0.0,,2021,2020-21
351.0,P.J. Tucker,35.0,HOU,PF,32.0,32.0,959.0,48.0,131.0,0.366,27.0,86.0,0.314,21.0,45.0,0.467,0.469,18.0,23.0,0.783,33.0,115.0,148.0,45.0,29.0,18.0,33.0,91.0,141.0,0.0,,2021,2020-21
351.0,P.J. Tucker,35.0,MIL,PF,20.0,1.0,397.0,18.0,46.0,0.391,13.0,33.0,0.394,5.0,13.0,0.385,0.533,3.0,5.0,0.6,18.0,38.0,56.0,16.0,10.0,2.0,7.0,34.0,52.0,0.0,,2021,2020-21
352.0,Langston Galloway,29.0,PHO,SG,40.0,0.0,438.0,66.0,147.0,0.449,36.0,85.0,0.424,30.0,62.0,0.484,0.571,22.0,23.0,0.957,7.0,35.0,42.0,26.0,8.0,0.0,13.0,25.0,190.0,0.0,,2021,2020-21
353.0,John Konchar,24.0,MEM,SG,43.0,0.0,575.0,69.0,138.0,0.5,21.0,56.0,0.375,48.0,82.0,0.585,0.576,25.0,30.0,0.833,35.0,93.0,128.0,47.0,30.0,9.0,18.0,40.0,184.0,0.0,,2021,2020-21
354.0,D.J. Wilson,24.0,2TM,PF,35.0,1.0,433.0,68.0,168.0,0.405,30.0,87.0,0.345,38.0,81.0,0.469,0.494,17.0,25.0,0.68,20.0,92.0,112.0,23.0,11.0,16.0,22.0,44.0,183.0,0.0,,2021,2020-21
354.0,D.J. Wilson,24.0,MIL,PF,12.0,0.0,105.0,16.0,43.0,0.372,10.0,28.0,0.357,6.0,15.0,0.4,0.488,1.0,2.0,0.5,3.0,22.0,25.0,3.0,1.0,4.0,4.0,13.0,43.0,0.0,,2021,2020-21
354.0,D.J. Wilson,24.0,HOU,PF,23.0,1.0,328.0,52.0,125.0,0.416,20.0,59.0,0.339,32.0,66.0,0.485,0.496,16.0,23.0,0.696,17.0,70.0,87.0,20.0,10.0,12.0,18.0,31.0,140.0,0.0,,2021,2020-21
355.0,Damian Jones,25.0,3TM,C,39.0,10.0,547.0,70.0,103.0,0.68,1.0,5.0,0.2,69.0,98.0,0.704,0.684,42.0,58.0,0.724,36.0,85.0,121.0,29.0,11.0,29.0,26.0,77.0,183.0,0.0,,2021,2020-21
355.0,Damian Jones,25.0,PHO,C,14.0,0.0,94.0,8.0,16.0,0.5,0.0,1.0,0.0,8.0,15.0,0.533,0.5,6.0,11.0,0.545,7.0,11.0,18.0,4.0,1.0,5.0,6.0,19.0,22.0,0.0,,2021,2020-21
355.0,Damian Jones,25.0,LAL,C,8.0,6.0,112.0,16.0,17.0,0.941,0.0,0.0,,16.0,17.0,0.941,0.941,11.0,12.0,0.917,8.0,18.0,26.0,1.0,1.0,7.0,5.0,22.0,43.0,0.0,,2021,2020-21
355.0,Damian Jones,25.0,SAC,C,17.0,4.0,341.0,46.0,70.0,0.657,1.0,4.0,0.25,45.0,66.0,0.682,0.664,25.0,35.0,0.714,21.0,56.0,77.0,24.0,9.0,17.0,15.0,36.0,118.0,0.0,,2021,2020-21
356.0,Jarrett Culver,21.0,MIN,SG,34.0,7.0,499.0,69.0,168.0,0.411,13.0,53.0,0.245,56.0,115.0,0.487,0.449,29.0,48.0,0.604,34.0,70.0,104.0,24.0,17.0,9.0,28.0,58.0,180.0,0.0,,2021,2020-21
357.0,Justise Winslow,24.0,MEM,SF,26.0,1.0,507.0,74.0,210.0,0.352,10.0,54.0,0.185,64.0,156.0,0.41,0.376,20.0,35.0,0.571,18.0,100.0,118.0,50.0,15.0,12.0,37.0,47.0,178.0,0.0,,2021,2020-21
358.0,Killian Hayes,19.0,DET,PG,26.0,18.0,670.0,71.0,201.0,0.353,20.0,72.0,0.278,51.0,129.0,0.395,0.403,14.0,17.0,0.824,6.0,63.0,69.0,138.0,27.0,10.0,83.0,57.0,176.0,0.0,,2021,2020-21
359.0,Avery Bradley,30.0,2TM,SG,27.0,6.0,602.0,64.0,171.0,0.374,33.0,101.0,0.327,31.0,70.0,0.443,0.471,12.0,15.0,0.8,8.0,49.0,57.0,46.0,21.0,3.0,28.0,55.0,173.0,0.0,,2021,2020-21
359.0,Avery Bradley,30.0,MIA,SG,10.0,1.0,211.0,31.0,66.0,0.47,16.0,38.0,0.421,15.0,28.0,0.536,0.591,7.0,9.0,0.778,2.0,16.0,18.0,14.0,7.0,1.0,9.0,26.0,85.0,0.0,,2021,2020-21
359.0,Avery Bradley,30.0,HOU,SG,17.0,5.0,391.0,33.0,105.0,0.314,17.0,63.0,0.27,16.0,42.0,0.381,0.395,5.0,6.0,0.833,6.0,33.0,39.0,32.0,14.0,2.0,19.0,29.0,88.0,0.0,,2021,2020-21
360.0,Jordan Nwora,22.0,MIL,SF,30.0,2.0,274.0,62.0,135.0,0.459,28.0,62.0,0.452,34.0,73.0,0.466,0.563,19.0,25.0,0.76,9.0,51.0,60.0,7.0,16.0,7.0,24.0,22.0,171.0,0.0,,2021,2020-21
361.0,Mason Jones,22.0,2TM,SG,32.0,1.0,334.0,52.0,123.0,0.423,24.0,66.0,0.364,28.0,57.0,0.491,0.52,40.0,64.0,0.625,7.0,48.0,55.0,42.0,7.0,1.0,29.0,24.0,168.0,0.0,,2021,2020-21
361.0,Mason Jones,22.0,HOU,SG,26.0,1.0,307.0,47.0,114.0,0.412,23.0,64.0,0.359,24.0,50.0,0.48,0.513,35.0,57.0,0.614,4.0,47.0,51.0,39.0,6.0,1.0,28.0,22.0,152.0,0.0,,2021,2020-21
361.0,Mason Jones,22.0,PHI,SG,6.0,0.0,27.0,5.0,9.0,0.556,1.0,2.0,0.5,4.0,7.0,0.571,0.611,5.0,7.0,0.714,3.0,1.0,4.0,3.0,1.0,0.0,1.0,2.0,16.0,0.0,,2021,2020-21
362.0,Thanasis Antetokounmpo,28.0,MIL,SF,57.0,3.0,551.0,67.0,137.0,0.489,7.0,29.0,0.241,60.0,108.0,0.556,0.515,25.0,49.0,0.51,54.0,70.0,124.0,46.0,22.0,10.0,43.0,74.0,166.0,0.0,,2021,2020-21
363.0,Lamar Stevens,23.0,CLE,PF,40.0,0.0,499.0,62.0,136.0,0.456,4.0,25.0,0.16,58.0,111.0,0.523,0.471,37.0,51.0,0.725,24.0,72.0,96.0,25.0,17.0,13.0,23.0,53.0,165.0,0.0,,2021,2020-21
364.0,Kevin Knox,21.0,NYK,SF,42.0,0.0,464.0,56.0,143.0,0.392,35.0,89.0,0.393,21.0,54.0,0.389,0.514,16.0,20.0,0.8,10.0,51.0,61.0,19.0,12.0,6.0,17.0,37.0,163.0,0.0,,2021,2020-21
365.0,Dylan Windler,24.0,CLE,SF,31.0,0.0,513.0,57.0,130.0,0.438,26.0,77.0,0.338,31.0,53.0,0.585,0.538,21.0,27.0,0.778,20.0,87.0,107.0,33.0,19.0,12.0,32.0,37.0,161.0,0.0,,2021,2020-21
366.0,Troy Brown Jr.,21.0,2TM,SF,34.0,0.0,524.0,62.0,144.0,0.431,22.0,70.0,0.314,40.0,74.0,0.541,0.507,15.0,21.0,0.714,20.0,85.0,105.0,29.0,10.0,6.0,21.0,49.0,161.0,0.0,,2021,2020-21
366.0,Troy Brown Jr.,21.0,WAS,SF,21.0,0.0,287.0,33.0,89.0,0.371,14.0,46.0,0.304,19.0,43.0,0.442,0.449,10.0,15.0,0.667,11.0,50.0,61.0,19.0,3.0,4.0,16.0,29.0,90.0,0.0,,2021,2020-21
366.0,Troy Brown Jr.,21.0,CHI,SF,13.0,0.0,237.0,29.0,55.0,0.527,8.0,24.0,0.333,21.0,31.0,0.677,0.6,5.0,6.0,0.833,9.0,35.0,44.0,10.0,7.0,2.0,5.0,20.0,71.0,0.0,,2021,2020-21
367.0,Abdel Nader,27.0,PHO,SF,24.0,0.0,355.0,57.0,116.0,0.491,18.0,43.0,0.419,39.0,73.0,0.534,0.569,28.0,37.0,0.757,7.0,55.0,62.0,19.0,10.0,9.0,19.0,34.0,160.0,0.0,,2021,2020-21
368.0,Jaren Jackson Jr.,21.0,MEM,C,11.0,4.0,258.0,53.0,125.0,0.424,17.0,60.0,0.283,36.0,65.0,0.554,0.492,35.0,42.0,0.833,17.0,45.0,62.0,12.0,12.0,18.0,15.0,42.0,158.0,0.0,,2021,2020-21
369.0,Kelan Martin,25.0,IND,SF,35.0,0.0,322.0,62.0,138.0,0.449,24.0,60.0,0.4,38.0,78.0,0.487,0.536,9.0,10.0,0.9,18.0,60.0,78.0,17.0,10.0,10.0,16.0,35.0,157.0,0.0,,2021,2020-21
370.0,Boban Marjanović,32.0,DAL,C,33.0,3.0,271.0,62.0,122.0,0.508,1.0,8.0,0.125,61.0,114.0,0.535,0.512,31.0,38.0,0.816,47.0,81.0,128.0,10.0,2.0,6.0,12.0,29.0,156.0,0.0,,2021,2020-21
371.0,Tyler Cook,23.0,2TM,SF,32.0,1.0,438.0,69.0,103.0,0.67,1.0,2.0,0.5,68.0,101.0,0.673,0.675,17.0,35.0,0.486,28.0,67.0,95.0,17.0,8.0,2.0,21.0,35.0,156.0,0.0,,2021,2020-21
371.0,Tyler Cook,23.0,BRK,PF,4.0,0.0,17.0,1.0,3.0,0.333,0.0,0.0,,1.0,3.0,0.333,0.333,0.0,0.0,,1.0,1.0,2.0,2.0,0.0,0.0,1.0,2.0,2.0,0.0,,2021,2020-21
371.0,Tyler Cook,23.0,DET,SF,28.0,1.0,421.0,68.0,100.0,0.68,1.0,2.0,0.5,67.0,98.0,0.684,0.685,17.0,35.0,0.486,27.0,66.0,93.0,15.0,8.0,2.0,20.0,33.0,154.0,0.0,,2021,2020-21
372.0,Dennis Smith Jr.,23.0,2TM,PG,23.0,9.0,420.0,58.0,145.0,0.4,19.0,58.0,0.328,39.0,87.0,0.448,0.466,19.0,26.0,0.731,12.0,43.0,55.0,77.0,23.0,14.0,26.0,37.0,154.0,1.0,,2021,2020-21
372.0,Dennis Smith Jr.,23.0,NYK,PG,3.0,0.0,28.0,2.0,10.0,0.2,0.0,4.0,0.0,2.0,6.0,0.333,0.2,5.0,6.0,0.833,0.0,2.0,2.0,3.0,3.0,0.0,1.0,4.0,9.0,0.0,,2021,2020-21
372.0,Dennis Smith Jr.,23.0,DET,PG,20.0,9.0,392.0,56.0,135.0,0.415,19.0,54.0,0.352,37.0,81.0,0.457,0.485,14.0,20.0,0.7,12.0,41.0,53.0,74.0,20.0,14.0,25.0,33.0,145.0,1.0,,2021,2020-21
373.0,Isaiah Joe,21.0,PHI,SG,41.0,1.0,383.0,48.0,133.0,0.361,39.0,106.0,0.368,9.0,27.0,0.333,0.508,18.0,24.0,0.75,6.0,30.0,36.0,20.0,12.0,4.0,11.0,34.0,153.0,0.0,,2021,2020-21
374.0,Javonte Green,27.0,2TM,SF,41.0,2.0,473.0,53.0,102.0,0.52,10.0,30.0,0.333,43.0,72.0,0.597,0.569,30.0,40.0,0.75,26.0,45.0,71.0,17.0,28.0,6.0,19.0,45.0,146.0,0.0,,2021,2020-21
374.0,Javonte Green,27.0,BOS,SF,25.0,2.0,345.0,39.0,71.0,0.549,7.0,22.0,0.318,32.0,49.0,0.653,0.599,20.0,30.0,0.667,20.0,32.0,52.0,11.0,18.0,2.0,13.0,32.0,105.0,0.0,,2021,2020-21
374.0,Javonte Green,27.0,CHI,SG,16.0,0.0,128.0,14.0,31.0,0.452,3.0,8.0,0.375,11.0,23.0,0.478,0.5,10.0,10.0,1.0,6.0,13.0,19.0,6.0,10.0,4.0,6.0,13.0,41.0,0.0,,2021,2020-21
375.0,Jahlil Okafor,25.0,DET,C,27.0,2.0,347.0,63.0,102.0,0.618,2.0,9.0,0.222,61.0,93.0,0.656,0.627,17.0,24.0,0.708,23.0,43.0,66.0,13.0,6.0,5.0,21.0,39.0,145.0,0.0,,2021,2020-21
376.0,Thomas Bryant,23.0,WAS,C,10.0,10.0,271.0,59.0,91.0,0.648,9.0,21.0,0.429,50.0,70.0,0.714,0.698,16.0,24.0,0.667,18.0,43.0,61.0,15.0,4.0,8.0,11.0,31.0,143.0,0.0,,2021,2020-21
377.0,Amir Coffey,23.0,LAC,SG,44.0,1.0,394.0,45.0,103.0,0.437,23.0,56.0,0.411,22.0,47.0,0.468,0.549,27.0,38.0,0.711,10.0,34.0,44.0,22.0,10.0,0.0,15.0,30.0,140.0,0.0,,2021,2020-21
378.0,Justin James,24.0,SAC,SF,36.0,0.0,310.0,52.0,111.0,0.468,14.0,38.0,0.368,38.0,73.0,0.521,0.532,21.0,36.0,0.583,9.0,21.0,30.0,22.0,8.0,3.0,15.0,23.0,139.0,0.0,,2021,2020-21
379.0,Matt Thomas,26.0,2TM,SG,45.0,0.0,326.0,50.0,127.0,0.394,27.0,80.0,0.338,23.0,47.0,0.489,0.5,12.0,14.0,0.857,7.0,37.0,44.0,19.0,4.0,0.0,14.0,18.0,139.0,0.0,,2021,2020-21
379.0,Matt Thomas,26.0,TOR,SG,26.0,0.0,192.0,24.0,62.0,0.387,17.0,41.0,0.415,7.0,21.0,0.333,0.524,6.0,7.0,0.857,3.0,18.0,21.0,9.0,2.0,0.0,6.0,10.0,71.0,0.0,,2021,2020-21
379.0,Matt Thomas,26.0,UTA,SG,19.0,0.0,134.0,26.0,65.0,0.4,10.0,39.0,0.256,16.0,26.0,0.615,0.477,6.0,7.0,0.857,4.0,19.0,23.0,10.0,2.0,0.0,8.0,8.0,68.0,0.0,,2021,2020-21
380.0,Ryan Arcidiacono,26.0,CHI,PG,44.0,0.0,450.0,49.0,117.0,0.419,25.0,67.0,0.373,24.0,50.0,0.48,0.526,13.0,20.0,0.65,5.0,62.0,67.0,56.0,9.0,0.0,10.0,47.0,136.0,0.0,,2021,2020-21
381.0,Zeke Nnaji,20.0,DEN,PF,42.0,1.0,397.0,50.0,104.0,0.481,24.0,59.0,0.407,26.0,45.0,0.578,0.596,12.0,15.0,0.8,14.0,51.0,65.0,10.0,8.0,4.0,7.0,29.0,136.0,0.0,,2021,2020-21
382.0,JaKarr Sampson,27.0,IND,PF,29.0,4.0,316.0,56.0,113.0,0.496,3.0,15.0,0.2,53.0,98.0,0.541,0.509,19.0,29.0,0.655,27.0,50.0,77.0,4.0,2.0,14.0,15.0,52.0,134.0,0.0,,2021,2020-21
383.0,Nicolò Melli,30.0,2TM,PF,45.0,4.0,566.0,46.0,141.0,0.326,23.0,85.0,0.271,23.0,56.0,0.411,0.408,19.0,25.0,0.76,29.0,93.0,122.0,44.0,14.0,3.0,12.0,58.0,134.0,0.0,,2021,2020-21
383.0,Nicolò Melli,30.0,NOP,PF,22.0,0.0,241.0,15.0,59.0,0.254,7.0,37.0,0.189,8.0,22.0,0.364,0.314,6.0,7.0,0.857,12.0,45.0,57.0,25.0,9.0,1.0,7.0,28.0,43.0,0.0,,2021,2020-21
383.0,Nicolò Melli,30.0,DAL,PF,23.0,4.0,325.0,31.0,82.0,0.378,16.0,48.0,0.333,15.0,34.0,0.441,0.476,13.0,18.0,0.722,17.0,48.0,65.0,19.0,5.0,2.0,5.0,30.0,91.0,0.0,,2021,2020-21
384.0,Anthony Lamb,23.0,HOU,SF,24.0,3.0,415.0,46.0,118.0,0.39,23.0,71.0,0.324,23.0,47.0,0.489,0.487,18.0,21.0,0.857,27.0,43.0,70.0,23.0,6.0,5.0,19.0,34.0,133.0,0.0,,2021,2020-21
385.0,E'Twaun Moore,31.0,PHO,SG,27.0,1.0,389.0,55.0,121.0,0.455,11.0,35.0,0.314,44.0,86.0,0.512,0.5,12.0,14.0,0.857,14.0,31.0,45.0,40.0,15.0,5.0,23.0,32.0,133.0,0.0,,2021,2020-21
386.0,DaQuan Jeffries,23.0,2TM,SG,31.0,5.0,493.0,50.0,120.0,0.417,20.0,67.0,0.299,30.0,53.0,0.566,0.5,7.0,8.0,0.875,19.0,52.0,71.0,22.0,15.0,10.0,14.0,48.0,127.0,0.0,,2021,2020-21
386.0,DaQuan Jeffries,23.0,SAC,SG,18.0,2.0,232.0,24.0,57.0,0.421,9.0,28.0,0.321,15.0,29.0,0.517,0.5,6.0,7.0,0.857,9.0,20.0,29.0,6.0,7.0,4.0,8.0,23.0,63.0,0.0,,2021,2020-21
386.0,DaQuan Jeffries,23.0,HOU,SG,13.0,3.0,261.0,26.0,63.0,0.413,11.0,39.0,0.282,15.0,24.0,0.625,0.5,1.0,1.0,1.0,10.0,32.0,42.0,16.0,8.0,6.0,6.0,25.0,64.0,0.0,,2021,2020-21
387.0,Brodric Thomas,24.0,2TM,SG,32.0,1.0,399.0,39.0,108.0,0.361,16.0,59.0,0.271,23.0,49.0,0.469,0.435,31.0,46.0,0.674,8.0,45.0,53.0,30.0,15.0,10.0,22.0,40.0,125.0,0.0,,2021,2020-21
387.0,Brodric Thomas,24.0,HOU,SG,4.0,0.0,24.0,2.0,7.0,0.286,1.0,6.0,0.167,1.0,1.0,1.0,0.357,5.0,7.0,0.714,1.0,3.0,4.0,4.0,1.0,1.0,4.0,5.0,10.0,0.0,,2021,2020-21
387.0,Brodric Thomas,24.0,CLE,SG,28.0,1.0,375.0,37.0,101.0,0.366,15.0,53.0,0.283,22.0,48.0,0.458,0.441,26.0,39.0,0.667,7.0,42.0,49.0,26.0,14.0,9.0,18.0,35.0,115.0,0.0,,2021,2020-21
388.0,Nathan Knight,23.0,ATL,PF,33.0,0.0,279.0,37.0,100.0,0.37,6.0,33.0,0.182,31.0,67.0,0.463,0.4,44.0,55.0,0.8,27.0,45.0,72.0,8.0,9.0,10.0,15.0,22.0,124.0,0.0,,2021,2020-21
389.0,Skylar Mays,23.0,ATL,SG,33.0,0.0,269.0,44.0,98.0,0.449,14.0,40.0,0.35,30.0,58.0,0.517,0.52,22.0,25.0,0.88,10.0,25.0,35.0,30.0,14.0,2.0,9.0,15.0,124.0,0.0,,2021,2020-21
390.0,Carsen Edwards,22.0,BOS,SG,31.0,1.0,276.0,47.0,111.0,0.423,18.0,63.0,0.286,29.0,48.0,0.604,0.505,11.0,13.0,0.846,3.0,23.0,26.0,14.0,7.0,1.0,7.0,25.0,123.0,0.0,,2021,2020-21
391.0,Nico Mannion,19.0,GSW,PG,30.0,1.0,364.0,39.0,114.0,0.342,22.0,60.0,0.367,17.0,54.0,0.315,0.439,23.0,28.0,0.821,6.0,40.0,46.0,70.0,16.0,1.0,31.0,29.0,123.0,0.0,,2021,2020-21
392.0,Alfonzo McKinnie,28.0,LAL,SF,39.0,0.0,258.0,48.0,93.0,0.516,16.0,39.0,0.41,32.0,54.0,0.593,0.602,10.0,18.0,0.556,22.0,32.0,54.0,6.0,7.0,0.0,5.0,26.0,122.0,0.0,,2021,2020-21
393.0,Luka Šamanić,21.0,SAS,PF,33.0,4.0,308.0,47.0,105.0,0.448,12.0,43.0,0.279,35.0,62.0,0.565,0.505,16.0,29.0,0.552,16.0,52.0,68.0,15.0,8.0,8.0,20.0,43.0,122.0,0.0,,2021,2020-21
394.0,Glenn Robinson III,27.0,SAC,SF,23.0,2.0,369.0,42.0,99.0,0.424,16.0,44.0,0.364,26.0,55.0,0.473,0.505,21.0,23.0,0.913,11.0,34.0,45.0,20.0,4.0,3.0,11.0,23.0,121.0,0.0,,2021,2020-21
395.0,Gary Clark,26.0,3TM,SF,39.0,11.0,654.0,40.0,132.0,0.303,31.0,108.0,0.287,9.0,24.0,0.375,0.42,8.0,10.0,0.8,33.0,82.0,115.0,31.0,13.0,7.0,17.0,35.0,119.0,0.0,,2021,2020-21
395.0,Gary Clark,26.0,ORL,SF,35.0,11.0,637.0,40.0,131.0,0.305,31.0,108.0,0.287,9.0,23.0,0.391,0.424,8.0,10.0,0.8,33.0,79.0,112.0,30.0,12.0,7.0,17.0,34.0,119.0,0.0,,2021,2020-21
395.0,Gary Clark,26.0,DEN,SF,2.0,0.0,4.0,0.0,0.0,,0.0,0.0,,0.0,0.0,,,0.0,0.0,,0.0,1.0,1.0,0.0,0.0,0.0,0.0,0.0,0.0,0.0,,2021,2020-21
395.0,Gary Clark,26.0,PHI,PF,2.0,0.0,13.0,0.0,1.0,0.0,0.0,0.0,,0.0,1.0,0.0,0.0,0.0,0.0,,0.0,2.0,2.0,1.0,1.0,0.0,0.0,1.0,0.0,0.0,,2021,2020-21
396.0,Jaylen Hoard,21.0,OKC,SF,19.0,0.0,320.0,44.0,88.0,0.5,0.0,11.0,0.0,44.0,77.0,0.571,0.5,28.0,41.0,0.683,21.0,44.0,65.0,24.0,13.0,5.0,17.0,19.0,116.0,0.0,,2021,2020-21
397.0,Trey Lyles,25.0,SAS,PF,23.0,9.0,358.0,43.0,90.0,0.478,14.0,40.0,0.35,29.0,50.0,0.58,0.556,15.0,23.0,0.652,9.0,77.0,86.0,14.0,6.0,1.0,6.0,13.0,115.0,0.0,,2021,2020-21
398.0,Dewayne Dedmon,31.0,MIA,C,16.0,0.0,210.0,46.0,65.0,0.708,1.0,5.0,0.2,45.0,60.0,0.75,0.715,20.0,27.0,0.741,28.0,58.0,86.0,12.0,9.0,6.0,13.0,36.0,113.0,0.0,,2021,2020-21
399.0,Freddie Gillespie,23.0,TOR,PF,20.0,2.0,392.0,44.0,84.0,0.524,0.0,0.0,,44.0,84.0,0.524,0.524,23.0,33.0,0.697,42.0,55.0,97.0,9.0,13.0,20.0,12.0,43.0,111.0,0.0,,2021,2020-21
400.0,Paul Watson,26.0,TOR,SF,27.0,2.0,297.0,38.0,82.0,0.463,30.0,64.0,0.469,8.0,18.0,0.444,0.646,5.0,8.0,0.625,4.0,41.0,45.0,17.0,6.0,3.0,9.0,36.0,111.0,0.0,,2021,2020-21
401.0,Harry Giles,22.0,POR,C,38.0,0.0,348.0,42.0,97.0,0.433,8.0,23.0,0.348,34.0,74.0,0.459,0.474,16.0,27.0,0.593,31.0,102.0,133.0,29.0,8.0,13.0,20.0,54.0,108.0,0.0,,2021,2020-21
402.0,Chandler Hutchison,24.0,2TM,SF,25.0,1.0,346.0,39.0,103.0,0.379,8.0,22.0,0.364,31.0,81.0,0.383,0.417,21.0,25.0,0.84,6.0,72.0,78.0,17.0,12.0,5.0,20.0,33.0,107.0,0.0,,2021,2020-21
402.0,Chandler Hutchison,24.0,CHI,SF,7.0,0.0,64.0,5.0,18.0,0.278,1.0,3.0,0.333,4.0,15.0,0.267,0.306,2.0,2.0,1.0,1.0,19.0,20.0,4.0,1.0,0.0,5.0,9.0,13.0,0.0,,2021,2020-21
402.0,Chandler Hutchison,24.0,WAS,SF,18.0,1.0,282.0,34.0,85.0,0.4,7.0,19.0,0.368,27.0,66.0,0.409,0.441,19.0,23.0,0.826,5.0,53.0,58.0,13.0,11.0,5.0,15.0,24.0,94.0,0.0,,2021,2020-21
403.0,Luke Kornet,25.0,2TM,C,31.0,2.0,348.0,44.0,101.0,0.436,15.0,59.0,0.254,29.0,42.0,0.69,0.51,3.0,6.0,0.5,14.0,53.0,67.0,24.0,4.0,32.0,7.0,20.0,106.0,0.0,,2021,2020-21
403.0,Luke Kornet,25.0,CHI,C,13.0,0.0,94.0,9.0,27.0,0.333,6.0,23.0,0.261,3.0,4.0,0.75,0.444,2.0,4.0,0.5,1.0,14.0,15.0,4.0,2.0,7.0,1.0,1.0,26.0,0.0,,2021,2020-21
403.0,Luke Kornet,25.0,BOS,C,18.0,2.0,254.0,35.0,74.0,0.473,9.0,36.0,0.25,26.0,38.0,0.684,0.534,1.0,2.0,0.5,13.0,39.0,52.0,20.0,2.0,25.0,6.0,19.0,80.0,0.0,,2021,2020-21
404.0,Markus Howard,21.0,DEN,SG,37.0,1.0,205.0,40.0,106.0,0.377,18.0,65.0,0.277,22.0,41.0,0.537,0.462,7.0,9.0,0.778,1.0,20.0,21.0,18.0,4.0,1.0,18.0,23.0,105.0,0.0,,2021,2020-21
405.0,Miye Oni,23.0,UTA,SG,54.0,0.0,519.0,35.0,99.0,0.354,30.0,88.0,0.341,5.0,11.0,0.455,0.505,5.0,6.0,0.833,23.0,61.0,84.0,28.0,11.0,8.0,16.0,61.0,105.0,0.0,,2021,2020-21
406.0,Markelle Fultz,22.0,ORL,PG,8.0,8.0,215.0,41.0,104.0,0.394,4.0,16.0,0.25,37.0,88.0,0.42,0.413,17.0,19.0,0.895,5.0,20.0,25.0,43.0,8.0,2.0,18.0,18.0,103.0,0.0,,2021,2020-21
407.0,Al-Farouq Aminu,30.0,2TM,PF,23.0,14.0,434.0,38.0,99.0,0.384,8.0,37.0,0.216,30.0,62.0,0.484,0.424,18.0,22.0,0.818,22.0,88.0,110.0,31.0,19.0,9.0,28.0,29.0,102.0,0.0,,2021,2020-21
407.0,Al-Farouq Aminu,30.0,ORL,PF,17.0,14.0,367.0,36.0,89.0,0.404,7.0,31.0,0.226,29.0,58.0,0.5,0.444,14.0,17.0,0.824,20.0,71.0,91.0,29.0,17.0,9.0,25.0,22.0,93.0,0.0,,2021,2020-21
407.0,Al-Farouq Aminu,30.0,CHI,PF,6.0,0.0,67.0,2.0,10.0,0.2,1.0,6.0,0.167,1.0,4.0,0.25,0.25,4.0,5.0,0.8,2.0,17.0,19.0,2.0,2.0,0.0,3.0,7.0,9.0,0.0,,2021,2020-21
408.0,Josh Green,20.0,DAL,SG,39.0,5.0,445.0,42.0,93.0,0.452,4.0,25.0,0.16,38.0,68.0,0.559,0.473,13.0,23.0,0.565,28.0,50.0,78.0,28.0,16.0,3.0,17.0,35.0,101.0,0.0,,2021,2020-21
409.0,Mike James,30.0,BRK,PG,13.0,1.0,236.0,34.0,92.0,0.37,11.0,31.0,0.355,23.0,61.0,0.377,0.429,21.0,27.0,0.778,3.0,29.0,32.0,54.0,6.0,1.0,20.0,10.0,100.0,0.0,,2021,2020-21
410.0,Tremont Waters,23.0,BOS,PG,26.0,3.0,238.0,34.0,84.0,0.405,15.0,38.0,0.395,19.0,46.0,0.413,0.494,16.0,17.0,0.941,5.0,16.0,21.0,62.0,15.0,1.0,27.0,17.0,99.0,0.0,,2021,2020-21
411.0,Wes Iwundu,26.0,2TM,SF,41.0,4.0,539.0,34.0,102.0,0.333,5.0,41.0,0.122,29.0,61.0,0.475,0.358,26.0,31.0,0.839,15.0,75.0,90.0,18.0,15.0,4.0,19.0,49.0,99.0,0.0,,2021,2020-21
411.0,Wes Iwundu,26.0,DAL,SF,23.0,3.0,288.0,17.0,52.0,0.327,3.0,23.0,0.13,14.0,29.0,0.483,0.356,12.0,14.0,0.857,6.0,38.0,44.0,10.0,9.0,3.0,6.0,26.0,49.0,0.0,,2021,2020-21
411.0,Wes Iwundu,26.0,NOP,SF,18.0,1.0,251.0,17.0,50.0,0.34,2.0,18.0,0.111,15.0,32.0,0.469,0.36,14.0,17.0,0.824,9.0,37.0,46.0,8.0,6.0,1.0,13.0,23.0,50.0,0.0,,2021,2020-21
412.0,Jalen Harris,22.0,TOR,SG,13.0,2.0,172.0,36.0,72.0,0.5,17.0,36.0,0.472,19.0,36.0,0.528,0.618,7.0,9.0,0.778,3.0,15.0,18.0,17.0,8.0,0.0,14.0,15.0,96.0,0.0,,2021,2020-21
413.0,Mfiondu Kabengele,23.0,2TM,PF,39.0,0.0,280.0,33.0,89.0,0.371,13.0,50.0,0.26,20.0,39.0,0.513,0.444,16.0,20.0,0.8,12.0,48.0,60.0,17.0,8.0,13.0,15.0,36.0,95.0,0.0,,2021,2020-21
413.0,Mfiondu Kabengele,23.0,LAC,PF,23.0,0.0,94.0,9.0,32.0,0.281,4.0,18.0,0.222,5.0,14.0,0.357,0.344,5.0,6.0,0.833,1.0,13.0,14.0,5.0,2.0,3.0,6.0,18.0,27.0,0.0,,2021,2020-21
413.0,Mfiondu Kabengele,23.0,CLE,PF,16.0,0.0,186.0,24.0,57.0,0.421,9.0,32.0,0.281,15.0,25.0,0.6,0.5,11.0,14.0,0.786,11.0,35.0,46.0,12.0,6.0,10.0,9.0,18.0,68.0,0.0,,2021,2020-21
414.0,Alize Johnson,24.0,BRK,PF,18.0,0.0,189.0,40.0,68.0,0.588,1.0,6.0,0.167,39.0,62.0,0.629,0.596,13.0,13.0,1.0,27.0,63.0,90.0,14.0,5.0,5.0,9.0,16.0,94.0,0.0,,2021,2020-21
415.0,Tre Jones,21.0,SAS,PG,37.0,1.0,269.0,37.0,78.0,0.474,3.0,5.0,0.6,34.0,73.0,0.466,0.494,17.0,19.0,0.895,8.0,13.0,21.0,39.0,8.0,0.0,13.0,13.0,94.0,0.0,,2021,2020-21
416.0,KZ Okpala,21.0,MIA,PF,37.0,9.0,447.0,36.0,96.0,0.375,12.0,50.0,0.24,24.0,46.0,0.522,0.438,8.0,15.0,0.533,21.0,47.0,68.0,19.0,10.0,11.0,15.0,59.0,92.0,0.0,,2021,2020-21
417.0,Rodney McGruder,29.0,DET,SG,16.0,2.0,194.0,37.0,70.0,0.529,11.0,24.0,0.458,26.0,46.0,0.565,0.607,6.0,8.0,0.75,8.0,14.0,22.0,16.0,8.0,1.0,7.0,12.0,91.0,0.0,,2021,2020-21
418.0,Ignas Brazdeikis,22.0,3TM,SF,13.0,0.0,249.0,35.0,83.0,0.422,11.0,28.0,0.393,24.0,55.0,0.436,0.488,10.0,14.0,0.714,11.0,34.0,45.0,17.0,4.0,3.0,12.0,22.0,91.0,0.0,,2021,2020-21
418.0,Ignas Brazdeikis,22.0,NYK,SF,4.0,0.0,7.0,0.0,1.0,0.0,0.0,0.0,,0.0,1.0,0.0,0.0,2.0,2.0,1.0,1.0,1.0,2.0,1.0,0.0,0.0,1.0,0.0,2.0,0.0,,2021,2020-21
418.0,Ignas Brazdeikis,22.0,PHI,SF,1.0,0.0,8.0,0.0,3.0,0.0,0.0,1.0,0.0,0.0,2.0,0.0,0.0,0.0,0.0,,0.0,2.0,2.0,0.0,0.0,0.0,0.0,0.0,0.0,0.0,,2021,2020-21
418.0,Ignas Brazdeikis,22.0,ORL,SF,8.0,0.0,234.0,35.0,79.0,0.443,11.0,27.0,0.407,24.0,52.0,0.462,0.513,8.0,12.0,0.667,10.0,31.0,41.0,16.0,4.0,3.0,11.0,22.0,89.0,0.0,,2021,2020-21
419.0,Sam Merrill,24.0,MIL,SG,30.0,2.0,233.0,32.0,72.0,0.444,21.0,47.0,0.447,11.0,25.0,0.44,0.59,4.0,4.0,1.0,6.0,24.0,30.0,21.0,8.0,1.0,10.0,17.0,89.0,0.0,,2021,2020-21
420.0,Frank Ntilikina,22.0,NYK,PG,33.0,4.0,322.0,29.0,79.0,0.367,23.0,48.0,0.479,6.0,31.0,0.194,0.513,8.0,18.0,0.444,6.0,25.0,31.0,19.0,18.0,4.0,11.0,45.0,89.0,0.0,,2021,2020-21
421.0,Chris Chiozza,25.0,BRK,PG,22.0,1.0,232.0,31.0,88.0,0.352,13.0,42.0,0.31,18.0,46.0,0.391,0.426,13.0,17.0,0.765,3.0,21.0,24.0,65.0,7.0,6.0,16.0,19.0,88.0,0.0,,2021,2020-21
422.0,Trent Forrest,22.0,UTA,PG,30.0,0.0,302.0,32.0,71.0,0.451,5.0,26.0,0.192,27.0,45.0,0.6,0.486,19.0,19.0,1.0,11.0,33.0,44.0,45.0,9.0,4.0,21.0,22.0,88.0,0.0,,2021,2020-21
423.0,Paul Reed,21.0,PHI,PF,26.0,0.0,177.0,42.0,78.0,0.538,0.0,6.0,0.0,42.0,72.0,0.583,0.538,4.0,8.0,0.5,30.0,31.0,61.0,12.0,10.0,13.0,12.0,29.0,88.0,0.0,,2021,2020-21
424.0,Kyle Guy,23.0,SAC,PG,31.0,0.0,235.0,29.0,88.0,0.33,13.0,46.0,0.283,16.0,42.0,0.381,0.403,16.0,20.0,0.8,5.0,30.0,35.0,32.0,6.0,0.0,11.0,20.0,87.0,0.0,,2021,2020-21
425.0,Josh Hall,20.0,OKC,SF,21.0,1.0,336.0,30.0,99.0,0.303,4.0,37.0,0.108,26.0,62.0,0.419,0.323,22.0,44.0,0.5,6.0,53.0,59.0,28.0,4.0,1.0,25.0,37.0,86.0,0.0,,2021,2020-21
426.0,Vlatko Čančar,23.0,DEN,PF,41.0,1.0,281.0,33.0,72.0,0.458,9.0,33.0,0.273,24.0,39.0,0.615,0.521,10.0,13.0,0.769,11.0,39.0,50.0,14.0,11.0,2.0,14.0,18.0,85.0,0.0,,2021,2020-21
427.0,Gabriel Deck,25.0,OKC,PF,10.0,0.0,212.0,32.0,67.0,0.478,2.0,15.0,0.133,30.0,52.0,0.577,0.493,18.0,22.0,0.818,16.0,24.0,40.0,24.0,8.0,0.0,6.0,9.0,84.0,0.0,,2021,2020-21
428.0,Jerome Robinson,23.0,WAS,SG,17.0,6.0,305.0,28.0,95.0,0.295,11.0,42.0,0.262,17.0,53.0,0.321,0.353,16.0,20.0,0.8,4.0,34.0,38.0,25.0,12.0,6.0,19.0,31.0,83.0,0.0,,2021,2020-21
429.0,Khyri Thomas,24.0,HOU,SG,5.0,2.0,153.0,32.0,66.0,0.485,9.0,27.0,0.333,23.0,39.0,0.59,0.553,9.0,9.0,1.0,7.0,11.0,18.0,25.0,9.0,6.0,6.0,8.0,82.0,0.0,,2021,2020-21
430.0,Anthony Gill,28.0,WAS,PF,26.0,4.0,218.0,30.0,60.0,0.5,7.0,24.0,0.292,23.0,36.0,0.639,0.558,13.0,16.0,0.813,16.0,35.0,51.0,11.0,10.0,4.0,8.0,27.0,80.0,0.0,,2021,2020-21
431.0,Keita Bates-Diop,25.0,SAS,SF,30.0,0.0,245.0,30.0,67.0,0.448,5.0,17.0,0.294,25.0,50.0,0.5,0.485,14.0,21.0,0.667,9.0,40.0,49.0,12.0,11.0,5.0,7.0,11.0,79.0,0.0,,2021,2020-21
432.0,Isaac Bonga,21.0,WAS,SF,40.0,8.0,432.0,30.0,81.0,0.37,13.0,47.0,0.277,17.0,34.0,0.5,0.451,5.0,8.0,0.625,18.0,48.0,66.0,23.0,11.0,9.0,22.0,63.0,78.0,0.0,,2021,2020-21
433.0,Reggie Perry,20.0,BRK,PF,26.0,0.0,211.0,32.0,78.0,0.41,4.0,21.0,0.19,28.0,57.0,0.491,0.436,10.0,13.0,0.769,27.0,46.0,73.0,14.0,6.0,6.0,15.0,40.0,78.0,0.0,,2021,2020-21
434.0,Quinn Cook,27.0,2TM,PG,23.0,0.0,157.0,29.0,68.0,0.426,11.0,26.0,0.423,18.0,42.0,0.429,0.507,7.0,8.0,0.875,2.0,15.0,17.0,18.0,4.0,1.0,7.0,10.0,76.0,0.0,,2021,2020-21
434.0,Quinn Cook,27.0,LAL,PG,16.0,0.0,62.0,12.0,26.0,0.462,5.0,13.0,0.385,7.0,13.0,0.538,0.558,4.0,5.0,0.8,0.0,5.0,5.0,5.0,1.0,1.0,3.0,2.0,33.0,0.0,,2021,2020-21
434.0,Quinn Cook,27.0,CLE,PG,7.0,0.0,95.0,17.0,42.0,0.405,6.0,13.0,0.462,11.0,29.0,0.379,0.476,3.0,3.0,1.0,2.0,10.0,12.0,13.0,3.0,0.0,4.0,8.0,43.0,0.0,,2021,2020-21
435.0,Donta Hall,23.0,ORL,PF,13.0,0.0,179.0,25.0,35.0,0.714,0.0,0.0,,25.0,35.0,0.714,0.714,23.0,34.0,0.676,24.0,38.0,62.0,11.0,5.0,10.0,8.0,18.0,73.0,0.0,,2021,2020-21
436.0,Darius Miller,30.0,OKC,SF,18.0,0.0,197.0,22.0,48.0,0.458,17.0,42.0,0.405,5.0,6.0,0.833,0.635,12.0,12.0,1.0,2.0,22.0,24.0,21.0,13.0,5.0,8.0,13.0,73.0,0.0,,2021,2020-21
437.0,Shaquille Harrison,27.0,2TM,SG,34.0,0.0,333.0,26.0,78.0,0.333,3.0,16.0,0.188,23.0,62.0,0.371,0.353,18.0,22.0,0.818,7.0,41.0,48.0,25.0,17.0,5.0,11.0,33.0,73.0,0.0,,2021,2020-21
437.0,Shaquille Harrison,27.0,UTA,SG,17.0,0.0,56.0,6.0,20.0,0.3,0.0,2.0,0.0,6.0,18.0,0.333,0.3,5.0,6.0,0.833,3.0,6.0,9.0,9.0,2.0,0.0,5.0,3.0,17.0,0.0,,2021,2020-21
437.0,Shaquille Harrison,27.0,DEN,SG,17.0,0.0,277.0,20.0,58.0,0.345,3.0,14.0,0.214,17.0,44.0,0.386,0.371,13.0,16.0,0.813,4.0,35.0,39.0,16.0,15.0,5.0,6.0,30.0,56.0,0.0,,2021,2020-21
438.0,Wenyen Gabriel,23.0,NOP,PF,21.0,0.0,241.0,24.0,60.0,0.4,13.0,32.0,0.406,11.0,28.0,0.393,0.508,11.0,17.0,0.647,20.0,34.0,54.0,11.0,9.0,8.0,15.0,32.0,72.0,0.0,,2021,2020-21
439.0,Jabari Parker,25.0,2TM,PF,13.0,0.0,165.0,30.0,55.0,0.545,2.0,11.0,0.182,28.0,44.0,0.636,0.564,10.0,13.0,0.769,10.0,32.0,42.0,11.0,1.0,5.0,10.0,13.0,72.0,0.0,,2021,2020-21
439.0,Jabari Parker,25.0,SAC,PF,3.0,0.0,27.0,4.0,7.0,0.571,0.0,1.0,0.0,4.0,6.0,0.667,0.571,0.0,0.0,,1.0,5.0,6.0,1.0,0.0,1.0,3.0,4.0,8.0,0.0,,2021,2020-21
439.0,Jabari Parker,25.0,BOS,PF,10.0,0.0,138.0,26.0,48.0,0.542,2.0,10.0,0.2,24.0,38.0,0.632,0.563,10.0,13.0,0.769,9.0,27.0,36.0,10.0,1.0,4.0,7.0,9.0,64.0,0.0,,2021,2020-21
440.0,Justin Patton,23.0,HOU,C,13.0,6.0,247.0,29.0,70.0,0.414,9.0,34.0,0.265,20.0,36.0,0.556,0.479,3.0,4.0,0.75,14.0,35.0,49.0,14.0,12.0,14.0,4.0,34.0,70.0,0.0,,2021,2020-21
441.0,Bol Bol,21.0,DEN,PF,32.0,2.0,160.0,25.0,58.0,0.431,9.0,24.0,0.375,16.0,34.0,0.471,0.509,10.0,15.0,0.667,0.0,24.0,24.0,7.0,3.0,10.0,13.0,14.0,69.0,0.0,,2021,2020-21
442.0,CJ Elleby,20.0,POR,SF,30.0,0.0,192.0,25.0,66.0,0.379,7.0,34.0,0.206,18.0,32.0,0.563,0.432,11.0,15.0,0.733,11.0,21.0,32.0,10.0,6.0,3.0,5.0,27.0,68.0,0.0,,2021,2020-21
443.0,Ersan İlyasova,33.0,UTA,PF,17.0,1.0,148.0,21.0,54.0,0.389,18.0,41.0,0.439,3.0,13.0,0.231,0.556,5.0,5.0,1.0,7.0,22.0,29.0,4.0,10.0,3.0,8.0,29.0,65.0,0.0,,2021,2020-21
444.0,Jarrell Brantley,24.0,UTA,PF,28.0,0.0,138.0,25.0,52.0,0.481,12.0,28.0,0.429,13.0,24.0,0.542,0.596,2.0,2.0,1.0,9.0,18.0,27.0,15.0,7.0,2.0,8.0,17.0,64.0,0.0,,2021,2020-21
445.0,T.J. Warren,27.0,IND,SF,4.0,4.0,117.0,27.0,51.0,0.529,0.0,7.0,0.0,27.0,44.0,0.614,0.529,8.0,10.0,0.8,2.0,12.0,14.0,5.0,2.0,0.0,4.0,16.0,62.0,0.0,,2021,2020-21
446.0,Killian Tillie,22.0,MEM,C,18.0,1.0,182.0,19.0,57.0,0.333,10.0,33.0,0.303,9.0,24.0,0.375,0.421,9.0,11.0,0.818,6.0,18.0,24.0,8.0,5.0,8.0,2.0,20.0,57.0,0.0,,2021,2020-21
447.0,Jordan Bone,23.0,ORL,PG,14.0,0.0,196.0,23.0,54.0,0.426,10.0,32.0,0.313,13.0,22.0,0.591,0.519,0.0,0.0,,4.0,20.0,24.0,18.0,2.0,0.0,3.0,11.0,56.0,0.0,,2021,2020-21
448.0,Romeo Langford,21.0,BOS,SG,18.0,4.0,283.0,21.0,59.0,0.356,5.0,18.0,0.278,16.0,41.0,0.39,0.398,9.0,12.0,0.75,12.0,23.0,35.0,13.0,6.0,5.0,10.0,24.0,56.0,0.0,,2021,2020-21
449.0,Yogi Ferrell,27.0,2TM,PG,10.0,0.0,136.0,20.0,57.0,0.351,9.0,28.0,0.321,11.0,29.0,0.379,0.43,7.0,9.0,0.778,5.0,14.0,19.0,22.0,7.0,3.0,3.0,11.0,56.0,0.0,,2021,2020-21
449.0,Yogi Ferrell,27.0,CLE,PG,2.0,0.0,40.0,8.0,21.0,0.381,3.0,9.0,0.333,5.0,12.0,0.417,0.452,0.0,2.0,0.0,3.0,4.0,7.0,5.0,3.0,1.0,3.0,4.0,19.0,0.0,,2021,2020-21
449.0,Yogi Ferrell,27.0,LAC,PG,8.0,0.0,96.0,12.0,36.0,0.333,6.0,19.0,0.316,6.0,17.0,0.353,0.417,7.0,7.0,1.0,2.0,10.0,12.0,17.0,4.0,2.0,0.0,7.0,37.0,0.0,,2021,2020-21
450.0,Daniel Oturu,21.0,LAC,C,30.0,0.0,161.0,22.0,52.0,0.423,1.0,5.0,0.2,21.0,47.0,0.447,0.433,9.0,12.0,0.75,21.0,27.0,48.0,10.0,4.0,7.0,9.0,24.0,54.0,0.0,,2021,2020-21
451.0,Jalen Smith,20.0,PHO,PF,27.0,1.0,156.0,22.0,50.0,0.44,4.0,17.0,0.235,18.0,33.0,0.545,0.48,5.0,7.0,0.714,7.0,30.0,37.0,4.0,1.0,5.0,7.0,16.0,53.0,0.0,,2021,2020-21
452.0,Bruno Fernando,22.0,ATL,C,33.0,0.0,226.0,18.0,44.0,0.409,0.0,2.0,0.0,18.0,42.0,0.429,0.409,15.0,22.0,0.682,16.0,62.0,78.0,10.0,4.0,3.0,21.0,23.0,51.0,0.0,,2021,2020-21
453.0,Ed Davis,31.0,MIN,C,23.0,7.0,299.0,19.0,44.0,0.432,0.0,0.0,,19.0,44.0,0.432,0.432,10.0,12.0,0.833,46.0,69.0,115.0,21.0,13.0,13.0,7.0,56.0,48.0,0.0,,2021,2020-21
454.0,Dakota Mathias,25.0,PHI,SG,8.0,2.0,123.0,19.0,48.0,0.396,8.0,26.0,0.308,11.0,22.0,0.5,0.479,2.0,6.0,0.333,1.0,6.0,7.0,13.0,1.0,3.0,1.0,7.0,48.0,0.0,,2021,2020-21
455.0,Tacko Fall,25.0,BOS,C,19.0,0.0,136.0,21.0,29.0,0.724,0.0,0.0,,21.0,29.0,0.724,0.724,5.0,15.0,0.333,16.0,36.0,52.0,3.0,1.0,20.0,6.0,22.0,47.0,0.0,,2021,2020-21
456.0,Vernon Carey Jr.,19.0,CHO,C,19.0,4.0,115.0,18.0,36.0,0.5,1.0,7.0,0.143,17.0,29.0,0.586,0.514,9.0,11.0,0.818,6.0,21.0,27.0,2.0,1.0,5.0,5.0,13.0,46.0,0.0,,2021,2020-21
457.0,Quinndary Weatherspoon,24.0,SAS,SG,20.0,0.0,121.0,16.0,35.0,0.457,1.0,6.0,0.167,15.0,29.0,0.517,0.471,13.0,16.0,0.813,3.0,8.0,11.0,8.0,8.0,2.0,10.0,18.0,46.0,0.0,,2021,2020-21
458.0,Mamadi Diakite,24.0,MIL,PF,14.0,1.0,141.0,16.0,40.0,0.4,1.0,8.0,0.125,15.0,32.0,0.469,0.413,11.0,14.0,0.786,8.0,26.0,34.0,8.0,7.0,6.0,3.0,16.0,44.0,0.0,,2021,2020-21
459.0,Louis King,21.0,SAC,SF,6.0,1.0,85.0,17.0,34.0,0.5,4.0,11.0,0.364,13.0,23.0,0.565,0.559,6.0,6.0,1.0,5.0,13.0,18.0,9.0,7.0,3.0,4.0,9.0,44.0,0.0,,2021,2020-21
460.0,Robert Franks,24.0,ORL,PF,7.0,0.0,101.0,13.0,28.0,0.464,5.0,15.0,0.333,8.0,13.0,0.615,0.554,12.0,13.0,0.923,6.0,8.0,14.0,5.0,3.0,3.0,2.0,8.0,43.0,0.0,,2021,2020-21
461.0,Cameron Oliver,24.0,HOU,SF,4.0,0.0,87.0,19.0,33.0,0.576,4.0,13.0,0.308,15.0,20.0,0.75,0.636,1.0,4.0,0.25,5.0,16.0,21.0,5.0,2.0,4.0,3.0,11.0,43.0,0.0,,2021,2020-21
462.0,Nate Hinton,21.0,DAL,SG,21.0,0.0,93.0,15.0,42.0,0.357,4.0,19.0,0.211,11.0,23.0,0.478,0.405,7.0,10.0,0.7,1.0,8.0,9.0,8.0,7.0,2.0,5.0,8.0,41.0,0.0,,2021,2020-21
463.0,Deividas Sirvydis,20.0,DET,SG,20.0,0.0,133.0,14.0,40.0,0.35,10.0,28.0,0.357,4.0,12.0,0.333,0.475,3.0,6.0,0.5,0.0,29.0,29.0,5.0,2.0,0.0,5.0,9.0,41.0,0.0,,2021,2020-21
464.0,Cassius Winston,22.0,WAS,PG,22.0,0.0,98.0,14.0,33.0,0.424,8.0,17.0,0.471,6.0,16.0,0.375,0.545,5.0,6.0,0.833,0.0,9.0,9.0,12.0,2.0,1.0,5.0,8.0,41.0,0.0,,2021,2020-21
465.0,Sindarius Thornwell,26.0,2TM,SG,21.0,1.0,217.0,15.0,46.0,0.326,7.0,23.0,0.304,8.0,23.0,0.348,0.402,4.0,8.0,0.5,3.0,15.0,18.0,21.0,13.0,2.0,7.0,15.0,41.0,0.0,,2021,2020-21
465.0,Sindarius Thornwell,26.0,NOP,SG,14.0,1.0,73.0,7.0,21.0,0.333,3.0,9.0,0.333,4.0,12.0,0.333,0.405,0.0,2.0,0.0,1.0,4.0,5.0,4.0,5.0,1.0,4.0,3.0,17.0,0.0,,2021,2020-21
465.0,Sindarius Thornwell,26.0,ORL,SG,7.0,0.0,144.0,8.0,25.0,0.32,4.0,14.0,0.286,4.0,11.0,0.364,0.4,4.0,6.0,0.667,2.0,11.0,13.0,17.0,8.0,1.0,3.0,12.0,24.0,0.0,,2021,2020-21
466.0,Charlie Brown Jr.,23.0,OKC,SG,9.0,1.0,152.0,13.0,43.0,0.302,5.0,21.0,0.238,8.0,22.0,0.364,0.36,9.0,10.0,0.9,3.0,14.0,17.0,9.0,4.0,2.0,6.0,19.0,40.0,0.0,,2021,2020-21
467.0,Jahmi'us Ramsey,19.0,SAC,SG,13.0,0.0,94.0,15.0,38.0,0.395,5.0,19.0,0.263,10.0,19.0,0.526,0.461,5.0,5.0,1.0,2.0,8.0,10.0,6.0,4.0,1.0,3.0,8.0,40.0,0.0,,2021,2020-21
468.0,Devontae Cacok,24.0,LAL,PF,20.0,1.0,98.0,17.0,29.0,0.586,0.0,0.0,,17.0,29.0,0.586,0.586,5.0,11.0,0.455,12.0,20.0,32.0,1.0,5.0,4.0,5.0,8.0,39.0,0.0,,2021,2020-21
469.0,Sean McDermott,24.0,MEM,SF,18.0,0.0,158.0,13.0,33.0,0.394,5.0,22.0,0.227,8.0,11.0,0.727,0.47,8.0,8.0,1.0,6.0,13.0,19.0,4.0,2.0,3.0,4.0,8.0,39.0,0.0,,2021,2020-21
470.0,Matthew Dellavedova,30.0,CLE,PG,13.0,1.0,224.0,14.0,56.0,0.25,4.0,25.0,0.16,10.0,31.0,0.323,0.286,4.0,4.0,1.0,6.0,18.0,24.0,58.0,4.0,1.0,6.0,21.0,36.0,0.0,,2021,2020-21
471.0,Cassius Stanley,21.0,IND,SG,24.0,0.0,93.0,13.0,43.0,0.302,3.0,13.0,0.231,10.0,30.0,0.333,0.337,7.0,9.0,0.778,8.0,12.0,20.0,1.0,1.0,2.0,1.0,14.0,36.0,0.0,,2021,2020-21
472.0,Juwan Morgan,23.0,UTA,PF,29.0,0.0,147.0,14.0,30.0,0.467,4.0,13.0,0.308,10.0,17.0,0.588,0.533,3.0,7.0,0.429,9.0,19.0,28.0,9.0,4.0,1.0,4.0,21.0,35.0,0.0,,2021,2020-21
473.0,Jay Scrubb,20.0,LAC,SG,4.0,1.0,84.0,14.0,36.0,0.389,2.0,9.0,0.222,12.0,27.0,0.444,0.417,5.0,5.0,1.0,2.0,12.0,14.0,1.0,4.0,0.0,7.0,5.0,35.0,0.0,,2021,2020-21
474.0,Devin Cannady,24.0,ORL,PG,8.0,0.0,74.0,11.0,28.0,0.393,6.0,16.0,0.375,5.0,12.0,0.417,0.5,6.0,7.0,0.857,0.0,5.0,5.0,1.0,5.0,1.0,2.0,9.0,34.0,0.0,,2021,2020-21
475.0,Rayjon Tucker,23.0,PHI,PG,14.0,0.0,68.0,9.0,18.0,0.5,2.0,7.0,0.286,7.0,11.0,0.636,0.556,14.0,19.0,0.737,1.0,10.0,11.0,6.0,2.0,0.0,4.0,8.0,34.0,0.0,,2021,2020-21
476.0,Chris Silva,24.0,2TM,PF,15.0,0.0,92.0,10.0,16.0,0.625,1.0,1.0,1.0,9.0,15.0,0.6,0.656,11.0,15.0,0.733,7.0,20.0,27.0,6.0,1.0,6.0,10.0,24.0,32.0,0.0,,2021,2020-21
476.0,Chris Silva,24.0,MIA,PF,11.0,0.0,83.0,9.0,13.0,0.692,1.0,1.0,1.0,8.0,12.0,0.667,0.731,11.0,15.0,0.733,7.0,18.0,25.0,6.0,1.0,5.0,9.0,20.0,30.0,0.0,,2021,2020-21
476.0,Chris Silva,24.0,SAC,PF,4.0,0.0,9.0,1.0,3.0,0.333,0.0,0.0,,1.0,3.0,0.333,0.333,0.0,0.0,,0.0,2.0,2.0,0.0,0.0,1.0,1.0,4.0,2.0,0.0,,2021,2020-21
477.0,Elijah Hughes,22.0,UTA,SF,18.0,0.0,64.0,10.0,30.0,0.333,8.0,23.0,0.348,2.0,7.0,0.286,0.467,3.0,4.0,0.75,1.0,8.0,9.0,6.0,1.0,1.0,6.0,1.0,31.0,0.0,,2021,2020-21
478.0,Rodions Kurucs,22.0,3TM,PF,21.0,0.0,125.0,11.0,32.0,0.344,6.0,21.0,0.286,5.0,11.0,0.455,0.438,3.0,4.0,0.75,5.0,18.0,23.0,10.0,9.0,4.0,13.0,16.0,31.0,0.0,,2021,2020-21
478.0,Rodions Kurucs,22.0,BRK,PF,5.0,0.0,16.0,1.0,3.0,0.333,1.0,2.0,0.5,0.0,1.0,0.0,0.5,0.0,0.0,,0.0,3.0,3.0,2.0,0.0,0.0,0.0,1.0,3.0,0.0,,2021,2020-21
478.0,Rodions Kurucs,22.0,HOU,SF,11.0,0.0,75.0,5.0,21.0,0.238,2.0,15.0,0.133,3.0,6.0,0.5,0.286,1.0,2.0,0.5,2.0,9.0,11.0,4.0,6.0,4.0,9.0,7.0,13.0,0.0,,2021,2020-21
478.0,Rodions Kurucs,22.0,MIL,SF,5.0,0.0,34.0,5.0,8.0,0.625,3.0,4.0,0.75,2.0,4.0,0.5,0.813,2.0,2.0,1.0,3.0,6.0,9.0,4.0,3.0,0.0,4.0,8.0,15.0,0.0,,2021,2020-21
479.0,Thon Maker,23.0,CLE,C,8.0,0.0,76.0,10.0,18.0,0.556,0.0,2.0,0.0,10.0,16.0,0.625,0.556,10.0,11.0,0.909,8.0,10.0,18.0,4.0,2.0,4.0,3.0,7.0,30.0,0.0,,2021,2020-21
480.0,Alen Smailagić,20.0,GSW,PF,15.0,1.0,84.0,11.0,27.0,0.407,4.0,10.0,0.4,7.0,17.0,0.412,0.481,2.0,6.0,0.333,6.0,10.0,16.0,4.0,3.0,5.0,5.0,11.0,28.0,0.0,,2021,2020-21
481.0,Rondae Hollis-Jefferson,26.0,POR,PF,11.0,1.0,107.0,9.0,18.0,0.5,0.0,1.0,0.0,9.0,17.0,0.529,0.5,9.0,16.0,0.563,11.0,15.0,26.0,13.0,2.0,4.0,2.0,15.0,27.0,0.0,,2021,2020-21
482.0,Frank Mason III,26.0,ORL,PG,4.0,1.0,79.0,9.0,24.0,0.375,2.0,5.0,0.4,7.0,19.0,0.368,0.417,5.0,7.0,0.714,3.0,9.0,12.0,12.0,0.0,0.0,5.0,7.0,25.0,0.0,,2021,2020-21
483.0,Gary Payton II,28.0,GSW,PG,10.0,0.0,40.0,10.0,13.0,0.769,2.0,4.0,0.5,8.0,9.0,0.889,0.846,3.0,4.0,0.75,2.0,9.0,11.0,1.0,6.0,1.0,1.0,8.0,25.0,0.0,,2021,2020-21
484.0,Devon Dotson,21.0,CHI,PG,11.0,0.0,50.0,11.0,21.0,0.524,1.0,7.0,0.143,10.0,14.0,0.714,0.548,0.0,0.0,,2.0,3.0,5.0,7.0,4.0,0.0,0.0,3.0,23.0,0.0,,2021,2020-21
485.0,Dante Exum,25.0,CLE,SG,6.0,3.0,116.0,10.0,26.0,0.385,2.0,11.0,0.182,8.0,15.0,0.533,0.423,1.0,2.0,0.5,2.0,15.0,17.0,13.0,4.0,2.0,7.0,9.0,23.0,0.0,,2021,2020-21
486.0,Cristiano Felício,28.0,CHI,C,18.0,0.0,84.0,7.0,13.0,0.538,0.0,2.0,0.0,7.0,11.0,0.636,0.538,9.0,16.0,0.563,10.0,16.0,26.0,9.0,4.0,0.0,4.0,10.0,23.0,0.0,,2021,2020-21
487.0,Isaiah Thomas,31.0,NOP,PG,3.0,0.0,48.0,9.0,27.0,0.333,3.0,12.0,0.25,6.0,15.0,0.4,0.389,2.0,2.0,1.0,1.0,3.0,4.0,5.0,1.0,0.0,6.0,3.0,23.0,0.0,,2021,2020-21
488.0,Jeremiah Martin,24.0,CLE,PG,9.0,0.0,75.0,9.0,33.0,0.273,3.0,12.0,0.25,6.0,21.0,0.286,0.318,1.0,5.0,0.2,2.0,5.0,7.0,4.0,5.0,2.0,6.0,1.0,22.0,0.0,,2021,2020-21
489.0,Jontay Porter,21.0,MEM,PF,11.0,0.0,54.0,8.0,15.0,0.533,3.0,8.0,0.375,5.0,7.0,0.714,0.633,3.0,5.0,0.6,4.0,10.0,14.0,1.0,3.0,1.0,7.0,12.0,22.0,0.0,,2021,2020-21
490.0,Justin Robinson,23.0,OKC,PG,9.0,0.0,88.0,7.0,21.0,0.333,4.0,14.0,0.286,3.0,7.0,0.429,0.429,3.0,5.0,0.6,1.0,6.0,7.0,9.0,3.0,0.0,2.0,10.0,21.0,0.0,,2021,2020-21
491.0,Spencer Dinwiddie,27.0,BRK,SG,3.0,3.0,64.0,6.0,16.0,0.375,2.0,7.0,0.286,4.0,9.0,0.444,0.438,6.0,6.0,1.0,0.0,13.0,13.0,9.0,2.0,1.0,5.0,4.0,20.0,0.0,,2021,2020-21
492.0,Robert Woodard II,21.0,SAC,SF,13.0,0.0,45.0,8.0,20.0,0.4,1.0,6.0,0.167,7.0,14.0,0.5,0.425,3.0,8.0,0.375,4.0,12.0,16.0,2.0,0.0,3.0,1.0,4.0,20.0,0.0,,2021,2020-21
493.0,Norvel Pelle,27.0,3TM,C,13.0,0.0,84.0,8.0,15.0,0.533,0.0,0.0,,8.0,15.0,0.533,0.533,4.0,6.0,0.667,6.0,13.0,19.0,2.0,1.0,9.0,3.0,14.0,20.0,0.0,,2021,2020-21
493.0,Norvel Pelle,27.0,BRK,C,3.0,0.0,28.0,3.0,7.0,0.429,0.0,0.0,,3.0,7.0,0.429,0.429,0.0,0.0,,3.0,4.0,7.0,0.0,0.0,3.0,3.0,9.0,6.0,0.0,,2021,2020-21
493.0,Norvel Pelle,27.0,SAC,C,1.0,0.0,4.0,0.0,1.0,0.0,0.0,0.0,,0.0,1.0,0.0,0.0,3.0,4.0,0.75,1.0,0.0,1.0,1.0,0.0,0.0,0.0,1.0,3.0,0.0,,2021,2020-21
493.0,Norvel Pelle,27.0,NYK,C,9.0,0.0,52.0,5.0,7.0,0.714,0.0,0.0,,5.0,7.0,0.714,0.714,1.0,2.0,0.5,2.0,9.0,11.0,1.0,1.0,6.0,0.0,4.0,11.0,0.0,,2021,2020-21
494.0,Tyler Bey,22.0,DAL,SF,18.0,0.0,71.0,7.0,22.0,0.318,1.0,4.0,0.25,6.0,18.0,0.333,0.341,3.0,5.0,0.6,8.0,11.0,19.0,3.0,0.0,1.0,3.0,6.0,18.0,0.0,,2021,2020-21
495.0,Grant Riller,23.0,CHO,PG,7.0,0.0,27.0,8.0,12.0,0.667,2.0,4.0,0.5,6.0,8.0,0.75,0.75,0.0,0.0,,0.0,1.0,1.0,3.0,1.0,0.0,1.0,0.0,18.0,0.0,,2021,2020-21
496.0,Bruno Caboclo,25.0,HOU,PF,6.0,0.0,36.0,8.0,17.0,0.471,0.0,5.0,0.0,8.0,12.0,0.667,0.471,1.0,2.0,0.5,3.0,11.0,14.0,1.0,0.0,2.0,4.0,6.0,17.0,0.0,,2021,2020-21
497.0,Anthony Tolliver,35.0,PHI,PF,11.0,0.0,99.0,4.0,17.0,0.235,4.0,14.0,0.286,0.0,3.0,0.0,0.353,5.0,6.0,0.833,3.0,7.0,10.0,2.0,3.0,2.0,3.0,7.0,17.0,0.0,,2021,2020-21
498.0,Udoka Azubuike,21.0,UTA,C,15.0,0.0,57.0,4.0,9.0,0.444,0.0,0.0,,4.0,9.0,0.444,0.444,8.0,10.0,0.8,4.0,9.0,13.0,0.0,1.0,4.0,3.0,9.0,16.0,0.0,,2021,2020-21
499.0,Elijah Bryant,25.0,MIL,SG,1.0,0.0,32.0,6.0,13.0,0.462,1.0,5.0,0.2,5.0,8.0,0.625,0.5,3.0,3.0,1.0,2.0,4.0,6.0,3.0,0.0,1.0,4.0,4.0,16.0,0.0,,2021,2020-21
500.0,Henry Ellenson,24.0,TOR,PF,2.0,0.0,38.0,5.0,14.0,0.357,2.0,9.0,0.222,3.0,5.0,0.6,0.429,3.0,4.0,0.75,3.0,9.0,12.0,5.0,0.0,0.0,0.0,7.0,15.0,0.0,,2021,2020-21
501.0,Adam Mokoka,22.0,CHI,SG,14.0,0.0,56.0,7.0,19.0,0.368,1.0,10.0,0.1,6.0,9.0,0.667,0.395,0.0,1.0,0.0,1.0,4.0,5.0,5.0,2.0,1.0,5.0,5.0,15.0,0.0,,2021,2020-21
502.0,James Nunnally,30.0,NOP,SF,9.0,0.0,48.0,5.0,13.0,0.385,4.0,12.0,0.333,1.0,1.0,1.0,0.538,1.0,2.0,0.5,2.0,7.0,9.0,3.0,0.0,0.0,2.0,1.0,15.0,0.0,,2021,2020-21
503.0,Nick Richards,23.0,CHO,PF,18.0,0.0,63.0,4.0,9.0,0.444,0.0,1.0,0.0,4.0,8.0,0.5,0.444,7.0,11.0,0.636,4.0,7.0,11.0,2.0,0.0,0.0,3.0,7.0,15.0,0.0,,2021,2020-21
504.0,Jordan Bell,26.0,2TM,C,6.0,1.0,82.0,7.0,22.0,0.318,0.0,2.0,0.0,7.0,20.0,0.35,0.318,1.0,2.0,0.5,7.0,17.0,24.0,7.0,3.0,5.0,4.0,7.0,15.0,0.0,,2021,2020-21
504.0,Jordan Bell,26.0,WAS,C,5.0,1.0,67.0,7.0,20.0,0.35,0.0,2.0,0.0,7.0,18.0,0.389,0.35,0.0,0.0,,6.0,13.0,19.0,5.0,3.0,3.0,3.0,5.0,14.0,0.0,,2021,2020-21
504.0,Jordan Bell,26.0,GSW,C,1.0,0.0,15.0,0.0,2.0,0.0,0.0,0.0,,0.0,2.0,0.0,0.0,1.0,2.0,0.5,1.0,4.0,5.0,2.0,0.0,2.0,1.0,2.0,1.0,0.0,,2021,2020-21
505.0,Cameron Reynolds,25.0,2TM,SF,5.0,0.0,40.0,6.0,18.0,0.333,3.0,12.0,0.25,3.0,6.0,0.5,0.417,0.0,0.0,,2.0,3.0,5.0,2.0,0.0,0.0,0.0,2.0,15.0,0.0,,2021,2020-21
505.0,Cameron Reynolds,25.0,SAS,SF,3.0,0.0,6.0,1.0,2.0,0.5,0.0,0.0,,1.0,2.0,0.5,0.5,0.0,0.0,,0.0,0.0,0.0,0.0,0.0,0.0,0.0,0.0,2.0,0.0,,2021,2020-21
505.0,Cameron Reynolds,25.0,HOU,SF,2.0,0.0,34.0,5.0,16.0,0.313,3.0,12.0,0.25,2.0,4.0,0.5,0.406,0.0,0.0,,2.0,3.0,5.0,2.0,0.0,0.0,0.0,2.0,13.0,0.0,,2021,2020-21
506.0,Axel Toupane,28.0,MIL,SF,8.0,1.0,61.0,4.0,11.0,0.364,1.0,2.0,0.5,3.0,9.0,0.333,0.409,5.0,7.0,0.714,0.0,6.0,6.0,4.0,2.0,3.0,0.0,6.0,14.0,0.0,,2021,2020-21
507.0,Amida Brimah,26.0,IND,C,5.0,0.0,29.0,5.0,8.0,0.625,0.0,0.0,,5.0,8.0,0.625,0.625,3.0,3.0,1.0,2.0,6.0,8.0,1.0,0.0,5.0,4.0,4.0,13.0,0.0,,2021,2020-21
508.0,Marquese Chriss,23.0,GSW,PF,2.0,0.0,27.0,5.0,14.0,0.357,1.0,5.0,0.2,4.0,9.0,0.444,0.393,2.0,4.0,0.5,3.0,10.0,13.0,2.0,0.0,2.0,2.0,3.0,13.0,0.0,,2021,2020-21
509.0,Anderson Varejão,38.0,CLE,C,5.0,0.0,36.0,4.0,16.0,0.25,0.0,1.0,0.0,4.0,15.0,0.267,0.25,5.0,9.0,0.556,7.0,13.0,20.0,3.0,0.0,2.0,1.0,3.0,13.0,0.0,,2021,2020-21
510.0,Kostas Antetokounmpo,23.0,LAL,PF,15.0,0.0,56.0,3.0,10.0,0.3,0.0,0.0,,3.0,10.0,0.3,0.3,6.0,13.0,0.462,4.0,15.0,19.0,1.0,2.0,4.0,11.0,8.0,12.0,0.0,,2021,2020-21
511.0,Keljin Blevins,25.0,POR,SF,17.0,0.0,75.0,5.0,20.0,0.25,2.0,8.0,0.25,3.0,12.0,0.25,0.3,0.0,0.0,,3.0,7.0,10.0,4.0,2.0,0.0,5.0,8.0,12.0,0.0,,2021,2020-21
512.0,T.J. Leaf,23.0,POR,PF,7.0,0.0,35.0,5.0,10.0,0.5,0.0,0.0,,5.0,10.0,0.5,0.5,2.0,2.0,1.0,0.0,5.0,5.0,1.0,2.0,1.0,2.0,1.0,12.0,0.0,,2021,2020-21
513.0,Karim Mané,20.0,ORL,PG,10.0,0.0,88.0,3.0,13.0,0.231,1.0,2.0,0.5,2.0,11.0,0.182,0.269,4.0,5.0,0.8,1.0,13.0,14.0,4.0,0.0,2.0,3.0,10.0,11.0,0.0,,2021,2020-21
514.0,Tyrell Terry,20.0,DAL,PG,11.0,0.0,56.0,5.0,16.0,0.313,0.0,7.0,0.0,5.0,9.0,0.556,0.313,1.0,3.0,0.333,0.0,6.0,6.0,6.0,5.0,0.0,2.0,2.0,11.0,0.0,,2021,2020-21
515.0,Meyers Leonard,28.0,MIA,C,3.0,2.0,29.0,3.0,7.0,0.429,3.0,7.0,0.429,0.0,0.0,,0.643,1.0,2.0,0.5,0.0,7.0,7.0,2.0,0.0,0.0,2.0,5.0,10.0,0.0,,2021,2020-21
516.0,Ty-Shon Alexander,22.0,PHO,SG,15.0,0.0,47.0,3.0,12.0,0.25,2.0,9.0,0.222,1.0,3.0,0.333,0.333,1.0,2.0,0.5,2.0,8.0,10.0,6.0,0.0,1.0,3.0,2.0,9.0,0.0,,2021,2020-21
517.0,Nate Darling,22.0,CHO,SG,7.0,0.0,26.0,2.0,7.0,0.286,2.0,7.0,0.286,0.0,0.0,,0.429,3.0,3.0,1.0,1.0,0.0,1.0,1.0,0.0,1.0,1.0,1.0,9.0,0.0,,2021,2020-21
518.0,Tim Frazier,30.0,MEM,PG,5.0,0.0,62.0,3.0,20.0,0.15,0.0,8.0,0.0,3.0,12.0,0.25,0.15,2.0,6.0,0.333,0.0,8.0,8.0,16.0,2.0,1.0,4.0,7.0,8.0,0.0,,2021,2020-21
519.0,Didi Louzada,21.0,NOP,SF,3.0,0.0,56.0,3.0,13.0,0.231,2.0,8.0,0.25,1.0,5.0,0.2,0.308,0.0,0.0,,1.0,2.0,3.0,3.0,2.0,0.0,3.0,5.0,8.0,0.0,,2021,2020-21
520.0,Vincent Poirier,27.0,PHI,C,10.0,0.0,39.0,3.0,12.0,0.25,0.0,1.0,0.0,3.0,11.0,0.273,0.25,2.0,6.0,0.333,6.0,8.0,14.0,2.0,0.0,3.0,4.0,8.0,8.0,0.0,,2021,2020-21
521.0,Marques Bolden,22.0,CLE,C,6.0,0.0,29.0,1.0,3.0,0.333,0.0,0.0,,1.0,3.0,0.333,0.333,5.0,8.0,0.625,3.0,3.0,6.0,0.0,2.0,2.0,2.0,0.0,7.0,0.0,,2021,2020-21
522.0,Jared Dudley,35.0,LAL,PF,12.0,0.0,81.0,2.0,9.0,0.222,2.0,6.0,0.333,0.0,3.0,0.0,0.333,0.0,0.0,,4.0,17.0,21.0,5.0,1.0,1.0,2.0,7.0,6.0,0.0,,2021,2020-21
523.0,Andre Roberson,29.0,BRK,SG,5.0,0.0,63.0,2.0,14.0,0.143,1.0,8.0,0.125,1.0,6.0,0.167,0.179,1.0,2.0,0.5,7.0,8.0,15.0,4.0,3.0,1.0,2.0,4.0,6.0,0.0,,2021,2020-21
524.0,Kris Dunn,26.0,ATL,PG,4.0,0.0,45.0,1.0,12.0,0.083,0.0,2.0,0.0,1.0,10.0,0.1,0.083,3.0,4.0,0.75,0.0,6.0,6.0,2.0,2.0,2.0,3.0,10.0,5.0,0.0,,2021,2020-21
525.0,Jalen Lecque,20.0,IND,PG,4.0,0.0,12.0,1.0,9.0,0.111,0.0,1.0,0.0,1.0,8.0,0.125,0.111,3.0,3.0,1.0,2.0,3.0,5.0,2.0,0.0,0.0,0.0,0.0,5.0,0.0,,2021,2020-21
526.0,Patrick McCaw,25.0,TOR,SF,5.0,0.0,33.0,1.0,1.0,1.0,0.0,0.0,,1.0,1.0,1.0,1.0,3.0,3.0,1.0,1.0,2.0,3.0,4.0,2.0,0.0,0.0,6.0,5.0,0.0,,2021,2020-21
527.0,Udonis Haslem,40.0,MIA,C,1.0,0.0,3.0,2.0,2.0,1.0,0.0,0.0,,2.0,2.0,1.0,1.0,0.0,0.0,,0.0,1.0,1.0,0.0,0.0,0.0,0.0,0.0,4.0,0.0,,2021,2020-21
528.0,Ray Spalding,23.0,HOU,C,2.0,0.0,19.0,2.0,4.0,0.5,0.0,1.0,0.0,2.0,3.0,0.667,0.5,0.0,2.0,0.0,2.0,2.0,4.0,0.0,0.0,2.0,3.0,3.0,4.0,0.0,,2021,2020-21
529.0,Brian Bowen,22.0,IND,SF,6.0,0.0,15.0,1.0,4.0,0.25,0.0,1.0,0.0,1.0,3.0,0.333,0.25,1.0,1.0,1.0,0.0,3.0,3.0,0.0,0.0,0.0,0.0,1.0,3.0,0.0,,2021,2020-21
530.0,Malik Fitts,23.0,LAC,PF,3.0,0.0,11.0,1.0,3.0,0.333,1.0,2.0,0.5,0.0,1.0,0.0,0.5,0.0,0.0,,0.0,3.0,3.0,0.0,0.0,0.0,0.0,3.0,3.0,0.0,,2021,2020-21
531.0,Jared Harper,23.0,NYK,PG,8.0,0.0,16.0,0.0,4.0,0.0,0.0,1.0,0.0,0.0,3.0,0.0,0.0,3.0,4.0,0.75,0.0,2.0,2.0,1.0,0.0,0.0,3.0,1.0,3.0,0.0,,2021,2020-21
532.0,Jaylen Adams,24.0,MIL,PG,7.0,0.0,18.0,1.0,8.0,0.125,0.0,2.0,0.0,1.0,6.0,0.167,0.125,0.0,0.0,,0.0,3.0,3.0,2.0,0.0,0.0,0.0,1.0,2.0,0.0,,2021,2020-21
533.0,Terrance Ferguson,22.0,PHI,SG,13.0,0.0,49.0,1.0,7.0,0.143,0.0,5.0,0.0,1.0,2.0,0.5,0.143,0.0,0.0,,0.0,1.0,1.0,2.0,1.0,0.0,4.0,7.0,2.0,0.0,,2021,2020-21
534.0,Theo Pinson,25.0,NYK,SG,17.0,0.0,34.0,1.0,9.0,0.111,0.0,8.0,0.0,1.0,1.0,1.0,0.111,0.0,0.0,,0.0,5.0,5.0,1.0,0.0,0.0,1.0,4.0,2.0,0.0,,2021,2020-21
535.0,Iman Shumpert,30.0,BRK,SG,2.0,0.0,11.0,1.0,4.0,0.25,0.0,3.0,0.0,1.0,1.0,1.0,0.25,0.0,0.0,,1.0,0.0,1.0,0.0,1.0,0.0,1.0,0.0,2.0,0.0,,2021,2020-21
536.0,Ashton Hagans,21.0,MIN,PG,2.0,0.0,4.0,0.0,0.0,,0.0,0.0,,0.0,0.0,,,0.0,0.0,,0.0,0.0,0.0,0.0,0.0,0.0,1.0,0.0,0.0,0.0,,2021,2020-21
537.0,Will Magnay,22.0,NOP,C,1.0,0.0,3.0,0.0,1.0,0.0,0.0,1.0,0.0,0.0,0.0,,0.0,0.0,0.0,,0.0,0.0,0.0,0.0,0.0,0.0,1.0,1.0,0.0,0.0,,2021,2020-21
538.0,Anžejs Pasečņiks,25.0,WAS,C,1.0,0.0,6.0,0.0,1.0,0.0,0.0,1.0,0.0,0.0,0.0,,0.0,0.0,0.0,,1.0,0.0,1.0,1.0,0.0,0.0,5.0,2.0,0.0,0.0,,2021,2020-21
539.0,Noah Vonleh,25.0,BRK,C,4.0,0.0,11.0,0.0,3.0,0.0,0.0,2.0,0.0,0.0,1.0,0.0,0.0,0.0,0.0,,0.0,1.0,1.0,1.0,0.0,0.0,2.0,2.0,0.0,0.0,,2021,2020-21
540.0,Greg Whittington,27.0,DEN,PF,4.0,0.0,12.0,0.0,3.0,0.0,0.0,2.0,0.0,0.0,1.0,0.0,0.0,0.0,0.0,,0.0,0.0,0.0,0.0,0.0,0.0,0.0,0.0,0.0,0.0,,2021,2020-21
,League Average,,,,,,,,,0.466,,,0.367,,,0.53,0.538,,,0.778,,,,,,,,,,,,2021,2020-21
