Rk,Player,Age,Team,Pos,G,GS,MP,FG,FGA,FG%,3P,3PA,3P%,2P,2PA,2P%,eFG%,FT,FTA,FT%,ORB,DRB,TRB,AST,STL,BLK,TOV,PF,PTS,Trp-Dbl,Awards,season_end_year,season
1.0,Jayson Tatum,24.0,BOS,SF,74.0,74.0,2732.0,727.0,1559.0,0.466,240.0,686.0,0.35,487.0,873.0,0.558,0.543,531.0,622.0,0.854,78.0,571.0,649.0,342.0,78.0,51.0,213.0,160.0,2225.0,1.0,"MVP-4,CPOY-10,AS,NBA1",2023,2022-23
2.0,Joel Embiid,28.0,PHI,C,66.0,66.0,2284.0,728.0,1328.0,0.548,66.0,200.0,0.33,662.0,1128.0,0.587,0.573,661.0,771.0,0.857,113.0,557.0,670.0,274.0,66.0,112.0,226.0,205.0,2183.0,1.0,"MVP-1,DPOY-9,CPOY-5,AS,NBA1",2023,2022-23
3.0,Luka Dončić,23.0,DAL,PG,66.0,66.0,2391.0,719.0,1449.0,0.496,185.0,541.0,0.342,534.0,908.0,0.588,0.56,515.0,694.0,0.742,54.0,515.0,569.0,529.0,90.0,33.0,236.0,166.0,2138.0,10.0,"MVP-8,CPOY-8,AS,NBA1",2023,2022-23
4.0,Shai Gilgeous-Alexander,24.0,OKC,PG,68.0,68.0,2416.0,704.0,1381.0,0.51,58.0,168.0,0.345,646.0,1213.0,0.533,0.531,669.0,739.0,0.905,59.0,270.0,329.0,371.0,112.0,65.0,192.0,192.0,2135.0,0.0,"MVP-5,CPOY-7,AS,NBA1",2023,2022-23
5.0,Giannis Antetokounmpo,28.0,MIL,PF,63.0,63.0,2024.0,707.0,1278.0,0.553,47.0,171.0,0.275,660.0,1107.0,0.596,0.572,498.0,772.0,0.645,137.0,605.0,742.0,359.0,52.0,51.0,246.0,197.0,1959.0,6.0,"MVP-3,DPOY-6,AS,NBA1",2023,2022-23
6.0,Anthony Edwards,21.0,MIN,SG,79.0,79.0,2842.0,707.0,1541.0,0.459,213.0,578.0,0.369,494.0,963.0,0.513,0.528,319.0,422.0,0.756,47.0,411.0,458.0,350.0,125.0,58.0,259.0,186.0,1946.0,0.0,AS,2023,2022-23
7.0,Julius Randle,28.0,NYK,PF,77.0,77.0,2737.0,658.0,1432.0,0.459,218.0,636.0,0.343,440.0,796.0,0.553,0.536,402.0,531.0,0.757,141.0,626.0,767.0,316.0,49.0,21.0,216.0,233.0,1936.0,0.0,"CPOY-14,AS,NBA3",2023,2022-23
8.0,Donovan Mitchell,26.0,CLE,SG,68.0,68.0,2432.0,679.0,1402.0,0.484,245.0,635.0,0.386,434.0,767.0,0.566,0.572,319.0,368.0,0.867,63.0,226.0,289.0,301.0,99.0,27.0,180.0,168.0,1922.0,0.0,"MVP-6,CPOY-6,AS,NBA2",2023,2022-23
9.0,Trae Young,24.0,ATL,PG,73.0,73.0,2541.0,597.0,1390.0,0.429,154.0,460.0,0.335,443.0,930.0,0.476,0.485,566.0,639.0,0.886,56.0,161.0,217.0,741.0,80.0,9.0,300.0,104.0,1914.0,0.0,,2023,2022-23
10.0,Zach LaVine,27.0,CHI,SG,77.0,77.0,2768.0,673.0,1388.0,0.485,204.0,544.0,0.375,469.0,844.0,0.556,0.558,363.0,428.0,0.848,42.0,303.0,345.0,327.0,69.0,18.0,194.0,159.0,1913.0,0.0,,2023,2022-23
11.0,Damian Lillard,32.0,POR,PG,58.0,58.0,2107.0,556.0,1202.0,0.463,244.0,658.0,0.371,312.0,544.0,0.574,0.564,510.0,558.0,0.914,44.0,233.0,277.0,425.0,50.0,18.0,191.0,109.0,1866.0,2.0,"CPOY-10,AS,NBA3",2023,2022-23
12.0,De'Aaron Fox,25.0,SAC,PG,73.0,73.0,2435.0,682.0,1331.0,0.512,119.0,367.0,0.324,563.0,964.0,0.584,0.557,343.0,440.0,0.78,40.0,266.0,306.0,447.0,83.0,23.0,181.0,172.0,1826.0,0.0,"MVP-11,CPOY-1,AS,NBA3",2023,2022-23
13.0,DeMar DeRozan,33.0,CHI,SF,74.0,74.0,2682.0,657.0,1303.0,0.504,46.0,142.0,0.324,611.0,1161.0,0.526,0.522,456.0,523.0,0.872,34.0,309.0,343.0,377.0,83.0,36.0,153.0,186.0,1816.0,0.0,"CPOY-3,AS",2023,2022-23
14.0,Jaylen Brown,26.0,BOS,SF,67.0,67.0,2405.0,679.0,1383.0,0.491,163.0,487.0,0.335,516.0,896.0,0.576,0.55,263.0,344.0,0.765,78.0,381.0,459.0,232.0,75.0,26.0,197.0,172.0,1784.0,0.0,"AS,NBA2",2023,2022-23
15.0,Pascal Siakam,28.0,TOR,PF,71.0,71.0,2652.0,630.0,1313.0,0.48,93.0,287.0,0.324,537.0,1026.0,0.523,0.515,367.0,474.0,0.774,131.0,425.0,556.0,415.0,65.0,36.0,169.0,228.0,1720.0,2.0,AS,2023,2022-23
16.0,Lauri Markkanen,25.0,UTA,PF,66.0,66.0,2273.0,571.0,1145.0,0.499,200.0,511.0,0.391,371.0,634.0,0.585,0.586,349.0,399.0,0.875,130.0,440.0,570.0,123.0,42.0,38.0,127.0,137.0,1691.0,0.0,"MIP-1,AS",2023,2022-23
17.0,Nikola Jokić,27.0,DEN,C,69.0,69.0,2323.0,646.0,1022.0,0.632,57.0,149.0,0.383,589.0,873.0,0.675,0.66,341.0,415.0,0.822,167.0,650.0,817.0,678.0,87.0,47.0,247.0,174.0,1690.0,29.0,"MVP-2,CPOY-13,AS,NBA2",2023,2022-23
18.0,Jalen Green,20.0,HOU,SG,76.0,76.0,2602.0,566.0,1359.0,0.416,187.0,554.0,0.338,379.0,805.0,0.471,0.485,364.0,463.0,0.786,43.0,241.0,284.0,281.0,59.0,18.0,200.0,131.0,1683.0,0.0,,2023,2022-23
19.0,Jordan Poole,23.0,GSW,PG,82.0,43.0,2458.0,550.0,1278.0,0.43,214.0,637.0,0.336,336.0,641.0,0.524,0.514,361.0,415.0,0.87,32.0,193.0,225.0,369.0,63.0,21.0,252.0,214.0,1675.0,0.0,,2023,2022-23
20.0,Mikal Bridges,26.0,2TM,SG,83.0,83.0,2963.0,593.0,1267.0,0.468,169.0,442.0,0.382,424.0,825.0,0.514,0.535,316.0,353.0,0.895,79.0,285.0,364.0,273.0,91.0,61.0,127.0,159.0,1671.0,0.0,,2023,2022-23
20.0,Mikal Bridges,26.0,PHO,SF,56.0,56.0,2040.0,354.0,764.0,0.463,101.0,261.0,0.387,253.0,503.0,0.503,0.529,156.0,174.0,0.897,56.0,187.0,243.0,201.0,65.0,45.0,78.0,115.0,965.0,0.0,,2023,2022-23
20.0,Mikal Bridges,26.0,BRK,SG,27.0,27.0,923.0,239.0,503.0,0.475,68.0,181.0,0.376,171.0,322.0,0.531,0.543,160.0,179.0,0.894,23.0,98.0,121.0,72.0,26.0,16.0,49.0,44.0,706.0,0.0,,2023,2022-23
21.0,Stephen Curry,34.0,GSW,PG,56.0,56.0,1941.0,559.0,1133.0,0.493,273.0,639.0,0.427,286.0,494.0,0.579,0.614,257.0,281.0,0.915,39.0,302.0,341.0,352.0,52.0,20.0,179.0,117.0,1648.0,1.0,"MVP-9,CPOY-9,AS,NBA2",2023,2022-23
22.0,Jalen Brunson,26.0,NYK,PG,68.0,68.0,2379.0,587.0,1195.0,0.491,134.0,322.0,0.416,453.0,873.0,0.519,0.547,325.0,392.0,0.829,40.0,201.0,241.0,421.0,61.0,15.0,142.0,152.0,1633.0,0.0,"MVP-12,CPOY-4",2023,2022-23
23.0,Kyrie Irving,30.0,2TM,SG,60.0,60.0,2241.0,594.0,1203.0,0.494,188.0,496.0,0.379,406.0,707.0,0.574,0.572,247.0,273.0,0.905,59.0,245.0,304.0,331.0,66.0,45.0,128.0,165.0,1623.0,0.0,"CPOY-12,AS",2023,2022-23
23.0,Kyrie Irving,30.0,BRK,PG,40.0,40.0,1478.0,398.0,819.0,0.486,130.0,348.0,0.374,268.0,471.0,0.569,0.565,158.0,179.0,0.883,38.0,166.0,204.0,211.0,41.0,33.0,91.0,109.0,1084.0,0.0,,2023,2022-23
23.0,Kyrie Irving,30.0,DAL,SG,20.0,20.0,763.0,196.0,384.0,0.51,58.0,148.0,0.392,138.0,236.0,0.585,0.586,89.0,94.0,0.947,21.0,79.0,100.0,120.0,25.0,12.0,37.0,56.0,539.0,0.0,,2023,2022-23
24.0,Ja Morant,23.0,MEM,PG,61.0,59.0,1948.0,566.0,1214.0,0.466,92.0,300.0,0.307,474.0,914.0,0.519,0.504,372.0,497.0,0.748,61.0,296.0,357.0,493.0,66.0,16.0,206.0,100.0,1596.0,7.0,"MVP-12,AS",2023,2022-23
25.0,LeBron James,38.0,LAL,PF,55.0,54.0,1954.0,609.0,1219.0,0.5,121.0,377.0,0.321,488.0,842.0,0.58,0.549,251.0,327.0,0.768,65.0,392.0,457.0,375.0,50.0,32.0,178.0,88.0,1590.0,2.0,"AS,NBA3",2023,2022-23
26.0,CJ McCollum,31.0,NOP,PG,75.0,75.0,2649.0,587.0,1344.0,0.437,211.0,543.0,0.389,376.0,801.0,0.469,0.515,183.0,238.0,0.769,55.0,273.0,328.0,429.0,70.0,38.0,183.0,153.0,1568.0,0.0,,2023,2022-23
27.0,Bam Adebayo,25.0,MIA,C,75.0,75.0,2598.0,602.0,1114.0,0.54,1.0,12.0,0.083,601.0,1102.0,0.545,0.541,324.0,402.0,0.806,184.0,504.0,688.0,240.0,88.0,61.0,187.0,208.0,1529.0,0.0,"DPOY-5,AS,DEF2",2023,2022-23
28.0,Dejounte Murray,26.0,ATL,SG,74.0,74.0,2693.0,612.0,1319.0,0.464,133.0,387.0,0.344,479.0,932.0,0.514,0.514,158.0,190.0,0.832,53.0,336.0,389.0,448.0,112.0,19.0,160.0,106.0,1515.0,1.0,,2023,2022-23
29.0,Domantas Sabonis,26.0,SAC,C,79.0,79.0,2736.0,577.0,938.0,0.615,31.0,83.0,0.373,546.0,855.0,0.639,0.632,325.0,438.0,0.742,251.0,722.0,973.0,573.0,65.0,39.0,230.0,279.0,1510.0,14.0,"MVP-7,AS,NBA3",2023,2022-23
30.0,Klay Thompson,32.0,GSW,SF,69.0,69.0,2279.0,546.0,1252.0,0.436,301.0,731.0,0.412,245.0,521.0,0.47,0.556,116.0,132.0,0.879,39.0,247.0,286.0,163.0,49.0,29.0,123.0,130.0,1509.0,0.0,,2023,2022-23
31.0,Kristaps Porziņģis,27.0,WAS,C,65.0,65.0,2120.0,507.0,1018.0,0.498,137.0,356.0,0.385,370.0,662.0,0.559,0.565,354.0,416.0,0.851,114.0,432.0,546.0,174.0,58.0,100.0,137.0,196.0,1505.0,0.0,,2023,2022-23
32.0,Darius Garland,23.0,CLE,PG,69.0,69.0,2447.0,522.0,1129.0,0.462,169.0,412.0,0.41,353.0,717.0,0.492,0.537,277.0,321.0,0.863,28.0,157.0,185.0,538.0,85.0,9.0,199.0,148.0,1490.0,0.0,,2023,2022-23
33.0,Franz Wagner,21.0,ORL,SF,80.0,80.0,2609.0,542.0,1118.0,0.485,130.0,360.0,0.361,412.0,758.0,0.544,0.543,271.0,322.0,0.842,70.0,259.0,329.0,283.0,77.0,17.0,167.0,183.0,1485.0,0.0,,2023,2022-23
34.0,Devin Booker,26.0,PHO,SG,53.0,53.0,1835.0,527.0,1067.0,0.494,111.0,316.0,0.351,416.0,751.0,0.554,0.546,306.0,358.0,0.855,46.0,194.0,240.0,293.0,51.0,18.0,145.0,159.0,1471.0,0.0,,2023,2022-23
35.0,Jimmy Butler,33.0,MIA,PF,64.0,64.0,2138.0,479.0,888.0,0.539,36.0,103.0,0.35,443.0,785.0,0.564,0.56,472.0,555.0,0.85,141.0,234.0,375.0,340.0,117.0,21.0,101.0,80.0,1466.0,0.0,"MVP-10,DPOY-12,CPOY-2,NBA2",2023,2022-23
36.0,Anthony Davis,29.0,LAL,C,56.0,54.0,1904.0,542.0,962.0,0.563,19.0,74.0,0.257,523.0,888.0,0.589,0.573,348.0,444.0,0.784,195.0,507.0,702.0,148.0,59.0,114.0,122.0,146.0,1451.0,0.0,,2023,2022-23
37.0,Nikola Vučević,32.0,CHI,C,82.0,82.0,2746.0,597.0,1148.0,0.52,121.0,347.0,0.349,476.0,801.0,0.594,0.573,132.0,158.0,0.835,159.0,744.0,903.0,265.0,60.0,57.0,139.0,179.0,1447.0,1.0,,2023,2022-23
38.0,Paolo Banchero,20.0,ORL,PF,72.0,72.0,2430.0,479.0,1122.0,0.427,85.0,285.0,0.298,394.0,837.0,0.471,0.465,394.0,534.0,0.738,84.0,413.0,497.0,269.0,60.0,39.0,200.0,160.0,1437.0,0.0,ROY-1,2023,2022-23
39.0,RJ Barrett,22.0,NYK,SG,73.0,73.0,2475.0,510.0,1176.0,0.434,121.0,390.0,0.31,389.0,786.0,0.495,0.485,290.0,392.0,0.74,60.0,308.0,368.0,201.0,31.0,15.0,164.0,179.0,1431.0,0.0,,2023,2022-23
40.0,Keldon Johnson,23.0,SAS,SF,63.0,63.0,2063.0,503.0,1113.0,0.452,134.0,407.0,0.329,369.0,706.0,0.523,0.512,245.0,327.0,0.749,56.0,262.0,318.0,183.0,46.0,11.0,134.0,125.0,1385.0,0.0,,2023,2022-23
41.0,Spencer Dinwiddie,29.0,2TM,SG,79.0,79.0,2725.0,460.0,1050.0,0.438,181.0,490.0,0.369,279.0,560.0,0.498,0.524,268.0,330.0,0.812,28.0,242.0,270.0,515.0,67.0,24.0,145.0,187.0,1369.0,0.0,,2023,2022-23
41.0,Spencer Dinwiddie,29.0,DAL,SG,53.0,53.0,1808.0,316.0,694.0,0.455,138.0,341.0,0.405,178.0,353.0,0.504,0.555,170.0,207.0,0.821,19.0,144.0,163.0,279.0,39.0,16.0,90.0,124.0,940.0,0.0,,2023,2022-23
41.0,Spencer Dinwiddie,29.0,BRK,PG,26.0,26.0,917.0,144.0,356.0,0.404,43.0,149.0,0.289,101.0,207.0,0.488,0.465,98.0,123.0,0.797,9.0,98.0,107.0,236.0,28.0,8.0,55.0,63.0,429.0,0.0,,2023,2022-23
42.0,Kevin Durant,34.0,2TM,PF,47.0,47.0,1672.0,483.0,862.0,0.56,93.0,230.0,0.404,390.0,632.0,0.617,0.614,307.0,334.0,0.919,17.0,296.0,313.0,235.0,34.0,67.0,156.0,99.0,1366.0,1.0,AS,2023,2022-23
42.0,Kevin Durant,34.0,BRK,PF,39.0,39.0,1403.0,410.0,734.0,0.559,71.0,189.0,0.376,339.0,545.0,0.622,0.607,267.0,286.0,0.934,14.0,248.0,262.0,207.0,32.0,57.0,136.0,92.0,1158.0,1.0,,2023,2022-23
42.0,Kevin Durant,34.0,PHO,PF,8.0,8.0,269.0,73.0,128.0,0.57,22.0,41.0,0.537,51.0,87.0,0.586,0.656,40.0,48.0,0.833,3.0,48.0,51.0,28.0,2.0,10.0,20.0,7.0,208.0,0.0,,2023,2022-23
43.0,Kyle Kuzma,27.0,WAS,PF,64.0,64.0,2239.0,512.0,1142.0,0.448,160.0,481.0,0.333,352.0,661.0,0.533,0.518,173.0,237.0,0.73,55.0,408.0,463.0,239.0,36.0,29.0,190.0,145.0,1357.0,1.0,,2023,2022-23
44.0,Tyler Herro,23.0,MIA,SG,67.0,67.0,2337.0,487.0,1109.0,0.439,203.0,537.0,0.378,284.0,572.0,0.497,0.531,170.0,182.0,0.934,27.0,333.0,360.0,280.0,51.0,16.0,158.0,101.0,1347.0,1.0,,2023,2022-23
45.0,Buddy Hield,30.0,IND,SF,80.0,73.0,2482.0,475.0,1038.0,0.458,288.0,677.0,0.425,187.0,361.0,0.518,0.596,106.0,129.0,0.822,67.0,333.0,400.0,225.0,92.0,26.0,139.0,156.0,1344.0,0.0,,2023,2022-23
46.0,Fred VanVleet,28.0,TOR,PG,69.0,69.0,2535.0,437.0,1112.0,0.393,207.0,606.0,0.342,230.0,506.0,0.455,0.486,254.0,283.0,0.898,30.0,250.0,280.0,495.0,123.0,38.0,140.0,193.0,1335.0,1.0,,2023,2022-23
47.0,Paul George,32.0,LAC,SF,56.0,56.0,1939.0,459.0,1004.0,0.457,158.0,426.0,0.371,301.0,578.0,0.521,0.536,256.0,294.0,0.871,45.0,297.0,342.0,288.0,83.0,20.0,176.0,159.0,1332.0,1.0,AS,2023,2022-23
48.0,Terry Rozier,28.0,CHO,SG,63.0,63.0,2221.0,493.0,1188.0,0.415,165.0,505.0,0.327,328.0,683.0,0.48,0.484,178.0,220.0,0.809,51.0,208.0,259.0,319.0,74.0,16.0,134.0,119.0,1329.0,0.0,,2023,2022-23
49.0,Anfernee Simons,23.0,POR,SG,62.0,62.0,2171.0,467.0,1045.0,0.447,212.0,562.0,0.377,255.0,483.0,0.528,0.548,160.0,179.0,0.894,18.0,143.0,161.0,253.0,42.0,14.0,128.0,142.0,1306.0,0.0,,2023,2022-23
50.0,Bennedict Mathurin,20.0,IND,SG,78.0,17.0,2222.0,413.0,951.0,0.434,100.0,310.0,0.323,313.0,641.0,0.488,0.487,376.0,454.0,0.828,87.0,231.0,318.0,116.0,48.0,13.0,152.0,162.0,1302.0,0.0,"ROY-4,6MOY-8",2023,2022-23
51.0,Jamal Murray,25.0,DEN,PG,65.0,65.0,2133.0,473.0,1041.0,0.454,172.0,432.0,0.398,301.0,609.0,0.494,0.537,180.0,216.0,0.833,48.0,209.0,257.0,400.0,66.0,16.0,145.0,103.0,1298.0,1.0,,2023,2022-23
52.0,Jerami Grant,28.0,POR,PF,63.0,63.0,2246.0,434.0,913.0,0.475,144.0,359.0,0.401,290.0,554.0,0.523,0.554,278.0,342.0,0.813,53.0,230.0,283.0,150.0,51.0,53.0,116.0,152.0,1290.0,0.0,,2023,2022-23
53.0,Jrue Holiday,32.0,MIL,PG,67.0,65.0,2183.0,490.0,1023.0,0.479,158.0,411.0,0.384,332.0,612.0,0.542,0.556,152.0,177.0,0.859,79.0,262.0,341.0,495.0,79.0,25.0,197.0,116.0,1290.0,0.0,"DPOY-7,AS,DEF1",2023,2022-23
54.0,Evan Mobley,21.0,CLE,PF,79.0,79.0,2715.0,525.0,947.0,0.554,22.0,102.0,0.216,503.0,845.0,0.595,0.566,205.0,304.0,0.674,187.0,524.0,711.0,224.0,60.0,119.0,146.0,218.0,1277.0,0.0,"DPOY-3,DEF1",2023,2022-23
55.0,Bojan Bogdanović,33.0,DET,PF,59.0,59.0,1893.0,430.0,882.0,0.488,145.0,353.0,0.411,285.0,529.0,0.539,0.57,268.0,303.0,0.884,36.0,187.0,223.0,152.0,34.0,8.0,135.0,113.0,1273.0,0.0,,2023,2022-23
56.0,Jordan Clarkson,30.0,UTA,SG,61.0,61.0,1988.0,458.0,1031.0,0.444,155.0,459.0,0.338,303.0,572.0,0.53,0.519,200.0,245.0,0.816,72.0,174.0,246.0,270.0,33.0,13.0,186.0,120.0,1271.0,0.0,,2023,2022-23
57.0,D'Angelo Russell,26.0,2TM,PG,71.0,71.0,2304.0,445.0,948.0,0.469,194.0,490.0,0.396,251.0,458.0,0.548,0.572,179.0,216.0,0.829,35.0,180.0,215.0,437.0,70.0,29.0,186.0,140.0,1263.0,0.0,,2023,2022-23
57.0,D'Angelo Russell,26.0,MIN,PG,54.0,54.0,1778.0,338.0,727.0,0.465,148.0,379.0,0.391,190.0,348.0,0.546,0.567,143.0,167.0,0.856,28.0,137.0,165.0,334.0,60.0,21.0,147.0,117.0,967.0,0.0,,2023,2022-23
57.0,D'Angelo Russell,26.0,LAL,PG,17.0,17.0,526.0,107.0,221.0,0.484,46.0,111.0,0.414,61.0,110.0,0.555,0.588,36.0,49.0,0.735,7.0,43.0,50.0,103.0,10.0,8.0,39.0,23.0,296.0,0.0,,2023,2022-23
58.0,Josh Giddey,20.0,OKC,PF,76.0,76.0,2367.0,539.0,1118.0,0.482,76.0,234.0,0.325,463.0,884.0,0.524,0.516,106.0,145.0,0.731,148.0,451.0,599.0,469.0,57.0,31.0,211.0,143.0,1260.0,4.0,,2023,2022-23
59.0,Desmond Bane,24.0,MEM,SG,58.0,58.0,1841.0,450.0,939.0,0.479,166.0,407.0,0.408,284.0,532.0,0.534,0.568,181.0,205.0,0.883,43.0,248.0,291.0,254.0,56.0,22.0,126.0,150.0,1247.0,0.0,,2023,2022-23
60.0,Kawhi Leonard,31.0,LAC,SF,52.0,50.0,1748.0,446.0,871.0,0.512,104.0,250.0,0.416,342.0,621.0,0.551,0.572,243.0,279.0,0.871,57.0,281.0,338.0,204.0,72.0,28.0,88.0,84.0,1239.0,0.0,,2023,2022-23
61.0,Brook Lopez,34.0,MIL,C,78.0,78.0,2373.0,477.0,899.0,0.531,136.0,364.0,0.374,341.0,535.0,0.637,0.606,149.0,190.0,0.784,157.0,363.0,520.0,99.0,37.0,193.0,107.0,203.0,1239.0,0.0,"DPOY-2,DEF1",2023,2022-23
62.0,Harrison Barnes,30.0,SAC,PF,82.0,82.0,2662.0,374.0,791.0,0.473,132.0,353.0,0.374,242.0,438.0,0.553,0.556,350.0,413.0,0.847,87.0,279.0,366.0,128.0,57.0,10.0,86.0,103.0,1230.0,0.0,,2023,2022-23
63.0,Tyrese Maxey,22.0,PHI,SG,60.0,41.0,2016.0,439.0,913.0,0.481,160.0,369.0,0.434,279.0,544.0,0.513,0.568,180.0,213.0,0.845,23.0,153.0,176.0,212.0,49.0,8.0,80.0,132.0,1218.0,0.0,,2023,2022-23
64.0,James Harden,33.0,PHI,PG,58.0,58.0,2135.0,371.0,842.0,0.441,161.0,418.0,0.385,210.0,424.0,0.495,0.536,313.0,361.0,0.867,40.0,314.0,354.0,618.0,71.0,31.0,195.0,112.0,1216.0,5.0,,2023,2022-23
65.0,Immanuel Quickley,23.0,NYK,SG,81.0,21.0,2344.0,419.0,936.0,0.448,168.0,454.0,0.37,251.0,482.0,0.521,0.537,203.0,248.0,0.819,58.0,279.0,337.0,279.0,80.0,14.0,100.0,166.0,1209.0,0.0,6MOY-2,2023,2022-23
66.0,Jaden Ivey,20.0,DET,SG,74.0,73.0,2304.0,409.0,983.0,0.416,120.0,350.0,0.343,289.0,633.0,0.457,0.477,266.0,356.0,0.747,73.0,215.0,288.0,387.0,61.0,17.0,237.0,242.0,1204.0,0.0,ROY-6,2023,2022-23
67.0,Deandre Ayton,24.0,PHO,C,67.0,67.0,2035.0,522.0,887.0,0.589,7.0,24.0,0.292,515.0,863.0,0.597,0.592,152.0,200.0,0.76,172.0,495.0,667.0,115.0,37.0,53.0,120.0,190.0,1203.0,0.0,,2023,2022-23
68.0,Scottie Barnes,21.0,TOR,SF,77.0,76.0,2678.0,463.0,1016.0,0.456,63.0,224.0,0.281,400.0,792.0,0.505,0.487,190.0,246.0,0.772,179.0,333.0,512.0,371.0,83.0,61.0,154.0,170.0,1179.0,1.0,,2023,2022-23
69.0,Jaren Jackson Jr.,23.0,MEM,C,63.0,63.0,1787.0,416.0,822.0,0.506,100.0,282.0,0.355,316.0,540.0,0.585,0.567,241.0,306.0,0.788,108.0,318.0,426.0,60.0,65.0,189.0,107.0,227.0,1173.0,0.0,"DPOY-1,AS,DEF1",2023,2022-23
70.0,Bradley Beal,29.0,WAS,SG,50.0,50.0,1673.0,444.0,878.0,0.506,80.0,219.0,0.365,364.0,659.0,0.552,0.551,192.0,228.0,0.842,41.0,155.0,196.0,271.0,45.0,33.0,145.0,107.0,1160.0,0.0,,2023,2022-23
71.0,Tyrese Haliburton,22.0,IND,PG,56.0,56.0,1883.0,412.0,841.0,0.49,161.0,402.0,0.4,251.0,439.0,0.572,0.586,175.0,201.0,0.871,33.0,172.0,205.0,585.0,91.0,25.0,141.0,69.0,1160.0,0.0,AS,2023,2022-23
72.0,Russell Westbrook,34.0,2TM,PG,73.0,24.0,2126.0,432.0,991.0,0.436,89.0,286.0,0.311,343.0,705.0,0.487,0.481,206.0,314.0,0.656,89.0,334.0,423.0,551.0,76.0,33.0,255.0,162.0,1159.0,4.0,6MOY-9,2023,2022-23
72.0,Russell Westbrook,34.0,LAL,PG,52.0,3.0,1491.0,304.0,729.0,0.417,63.0,213.0,0.296,241.0,516.0,0.467,0.46,156.0,238.0,0.655,59.0,262.0,321.0,391.0,53.0,23.0,184.0,121.0,827.0,4.0,,2023,2022-23
72.0,Russell Westbrook,34.0,LAC,PG,21.0,21.0,635.0,128.0,262.0,0.489,26.0,73.0,0.356,102.0,189.0,0.54,0.538,50.0,76.0,0.658,30.0,72.0,102.0,160.0,23.0,10.0,71.0,41.0,332.0,0.0,,2023,2022-23
73.0,Trey Murphy III,22.0,NOP,SF,79.0,65.0,2448.0,387.0,800.0,0.484,202.0,497.0,0.406,185.0,303.0,0.611,0.61,172.0,190.0,0.905,59.0,222.0,281.0,112.0,89.0,43.0,61.0,155.0,1148.0,0.0,,2023,2022-23
74.0,Gary Trent Jr.,24.0,TOR,SG,66.0,44.0,2118.0,405.0,935.0,0.433,166.0,450.0,0.369,239.0,485.0,0.493,0.522,172.0,205.0,0.839,30.0,143.0,173.0,106.0,104.0,14.0,55.0,102.0,1148.0,0.0,,2023,2022-23
75.0,P.J. Washington,24.0,CHO,PF,73.0,73.0,2380.0,434.0,978.0,0.444,149.0,428.0,0.348,285.0,550.0,0.518,0.52,127.0,174.0,0.73,73.0,285.0,358.0,175.0,66.0,79.0,110.0,193.0,1144.0,0.0,,2023,2022-23
76.0,Kevin Huerter,24.0,SAC,SG,75.0,75.0,2203.0,420.0,866.0,0.485,205.0,510.0,0.402,215.0,356.0,0.604,0.603,95.0,131.0,0.725,42.0,209.0,251.0,221.0,80.0,24.0,97.0,181.0,1140.0,0.0,,2023,2022-23
77.0,Kevin Porter Jr.,22.0,HOU,PG,59.0,59.0,2024.0,391.0,884.0,0.442,141.0,385.0,0.366,250.0,499.0,0.501,0.522,207.0,264.0,0.784,76.0,238.0,314.0,338.0,82.0,17.0,188.0,156.0,1130.0,1.0,,2023,2022-23
78.0,OG Anunoby,25.0,TOR,SF,67.0,67.0,2386.0,421.0,885.0,0.476,142.0,367.0,0.387,279.0,518.0,0.539,0.556,140.0,167.0,0.838,95.0,237.0,332.0,131.0,128.0,50.0,132.0,200.0,1124.0,0.0,"DPOY-7,DEF2",2023,2022-23
79.0,Jonas Valančiūnas,30.0,NOP,C,79.0,79.0,1968.0,446.0,816.0,0.547,38.0,109.0,0.349,408.0,707.0,0.577,0.57,185.0,224.0,0.826,225.0,579.0,804.0,140.0,20.0,52.0,159.0,245.0,1115.0,0.0,,2023,2022-23
80.0,Christian Wood,27.0,DAL,C,67.0,17.0,1738.0,396.0,769.0,0.515,105.0,279.0,0.376,291.0,490.0,0.594,0.583,217.0,281.0,0.772,87.0,404.0,491.0,121.0,30.0,72.0,121.0,169.0,1114.0,0.0,6MOY-9,2023,2022-23
81.0,Myles Turner,26.0,IND,C,62.0,62.0,1825.0,402.0,733.0,0.548,93.0,249.0,0.373,309.0,484.0,0.638,0.612,216.0,276.0,0.783,88.0,378.0,466.0,89.0,36.0,140.0,103.0,215.0,1113.0,0.0,,2023,2022-23
82.0,Brandon Ingram,25.0,NOP,SF,45.0,45.0,1538.0,404.0,835.0,0.484,64.0,164.0,0.39,340.0,671.0,0.507,0.522,240.0,272.0,0.882,23.0,223.0,246.0,262.0,32.0,19.0,148.0,116.0,1112.0,2.0,,2023,2022-23
83.0,Aaron Gordon,27.0,DEN,PF,68.0,68.0,2055.0,429.0,761.0,0.564,60.0,173.0,0.347,369.0,588.0,0.628,0.603,191.0,314.0,0.608,164.0,282.0,446.0,203.0,54.0,51.0,98.0,129.0,1109.0,0.0,,2023,2022-23
84.0,Alperen Şengün,20.0,HOU,C,75.0,72.0,2171.0,442.0,799.0,0.553,19.0,57.0,0.333,423.0,742.0,0.57,0.565,206.0,288.0,0.715,242.0,436.0,678.0,291.0,70.0,70.0,193.0,258.0,1109.0,2.0,,2023,2022-23
85.0,Tobias Harris,30.0,PHI,SF,74.0,74.0,2436.0,423.0,845.0,0.501,126.0,324.0,0.389,297.0,521.0,0.57,0.575,113.0,129.0,0.876,67.0,357.0,424.0,186.0,68.0,40.0,89.0,149.0,1085.0,0.0,,2023,2022-23
86.0,Michael Porter Jr.,24.0,DEN,SF,62.0,62.0,1798.0,398.0,817.0,0.487,188.0,454.0,0.414,210.0,363.0,0.579,0.602,96.0,120.0,0.8,64.0,277.0,341.0,65.0,37.0,29.0,68.0,119.0,1080.0,0.0,,2023,2022-23
87.0,Saddiq Bey,23.0,2TM,SF,77.0,37.0,2129.0,353.0,836.0,0.422,151.0,418.0,0.361,202.0,418.0,0.483,0.513,205.0,238.0,0.861,98.0,264.0,362.0,118.0,70.0,13.0,71.0,123.0,1062.0,0.0,,2023,2022-23
87.0,Saddiq Bey,23.0,DET,SF,52.0,30.0,1500.0,245.0,606.0,0.404,101.0,293.0,0.345,144.0,313.0,0.46,0.488,180.0,209.0,0.861,59.0,183.0,242.0,84.0,50.0,12.0,54.0,86.0,771.0,0.0,,2023,2022-23
87.0,Saddiq Bey,23.0,ATL,SF,25.0,7.0,629.0,108.0,230.0,0.47,50.0,125.0,0.4,58.0,105.0,0.552,0.578,25.0,29.0,0.862,39.0,81.0,120.0,34.0,20.0,1.0,17.0,37.0,291.0,0.0,,2023,2022-23
88.0,Jalen Williams,21.0,OKC,SG,75.0,62.0,2276.0,414.0,794.0,0.521,73.0,205.0,0.356,341.0,589.0,0.579,0.567,155.0,191.0,0.812,84.0,253.0,337.0,248.0,103.0,35.0,123.0,191.0,1056.0,0.0,ROY-2,2023,2022-23
89.0,Dillon Brooks,27.0,MEM,SF,73.0,73.0,2214.0,392.0,991.0,0.396,143.0,439.0,0.326,249.0,552.0,0.451,0.468,120.0,154.0,0.779,45.0,199.0,244.0,189.0,65.0,16.0,104.0,240.0,1047.0,0.0,DEF2,2023,2022-23
90.0,Malik Monk,24.0,SAC,SG,77.0,0.0,1719.0,357.0,796.0,0.448,143.0,398.0,0.359,214.0,398.0,0.538,0.538,184.0,207.0,0.889,32.0,171.0,203.0,298.0,49.0,20.0,146.0,125.0,1041.0,0.0,6MOY-5,2023,2022-23
91.0,KJ Martin,22.0,HOU,SF,82.0,49.0,2292.0,410.0,720.0,0.569,68.0,216.0,0.315,342.0,504.0,0.679,0.617,151.0,222.0,0.68,126.0,326.0,452.0,123.0,41.0,30.0,91.0,147.0,1039.0,0.0,,2023,2022-23
92.0,De'Andre Hunter,25.0,ATL,SF,67.0,67.0,2126.0,379.0,822.0,0.461,100.0,286.0,0.35,279.0,536.0,0.521,0.522,171.0,207.0,0.826,46.0,238.0,284.0,94.0,35.0,17.0,82.0,199.0,1029.0,0.0,,2023,2022-23
93.0,Malik Beasley,26.0,2TM,SG,81.0,27.0,2093.0,370.0,937.0,0.395,235.0,658.0,0.357,135.0,279.0,0.484,0.52,50.0,65.0,0.769,35.0,248.0,283.0,124.0,65.0,9.0,90.0,107.0,1025.0,0.0,,2023,2022-23
93.0,Malik Beasley,26.0,UTA,SG,55.0,13.0,1472.0,265.0,669.0,0.396,169.0,471.0,0.359,96.0,198.0,0.485,0.522,37.0,44.0,0.841,27.0,170.0,197.0,93.0,44.0,8.0,60.0,75.0,736.0,0.0,,2023,2022-23
93.0,Malik Beasley,26.0,LAL,SG,26.0,14.0,621.0,105.0,268.0,0.392,66.0,187.0,0.353,39.0,81.0,0.481,0.515,13.0,21.0,0.619,8.0,78.0,86.0,31.0,21.0,1.0,30.0,32.0,289.0,0.0,,2023,2022-23
94.0,Tim Hardaway Jr.,30.0,DAL,SF,71.0,45.0,2152.0,340.0,847.0,0.401,212.0,550.0,0.385,128.0,297.0,0.431,0.527,127.0,165.0,0.77,21.0,230.0,251.0,129.0,49.0,12.0,60.0,120.0,1019.0,0.0,,2023,2022-23
95.0,Norman Powell,29.0,LAC,SG,60.0,8.0,1567.0,340.0,710.0,0.479,114.0,287.0,0.397,226.0,423.0,0.534,0.559,225.0,277.0,0.812,24.0,151.0,175.0,109.0,50.0,18.0,101.0,125.0,1019.0,0.0,6MOY-4,2023,2022-23
96.0,Derrick White,28.0,BOS,SG,82.0,70.0,2319.0,350.0,758.0,0.462,149.0,391.0,0.381,201.0,367.0,0.548,0.56,168.0,192.0,0.875,52.0,241.0,293.0,321.0,54.0,76.0,95.0,177.0,1017.0,0.0,DEF2,2023,2022-23
97.0,Luguentz Dort,23.0,OKC,SF,74.0,73.0,2272.0,339.0,873.0,0.388,135.0,409.0,0.33,204.0,464.0,0.44,0.466,200.0,259.0,0.772,128.0,216.0,344.0,154.0,75.0,23.0,92.0,243.0,1013.0,0.0,,2023,2022-23
98.0,Jabari Smith Jr.,19.0,HOU,PF,79.0,79.0,2451.0,364.0,892.0,0.408,120.0,391.0,0.307,244.0,501.0,0.487,0.475,162.0,206.0,0.786,122.0,447.0,569.0,101.0,43.0,74.0,104.0,227.0,1010.0,0.0,,2023,2022-23
99.0,Malcolm Brogdon,30.0,BOS,PG,67.0,0.0,1744.0,354.0,732.0,0.484,132.0,297.0,0.444,222.0,435.0,0.51,0.574,160.0,184.0,0.87,42.0,238.0,280.0,248.0,45.0,18.0,98.0,109.0,1000.0,0.0,6MOY-1,2023,2022-23
100.0,Bobby Portis,27.0,MIL,PF,70.0,22.0,1818.0,398.0,803.0,0.496,95.0,257.0,0.37,303.0,546.0,0.555,0.555,96.0,125.0,0.768,154.0,518.0,672.0,105.0,29.0,16.0,81.0,115.0,987.0,0.0,6MOY-3,2023,2022-23
101.0,Keegan Murray,22.0,SAC,SF,80.0,78.0,2382.0,354.0,782.0,0.453,206.0,501.0,0.411,148.0,281.0,0.527,0.584,62.0,81.0,0.765,89.0,282.0,371.0,98.0,61.0,42.0,60.0,162.0,976.0,0.0,ROY-5,2023,2022-23
102.0,Kelly Oubre Jr.,27.0,CHO,SF,48.0,40.0,1548.0,353.0,819.0,0.431,108.0,339.0,0.319,245.0,480.0,0.51,0.497,158.0,208.0,0.76,65.0,184.0,249.0,54.0,68.0,18.0,64.0,141.0,972.0,0.0,,2023,2022-23
103.0,Jarrett Allen,24.0,CLE,C,68.0,68.0,2220.0,403.0,626.0,0.644,1.0,10.0,0.1,402.0,616.0,0.653,0.645,162.0,221.0,0.733,221.0,445.0,666.0,113.0,54.0,84.0,93.0,153.0,969.0,0.0,,2023,2022-23
104.0,Nic Claxton,23.0,BRK,C,76.0,76.0,2271.0,414.0,587.0,0.705,0.0,2.0,0.0,414.0,585.0,0.708,0.705,133.0,246.0,0.541,184.0,518.0,702.0,144.0,65.0,189.0,96.0,212.0,961.0,0.0,DPOY-9,2023,2022-23
105.0,Jaden McDaniels,22.0,MIN,SF,79.0,79.0,2416.0,370.0,716.0,0.517,107.0,269.0,0.398,263.0,447.0,0.588,0.591,106.0,144.0,0.736,92.0,215.0,307.0,148.0,74.0,76.0,112.0,272.0,953.0,0.0,,2023,2022-23
106.0,Rudy Gobert,30.0,MIN,C,70.0,70.0,2148.0,360.0,546.0,0.659,0.0,3.0,0.0,360.0,543.0,0.663,0.659,219.0,340.0,0.644,231.0,583.0,814.0,87.0,56.0,95.0,122.0,210.0,939.0,0.0,,2023,2022-23
107.0,John Collins,25.0,ATL,PF,71.0,71.0,2130.0,359.0,707.0,0.508,70.0,240.0,0.292,289.0,467.0,0.619,0.557,143.0,178.0,0.803,77.0,385.0,462.0,85.0,42.0,73.0,79.0,220.0,931.0,0.0,,2023,2022-23
108.0,Bruce Brown,26.0,DEN,SF,80.0,31.0,2280.0,358.0,741.0,0.483,91.0,254.0,0.358,267.0,487.0,0.548,0.545,116.0,153.0,0.758,63.0,265.0,328.0,268.0,87.0,51.0,123.0,190.0,923.0,1.0,,2023,2022-23
109.0,Max Strus,26.0,MIA,SF,80.0,33.0,2272.0,324.0,790.0,0.41,197.0,563.0,0.35,127.0,227.0,0.559,0.535,78.0,89.0,0.876,49.0,209.0,258.0,171.0,42.0,12.0,70.0,166.0,923.0,0.0,,2023,2022-23
110.0,Caris LeVert,28.0,CLE,SG,74.0,30.0,2237.0,320.0,742.0,0.431,127.0,324.0,0.392,193.0,418.0,0.462,0.517,130.0,180.0,0.722,53.0,229.0,282.0,287.0,72.0,24.0,116.0,170.0,897.0,0.0,,2023,2022-23
111.0,Jakob Poeltl,27.0,2TM,C,72.0,71.0,1906.0,389.0,618.0,0.629,0.0,1.0,0.0,389.0,617.0,0.63,0.629,119.0,201.0,0.592,236.0,417.0,653.0,197.0,66.0,86.0,125.0,195.0,897.0,0.0,,2023,2022-23
111.0,Jakob Poeltl,27.0,SAS,C,46.0,46.0,1199.0,239.0,388.0,0.616,0.0,1.0,0.0,239.0,387.0,0.618,0.616,78.0,129.0,0.605,152.0,264.0,416.0,141.0,36.0,52.0,96.0,118.0,556.0,0.0,,2023,2022-23
111.0,Jakob Poeltl,27.0,TOR,C,26.0,25.0,707.0,150.0,230.0,0.652,0.0,0.0,,150.0,230.0,0.652,0.652,41.0,72.0,0.569,84.0,153.0,237.0,56.0,30.0,34.0,29.0,77.0,341.0,0.0,,2023,2022-23
112.0,Tre Jones,23.0,SAS,PG,68.0,65.0,1984.0,341.0,743.0,0.459,45.0,158.0,0.285,296.0,585.0,0.506,0.489,148.0,172.0,0.86,56.0,189.0,245.0,448.0,89.0,9.0,110.0,98.0,875.0,2.0,,2023,2022-23
113.0,Wendell Carter Jr.,23.0,ORL,C,57.0,54.0,1690.0,322.0,613.0,0.525,80.0,225.0,0.356,242.0,388.0,0.624,0.591,144.0,195.0,0.738,120.0,377.0,497.0,132.0,30.0,33.0,106.0,159.0,868.0,0.0,,2023,2022-23
114.0,Mason Plumlee,32.0,2TM,C,79.0,60.0,2054.0,329.0,484.0,0.68,0.0,0.0,,329.0,484.0,0.68,0.68,199.0,313.0,0.636,229.0,471.0,700.0,245.0,46.0,47.0,117.0,217.0,857.0,0.0,,2023,2022-23
114.0,Mason Plumlee,32.0,CHO,C,56.0,56.0,1597.0,265.0,396.0,0.669,0.0,0.0,,265.0,396.0,0.669,0.669,155.0,256.0,0.605,187.0,354.0,541.0,205.0,35.0,35.0,87.0,161.0,685.0,0.0,,2023,2022-23
114.0,Mason Plumlee,32.0,LAC,C,23.0,4.0,457.0,64.0,88.0,0.727,0.0,0.0,,64.0,88.0,0.727,0.727,44.0,57.0,0.772,42.0,117.0,159.0,40.0,11.0,12.0,30.0,56.0,172.0,0.0,,2023,2022-23
115.0,Eric Gordon,34.0,2TM,SG,69.0,58.0,1965.0,291.0,653.0,0.446,132.0,356.0,0.371,159.0,297.0,0.535,0.547,142.0,173.0,0.821,16.0,118.0,134.0,183.0,43.0,25.0,104.0,78.0,856.0,0.0,,2023,2022-23
115.0,Eric Gordon,34.0,HOU,SG,47.0,47.0,1418.0,210.0,478.0,0.439,85.0,245.0,0.347,125.0,233.0,0.536,0.528,110.0,135.0,0.815,12.0,85.0,97.0,136.0,30.0,17.0,83.0,45.0,615.0,0.0,,2023,2022-23
115.0,Eric Gordon,34.0,LAC,SG,22.0,11.0,547.0,81.0,175.0,0.463,47.0,111.0,0.423,34.0,64.0,0.531,0.597,32.0,38.0,0.842,4.0,33.0,37.0,47.0,13.0,8.0,21.0,33.0,241.0,0.0,,2023,2022-23
116.0,Kelly Olynyk,31.0,UTA,C,68.0,68.0,1942.0,278.0,557.0,0.499,93.0,236.0,0.394,185.0,321.0,0.576,0.583,198.0,232.0,0.853,82.0,338.0,420.0,252.0,60.0,37.0,168.0,232.0,847.0,0.0,,2023,2022-23
117.0,LaMelo Ball,21.0,CHO,PG,36.0,36.0,1268.0,296.0,721.0,0.411,144.0,383.0,0.376,152.0,338.0,0.45,0.51,102.0,122.0,0.836,42.0,189.0,231.0,304.0,46.0,11.0,129.0,118.0,838.0,3.0,,2023,2022-23
118.0,Markelle Fultz,24.0,ORL,PG,60.0,60.0,1778.0,349.0,679.0,0.514,27.0,87.0,0.31,322.0,592.0,0.544,0.534,112.0,143.0,0.783,69.0,165.0,234.0,341.0,87.0,26.0,139.0,131.0,837.0,0.0,,2023,2022-23
119.0,Austin Reaves,24.0,LAL,SG,64.0,22.0,1843.0,259.0,490.0,0.529,86.0,216.0,0.398,173.0,274.0,0.631,0.616,229.0,265.0,0.864,33.0,160.0,193.0,215.0,33.0,19.0,99.0,108.0,833.0,0.0,6MOY-7,2023,2022-23
120.0,Patrick Williams,21.0,CHI,PF,82.0,65.0,2323.0,314.0,677.0,0.464,115.0,277.0,0.415,199.0,400.0,0.498,0.549,90.0,105.0,0.857,78.0,249.0,327.0,100.0,72.0,70.0,101.0,147.0,833.0,0.0,,2023,2022-23
121.0,Dennis Schröder,29.0,LAL,PG,66.0,50.0,1986.0,270.0,650.0,0.415,74.0,225.0,0.329,196.0,425.0,0.461,0.472,216.0,252.0,0.857,21.0,144.0,165.0,298.0,50.0,10.0,112.0,145.0,830.0,0.0,,2023,2022-23
122.0,Tyus Jones,26.0,MEM,PG,80.0,22.0,1940.0,311.0,710.0,0.438,121.0,326.0,0.371,190.0,384.0,0.495,0.523,80.0,100.0,0.8,28.0,172.0,200.0,417.0,83.0,6.0,74.0,32.0,823.0,1.0,6MOY-6,2023,2022-23
123.0,Kentavious Caldwell-Pope,29.0,DEN,SG,76.0,76.0,2381.0,292.0,632.0,0.462,135.0,319.0,0.423,157.0,313.0,0.502,0.569,103.0,125.0,0.824,35.0,173.0,208.0,183.0,112.0,35.0,86.0,145.0,822.0,0.0,,2023,2022-23
124.0,Corey Kispert,23.0,WAS,SF,74.0,45.0,2093.0,291.0,585.0,0.497,163.0,384.0,0.424,128.0,201.0,0.637,0.637,75.0,88.0,0.852,33.0,174.0,207.0,87.0,32.0,9.0,55.0,97.0,820.0,0.0,,2023,2022-23
125.0,Chris Paul,37.0,PHO,PG,59.0,59.0,1889.0,294.0,668.0,0.44,98.0,261.0,0.375,196.0,407.0,0.482,0.513,133.0,160.0,0.831,27.0,224.0,251.0,524.0,91.0,22.0,114.0,126.0,819.0,0.0,,2023,2022-23
126.0,Ivica Zubac,25.0,LAC,C,76.0,76.0,2170.0,326.0,514.0,0.634,0.0,2.0,0.0,326.0,512.0,0.637,0.634,166.0,238.0,0.697,236.0,520.0,756.0,77.0,29.0,98.0,117.0,219.0,818.0,0.0,,2023,2022-23
127.0,Quentin Grimes,22.0,NYK,SG,71.0,66.0,2121.0,282.0,602.0,0.468,157.0,407.0,0.386,125.0,195.0,0.641,0.599,78.0,98.0,0.796,49.0,180.0,229.0,150.0,47.0,26.0,69.0,177.0,799.0,0.0,,2023,2022-23
128.0,Mike Conley,35.0,2TM,PG,67.0,66.0,2029.0,261.0,610.0,0.428,135.0,351.0,0.385,126.0,259.0,0.486,0.539,141.0,169.0,0.834,33.0,149.0,182.0,450.0,73.0,14.0,103.0,139.0,798.0,0.0,,2023,2022-23
128.0,Mike Conley,35.0,UTA,PG,43.0,42.0,1276.0,153.0,375.0,0.408,77.0,213.0,0.362,76.0,162.0,0.469,0.511,78.0,96.0,0.813,17.0,90.0,107.0,330.0,44.0,10.0,74.0,94.0,461.0,0.0,,2023,2022-23
128.0,Mike Conley,35.0,MIN,PG,24.0,24.0,753.0,108.0,235.0,0.46,58.0,138.0,0.42,50.0,97.0,0.515,0.583,63.0,73.0,0.863,16.0,59.0,75.0,120.0,29.0,4.0,29.0,45.0,337.0,0.0,,2023,2022-23
129.0,Onyeka Okongwu,22.0,ATL,C,80.0,18.0,1849.0,317.0,497.0,0.638,4.0,13.0,0.308,313.0,484.0,0.647,0.642,153.0,196.0,0.781,217.0,359.0,576.0,81.0,56.0,107.0,81.0,251.0,791.0,0.0,,2023,2022-23
130.0,Shaedon Sharpe,19.0,POR,SG,80.0,15.0,1779.0,306.0,648.0,0.472,102.0,283.0,0.36,204.0,365.0,0.559,0.551,75.0,105.0,0.714,63.0,173.0,236.0,94.0,38.0,24.0,83.0,136.0,789.0,0.0,,2023,2022-23
131.0,Killian Hayes,21.0,DET,PG,76.0,56.0,2154.0,307.0,815.0,0.377,80.0,286.0,0.28,227.0,529.0,0.429,0.426,92.0,112.0,0.821,28.0,193.0,221.0,470.0,104.0,28.0,173.0,219.0,786.0,0.0,,2023,2022-23
132.0,Cole Anthony,22.0,ORL,PG,60.0,4.0,1552.0,277.0,610.0,0.454,75.0,206.0,0.364,202.0,404.0,0.5,0.516,152.0,170.0,0.894,47.0,241.0,288.0,235.0,37.0,31.0,91.0,158.0,781.0,0.0,,2023,2022-23
133.0,Naz Reid,23.0,MIN,C,68.0,11.0,1251.0,310.0,577.0,0.537,75.0,217.0,0.346,235.0,360.0,0.653,0.602,86.0,127.0,0.677,73.0,260.0,333.0,77.0,42.0,53.0,92.0,176.0,781.0,0.0,,2023,2022-23
134.0,De'Anthony Melton,24.0,PHI,SG,77.0,58.0,2150.0,277.0,651.0,0.425,157.0,403.0,0.39,120.0,248.0,0.484,0.546,69.0,87.0,0.793,69.0,243.0,312.0,197.0,126.0,41.0,102.0,191.0,780.0,0.0,,2023,2022-23
135.0,Clint Capela,28.0,ATL,C,65.0,63.0,1730.0,350.0,536.0,0.653,0.0,1.0,0.0,350.0,535.0,0.654,0.653,79.0,131.0,0.603,258.0,459.0,717.0,58.0,45.0,79.0,54.0,139.0,779.0,0.0,,2023,2022-23
136.0,Tari Eason,21.0,HOU,PF,82.0,5.0,1767.0,296.0,660.0,0.448,59.0,172.0,0.343,237.0,488.0,0.486,0.493,109.0,145.0,0.752,195.0,301.0,496.0,88.0,96.0,47.0,101.0,189.0,760.0,0.0,,2023,2022-23
137.0,Bogdan Bogdanović,30.0,ATL,SG,54.0,9.0,1508.0,273.0,611.0,0.447,146.0,360.0,0.406,127.0,251.0,0.506,0.566,64.0,77.0,0.831,23.0,142.0,165.0,150.0,43.0,18.0,65.0,86.0,756.0,0.0,,2023,2022-23
138.0,Jalen McDaniels,25.0,2TM,SF,80.0,24.0,1913.0,281.0,617.0,0.455,77.0,232.0,0.332,204.0,385.0,0.53,0.518,116.0,138.0,0.841,63.0,283.0,346.0,130.0,83.0,34.0,93.0,209.0,755.0,0.0,,2023,2022-23
138.0,Jalen McDaniels,25.0,CHO,SF,56.0,21.0,1494.0,221.0,494.0,0.447,65.0,202.0,0.322,156.0,292.0,0.534,0.513,88.0,104.0,0.846,44.0,226.0,270.0,111.0,66.0,29.0,80.0,158.0,595.0,0.0,,2023,2022-23
138.0,Jalen McDaniels,25.0,PHI,SF,24.0,3.0,419.0,60.0,123.0,0.488,12.0,30.0,0.4,48.0,93.0,0.516,0.537,28.0,34.0,0.824,19.0,57.0,76.0,19.0,17.0,5.0,13.0,51.0,160.0,0.0,,2023,2022-23
139.0,Zion Williamson,22.0,NOP,PF,29.0,29.0,956.0,285.0,469.0,0.608,7.0,19.0,0.368,278.0,450.0,0.618,0.615,177.0,248.0,0.714,58.0,144.0,202.0,133.0,32.0,16.0,99.0,65.0,754.0,0.0,AS,2023,2022-23
140.0,Grayson Allen,27.0,MIL,SG,72.0,70.0,1972.0,245.0,557.0,0.44,146.0,366.0,0.399,99.0,191.0,0.518,0.571,114.0,126.0,0.905,61.0,176.0,237.0,163.0,62.0,14.0,72.0,117.0,750.0,0.0,,2023,2022-23
141.0,Josh Hart,27.0,2TM,SF,76.0,52.0,2454.0,275.0,520.0,0.529,61.0,164.0,0.372,214.0,356.0,0.601,0.588,132.0,176.0,0.75,142.0,451.0,593.0,290.0,88.0,21.0,117.0,195.0,743.0,0.0,,2023,2022-23
141.0,Josh Hart,27.0,POR,SF,51.0,51.0,1704.0,183.0,363.0,0.504,34.0,112.0,0.304,149.0,251.0,0.594,0.551,87.0,119.0,0.731,95.0,322.0,417.0,200.0,54.0,9.0,79.0,133.0,487.0,0.0,,2023,2022-23
141.0,Josh Hart,27.0,NYK,SF,25.0,1.0,750.0,92.0,157.0,0.586,27.0,52.0,0.519,65.0,105.0,0.619,0.672,45.0,57.0,0.789,47.0,129.0,176.0,90.0,34.0,12.0,38.0,62.0,256.0,0.0,,2023,2022-23
142.0,Aaron Nesmith,23.0,IND,SF,73.0,60.0,1816.0,252.0,590.0,0.427,115.0,314.0,0.366,137.0,276.0,0.496,0.525,119.0,142.0,0.838,62.0,215.0,277.0,98.0,55.0,34.0,75.0,235.0,738.0,0.0,,2023,2022-23
143.0,Gordon Hayward,32.0,CHO,SF,50.0,50.0,1577.0,276.0,581.0,0.475,52.0,160.0,0.325,224.0,421.0,0.532,0.52,129.0,159.0,0.811,33.0,182.0,215.0,206.0,42.0,12.0,99.0,70.0,733.0,0.0,,2023,2022-23
144.0,Zach Collins,25.0,SAS,C,63.0,26.0,1441.0,284.0,548.0,0.518,55.0,147.0,0.374,229.0,401.0,0.571,0.568,108.0,142.0,0.761,116.0,286.0,402.0,180.0,37.0,49.0,129.0,199.0,731.0,0.0,,2023,2022-23
145.0,Marcus Morris,33.0,LAC,PF,65.0,65.0,1825.0,274.0,643.0,0.426,112.0,308.0,0.364,162.0,335.0,0.484,0.513,68.0,87.0,0.782,29.0,229.0,258.0,114.0,42.0,21.0,56.0,136.0,728.0,0.0,,2023,2022-23
146.0,Coby White,22.0,CHI,SG,74.0,2.0,1730.0,263.0,594.0,0.443,128.0,344.0,0.372,135.0,250.0,0.54,0.551,61.0,70.0,0.871,16.0,196.0,212.0,204.0,54.0,6.0,74.0,122.0,715.0,0.0,,2023,2022-23
147.0,Terance Mann,26.0,LAC,SG,81.0,36.0,1872.0,272.0,524.0,0.519,77.0,198.0,0.389,195.0,326.0,0.598,0.593,92.0,118.0,0.78,77.0,199.0,276.0,184.0,42.0,22.0,80.0,149.0,713.0,0.0,,2023,2022-23
148.0,Chris Boucher,30.0,TOR,PF,76.0,0.0,1523.0,261.0,529.0,0.493,62.0,189.0,0.328,199.0,340.0,0.585,0.552,128.0,168.0,0.762,157.0,264.0,421.0,29.0,47.0,64.0,41.0,143.0,712.0,0.0,,2023,2022-23
149.0,Andrew Nembhard,23.0,IND,SG,75.0,63.0,2073.0,284.0,644.0,0.441,92.0,263.0,0.35,192.0,381.0,0.504,0.512,49.0,62.0,0.79,35.0,164.0,199.0,341.0,70.0,13.0,126.0,179.0,709.0,0.0,,2023,2022-23
150.0,Rui Hachimura,24.0,2TM,PF,63.0,9.0,1466.0,284.0,584.0,0.486,51.0,160.0,0.319,233.0,424.0,0.55,0.53,88.0,119.0,0.739,53.0,230.0,283.0,58.0,19.0,26.0,53.0,72.0,707.0,0.0,,2023,2022-23
150.0,Rui Hachimura,24.0,WAS,PF,30.0,0.0,728.0,158.0,324.0,0.488,30.0,89.0,0.337,128.0,235.0,0.545,0.534,44.0,58.0,0.759,19.0,109.0,128.0,35.0,11.0,12.0,36.0,39.0,390.0,0.0,,2023,2022-23
150.0,Rui Hachimura,24.0,LAL,PF,33.0,9.0,738.0,126.0,260.0,0.485,21.0,71.0,0.296,105.0,189.0,0.556,0.525,44.0,61.0,0.721,34.0,121.0,155.0,23.0,8.0,14.0,17.0,33.0,317.0,0.0,,2023,2022-23
151.0,Daniel Gafford,24.0,WAS,C,78.0,47.0,1604.0,289.0,395.0,0.732,0.0,0.0,,289.0,395.0,0.732,0.732,127.0,187.0,0.679,163.0,270.0,433.0,84.0,33.0,99.0,85.0,187.0,705.0,0.0,,2023,2022-23
152.0,Jaylen Nowell,23.0,MIN,SG,65.0,2.0,1252.0,280.0,625.0,0.448,67.0,232.0,0.289,213.0,393.0,0.542,0.502,77.0,99.0,0.778,36.0,134.0,170.0,132.0,42.0,5.0,65.0,101.0,704.0,0.0,,2023,2022-23
153.0,Marcus Smart,28.0,BOS,PG,61.0,61.0,1957.0,250.0,602.0,0.415,115.0,342.0,0.336,135.0,260.0,0.519,0.511,88.0,118.0,0.746,46.0,145.0,191.0,382.0,93.0,23.0,143.0,172.0,703.0,0.0,,2023,2022-23
154.0,Devin Vassell,22.0,SAS,SG,38.0,32.0,1178.0,261.0,595.0,0.439,103.0,266.0,0.387,158.0,329.0,0.48,0.525,78.0,100.0,0.78,8.0,140.0,148.0,136.0,43.0,17.0,57.0,57.0,703.0,0.0,,2023,2022-23
155.0,Talen Horton-Tucker,22.0,UTA,SG,65.0,20.0,1313.0,257.0,613.0,0.419,58.0,203.0,0.286,199.0,410.0,0.485,0.467,126.0,168.0,0.75,41.0,169.0,210.0,246.0,41.0,29.0,126.0,108.0,698.0,0.0,,2023,2022-23
156.0,Naji Marshall,25.0,NOP,SF,77.0,21.0,1792.0,247.0,571.0,0.433,66.0,218.0,0.303,181.0,353.0,0.513,0.49,138.0,175.0,0.789,48.0,231.0,279.0,189.0,54.0,14.0,97.0,113.0,698.0,0.0,,2023,2022-23
157.0,Deni Avdija,22.0,WAS,SF,76.0,40.0,2020.0,253.0,579.0,0.437,69.0,232.0,0.297,184.0,347.0,0.53,0.497,122.0,165.0,0.739,74.0,413.0,487.0,211.0,65.0,29.0,123.0,209.0,697.0,0.0,,2023,2022-23
158.0,Santi Aldama,22.0,MEM,PF,77.0,20.0,1682.0,247.0,525.0,0.47,94.0,266.0,0.353,153.0,259.0,0.591,0.56,108.0,144.0,0.75,85.0,286.0,371.0,97.0,45.0,48.0,60.0,143.0,696.0,0.0,,2023,2022-23
159.0,Jusuf Nurkić,28.0,POR,C,52.0,52.0,1391.0,262.0,505.0,0.519,43.0,119.0,0.361,219.0,386.0,0.567,0.561,127.0,192.0,0.661,114.0,357.0,471.0,149.0,43.0,44.0,119.0,185.0,694.0,0.0,,2023,2022-23
160.0,Reggie Jackson,32.0,2TM,PG,68.0,40.0,1657.0,263.0,640.0,0.411,96.0,288.0,0.333,167.0,352.0,0.474,0.486,71.0,78.0,0.91,25.0,119.0,144.0,233.0,47.0,6.0,115.0,114.0,693.0,0.0,,2023,2022-23
160.0,Reggie Jackson,32.0,LAC,PG,52.0,38.0,1338.0,214.0,512.0,0.418,77.0,220.0,0.35,137.0,292.0,0.469,0.493,61.0,66.0,0.924,22.0,94.0,116.0,183.0,38.0,5.0,96.0,92.0,566.0,0.0,,2023,2022-23
160.0,Reggie Jackson,32.0,DEN,PG,16.0,2.0,319.0,49.0,128.0,0.383,19.0,68.0,0.279,30.0,60.0,0.5,0.457,10.0,12.0,0.833,3.0,25.0,28.0,50.0,9.0,1.0,19.0,22.0,127.0,0.0,,2023,2022-23
161.0,Isaiah Joe,23.0,OKC,SG,73.0,10.0,1395.0,224.0,508.0,0.441,161.0,394.0,0.409,63.0,114.0,0.553,0.599,82.0,100.0,0.82,27.0,148.0,175.0,88.0,48.0,8.0,39.0,105.0,691.0,0.0,,2023,2022-23
162.0,Ayo Dosunmu,23.0,CHI,SG,80.0,51.0,2098.0,281.0,570.0,0.493,59.0,189.0,0.312,222.0,381.0,0.583,0.545,66.0,82.0,0.805,45.0,175.0,220.0,206.0,62.0,26.0,99.0,182.0,687.0,0.0,,2023,2022-23
163.0,Collin Sexton,24.0,UTA,PG,48.0,15.0,1145.0,237.0,468.0,0.506,48.0,122.0,0.393,189.0,346.0,0.546,0.558,163.0,199.0,0.819,37.0,68.0,105.0,138.0,27.0,6.0,85.0,112.0,685.0,0.0,,2023,2022-23
164.0,Caleb Martin,27.0,MIA,SF,71.0,49.0,2077.0,254.0,548.0,0.464,84.0,236.0,0.356,170.0,312.0,0.545,0.54,91.0,113.0,0.805,88.0,256.0,344.0,117.0,71.0,31.0,78.0,145.0,683.0,0.0,,2023,2022-23
165.0,Walker Kessler,21.0,UTA,C,74.0,40.0,1703.0,298.0,414.0,0.72,1.0,3.0,0.333,297.0,411.0,0.723,0.721,82.0,159.0,0.516,231.0,389.0,620.0,69.0,26.0,173.0,58.0,169.0,679.0,0.0,ROY-3,2023,2022-23
166.0,Donte DiVincenzo,26.0,GSW,SG,72.0,36.0,1894.0,235.0,540.0,0.435,150.0,378.0,0.397,85.0,162.0,0.525,0.574,58.0,71.0,0.817,80.0,245.0,325.0,252.0,97.0,10.0,112.0,133.0,678.0,0.0,,2023,2022-23
167.0,Malaki Branham,19.0,SAS,SG,66.0,32.0,1550.0,269.0,611.0,0.44,77.0,255.0,0.302,192.0,356.0,0.539,0.503,58.0,70.0,0.829,28.0,153.0,181.0,127.0,33.0,7.0,76.0,115.0,673.0,0.0,,2023,2022-23
168.0,Royce O'Neale,29.0,BRK,SF,76.0,53.0,2409.0,229.0,593.0,0.386,163.0,419.0,0.389,66.0,174.0,0.379,0.524,50.0,69.0,0.725,55.0,329.0,384.0,283.0,65.0,49.0,114.0,239.0,671.0,1.0,,2023,2022-23
169.0,Cedi Osman,27.0,CLE,SF,77.0,2.0,1548.0,239.0,530.0,0.451,116.0,312.0,0.372,123.0,218.0,0.564,0.56,75.0,108.0,0.694,25.0,151.0,176.0,115.0,35.0,11.0,52.0,122.0,669.0,0.0,,2023,2022-23
170.0,Jonathan Kuminga,20.0,GSW,PF,67.0,16.0,1394.0,261.0,497.0,0.525,54.0,146.0,0.37,207.0,351.0,0.59,0.579,90.0,138.0,0.652,70.0,161.0,231.0,125.0,41.0,31.0,95.0,157.0,666.0,0.0,,2023,2022-23
171.0,Bones Hyland,22.0,2TM,PG,56.0,1.0,1085.0,228.0,571.0,0.399,117.0,315.0,0.371,111.0,256.0,0.434,0.502,86.0,102.0,0.843,20.0,115.0,135.0,172.0,39.0,15.0,82.0,96.0,659.0,0.0,,2023,2022-23
171.0,Bones Hyland,22.0,DEN,PG,42.0,1.0,820.0,173.0,434.0,0.399,91.0,241.0,0.378,82.0,193.0,0.425,0.503,71.0,82.0,0.866,10.0,76.0,86.0,125.0,28.0,13.0,67.0,66.0,508.0,0.0,,2023,2022-23
171.0,Bones Hyland,22.0,LAC,PG,14.0,0.0,265.0,55.0,137.0,0.401,26.0,74.0,0.351,29.0,63.0,0.46,0.496,15.0,20.0,0.75,10.0,39.0,49.0,47.0,11.0,2.0,15.0,30.0,151.0,0.0,,2023,2022-23
172.0,Doug McDermott,31.0,SAS,SF,64.0,0.0,1314.0,239.0,523.0,0.457,123.0,298.0,0.413,116.0,225.0,0.516,0.575,53.0,70.0,0.757,23.0,116.0,139.0,91.0,13.0,6.0,58.0,118.0,654.0,0.0,,2023,2022-23
173.0,Lonnie Walker IV,24.0,LAL,SG,56.0,32.0,1297.0,236.0,527.0,0.448,91.0,249.0,0.365,145.0,278.0,0.522,0.534,91.0,106.0,0.858,14.0,95.0,109.0,64.0,30.0,17.0,46.0,71.0,654.0,0.0,,2023,2022-23
174.0,Josh Richardson,29.0,2TM,SG,65.0,10.0,1530.0,239.0,554.0,0.431,107.0,293.0,0.365,132.0,261.0,0.506,0.528,69.0,81.0,0.852,41.0,134.0,175.0,174.0,69.0,20.0,86.0,117.0,654.0,0.0,,2023,2022-23
174.0,Josh Richardson,29.0,SAS,SG,42.0,6.0,997.0,177.0,406.0,0.436,74.0,207.0,0.357,103.0,199.0,0.518,0.527,53.0,60.0,0.883,30.0,89.0,119.0,137.0,40.0,11.0,63.0,70.0,481.0,0.0,,2023,2022-23
174.0,Josh Richardson,29.0,NOP,SG,23.0,4.0,533.0,62.0,148.0,0.419,33.0,86.0,0.384,29.0,62.0,0.468,0.53,16.0,21.0,0.762,11.0,45.0,56.0,37.0,29.0,9.0,23.0,47.0,173.0,0.0,,2023,2022-23
175.0,Alec Burks,31.0,DET,SG,51.0,8.0,1122.0,200.0,459.0,0.436,99.0,239.0,0.414,101.0,220.0,0.459,0.544,153.0,188.0,0.814,19.0,139.0,158.0,114.0,38.0,8.0,58.0,98.0,652.0,0.0,,2023,2022-23
176.0,Jevon Carter,27.0,MIL,PG,81.0,39.0,1810.0,239.0,565.0,0.423,142.0,337.0,0.421,97.0,228.0,0.425,0.549,31.0,38.0,0.816,35.0,167.0,202.0,197.0,66.0,29.0,78.0,158.0,651.0,0.0,,2023,2022-23
177.0,T.J. McConnell,30.0,IND,PG,75.0,6.0,1526.0,283.0,521.0,0.543,26.0,59.0,0.441,257.0,462.0,0.556,0.568,58.0,68.0,0.853,45.0,189.0,234.0,397.0,81.0,10.0,143.0,105.0,650.0,1.0,,2023,2022-23
178.0,Cameron Johnson,26.0,2TM,PF,42.0,41.0,1199.0,223.0,474.0,0.47,103.0,255.0,0.404,120.0,219.0,0.548,0.579,101.0,120.0,0.842,34.0,151.0,185.0,78.0,50.0,14.0,37.0,83.0,650.0,0.0,,2023,2022-23
178.0,Cameron Johnson,26.0,PHO,PF,17.0,16.0,429.0,82.0,173.0,0.474,45.0,99.0,0.455,37.0,74.0,0.5,0.604,27.0,33.0,0.818,14.0,51.0,65.0,26.0,15.0,6.0,10.0,29.0,236.0,0.0,,2023,2022-23
178.0,Cameron Johnson,26.0,BRK,PF,25.0,25.0,770.0,141.0,301.0,0.468,58.0,156.0,0.372,83.0,145.0,0.572,0.565,74.0,87.0,0.851,20.0,100.0,120.0,52.0,35.0,8.0,27.0,54.0,414.0,0.0,,2023,2022-23
179.0,Herbert Jones,24.0,NOP,PF,66.0,66.0,1951.0,235.0,501.0,0.469,56.0,167.0,0.335,179.0,334.0,0.536,0.525,123.0,161.0,0.764,97.0,172.0,269.0,162.0,103.0,42.0,88.0,208.0,649.0,0.0,,2023,2022-23
180.0,Kyle Anderson,29.0,MIN,PF,69.0,46.0,1957.0,252.0,495.0,0.509,43.0,105.0,0.41,209.0,390.0,0.536,0.553,100.0,136.0,0.735,66.0,302.0,368.0,335.0,78.0,63.0,103.0,146.0,647.0,3.0,,2023,2022-23
181.0,Keita Bates-Diop,27.0,SAS,PF,67.0,42.0,1452.0,236.0,465.0,0.508,56.0,142.0,0.394,180.0,323.0,0.557,0.568,119.0,150.0,0.793,65.0,183.0,248.0,103.0,46.0,20.0,56.0,63.0,647.0,0.0,,2023,2022-23
182.0,Jalen Smith,22.0,IND,C,68.0,31.0,1279.0,242.0,508.0,0.476,54.0,191.0,0.283,188.0,317.0,0.593,0.53,104.0,137.0,0.759,129.0,265.0,394.0,66.0,21.0,60.0,72.0,153.0,642.0,0.0,,2023,2022-23
183.0,Gabe Vincent,26.0,MIA,PG,68.0,34.0,1759.0,228.0,567.0,0.402,117.0,350.0,0.334,111.0,217.0,0.512,0.505,68.0,78.0,0.872,27.0,118.0,145.0,167.0,62.0,5.0,92.0,154.0,641.0,0.0,,2023,2022-23
184.0,Grant Williams,24.0,BOS,PF,79.0,23.0,2045.0,216.0,476.0,0.454,115.0,291.0,0.395,101.0,185.0,0.546,0.575,94.0,122.0,0.77,87.0,276.0,363.0,131.0,41.0,31.0,82.0,192.0,641.0,0.0,,2023,2022-23
185.0,AJ Griffin,19.0,ATL,SF,72.0,12.0,1401.0,248.0,533.0,0.465,101.0,259.0,0.39,147.0,274.0,0.536,0.56,42.0,47.0,0.894,37.0,116.0,153.0,73.0,42.0,12.0,42.0,87.0,639.0,0.0,,2023,2022-23
186.0,Shake Milton,26.0,PHI,SG,76.0,11.0,1567.0,241.0,503.0,0.479,56.0,148.0,0.378,185.0,355.0,0.521,0.535,99.0,116.0,0.853,39.0,152.0,191.0,240.0,25.0,13.0,94.0,123.0,637.0,0.0,,2023,2022-23
187.0,Georges Niang,29.0,PHI,PF,78.0,1.0,1512.0,222.0,502.0,0.442,154.0,384.0,0.401,68.0,118.0,0.576,0.596,39.0,45.0,0.867,19.0,166.0,185.0,77.0,30.0,14.0,54.0,145.0,637.0,0.0,,2023,2022-23
188.0,Monte Morris,27.0,WAS,PG,62.0,61.0,1695.0,247.0,515.0,0.48,78.0,204.0,0.382,169.0,311.0,0.543,0.555,64.0,77.0,0.831,26.0,184.0,210.0,326.0,43.0,13.0,60.0,75.0,636.0,0.0,,2023,2022-23
189.0,Bol Bol,23.0,ORL,PF,70.0,33.0,1505.0,261.0,478.0,0.546,30.0,113.0,0.265,231.0,365.0,0.633,0.577,82.0,108.0,0.759,69.0,336.0,405.0,69.0,30.0,85.0,112.0,92.0,634.0,0.0,,2023,2022-23
190.0,Andrew Wiggins,27.0,GSW,SF,37.0,37.0,1190.0,250.0,529.0,0.473,89.0,225.0,0.396,161.0,304.0,0.53,0.557,44.0,72.0,0.611,61.0,125.0,186.0,85.0,45.0,28.0,48.0,107.0,633.0,0.0,,2023,2022-23
191.0,Jarred Vanderbilt,23.0,2TM,PF,78.0,65.0,1879.0,247.0,451.0,0.548,29.0,90.0,0.322,218.0,361.0,0.604,0.58,96.0,139.0,0.691,170.0,412.0,582.0,184.0,83.0,21.0,97.0,190.0,619.0,0.0,,2023,2022-23
191.0,Jarred Vanderbilt,23.0,UTA,PF,52.0,41.0,1254.0,173.0,311.0,0.556,19.0,57.0,0.333,154.0,254.0,0.606,0.587,67.0,102.0,0.657,121.0,288.0,409.0,142.0,53.0,15.0,68.0,133.0,432.0,0.0,,2023,2022-23
191.0,Jarred Vanderbilt,23.0,LAL,PF,26.0,24.0,625.0,74.0,140.0,0.529,10.0,33.0,0.303,64.0,107.0,0.598,0.564,29.0,37.0,0.784,49.0,124.0,173.0,42.0,30.0,6.0,29.0,57.0,187.0,0.0,,2023,2022-23
192.0,Draymond Green,32.0,GSW,PF,73.0,73.0,2297.0,250.0,474.0,0.527,40.0,131.0,0.305,210.0,343.0,0.612,0.57,77.0,108.0,0.713,66.0,459.0,525.0,500.0,74.0,60.0,204.0,229.0,617.0,0.0,"DPOY-4,DEF2",2023,2022-23
193.0,Al Horford,36.0,BOS,C,63.0,63.0,1922.0,228.0,479.0,0.476,145.0,325.0,0.446,83.0,154.0,0.539,0.627,15.0,21.0,0.714,73.0,317.0,390.0,189.0,30.0,61.0,37.0,121.0,616.0,0.0,,2023,2022-23
194.0,Kyle Lowry,36.0,MIA,PG,55.0,44.0,1718.0,196.0,485.0,0.404,107.0,310.0,0.345,89.0,175.0,0.509,0.514,116.0,135.0,0.859,43.0,182.0,225.0,281.0,57.0,21.0,103.0,143.0,615.0,1.0,,2023,2022-23
195.0,Jeremy Sochan,19.0,SAS,PF,56.0,53.0,1458.0,250.0,552.0,0.453,33.0,134.0,0.246,217.0,418.0,0.519,0.483,81.0,116.0,0.698,95.0,200.0,295.0,142.0,43.0,23.0,97.0,138.0,614.0,0.0,,2023,2022-23
196.0,Jalen Duren,19.0,DET,C,67.0,31.0,1670.0,258.0,398.0,0.648,0.0,2.0,0.0,258.0,396.0,0.652,0.648,96.0,157.0,0.611,229.0,366.0,595.0,75.0,44.0,59.0,92.0,182.0,612.0,0.0,,2023,2022-23
197.0,Damion Lee,30.0,PHO,SG,74.0,5.0,1506.0,200.0,452.0,0.442,110.0,247.0,0.445,90.0,205.0,0.439,0.564,94.0,104.0,0.904,39.0,186.0,225.0,99.0,30.0,7.0,78.0,118.0,604.0,0.0,,2023,2022-23
198.0,Cam Thomas,21.0,BRK,SG,57.0,4.0,948.0,201.0,456.0,0.441,51.0,133.0,0.383,150.0,323.0,0.464,0.497,151.0,174.0,0.868,8.0,87.0,95.0,78.0,20.0,7.0,63.0,55.0,604.0,0.0,,2023,2022-23
199.0,Karl-Anthony Towns,27.0,MIN,PF,29.0,29.0,957.0,212.0,428.0,0.495,60.0,164.0,0.366,152.0,264.0,0.576,0.565,118.0,135.0,0.874,48.0,188.0,236.0,140.0,20.0,17.0,86.0,111.0,602.0,0.0,,2023,2022-23
200.0,Moritz Wagner,25.0,ORL,C,57.0,18.0,1109.0,198.0,396.0,0.5,51.0,163.0,0.313,147.0,233.0,0.631,0.564,153.0,182.0,0.841,69.0,190.0,259.0,84.0,37.0,13.0,68.0,136.0,600.0,0.0,,2023,2022-23
201.0,Torrey Craig,32.0,PHO,PF,79.0,60.0,1948.0,228.0,500.0,0.456,100.0,253.0,0.395,128.0,247.0,0.518,0.556,32.0,45.0,0.711,145.0,281.0,426.0,117.0,50.0,62.0,73.0,179.0,588.0,0.0,,2023,2022-23
202.0,Thomas Bryant,25.0,2TM,C,59.0,26.0,1081.0,230.0,369.0,0.623,26.0,59.0,0.441,204.0,310.0,0.658,0.659,93.0,126.0,0.738,86.0,253.0,339.0,31.0,16.0,30.0,38.0,102.0,579.0,0.0,,2023,2022-23
202.0,Thomas Bryant,25.0,LAL,C,41.0,25.0,876.0,197.0,301.0,0.654,22.0,50.0,0.44,175.0,251.0,0.697,0.691,80.0,108.0,0.741,67.0,212.0,279.0,29.0,14.0,23.0,28.0,77.0,496.0,0.0,,2023,2022-23
202.0,Thomas Bryant,25.0,DEN,C,18.0,1.0,205.0,33.0,68.0,0.485,4.0,9.0,0.444,29.0,59.0,0.492,0.515,13.0,18.0,0.722,19.0,41.0,60.0,2.0,2.0,7.0,10.0,25.0,83.0,0.0,,2023,2022-23
203.0,Kevon Looney,26.0,GSW,C,82.0,70.0,1958.0,242.0,384.0,0.63,0.0,1.0,0.0,242.0,383.0,0.632,0.63,94.0,155.0,0.606,274.0,486.0,760.0,207.0,52.0,50.0,45.0,225.0,578.0,0.0,,2023,2022-23
204.0,Isaiah Stewart,21.0,DET,C,50.0,47.0,1414.0,195.0,441.0,0.442,67.0,205.0,0.327,128.0,236.0,0.542,0.518,110.0,149.0,0.738,115.0,288.0,403.0,70.0,20.0,34.0,68.0,133.0,567.0,0.0,,2023,2022-23
205.0,Joe Harris,31.0,BRK,SF,74.0,33.0,1527.0,201.0,440.0,0.457,142.0,333.0,0.426,59.0,107.0,0.551,0.618,18.0,28.0,0.643,23.0,141.0,164.0,101.0,34.0,13.0,41.0,140.0,562.0,0.0,,2023,2022-23
206.0,Trey Lyles,27.0,SAC,PF,74.0,0.0,1247.0,187.0,408.0,0.458,87.0,240.0,0.363,100.0,168.0,0.595,0.565,101.0,124.0,0.815,68.0,232.0,300.0,66.0,27.0,31.0,64.0,97.0,562.0,0.0,,2023,2022-23
207.0,Reggie Bullock,31.0,DAL,SF,78.0,55.0,2364.0,192.0,470.0,0.409,151.0,397.0,0.38,41.0,73.0,0.562,0.569,26.0,37.0,0.703,32.0,251.0,283.0,108.0,54.0,13.0,36.0,166.0,561.0,0.0,,2023,2022-23
208.0,Seth Curry,32.0,BRK,SG,61.0,7.0,1211.0,208.0,449.0,0.463,94.0,232.0,0.405,114.0,217.0,0.525,0.568,51.0,55.0,0.927,13.0,87.0,100.0,99.0,36.0,7.0,51.0,96.0,561.0,0.0,,2023,2022-23
209.0,Brandon Clarke,26.0,MEM,PF,56.0,8.0,1090.0,229.0,349.0,0.656,1.0,6.0,0.167,228.0,343.0,0.665,0.658,99.0,137.0,0.723,92.0,218.0,310.0,72.0,34.0,37.0,55.0,131.0,558.0,0.0,,2023,2022-23
210.0,Dorian Finney-Smith,29.0,2TM,PF,66.0,66.0,2009.0,196.0,501.0,0.391,114.0,338.0,0.337,82.0,163.0,0.503,0.505,45.0,59.0,0.763,114.0,202.0,316.0,100.0,55.0,36.0,62.0,144.0,551.0,0.0,,2023,2022-23
210.0,Dorian Finney-Smith,29.0,DAL,PF,40.0,40.0,1288.0,129.0,310.0,0.416,77.0,217.0,0.355,52.0,93.0,0.559,0.54,30.0,40.0,0.75,67.0,121.0,188.0,59.0,38.0,20.0,36.0,80.0,365.0,0.0,,2023,2022-23
210.0,Dorian Finney-Smith,29.0,BRK,PF,26.0,26.0,721.0,67.0,191.0,0.351,37.0,121.0,0.306,30.0,70.0,0.429,0.448,15.0,19.0,0.789,47.0,81.0,128.0,41.0,17.0,16.0,26.0,64.0,186.0,0.0,,2023,2022-23
211.0,Jose Alvarado,24.0,NOP,PG,61.0,10.0,1310.0,201.0,489.0,0.411,83.0,247.0,0.336,118.0,242.0,0.488,0.496,65.0,80.0,0.813,28.0,113.0,141.0,186.0,67.0,10.0,81.0,125.0,550.0,0.0,,2023,2022-23
212.0,Josh Green,22.0,DAL,SG,60.0,21.0,1539.0,205.0,382.0,0.537,68.0,169.0,0.402,137.0,213.0,0.643,0.626,68.0,94.0,0.723,55.0,127.0,182.0,103.0,42.0,5.0,72.0,156.0,546.0,0.0,,2023,2022-23
213.0,Luke Kennard,26.0,2TM,SG,59.0,14.0,1315.0,188.0,382.0,0.492,133.0,269.0,0.494,55.0,113.0,0.487,0.666,37.0,39.0,0.949,15.0,143.0,158.0,91.0,32.0,5.0,46.0,82.0,546.0,0.0,,2023,2022-23
213.0,Luke Kennard,26.0,LAC,SG,35.0,11.0,725.0,98.0,211.0,0.464,59.0,132.0,0.447,39.0,79.0,0.494,0.604,19.0,20.0,0.95,6.0,77.0,83.0,37.0,19.0,4.0,30.0,47.0,274.0,0.0,,2023,2022-23
213.0,Luke Kennard,26.0,MEM,SG,24.0,3.0,590.0,90.0,171.0,0.526,74.0,137.0,0.54,16.0,34.0,0.471,0.743,18.0,19.0,0.947,9.0,66.0,75.0,54.0,13.0,1.0,16.0,35.0,272.0,0.0,,2023,2022-23
214.0,Jordan Nwora,24.0,2TM,SF,62.0,14.0,1188.0,194.0,445.0,0.436,86.0,211.0,0.408,108.0,234.0,0.462,0.533,68.0,86.0,0.791,51.0,178.0,229.0,88.0,24.0,14.0,66.0,74.0,542.0,0.0,,2023,2022-23
214.0,Jordan Nwora,24.0,MIL,SF,38.0,3.0,597.0,76.0,197.0,0.386,40.0,102.0,0.392,36.0,95.0,0.379,0.487,37.0,43.0,0.86,29.0,88.0,117.0,38.0,12.0,7.0,34.0,34.0,229.0,0.0,,2023,2022-23
214.0,Jordan Nwora,24.0,IND,SF,24.0,11.0,591.0,118.0,248.0,0.476,46.0,109.0,0.422,72.0,139.0,0.518,0.569,31.0,43.0,0.721,22.0,90.0,112.0,50.0,12.0,7.0,32.0,40.0,313.0,0.0,,2023,2022-23
215.0,Troy Brown Jr.,23.0,LAL,SF,76.0,45.0,1860.0,200.0,465.0,0.43,107.0,281.0,0.381,93.0,184.0,0.505,0.545,34.0,39.0,0.872,62.0,246.0,308.0,95.0,59.0,16.0,49.0,120.0,541.0,0.0,,2023,2022-23
216.0,Devonte' Graham,27.0,2TM,PG,73.0,8.0,1338.0,161.0,431.0,0.374,119.0,338.0,0.352,42.0,93.0,0.452,0.512,98.0,131.0,0.748,19.0,103.0,122.0,196.0,45.0,16.0,53.0,79.0,539.0,0.0,,2023,2022-23
216.0,Devonte' Graham,27.0,NOP,PG,53.0,0.0,811.0,85.0,231.0,0.368,66.0,190.0,0.347,19.0,41.0,0.463,0.511,44.0,59.0,0.746,12.0,60.0,72.0,116.0,30.0,10.0,27.0,48.0,280.0,0.0,,2023,2022-23
216.0,Devonte' Graham,27.0,SAS,PG,20.0,8.0,527.0,76.0,200.0,0.38,53.0,148.0,0.358,23.0,52.0,0.442,0.513,54.0,72.0,0.75,7.0,43.0,50.0,80.0,15.0,6.0,26.0,31.0,259.0,0.0,,2023,2022-23
217.0,Nick Richards,25.0,CHO,C,65.0,9.0,1217.0,197.0,313.0,0.629,1.0,1.0,1.0,196.0,312.0,0.628,0.631,137.0,183.0,0.749,147.0,269.0,416.0,38.0,11.0,71.0,59.0,154.0,532.0,0.0,,2023,2022-23
218.0,Josh Okogie,24.0,PHO,SG,72.0,26.0,1350.0,162.0,414.0,0.391,66.0,197.0,0.335,96.0,217.0,0.442,0.471,139.0,192.0,0.724,109.0,142.0,251.0,105.0,56.0,34.0,63.0,114.0,529.0,0.0,,2023,2022-23
219.0,Jalen Suggs,21.0,ORL,SG,53.0,19.0,1246.0,186.0,444.0,0.419,66.0,202.0,0.327,120.0,242.0,0.496,0.493,86.0,119.0,0.723,55.0,106.0,161.0,155.0,67.0,27.0,94.0,120.0,524.0,0.0,,2023,2022-23
220.0,Hamidou Diallo,24.0,DET,SF,56.0,0.0,996.0,215.0,375.0,0.573,5.0,21.0,0.238,210.0,354.0,0.593,0.58,87.0,148.0,0.588,57.0,137.0,194.0,55.0,53.0,16.0,71.0,124.0,522.0,0.0,,2023,2022-23
221.0,Terrence Ross,31.0,2TM,SG,63.0,9.0,1330.0,200.0,465.0,0.43,95.0,258.0,0.368,105.0,207.0,0.507,0.532,27.0,34.0,0.794,22.0,132.0,154.0,95.0,35.0,10.0,43.0,97.0,522.0,0.0,,2023,2022-23
221.0,Terrence Ross,31.0,ORL,SG,42.0,9.0,944.0,129.0,299.0,0.431,61.0,160.0,0.381,68.0,139.0,0.489,0.533,15.0,20.0,0.75,10.0,75.0,85.0,54.0,25.0,8.0,37.0,53.0,334.0,0.0,,2023,2022-23
221.0,Terrence Ross,31.0,PHO,SG,21.0,0.0,386.0,71.0,166.0,0.428,34.0,98.0,0.347,37.0,68.0,0.544,0.53,12.0,14.0,0.857,12.0,57.0,69.0,41.0,10.0,2.0,6.0,44.0,188.0,0.0,,2023,2022-23
222.0,Drew Eubanks,25.0,POR,C,78.0,28.0,1584.0,214.0,334.0,0.641,7.0,18.0,0.389,207.0,316.0,0.655,0.651,83.0,125.0,0.664,132.0,286.0,418.0,103.0,40.0,102.0,67.0,169.0,518.0,0.0,,2023,2022-23
223.0,Tre Mann,21.0,OKC,PG,67.0,5.0,1183.0,197.0,501.0,0.393,81.0,257.0,0.315,116.0,244.0,0.475,0.474,42.0,55.0,0.764,27.0,128.0,155.0,120.0,40.0,11.0,62.0,99.0,517.0,1.0,,2023,2022-23
224.0,Sam Hauser,25.0,BOS,SF,80.0,8.0,1290.0,180.0,396.0,0.455,140.0,335.0,0.418,40.0,61.0,0.656,0.631,12.0,17.0,0.706,35.0,169.0,204.0,71.0,29.0,21.0,30.0,99.0,512.0,0.0,,2023,2022-23
225.0,Kevin Love,34.0,2TM,PF,62.0,20.0,1240.0,165.0,424.0,0.389,99.0,296.0,0.334,66.0,128.0,0.516,0.506,80.0,91.0,0.879,59.0,340.0,399.0,116.0,16.0,12.0,70.0,97.0,509.0,0.0,,2023,2022-23
225.0,Kevin Love,34.0,CLE,PF,41.0,3.0,821.0,111.0,285.0,0.389,69.0,195.0,0.354,42.0,90.0,0.467,0.511,56.0,63.0,0.889,42.0,238.0,280.0,76.0,7.0,7.0,47.0,65.0,347.0,0.0,,2023,2022-23
225.0,Kevin Love,34.0,MIA,PF,21.0,17.0,419.0,54.0,139.0,0.388,30.0,101.0,0.297,24.0,38.0,0.632,0.496,24.0,28.0,0.857,17.0,102.0,119.0,40.0,9.0,5.0,23.0,32.0,162.0,0.0,,2023,2022-23
226.0,Precious Achiuwa,23.0,TOR,C,55.0,12.0,1140.0,196.0,404.0,0.485,29.0,108.0,0.269,167.0,296.0,0.564,0.521,87.0,124.0,0.702,100.0,228.0,328.0,50.0,31.0,30.0,59.0,102.0,508.0,0.0,,2023,2022-23
227.0,Dwight Powell,31.0,DAL,C,76.0,64.0,1458.0,197.0,269.0,0.732,0.0,5.0,0.0,197.0,264.0,0.746,0.732,112.0,168.0,0.667,149.0,165.0,314.0,69.0,48.0,26.0,65.0,209.0,506.0,0.0,,2023,2022-23
228.0,Marvin Bagley III,23.0,DET,C,42.0,25.0,990.0,202.0,382.0,0.529,19.0,66.0,0.288,183.0,316.0,0.579,0.554,81.0,108.0,0.75,94.0,175.0,269.0,36.0,19.0,30.0,46.0,81.0,504.0,0.0,,2023,2022-23
229.0,Khris Middleton,31.0,MIL,SF,33.0,19.0,801.0,177.0,406.0,0.436,51.0,162.0,0.315,126.0,244.0,0.516,0.499,92.0,102.0,0.902,28.0,112.0,140.0,163.0,23.0,5.0,71.0,68.0,497.0,0.0,,2023,2022-23
230.0,Obi Toppin,24.0,NYK,PF,67.0,5.0,1050.0,187.0,419.0,0.446,85.0,247.0,0.344,102.0,172.0,0.593,0.548,38.0,47.0,0.809,29.0,158.0,187.0,66.0,23.0,12.0,38.0,68.0,497.0,0.0,,2023,2022-23
231.0,Kendrick Nunn,27.0,2TM,SG,70.0,2.0,964.0,191.0,450.0,0.424,79.0,223.0,0.354,112.0,227.0,0.493,0.512,35.0,41.0,0.854,15.0,94.0,109.0,90.0,28.0,7.0,66.0,66.0,496.0,0.0,,2023,2022-23
231.0,Kendrick Nunn,27.0,LAL,SG,39.0,2.0,528.0,102.0,251.0,0.406,41.0,126.0,0.325,61.0,125.0,0.488,0.488,17.0,21.0,0.81,5.0,50.0,55.0,34.0,11.0,3.0,31.0,35.0,262.0,0.0,,2023,2022-23
231.0,Kendrick Nunn,27.0,WAS,SG,31.0,0.0,436.0,89.0,199.0,0.447,38.0,97.0,0.392,51.0,102.0,0.5,0.543,18.0,20.0,0.9,10.0,44.0,54.0,56.0,17.0,4.0,35.0,31.0,234.0,0.0,,2023,2022-23
232.0,Cameron Payne,28.0,PHO,PG,48.0,15.0,968.0,188.0,453.0,0.415,68.0,185.0,0.368,120.0,268.0,0.448,0.49,49.0,64.0,0.766,12.0,94.0,106.0,214.0,33.0,8.0,81.0,88.0,493.0,0.0,,2023,2022-23
233.0,Taurean Prince,28.0,MIN,PF,54.0,4.0,1192.0,177.0,379.0,0.467,74.0,194.0,0.381,103.0,185.0,0.557,0.565,65.0,77.0,0.844,15.0,117.0,132.0,84.0,28.0,15.0,69.0,123.0,493.0,0.0,,2023,2022-23
234.0,Isaac Okoro,22.0,CLE,SF,76.0,46.0,1652.0,175.0,354.0,0.494,62.0,171.0,0.363,113.0,183.0,0.617,0.582,78.0,103.0,0.757,52.0,135.0,187.0,87.0,56.0,30.0,42.0,158.0,490.0,0.0,,2023,2022-23
235.0,Aaron Wiggins,24.0,OKC,SG,70.0,14.0,1297.0,186.0,363.0,0.512,48.0,122.0,0.393,138.0,241.0,0.573,0.579,59.0,71.0,0.831,68.0,142.0,210.0,80.0,39.0,15.0,55.0,110.0,479.0,0.0,,2023,2022-23
236.0,Nicolas Batum,34.0,LAC,PF,78.0,19.0,1709.0,160.0,381.0,0.42,124.0,317.0,0.391,36.0,64.0,0.563,0.583,34.0,48.0,0.708,62.0,237.0,299.0,121.0,54.0,44.0,50.0,149.0,478.0,0.0,,2023,2022-23
237.0,Dennis Smith Jr.,25.0,CHO,PG,54.0,15.0,1390.0,186.0,452.0,0.412,24.0,111.0,0.216,162.0,341.0,0.475,0.438,78.0,106.0,0.736,27.0,140.0,167.0,261.0,75.0,25.0,82.0,122.0,474.0,0.0,,2023,2022-23
238.0,Ochai Agbaji,22.0,UTA,SG,59.0,22.0,1209.0,165.0,386.0,0.427,81.0,228.0,0.355,84.0,158.0,0.532,0.532,56.0,69.0,0.812,43.0,78.0,121.0,67.0,16.0,15.0,41.0,99.0,467.0,0.0,,2023,2022-23
239.0,Pat Connaughton,30.0,MIL,SF,61.0,33.0,1443.0,165.0,421.0,0.392,109.0,322.0,0.339,56.0,99.0,0.566,0.521,27.0,41.0,0.659,50.0,233.0,283.0,77.0,37.0,11.0,33.0,69.0,466.0,0.0,,2023,2022-23
240.0,David Roddy,21.0,MEM,PF,70.0,4.0,1258.0,180.0,420.0,0.429,65.0,212.0,0.307,115.0,208.0,0.553,0.506,41.0,65.0,0.631,50.0,143.0,193.0,59.0,29.0,19.0,57.0,107.0,466.0,0.0,,2023,2022-23
241.0,Trendon Watford,22.0,POR,PF,62.0,12.0,1182.0,181.0,323.0,0.56,25.0,64.0,0.391,156.0,259.0,0.602,0.599,72.0,100.0,0.72,42.0,196.0,238.0,130.0,32.0,12.0,71.0,118.0,459.0,0.0,,2023,2022-23
242.0,Jock Landale,27.0,PHO,C,69.0,4.0,979.0,178.0,337.0,0.528,21.0,84.0,0.25,157.0,253.0,0.621,0.559,79.0,105.0,0.752,119.0,161.0,280.0,68.0,16.0,30.0,59.0,126.0,456.0,0.0,,2023,2022-23
243.0,Isaiah Jackson,21.0,IND,C,63.0,12.0,1042.0,179.0,318.0,0.563,2.0,14.0,0.143,177.0,304.0,0.582,0.566,95.0,146.0,0.651,113.0,169.0,282.0,51.0,31.0,93.0,51.0,154.0,455.0,0.0,,2023,2022-23
244.0,Davion Mitchell,24.0,SAC,PG,80.0,9.0,1447.0,181.0,399.0,0.454,63.0,197.0,0.32,118.0,202.0,0.584,0.533,25.0,31.0,0.806,16.0,89.0,105.0,185.0,44.0,15.0,62.0,112.0,450.0,0.0,,2023,2022-23
245.0,James Wiseman,21.0,2TM,C,45.0,22.0,867.0,189.0,339.0,0.558,4.0,20.0,0.2,185.0,319.0,0.58,0.563,68.0,97.0,0.701,73.0,194.0,267.0,30.0,7.0,27.0,51.0,108.0,450.0,0.0,,2023,2022-23
245.0,James Wiseman,21.0,GSW,C,21.0,0.0,262.0,59.0,94.0,0.628,1.0,2.0,0.5,58.0,92.0,0.63,0.633,26.0,38.0,0.684,18.0,55.0,73.0,14.0,3.0,7.0,14.0,39.0,145.0,0.0,,2023,2022-23
245.0,James Wiseman,21.0,DET,C,24.0,22.0,605.0,130.0,245.0,0.531,3.0,18.0,0.167,127.0,227.0,0.559,0.537,42.0,59.0,0.712,55.0,139.0,194.0,16.0,4.0,20.0,37.0,69.0,305.0,0.0,,2023,2022-23
246.0,Victor Oladipo,30.0,MIA,SG,42.0,2.0,1106.0,160.0,403.0,0.397,70.0,212.0,0.33,90.0,191.0,0.471,0.484,59.0,79.0,0.747,16.0,112.0,128.0,146.0,57.0,12.0,87.0,99.0,449.0,0.0,,2023,2022-23
247.0,Larry Nance Jr.,30.0,NOP,C,65.0,1.0,1381.0,186.0,305.0,0.61,14.0,42.0,0.333,172.0,263.0,0.654,0.633,55.0,79.0,0.696,106.0,248.0,354.0,119.0,56.0,37.0,42.0,133.0,441.0,0.0,,2023,2022-23
248.0,Jeff Green,36.0,DEN,PF,56.0,4.0,1091.0,160.0,328.0,0.488,30.0,104.0,0.288,130.0,224.0,0.58,0.534,87.0,117.0,0.744,38.0,106.0,144.0,69.0,18.0,17.0,46.0,99.0,437.0,0.0,,2023,2022-23
249.0,Mitchell Robinson,24.0,NYK,C,59.0,58.0,1591.0,188.0,280.0,0.671,0.0,0.0,,188.0,280.0,0.671,0.671,59.0,122.0,0.484,267.0,288.0,555.0,53.0,56.0,109.0,41.0,160.0,435.0,0.0,,2023,2022-23
250.0,Terence Davis,25.0,SAC,SG,64.0,5.0,841.0,154.0,364.0,0.423,89.0,243.0,0.366,65.0,121.0,0.537,0.545,34.0,43.0,0.791,20.0,119.0,139.0,67.0,43.0,12.0,53.0,104.0,431.0,0.0,,2023,2022-23
251.0,Xavier Tillman Sr.,24.0,MEM,C,61.0,29.0,1180.0,188.0,306.0,0.614,4.0,15.0,0.267,184.0,291.0,0.632,0.621,49.0,89.0,0.551,121.0,186.0,307.0,96.0,58.0,29.0,44.0,97.0,429.0,0.0,,2023,2022-23
252.0,Cory Joseph,31.0,DET,PG,62.0,2.0,1227.0,150.0,351.0,0.427,70.0,180.0,0.389,80.0,171.0,0.468,0.527,57.0,72.0,0.792,21.0,85.0,106.0,217.0,34.0,9.0,56.0,88.0,427.0,0.0,,2023,2022-23
253.0,Kenrich Williams,28.0,OKC,PF,53.0,10.0,1206.0,179.0,346.0,0.517,50.0,134.0,0.373,129.0,212.0,0.608,0.59,17.0,39.0,0.436,97.0,164.0,261.0,105.0,45.0,14.0,32.0,112.0,425.0,0.0,,2023,2022-23
254.0,Jaden Hardy,20.0,DAL,SG,48.0,5.0,708.0,146.0,333.0,0.438,63.0,156.0,0.404,83.0,177.0,0.469,0.533,65.0,79.0,0.823,11.0,78.0,89.0,65.0,17.0,7.0,46.0,64.0,420.0,0.0,,2023,2022-23
255.0,Anthony Lamb,25.0,GSW,SF,62.0,4.0,1195.0,148.0,314.0,0.471,73.0,199.0,0.367,75.0,115.0,0.652,0.588,46.0,60.0,0.767,56.0,159.0,215.0,96.0,28.0,20.0,54.0,134.0,415.0,0.0,,2023,2022-23
256.0,Patrick Beverley,34.0,2TM,SG,67.0,67.0,1816.0,144.0,360.0,0.4,80.0,239.0,0.335,64.0,121.0,0.529,0.511,47.0,65.0,0.723,44.0,203.0,247.0,194.0,63.0,41.0,60.0,187.0,415.0,0.0,,2023,2022-23
256.0,Patrick Beverley,34.0,LAL,SG,45.0,45.0,1211.0,97.0,241.0,0.402,55.0,158.0,0.348,42.0,83.0,0.506,0.517,39.0,50.0,0.78,24.0,116.0,140.0,118.0,40.0,25.0,42.0,124.0,288.0,0.0,,2023,2022-23
256.0,Patrick Beverley,34.0,CHI,PG,22.0,22.0,605.0,47.0,119.0,0.395,25.0,81.0,0.309,22.0,38.0,0.579,0.5,8.0,15.0,0.533,20.0,87.0,107.0,76.0,23.0,16.0,18.0,63.0,127.0,0.0,,2023,2022-23
257.0,Kevin Knox,23.0,2TM,SF,63.0,5.0,952.0,152.0,332.0,0.458,65.0,186.0,0.349,87.0,146.0,0.596,0.556,46.0,60.0,0.767,34.0,143.0,177.0,33.0,24.0,12.0,50.0,95.0,415.0,0.0,,2023,2022-23
257.0,Kevin Knox,23.0,DET,SF,42.0,1.0,593.0,84.0,179.0,0.469,43.0,116.0,0.371,41.0,63.0,0.651,0.589,26.0,33.0,0.788,20.0,88.0,108.0,15.0,14.0,12.0,32.0,74.0,237.0,0.0,,2023,2022-23
257.0,Kevin Knox,23.0,POR,PF,21.0,4.0,359.0,68.0,153.0,0.444,22.0,70.0,0.314,46.0,83.0,0.554,0.516,20.0,27.0,0.741,14.0,55.0,69.0,18.0,10.0,0.0,18.0,21.0,178.0,0.0,,2023,2022-23
258.0,Jordan Goodwin,24.0,WAS,PG,62.0,7.0,1106.0,158.0,353.0,0.448,38.0,118.0,0.322,120.0,235.0,0.511,0.501,53.0,69.0,0.768,57.0,148.0,205.0,168.0,58.0,26.0,57.0,95.0,407.0,0.0,,2023,2022-23
259.0,Isaiah Hartenstein,24.0,NYK,C,82.0,8.0,1626.0,175.0,327.0,0.535,8.0,37.0,0.216,167.0,290.0,0.576,0.547,48.0,71.0,0.676,209.0,327.0,536.0,102.0,53.0,64.0,66.0,213.0,406.0,0.0,,2023,2022-23
260.0,Andre Drummond,29.0,CHI,C,67.0,0.0,849.0,166.0,274.0,0.606,0.0,3.0,0.0,166.0,271.0,0.613,0.606,67.0,125.0,0.536,138.0,306.0,444.0,33.0,45.0,27.0,75.0,117.0,399.0,0.0,,2023,2022-23
261.0,Oshae Brissett,24.0,IND,PF,65.0,2.0,1083.0,123.0,319.0,0.386,48.0,155.0,0.31,75.0,164.0,0.457,0.461,104.0,145.0,0.717,62.0,156.0,218.0,44.0,33.0,13.0,34.0,79.0,398.0,0.0,,2023,2022-23
262.0,Gary Harris,28.0,ORL,SG,48.0,42.0,1184.0,138.0,307.0,0.45,94.0,218.0,0.431,44.0,89.0,0.494,0.603,27.0,30.0,0.9,21.0,77.0,98.0,59.0,45.0,12.0,28.0,93.0,397.0,0.0,,2023,2022-23
263.0,Jalen Johnson,21.0,ATL,SF,70.0,6.0,1042.0,158.0,322.0,0.491,30.0,104.0,0.288,128.0,218.0,0.587,0.537,49.0,78.0,0.628,51.0,231.0,282.0,83.0,38.0,34.0,41.0,113.0,395.0,0.0,,2023,2022-23
264.0,Mark Williams,21.0,CHO,C,43.0,17.0,828.0,160.0,251.0,0.637,0.0,0.0,,160.0,251.0,0.637,0.637,67.0,97.0,0.691,93.0,211.0,304.0,18.0,28.0,45.0,40.0,94.0,387.0,0.0,,2023,2022-23
265.0,Cam Reddish,23.0,2TM,SF,40.0,20.0,990.0,139.0,312.0,0.446,45.0,144.0,0.313,94.0,168.0,0.56,0.518,64.0,75.0,0.853,18.0,70.0,88.0,57.0,39.0,14.0,47.0,72.0,387.0,0.0,,2023,2022-23
265.0,Cam Reddish,23.0,NYK,SF,20.0,8.0,438.0,61.0,136.0,0.449,17.0,56.0,0.304,44.0,80.0,0.55,0.511,29.0,33.0,0.879,7.0,24.0,31.0,20.0,15.0,8.0,15.0,32.0,168.0,0.0,,2023,2022-23
265.0,Cam Reddish,23.0,POR,SF,20.0,12.0,552.0,78.0,176.0,0.443,28.0,88.0,0.318,50.0,88.0,0.568,0.523,35.0,42.0,0.833,11.0,46.0,57.0,37.0,24.0,6.0,32.0,40.0,219.0,0.0,,2023,2022-23
266.0,John Wall,32.0,LAC,PG,34.0,3.0,755.0,138.0,338.0,0.408,33.0,109.0,0.303,105.0,229.0,0.459,0.457,77.0,113.0,0.681,14.0,78.0,92.0,178.0,27.0,12.0,80.0,59.0,386.0,0.0,,2023,2022-23
267.0,Mike Muscala,31.0,2TM,C,63.0,9.0,945.0,131.0,292.0,0.449,81.0,207.0,0.391,50.0,85.0,0.588,0.587,40.0,52.0,0.769,37.0,166.0,203.0,50.0,15.0,24.0,23.0,98.0,383.0,0.0,,2023,2022-23
267.0,Mike Muscala,31.0,OKC,C,43.0,5.0,622.0,89.0,203.0,0.438,56.0,142.0,0.394,33.0,61.0,0.541,0.576,31.0,39.0,0.795,23.0,112.0,135.0,38.0,11.0,19.0,14.0,70.0,265.0,0.0,,2023,2022-23
267.0,Mike Muscala,31.0,BOS,C,20.0,4.0,323.0,42.0,89.0,0.472,25.0,65.0,0.385,17.0,24.0,0.708,0.612,9.0,13.0,0.692,14.0,54.0,68.0,12.0,4.0,5.0,9.0,28.0,118.0,0.0,,2023,2022-23
268.0,Will Barton,32.0,2TM,SG,56.0,2.0,993.0,138.0,364.0,0.379,66.0,180.0,0.367,72.0,184.0,0.391,0.47,37.0,47.0,0.787,15.0,122.0,137.0,112.0,28.0,13.0,48.0,56.0,379.0,0.0,,2023,2022-23
268.0,Will Barton,32.0,WAS,SG,40.0,0.0,782.0,110.0,285.0,0.386,52.0,138.0,0.377,58.0,147.0,0.395,0.477,35.0,45.0,0.778,10.0,101.0,111.0,95.0,17.0,10.0,45.0,39.0,307.0,0.0,,2023,2022-23
268.0,Will Barton,32.0,TOR,SG,16.0,2.0,211.0,28.0,79.0,0.354,14.0,42.0,0.333,14.0,37.0,0.378,0.443,2.0,2.0,1.0,5.0,21.0,26.0,17.0,11.0,3.0,3.0,17.0,72.0,0.0,,2023,2022-23
269.0,Edmond Sumner,27.0,BRK,SG,53.0,12.0,736.0,124.0,269.0,0.461,31.0,87.0,0.356,93.0,182.0,0.511,0.519,99.0,108.0,0.917,13.0,66.0,79.0,68.0,31.0,10.0,50.0,83.0,378.0,0.0,,2023,2022-23
270.0,Alex Caruso,28.0,CHI,PG,67.0,36.0,1575.0,130.0,286.0,0.455,55.0,151.0,0.364,75.0,135.0,0.556,0.551,59.0,73.0,0.808,42.0,154.0,196.0,193.0,98.0,46.0,77.0,159.0,374.0,0.0,"DPOY-11,DEF1",2023,2022-23
271.0,Josh Christopher,21.0,HOU,SG,64.0,2.0,786.0,153.0,329.0,0.465,21.0,89.0,0.236,132.0,240.0,0.55,0.497,45.0,60.0,0.75,20.0,51.0,71.0,73.0,33.0,15.0,60.0,59.0,372.0,0.0,,2023,2022-23
272.0,Wenyen Gabriel,25.0,LAL,C,68.0,2.0,1024.0,155.0,260.0,0.596,10.0,36.0,0.278,145.0,224.0,0.647,0.615,52.0,84.0,0.619,116.0,170.0,286.0,36.0,26.0,35.0,46.0,144.0,372.0,0.0,,2023,2022-23
273.0,Delon Wright,30.0,WAS,PG,50.0,14.0,1221.0,138.0,291.0,0.474,41.0,119.0,0.345,97.0,172.0,0.564,0.545,52.0,60.0,0.867,58.0,122.0,180.0,194.0,92.0,17.0,44.0,59.0,369.0,0.0,,2023,2022-23
274.0,JaMychal Green,32.0,GSW,PF,57.0,1.0,797.0,136.0,252.0,0.54,42.0,111.0,0.378,94.0,141.0,0.667,0.623,52.0,67.0,0.776,72.0,133.0,205.0,51.0,25.0,23.0,52.0,105.0,366.0,0.0,,2023,2022-23
275.0,Goran Dragić,36.0,2TM,PG,58.0,0.0,870.0,141.0,335.0,0.421,52.0,145.0,0.359,89.0,190.0,0.468,0.499,31.0,45.0,0.689,16.0,65.0,81.0,151.0,13.0,4.0,63.0,65.0,365.0,0.0,,2023,2022-23
275.0,Goran Dragić,36.0,CHI,PG,51.0,0.0,787.0,127.0,299.0,0.425,45.0,128.0,0.352,82.0,171.0,0.48,0.5,27.0,41.0,0.659,13.0,56.0,69.0,139.0,11.0,4.0,56.0,63.0,326.0,0.0,,2023,2022-23
275.0,Goran Dragić,36.0,MIL,PG,7.0,0.0,83.0,14.0,36.0,0.389,7.0,17.0,0.412,7.0,19.0,0.368,0.486,4.0,4.0,1.0,3.0,9.0,12.0,12.0,2.0,0.0,7.0,2.0,39.0,0.0,,2023,2022-23
276.0,John Konchar,26.0,MEM,SF,72.0,23.0,1494.0,138.0,320.0,0.431,60.0,177.0,0.339,78.0,143.0,0.545,0.525,28.0,36.0,0.778,64.0,246.0,310.0,100.0,77.0,25.0,37.0,112.0,364.0,0.0,,2023,2022-23
277.0,Nickeil Alexander-Walker,24.0,2TM,SG,59.0,3.0,884.0,131.0,295.0,0.444,61.0,159.0,0.384,70.0,136.0,0.515,0.547,40.0,60.0,0.667,15.0,86.0,101.0,108.0,32.0,21.0,55.0,88.0,363.0,0.0,,2023,2022-23
277.0,Nickeil Alexander-Walker,24.0,UTA,SG,36.0,3.0,528.0,83.0,170.0,0.488,35.0,87.0,0.402,48.0,83.0,0.578,0.591,27.0,39.0,0.692,8.0,51.0,59.0,76.0,24.0,14.0,45.0,58.0,228.0,0.0,,2023,2022-23
277.0,Nickeil Alexander-Walker,24.0,MIN,SG,23.0,0.0,356.0,48.0,125.0,0.384,26.0,72.0,0.361,22.0,53.0,0.415,0.488,13.0,21.0,0.619,7.0,35.0,42.0,32.0,8.0,7.0,10.0,30.0,135.0,0.0,,2023,2022-23
278.0,Chris Duarte,25.0,IND,SF,46.0,12.0,897.0,123.0,333.0,0.369,55.0,174.0,0.316,68.0,159.0,0.428,0.452,61.0,72.0,0.847,19.0,96.0,115.0,64.0,25.0,9.0,41.0,65.0,362.0,0.0,,2023,2022-23
279.0,Dario Šarić,28.0,2TM,C,57.0,12.0,806.0,127.0,277.0,0.458,45.0,115.0,0.391,82.0,162.0,0.506,0.54,63.0,76.0,0.829,53.0,154.0,207.0,74.0,20.0,7.0,55.0,99.0,362.0,0.0,,2023,2022-23
279.0,Dario Šarić,28.0,PHO,PF,37.0,12.0,533.0,76.0,178.0,0.427,27.0,69.0,0.391,49.0,109.0,0.45,0.503,36.0,44.0,0.818,39.0,103.0,142.0,57.0,13.0,5.0,36.0,69.0,215.0,0.0,,2023,2022-23
279.0,Dario Šarić,28.0,OKC,C,20.0,0.0,273.0,51.0,99.0,0.515,18.0,46.0,0.391,33.0,53.0,0.623,0.606,27.0,32.0,0.844,14.0,51.0,65.0,17.0,7.0,2.0,19.0,30.0,147.0,0.0,,2023,2022-23
280.0,Steven Adams,29.0,MEM,C,42.0,42.0,1133.0,157.0,263.0,0.597,0.0,1.0,0.0,157.0,262.0,0.599,0.597,47.0,129.0,0.364,214.0,271.0,485.0,97.0,36.0,46.0,79.0,98.0,361.0,0.0,,2023,2022-23
281.0,Christian Braun,21.0,DEN,SG,76.0,6.0,1181.0,143.0,289.0,0.495,34.0,96.0,0.354,109.0,193.0,0.565,0.554,40.0,64.0,0.625,48.0,133.0,181.0,59.0,41.0,17.0,35.0,101.0,360.0,0.0,,2023,2022-23
282.0,Nassir Little,22.0,POR,SF,54.0,4.0,976.0,134.0,303.0,0.442,58.0,158.0,0.367,76.0,145.0,0.524,0.538,33.0,46.0,0.717,27.0,114.0,141.0,50.0,20.0,20.0,36.0,66.0,359.0,0.0,,2023,2022-23
283.0,Isaiah Livers,24.0,DET,PF,52.0,22.0,1199.0,120.0,288.0,0.417,74.0,203.0,0.365,46.0,85.0,0.541,0.545,32.0,39.0,0.821,28.0,115.0,143.0,41.0,28.0,28.0,30.0,103.0,346.0,0.0,,2023,2022-23
284.0,Landry Shamet,25.0,PHO,SG,40.0,9.0,807.0,113.0,300.0,0.377,75.0,199.0,0.377,38.0,101.0,0.376,0.502,45.0,51.0,0.882,11.0,56.0,67.0,93.0,26.0,5.0,36.0,61.0,346.0,0.0,,2023,2022-23
285.0,Simone Fontecchio,27.0,UTA,SF,52.0,6.0,766.0,115.0,312.0,0.369,63.0,191.0,0.33,52.0,121.0,0.43,0.47,35.0,44.0,0.795,31.0,55.0,86.0,42.0,15.0,8.0,39.0,62.0,328.0,0.0,,2023,2022-23
286.0,Lamar Stevens,25.0,CLE,SF,62.0,25.0,1120.0,129.0,288.0,0.448,30.0,95.0,0.316,99.0,193.0,0.513,0.5,40.0,57.0,0.702,48.0,159.0,207.0,33.0,27.0,19.0,27.0,79.0,328.0,0.0,,2023,2022-23
287.0,Mo Bamba,24.0,2TM,C,49.0,7.0,769.0,117.0,241.0,0.485,48.0,124.0,0.387,69.0,117.0,0.59,0.585,41.0,62.0,0.661,58.0,167.0,225.0,46.0,13.0,43.0,30.0,105.0,323.0,0.0,,2023,2022-23
287.0,Mo Bamba,24.0,ORL,C,40.0,6.0,681.0,106.0,214.0,0.495,43.0,108.0,0.398,63.0,106.0,0.594,0.596,35.0,51.0,0.686,47.0,137.0,184.0,42.0,12.0,38.0,22.0,86.0,290.0,0.0,,2023,2022-23
287.0,Mo Bamba,24.0,LAL,C,9.0,1.0,88.0,11.0,27.0,0.407,5.0,16.0,0.313,6.0,11.0,0.545,0.5,6.0,11.0,0.545,11.0,30.0,41.0,4.0,1.0,5.0,8.0,19.0,33.0,0.0,,2023,2022-23
288.0,Yuta Watanabe,28.0,BRK,SF,58.0,1.0,928.0,114.0,232.0,0.491,60.0,135.0,0.444,54.0,97.0,0.557,0.621,34.0,47.0,0.723,30.0,111.0,141.0,48.0,25.0,17.0,22.0,80.0,322.0,0.0,,2023,2022-23
289.0,Chimezie Metu,25.0,SAC,PF,66.0,0.0,689.0,129.0,219.0,0.589,9.0,38.0,0.237,120.0,181.0,0.663,0.61,54.0,73.0,0.74,47.0,151.0,198.0,40.0,22.0,21.0,32.0,81.0,321.0,0.0,,2023,2022-23
290.0,Montrezl Harrell,29.0,PHI,C,57.0,7.0,681.0,125.0,209.0,0.598,0.0,6.0,0.0,125.0,203.0,0.616,0.598,70.0,101.0,0.693,67.0,92.0,159.0,33.0,17.0,25.0,35.0,75.0,320.0,0.0,,2023,2022-23
291.0,Derrick Jones Jr.,25.0,CHI,PF,64.0,0.0,893.0,115.0,230.0,0.5,27.0,80.0,0.338,88.0,150.0,0.587,0.559,62.0,84.0,0.738,60.0,93.0,153.0,34.0,29.0,37.0,25.0,86.0,319.0,0.0,,2023,2022-23
292.0,Joe Ingles,35.0,MIL,SF,46.0,0.0,1044.0,108.0,248.0,0.435,83.0,203.0,0.409,25.0,45.0,0.556,0.603,18.0,21.0,0.857,13.0,115.0,128.0,150.0,33.0,6.0,55.0,74.0,317.0,0.0,,2023,2022-23
293.0,T.J. Warren,29.0,2TM,PF,42.0,0.0,687.0,132.0,270.0,0.489,22.0,67.0,0.328,110.0,203.0,0.542,0.53,28.0,35.0,0.8,26.0,95.0,121.0,40.0,22.0,12.0,20.0,65.0,314.0,0.0,,2023,2022-23
293.0,T.J. Warren,29.0,BRK,PF,26.0,0.0,490.0,102.0,200.0,0.51,16.0,48.0,0.333,86.0,152.0,0.566,0.55,27.0,33.0,0.818,13.0,59.0,72.0,29.0,15.0,7.0,17.0,45.0,247.0,0.0,,2023,2022-23
293.0,T.J. Warren,29.0,PHO,SF,16.0,0.0,197.0,30.0,70.0,0.429,6.0,19.0,0.316,24.0,51.0,0.471,0.471,1.0,2.0,0.5,13.0,36.0,49.0,11.0,7.0,5.0,3.0,20.0,67.0,0.0,,2023,2022-23
294.0,Ty Jerome,25.0,GSW,SG,45.0,2.0,816.0,118.0,242.0,0.488,35.0,90.0,0.389,83.0,152.0,0.546,0.56,38.0,41.0,0.927,7.0,71.0,78.0,135.0,23.0,5.0,30.0,64.0,309.0,0.0,,2023,2022-23
295.0,Moses Moody,20.0,GSW,SG,63.0,3.0,817.0,108.0,227.0,0.476,49.0,135.0,0.363,59.0,92.0,0.641,0.584,37.0,53.0,0.698,28.0,77.0,105.0,51.0,18.0,7.0,34.0,54.0,302.0,0.0,,2023,2022-23
296.0,R.J. Hampton,21.0,2TM,SG,47.0,3.0,750.0,102.0,237.0,0.43,41.0,116.0,0.353,61.0,121.0,0.504,0.517,57.0,76.0,0.75,18.0,69.0,87.0,54.0,27.0,9.0,42.0,51.0,302.0,0.0,,2023,2022-23
296.0,R.J. Hampton,21.0,ORL,SG,26.0,0.0,361.0,50.0,114.0,0.439,18.0,53.0,0.34,32.0,61.0,0.525,0.518,31.0,37.0,0.838,9.0,30.0,39.0,34.0,16.0,4.0,21.0,22.0,149.0,0.0,,2023,2022-23
296.0,R.J. Hampton,21.0,DET,SG,21.0,3.0,389.0,52.0,123.0,0.423,23.0,63.0,0.365,29.0,60.0,0.483,0.516,26.0,39.0,0.667,9.0,39.0,48.0,20.0,11.0,5.0,21.0,29.0,153.0,0.0,,2023,2022-23
297.0,Vlatko Čančar,25.0,DEN,PF,60.0,9.0,889.0,108.0,227.0,0.476,43.0,115.0,0.374,65.0,112.0,0.58,0.57,38.0,41.0,0.927,24.0,104.0,128.0,80.0,22.0,14.0,37.0,84.0,297.0,0.0,,2023,2022-23
298.0,Romeo Langford,23.0,SAS,SG,43.0,21.0,844.0,121.0,259.0,0.467,16.0,61.0,0.262,105.0,198.0,0.53,0.498,39.0,56.0,0.696,57.0,57.0,114.0,50.0,24.0,13.0,30.0,67.0,297.0,0.0,,2023,2022-23
299.0,Théo Maledon,21.0,CHO,PG,44.0,7.0,854.0,102.0,254.0,0.402,28.0,95.0,0.295,74.0,159.0,0.465,0.457,63.0,74.0,0.851,14.0,109.0,123.0,152.0,37.0,12.0,59.0,61.0,295.0,0.0,,2023,2022-23
300.0,Rudy Gay,36.0,UTA,PF,56.0,0.0,816.0,109.0,287.0,0.38,33.0,130.0,0.254,76.0,157.0,0.484,0.437,42.0,49.0,0.857,33.0,130.0,163.0,57.0,19.0,18.0,37.0,68.0,293.0,0.0,,2023,2022-23
301.0,Matisse Thybulle,25.0,2TM,SG,71.0,28.0,1200.0,110.0,253.0,0.435,54.0,148.0,0.365,56.0,105.0,0.533,0.542,19.0,28.0,0.679,40.0,100.0,140.0,53.0,83.0,32.0,24.0,113.0,293.0,0.0,,2023,2022-23
301.0,Matisse Thybulle,25.0,PHI,SF,49.0,6.0,591.0,50.0,116.0,0.431,21.0,63.0,0.333,29.0,53.0,0.547,0.522,9.0,12.0,0.75,20.0,43.0,63.0,23.0,45.0,14.0,8.0,65.0,130.0,0.0,,2023,2022-23
301.0,Matisse Thybulle,25.0,POR,SG,22.0,22.0,609.0,60.0,137.0,0.438,33.0,85.0,0.388,27.0,52.0,0.519,0.558,10.0,16.0,0.625,20.0,57.0,77.0,30.0,38.0,18.0,16.0,48.0,163.0,0.0,,2023,2022-23
302.0,Jeremiah Robinson-Earl,22.0,OKC,PF,43.0,20.0,814.0,110.0,248.0,0.444,37.0,111.0,0.333,73.0,137.0,0.533,0.518,35.0,42.0,0.833,71.0,109.0,180.0,43.0,24.0,11.0,19.0,71.0,292.0,0.0,,2023,2022-23
303.0,Ben Simmons,26.0,BRK,PG,42.0,33.0,1105.0,133.0,235.0,0.566,0.0,2.0,0.0,133.0,233.0,0.571,0.566,25.0,57.0,0.439,40.0,223.0,263.0,256.0,54.0,24.0,97.0,139.0,291.0,1.0,,2023,2022-23
304.0,Kris Dunn,28.0,UTA,PG,22.0,3.0,568.0,116.0,216.0,0.537,17.0,36.0,0.472,99.0,180.0,0.55,0.576,41.0,53.0,0.774,9.0,91.0,100.0,124.0,25.0,10.0,35.0,58.0,290.0,0.0,,2023,2022-23
305.0,Robert Covington,32.0,LAC,PF,48.0,0.0,779.0,102.0,229.0,0.445,54.0,136.0,0.397,48.0,93.0,0.516,0.563,30.0,40.0,0.75,31.0,135.0,166.0,57.0,38.0,33.0,32.0,86.0,288.0,0.0,,2023,2022-23
306.0,Jaylin Williams,20.0,OKC,C,49.0,36.0,914.0,102.0,234.0,0.436,46.0,113.0,0.407,56.0,121.0,0.463,0.534,38.0,54.0,0.704,44.0,197.0,241.0,76.0,28.0,12.0,37.0,111.0,288.0,0.0,,2023,2022-23
307.0,Paul Reed,23.0,PHI,C,69.0,2.0,755.0,124.0,209.0,0.593,1.0,6.0,0.167,123.0,203.0,0.606,0.596,38.0,51.0,0.745,112.0,150.0,262.0,27.0,46.0,51.0,45.0,123.0,287.0,0.0,,2023,2022-23
308.0,Jae'Sean Tate,27.0,HOU,SF,31.0,7.0,677.0,110.0,229.0,0.48,13.0,46.0,0.283,97.0,183.0,0.53,0.509,50.0,69.0,0.725,41.0,77.0,118.0,84.0,21.0,7.0,47.0,106.0,283.0,0.0,,2023,2022-23
309.0,Robert Williams,25.0,BOS,C,35.0,20.0,824.0,127.0,170.0,0.747,0.0,1.0,0.0,127.0,169.0,0.751,0.747,25.0,41.0,0.61,104.0,188.0,292.0,50.0,22.0,48.0,34.0,68.0,279.0,0.0,,2023,2022-23
310.0,Eugene Omoruyi,25.0,2TM,SF,40.0,6.0,645.0,101.0,228.0,0.443,25.0,89.0,0.281,76.0,139.0,0.547,0.498,51.0,75.0,0.68,43.0,68.0,111.0,28.0,28.0,3.0,34.0,91.0,278.0,0.0,,2023,2022-23
310.0,Eugene Omoruyi,25.0,OKC,SF,23.0,2.0,272.0,44.0,94.0,0.468,8.0,31.0,0.258,36.0,63.0,0.571,0.511,17.0,28.0,0.607,22.0,30.0,52.0,11.0,14.0,0.0,16.0,46.0,113.0,0.0,,2023,2022-23
310.0,Eugene Omoruyi,25.0,DET,SF,17.0,4.0,373.0,57.0,134.0,0.425,17.0,58.0,0.293,40.0,76.0,0.526,0.489,34.0,47.0,0.723,21.0,38.0,59.0,17.0,14.0,3.0,18.0,45.0,165.0,0.0,,2023,2022-23
311.0,Zeke Nnaji,22.0,DEN,PF,53.0,5.0,728.0,110.0,196.0,0.561,17.0,65.0,0.262,93.0,131.0,0.71,0.605,40.0,62.0,0.645,65.0,73.0,138.0,18.0,17.0,23.0,31.0,105.0,277.0,0.0,,2023,2022-23
312.0,Aleksej Pokusevski,21.0,OKC,PF,34.0,25.0,701.0,108.0,249.0,0.434,38.0,104.0,0.365,70.0,145.0,0.483,0.51,22.0,35.0,0.629,45.0,114.0,159.0,64.0,20.0,43.0,43.0,58.0,276.0,0.0,,2023,2022-23
313.0,Payton Pritchard,25.0,BOS,PG,48.0,3.0,643.0,101.0,245.0,0.412,56.0,154.0,0.364,45.0,91.0,0.495,0.527,12.0,16.0,0.75,25.0,63.0,88.0,64.0,14.0,1.0,40.0,37.0,270.0,1.0,,2023,2022-23
314.0,Danuel House Jr.,29.0,PHI,SF,56.0,5.0,807.0,93.0,197.0,0.472,37.0,110.0,0.336,56.0,87.0,0.644,0.566,45.0,60.0,0.75,9.0,85.0,94.0,44.0,14.0,9.0,26.0,69.0,268.0,0.0,,2023,2022-23
315.0,Duncan Robinson,28.0,MIA,SF,42.0,1.0,691.0,88.0,237.0,0.371,63.0,192.0,0.328,25.0,45.0,0.556,0.504,29.0,32.0,0.906,8.0,61.0,69.0,46.0,14.0,0.0,28.0,77.0,268.0,0.0,,2023,2022-23
316.0,MarJon Beauchamp,22.0,MIL,SF,52.0,11.0,701.0,96.0,243.0,0.395,47.0,142.0,0.331,49.0,101.0,0.485,0.492,27.0,37.0,0.73,38.0,77.0,115.0,35.0,21.0,7.0,45.0,71.0,266.0,0.0,,2023,2022-23
317.0,P.J. Tucker,37.0,PHI,PF,75.0,75.0,1920.0,96.0,225.0,0.427,55.0,140.0,0.393,41.0,85.0,0.482,0.549,19.0,23.0,0.826,95.0,200.0,295.0,60.0,39.0,15.0,44.0,180.0,266.0,0.0,,2023,2022-23
318.0,Bismack Biyombo,30.0,PHO,C,61.0,14.0,874.0,119.0,206.0,0.578,0.0,0.0,,119.0,206.0,0.578,0.578,25.0,70.0,0.357,89.0,171.0,260.0,56.0,18.0,88.0,51.0,114.0,263.0,0.0,,2023,2022-23
319.0,Sandro Mamukelashvili,23.0,2TM,C,43.0,7.0,660.0,97.0,230.0,0.422,30.0,99.0,0.303,67.0,131.0,0.511,0.487,39.0,57.0,0.684,70.0,115.0,185.0,62.0,14.0,12.0,35.0,52.0,263.0,0.0,,2023,2022-23
319.0,Sandro Mamukelashvili,23.0,MIL,C,24.0,0.0,217.0,19.0,58.0,0.328,7.0,32.0,0.219,12.0,26.0,0.462,0.388,12.0,18.0,0.667,18.0,38.0,56.0,16.0,4.0,5.0,9.0,19.0,57.0,0.0,,2023,2022-23
319.0,Sandro Mamukelashvili,23.0,SAS,C,19.0,7.0,443.0,78.0,172.0,0.453,23.0,67.0,0.343,55.0,105.0,0.524,0.52,27.0,39.0,0.692,52.0,77.0,129.0,46.0,10.0,7.0,26.0,33.0,206.0,0.0,,2023,2022-23
320.0,Willy Hernangómez,28.0,NOP,C,38.0,2.0,458.0,89.0,169.0,0.527,3.0,11.0,0.273,86.0,158.0,0.544,0.536,81.0,104.0,0.779,58.0,122.0,180.0,33.0,17.0,13.0,39.0,64.0,262.0,0.0,,2023,2022-23
321.0,JT Thor,20.0,CHO,PF,69.0,8.0,969.0,95.0,238.0,0.399,39.0,123.0,0.317,56.0,115.0,0.487,0.481,33.0,47.0,0.702,36.0,116.0,152.0,36.0,22.0,23.0,44.0,66.0,262.0,0.0,,2023,2022-23
322.0,Luke Kornet,27.0,BOS,C,69.0,0.0,804.0,113.0,170.0,0.665,3.0,13.0,0.231,110.0,157.0,0.701,0.674,32.0,39.0,0.821,86.0,111.0,197.0,53.0,11.0,46.0,25.0,81.0,261.0,0.0,,2023,2022-23
323.0,Garrison Mathews,26.0,2TM,SG,54.0,0.0,686.0,73.0,201.0,0.363,63.0,180.0,0.35,10.0,21.0,0.476,0.52,48.0,53.0,0.906,11.0,62.0,73.0,26.0,24.0,5.0,19.0,62.0,257.0,0.0,,2023,2022-23
323.0,Garrison Mathews,26.0,HOU,SG,45.0,0.0,602.0,60.0,170.0,0.353,53.0,155.0,0.342,7.0,15.0,0.467,0.509,41.0,45.0,0.911,10.0,52.0,62.0,23.0,23.0,4.0,18.0,56.0,214.0,0.0,,2023,2022-23
323.0,Garrison Mathews,26.0,ATL,SG,9.0,0.0,84.0,13.0,31.0,0.419,10.0,25.0,0.4,3.0,6.0,0.5,0.581,7.0,8.0,0.875,1.0,10.0,11.0,3.0,1.0,1.0,1.0,6.0,43.0,0.0,,2023,2022-23
324.0,Austin Rivers,30.0,MIN,SG,52.0,10.0,1016.0,91.0,209.0,0.435,43.0,123.0,0.35,48.0,86.0,0.558,0.538,30.0,39.0,0.769,5.0,78.0,83.0,75.0,28.0,4.0,23.0,80.0,255.0,0.0,,2023,2022-23
325.0,Ish Wainright,28.0,PHO,SF,60.0,2.0,915.0,84.0,227.0,0.37,57.0,173.0,0.329,27.0,54.0,0.5,0.496,26.0,31.0,0.839,45.0,94.0,139.0,53.0,38.0,22.0,22.0,117.0,251.0,0.0,,2023,2022-23
326.0,Aaron Holiday,26.0,ATL,PG,63.0,6.0,845.0,92.0,220.0,0.418,36.0,88.0,0.409,56.0,132.0,0.424,0.5,27.0,32.0,0.844,25.0,49.0,74.0,89.0,37.0,12.0,36.0,79.0,247.0,0.0,,2023,2022-23
327.0,Malachi Flynn,24.0,TOR,PG,53.0,2.0,691.0,87.0,242.0,0.36,47.0,133.0,0.353,40.0,109.0,0.367,0.457,25.0,33.0,0.758,15.0,61.0,76.0,70.0,21.0,4.0,25.0,65.0,246.0,0.0,,2023,2022-23
328.0,Bryce McGowens,20.0,CHO,SG,46.0,7.0,787.0,80.0,202.0,0.396,26.0,80.0,0.325,54.0,122.0,0.443,0.46,60.0,80.0,0.75,20.0,73.0,93.0,54.0,15.0,6.0,43.0,48.0,246.0,0.0,,2023,2022-23
329.0,Patty Mills,34.0,BRK,PG,40.0,2.0,567.0,86.0,209.0,0.411,49.0,134.0,0.366,37.0,75.0,0.493,0.529,25.0,30.0,0.833,8.0,36.0,44.0,56.0,15.0,3.0,30.0,32.0,246.0,0.0,,2023,2022-23
330.0,Duane Washington Jr.,22.0,PHO,SG,31.0,3.0,394.0,94.0,256.0,0.367,40.0,111.0,0.36,54.0,145.0,0.372,0.445,16.0,24.0,0.667,2.0,34.0,36.0,63.0,6.0,4.0,34.0,23.0,244.0,0.0,,2023,2022-23
331.0,Thaddeus Young,34.0,TOR,PF,54.0,9.0,795.0,108.0,198.0,0.545,6.0,34.0,0.176,102.0,164.0,0.622,0.561,18.0,26.0,0.692,71.0,95.0,166.0,75.0,54.0,5.0,42.0,88.0,240.0,0.0,,2023,2022-23
332.0,Cade Cunningham,21.0,DET,PG,12.0,12.0,400.0,93.0,224.0,0.415,17.0,61.0,0.279,76.0,163.0,0.466,0.453,36.0,43.0,0.837,12.0,62.0,74.0,72.0,10.0,7.0,39.0,34.0,239.0,0.0,,2023,2022-23
333.0,Haywood Highsmith,26.0,MIA,PF,54.0,11.0,969.0,93.0,216.0,0.431,37.0,109.0,0.339,56.0,107.0,0.523,0.516,13.0,28.0,0.464,57.0,131.0,188.0,43.0,36.0,17.0,45.0,82.0,236.0,0.0,,2023,2022-23
334.0,Jaxson Hayes,22.0,NOP,C,47.0,2.0,610.0,86.0,156.0,0.551,3.0,29.0,0.103,83.0,127.0,0.654,0.561,58.0,83.0,0.699,39.0,93.0,132.0,34.0,20.0,19.0,31.0,67.0,233.0,0.0,,2023,2022-23
335.0,George Hill,36.0,2TM,SG,46.0,1.0,834.0,78.0,166.0,0.47,34.0,95.0,0.358,44.0,71.0,0.62,0.572,42.0,55.0,0.764,15.0,70.0,85.0,110.0,26.0,6.0,34.0,55.0,232.0,0.0,,2023,2022-23
335.0,George Hill,36.0,MIL,PG,35.0,0.0,668.0,59.0,132.0,0.447,23.0,74.0,0.311,36.0,58.0,0.621,0.534,34.0,46.0,0.739,13.0,54.0,67.0,89.0,19.0,3.0,27.0,41.0,175.0,0.0,,2023,2022-23
335.0,George Hill,36.0,IND,SG,11.0,1.0,166.0,19.0,34.0,0.559,11.0,21.0,0.524,8.0,13.0,0.615,0.721,8.0,9.0,0.889,2.0,16.0,18.0,21.0,7.0,3.0,7.0,14.0,57.0,0.0,,2023,2022-23
336.0,Dyson Daniels,19.0,NOP,PG,59.0,11.0,1042.0,87.0,208.0,0.418,27.0,86.0,0.314,60.0,122.0,0.492,0.483,26.0,40.0,0.65,36.0,152.0,188.0,134.0,43.0,11.0,57.0,99.0,227.0,0.0,,2023,2022-23
337.0,Day'Ron Sharpe,21.0,BRK,C,48.0,3.0,552.0,93.0,171.0,0.544,6.0,11.0,0.545,87.0,160.0,0.544,0.561,35.0,55.0,0.636,99.0,101.0,200.0,37.0,15.0,32.0,42.0,89.0,227.0,0.0,,2023,2022-23
338.0,Daishen Nix,20.0,HOU,PG,57.0,7.0,914.0,81.0,237.0,0.342,40.0,140.0,0.286,41.0,97.0,0.423,0.426,24.0,36.0,0.667,18.0,80.0,98.0,132.0,31.0,7.0,86.0,59.0,226.0,0.0,,2023,2022-23
339.0,Usman Garuba,20.0,HOU,C,75.0,1.0,970.0,86.0,177.0,0.486,24.0,59.0,0.407,62.0,118.0,0.525,0.554,29.0,47.0,0.617,120.0,187.0,307.0,64.0,44.0,29.0,47.0,135.0,225.0,0.0,,2023,2022-23
340.0,Darius Bazley,22.0,2TM,C,43.0,1.0,616.0,83.0,183.0,0.454,20.0,53.0,0.377,63.0,130.0,0.485,0.508,38.0,70.0,0.543,34.0,104.0,138.0,38.0,22.0,34.0,27.0,44.0,224.0,0.0,,2023,2022-23
340.0,Darius Bazley,22.0,OKC,C,36.0,1.0,555.0,71.0,158.0,0.449,18.0,45.0,0.4,53.0,113.0,0.469,0.506,36.0,65.0,0.554,29.0,93.0,122.0,32.0,19.0,29.0,22.0,35.0,196.0,0.0,,2023,2022-23
340.0,Darius Bazley,22.0,PHO,C,7.0,0.0,61.0,12.0,25.0,0.48,2.0,8.0,0.25,10.0,17.0,0.588,0.52,2.0,5.0,0.4,5.0,11.0,16.0,6.0,3.0,5.0,5.0,9.0,28.0,0.0,,2023,2022-23
341.0,Miles McBride,22.0,NYK,PG,64.0,2.0,760.0,77.0,215.0,0.358,40.0,134.0,0.299,37.0,81.0,0.457,0.451,28.0,42.0,0.667,13.0,37.0,50.0,72.0,37.0,8.0,25.0,60.0,222.0,0.0,,2023,2022-23
342.0,Svi Mykhailiuk,25.0,2TM,SF,32.0,8.0,468.0,77.0,173.0,0.445,42.0,99.0,0.424,35.0,74.0,0.473,0.566,26.0,39.0,0.667,15.0,38.0,53.0,53.0,15.0,4.0,24.0,23.0,222.0,0.0,,2023,2022-23
342.0,Svi Mykhailiuk,25.0,NYK,SF,13.0,0.0,40.0,6.0,12.0,0.5,6.0,10.0,0.6,0.0,2.0,0.0,0.75,3.0,5.0,0.6,0.0,7.0,7.0,1.0,1.0,0.0,2.0,1.0,21.0,0.0,,2023,2022-23
342.0,Svi Mykhailiuk,25.0,CHO,SF,19.0,8.0,428.0,71.0,161.0,0.441,36.0,89.0,0.404,35.0,72.0,0.486,0.553,23.0,34.0,0.676,15.0,31.0,46.0,52.0,14.0,4.0,22.0,22.0,201.0,0.0,,2023,2022-23
343.0,Maxi Kleber,31.0,DAL,PF,37.0,5.0,930.0,77.0,169.0,0.456,39.0,112.0,0.348,38.0,57.0,0.667,0.571,27.0,38.0,0.711,30.0,105.0,135.0,52.0,12.0,30.0,27.0,85.0,220.0,0.0,,2023,2022-23
344.0,Jabari Walker,20.0,POR,PF,56.0,0.0,619.0,83.0,198.0,0.419,16.0,56.0,0.286,67.0,142.0,0.472,0.46,34.0,45.0,0.756,48.0,83.0,131.0,34.0,10.0,13.0,29.0,69.0,216.0,0.0,,2023,2022-23
345.0,Lindy Waters III,25.0,OKC,SG,41.0,0.0,531.0,70.0,178.0,0.393,58.0,162.0,0.358,12.0,16.0,0.75,0.556,16.0,20.0,0.8,16.0,59.0,75.0,28.0,14.0,11.0,10.0,42.0,214.0,0.0,,2023,2022-23
346.0,Ziaire Williams,21.0,MEM,SF,37.0,4.0,561.0,84.0,196.0,0.429,25.0,97.0,0.258,59.0,99.0,0.596,0.492,17.0,22.0,0.773,16.0,63.0,79.0,35.0,14.0,6.0,37.0,58.0,210.0,0.0,,2023,2022-23
347.0,Dāvis Bertāns,30.0,DAL,PF,45.0,1.0,492.0,69.0,160.0,0.431,55.0,141.0,0.39,14.0,19.0,0.737,0.603,13.0,15.0,0.867,10.0,43.0,53.0,21.0,11.0,8.0,10.0,53.0,206.0,0.0,,2023,2022-23
348.0,Dean Wade,26.0,CLE,PF,44.0,13.0,891.0,73.0,177.0,0.412,45.0,127.0,0.354,28.0,50.0,0.56,0.54,15.0,23.0,0.652,20.0,130.0,150.0,37.0,28.0,21.0,17.0,89.0,206.0,0.0,,2023,2022-23
349.0,Justin Holiday,33.0,2TM,SF,46.0,2.0,706.0,77.0,204.0,0.377,46.0,143.0,0.322,31.0,61.0,0.508,0.49,5.0,8.0,0.625,5.0,50.0,55.0,41.0,19.0,19.0,22.0,68.0,205.0,0.0,,2023,2022-23
349.0,Justin Holiday,33.0,ATL,SF,28.0,0.0,411.0,48.0,125.0,0.384,30.0,87.0,0.345,18.0,38.0,0.474,0.504,0.0,0.0,,2.0,21.0,23.0,25.0,5.0,10.0,12.0,37.0,126.0,0.0,,2023,2022-23
349.0,Justin Holiday,33.0,DAL,SF,18.0,2.0,295.0,29.0,79.0,0.367,16.0,56.0,0.286,13.0,23.0,0.565,0.468,5.0,8.0,0.625,3.0,29.0,32.0,16.0,14.0,9.0,10.0,31.0,79.0,0.0,,2023,2022-23
350.0,Charles Bassey,22.0,SAS,C,35.0,2.0,508.0,87.0,135.0,0.644,3.0,8.0,0.375,84.0,127.0,0.661,0.656,22.0,37.0,0.595,75.0,118.0,193.0,48.0,16.0,33.0,41.0,74.0,199.0,0.0,,2023,2022-23
351.0,DeAndre Jordan,34.0,DEN,C,39.0,8.0,586.0,88.0,115.0,0.765,1.0,1.0,1.0,87.0,114.0,0.763,0.77,22.0,48.0,0.458,52.0,150.0,202.0,34.0,12.0,23.0,48.0,71.0,199.0,0.0,,2023,2022-23
352.0,Dewayne Dedmon,33.0,2TM,C,38.0,1.0,426.0,77.0,151.0,0.51,12.0,39.0,0.308,65.0,112.0,0.58,0.55,33.0,49.0,0.673,34.0,100.0,134.0,26.0,9.0,19.0,25.0,75.0,199.0,0.0,,2023,2022-23
352.0,Dewayne Dedmon,33.0,MIA,C,30.0,0.0,350.0,64.0,129.0,0.496,11.0,37.0,0.297,53.0,92.0,0.576,0.539,32.0,44.0,0.727,28.0,81.0,109.0,16.0,7.0,14.0,19.0,61.0,171.0,0.0,,2023,2022-23
352.0,Dewayne Dedmon,33.0,PHI,C,8.0,1.0,76.0,13.0,22.0,0.591,1.0,2.0,0.5,12.0,20.0,0.6,0.614,1.0,5.0,0.2,6.0,19.0,25.0,10.0,2.0,5.0,6.0,14.0,28.0,0.0,,2023,2022-23
353.0,Justise Winslow,26.0,POR,PF,29.0,11.0,776.0,81.0,198.0,0.409,14.0,45.0,0.311,67.0,153.0,0.438,0.444,20.0,28.0,0.714,49.0,96.0,145.0,98.0,30.0,11.0,43.0,89.0,196.0,0.0,,2023,2022-23
354.0,Anthony Gill,30.0,WAS,PF,59.0,8.0,624.0,71.0,132.0,0.538,4.0,29.0,0.138,67.0,103.0,0.65,0.553,49.0,67.0,0.731,37.0,62.0,99.0,34.0,7.0,12.0,15.0,70.0,195.0,0.0,,2023,2022-23
355.0,Ousmane Dieng,19.0,OKC,PF,39.0,1.0,569.0,76.0,181.0,0.42,26.0,98.0,0.265,50.0,83.0,0.602,0.492,15.0,23.0,0.652,19.0,86.0,105.0,46.0,14.0,7.0,26.0,42.0,193.0,0.0,,2023,2022-23
356.0,Caleb Houstan,20.0,ORL,SF,51.0,4.0,812.0,66.0,182.0,0.363,46.0,136.0,0.338,20.0,46.0,0.435,0.489,15.0,18.0,0.833,34.0,65.0,99.0,30.0,12.0,7.0,18.0,63.0,193.0,0.0,,2023,2022-23
357.0,James Bouknight,22.0,CHO,SG,34.0,0.0,515.0,69.0,193.0,0.358,33.0,109.0,0.303,36.0,84.0,0.429,0.443,20.0,30.0,0.667,8.0,64.0,72.0,41.0,14.0,5.0,32.0,49.0,191.0,0.0,,2023,2022-23
358.0,Keon Johnson,20.0,POR,SG,40.0,0.0,416.0,67.0,178.0,0.376,28.0,81.0,0.346,39.0,97.0,0.402,0.455,27.0,41.0,0.659,11.0,33.0,44.0,59.0,19.0,6.0,43.0,43.0,189.0,0.0,,2023,2022-23
359.0,JaVale McGee,35.0,DAL,C,42.0,7.0,355.0,80.0,125.0,0.64,2.0,5.0,0.4,78.0,120.0,0.65,0.648,24.0,41.0,0.585,30.0,77.0,107.0,11.0,4.0,26.0,36.0,54.0,186.0,0.0,,2023,2022-23
360.0,Blake Wesley,19.0,SAS,SG,37.0,1.0,669.0,69.0,215.0,0.321,20.0,52.0,0.385,49.0,163.0,0.301,0.367,26.0,44.0,0.591,12.0,69.0,81.0,98.0,25.0,5.0,65.0,67.0,184.0,0.0,,2023,2022-23
361.0,Rodney McGruder,31.0,DET,SG,32.0,12.0,524.0,62.0,152.0,0.408,41.0,97.0,0.423,21.0,55.0,0.382,0.543,18.0,22.0,0.818,20.0,54.0,74.0,28.0,16.0,1.0,11.0,39.0,183.0,0.0,,2023,2022-23
362.0,Christian Koloko,22.0,TOR,C,58.0,19.0,802.0,72.0,150.0,0.48,1.0,12.0,0.083,71.0,138.0,0.514,0.483,37.0,59.0,0.627,84.0,87.0,171.0,31.0,21.0,57.0,20.0,128.0,182.0,0.0,,2023,2022-23
363.0,Luka Garza,24.0,MIN,C,28.0,0.0,243.0,63.0,116.0,0.543,14.0,39.0,0.359,49.0,77.0,0.636,0.603,41.0,52.0,0.788,33.0,30.0,63.0,18.0,3.0,2.0,14.0,43.0,181.0,0.0,,2023,2022-23
364.0,Wesley Matthews,36.0,MIL,SF,52.0,0.0,820.0,58.0,160.0,0.363,39.0,124.0,0.315,19.0,36.0,0.528,0.484,24.0,28.0,0.857,34.0,79.0,113.0,34.0,20.0,13.0,18.0,71.0,179.0,0.0,,2023,2022-23
365.0,Jericho Sims,24.0,NYK,C,52.0,16.0,812.0,83.0,107.0,0.776,0.0,1.0,0.0,83.0,106.0,0.783,0.776,12.0,16.0,0.75,99.0,143.0,242.0,25.0,15.0,28.0,27.0,96.0,178.0,0.0,,2023,2022-23
366.0,Stanley Johnson,26.0,SAS,SF,30.0,0.0,469.0,65.0,122.0,0.533,18.0,40.0,0.45,47.0,82.0,0.573,0.607,26.0,39.0,0.667,22.0,73.0,95.0,67.0,16.0,6.0,33.0,48.0,174.0,0.0,,2023,2022-23
367.0,Amir Coffey,25.0,LAC,SF,50.0,9.0,625.0,56.0,145.0,0.386,11.0,40.0,0.275,45.0,105.0,0.429,0.424,49.0,63.0,0.778,17.0,36.0,53.0,53.0,7.0,5.0,21.0,50.0,172.0,0.0,,2023,2022-23
368.0,Isaiah Roby,24.0,SAS,PF,42.0,2.0,474.0,67.0,155.0,0.432,18.0,60.0,0.3,49.0,95.0,0.516,0.49,20.0,41.0,0.488,21.0,86.0,107.0,38.0,18.0,7.0,31.0,53.0,172.0,0.0,,2023,2022-23
369.0,Ricky Rubio,32.0,CLE,PG,33.0,2.0,566.0,61.0,178.0,0.343,21.0,82.0,0.256,40.0,96.0,0.417,0.402,28.0,35.0,0.8,9.0,61.0,70.0,115.0,26.0,6.0,31.0,51.0,171.0,0.0,,2023,2022-23
370.0,Blake Griffin,33.0,BOS,C,41.0,16.0,569.0,63.0,130.0,0.485,23.0,66.0,0.348,40.0,64.0,0.625,0.573,21.0,32.0,0.656,47.0,108.0,155.0,61.0,14.0,9.0,22.0,75.0,170.0,0.0,,2023,2022-23
371.0,Taj Gibson,37.0,WAS,C,49.0,2.0,480.0,65.0,125.0,0.52,8.0,24.0,0.333,57.0,101.0,0.564,0.552,30.0,42.0,0.714,32.0,61.0,93.0,34.0,15.0,12.0,26.0,84.0,168.0,0.0,,2023,2022-23
372.0,Goga Bitadze,23.0,2TM,C,38.0,1.0,457.0,69.0,125.0,0.552,6.0,26.0,0.231,63.0,99.0,0.636,0.576,23.0,42.0,0.548,61.0,76.0,137.0,39.0,16.0,26.0,22.0,64.0,167.0,0.0,,2023,2022-23
372.0,Goga Bitadze,23.0,IND,C,21.0,0.0,202.0,27.0,52.0,0.519,4.0,14.0,0.286,23.0,38.0,0.605,0.558,11.0,24.0,0.458,25.0,24.0,49.0,18.0,9.0,10.0,12.0,34.0,69.0,0.0,,2023,2022-23
372.0,Goga Bitadze,23.0,ORL,C,17.0,1.0,255.0,42.0,73.0,0.575,2.0,12.0,0.167,40.0,61.0,0.656,0.589,12.0,18.0,0.667,36.0,52.0,88.0,21.0,7.0,16.0,10.0,30.0,98.0,0.0,,2023,2022-23
373.0,Julian Champagnie,21.0,2TM,SF,17.0,3.0,320.0,59.0,130.0,0.454,33.0,82.0,0.402,26.0,48.0,0.542,0.581,14.0,17.0,0.824,10.0,50.0,60.0,10.0,6.0,5.0,11.0,26.0,165.0,0.0,,2023,2022-23
373.0,Julian Champagnie,21.0,PHI,SF,2.0,0.0,7.0,0.0,2.0,0.0,0.0,1.0,0.0,0.0,1.0,0.0,0.0,0.0,0.0,,0.0,0.0,0.0,0.0,1.0,0.0,0.0,0.0,0.0,0.0,,2023,2022-23
373.0,Julian Champagnie,21.0,SAS,SF,15.0,3.0,313.0,59.0,128.0,0.461,33.0,81.0,0.407,26.0,47.0,0.553,0.59,14.0,17.0,0.824,10.0,50.0,60.0,10.0,5.0,5.0,11.0,26.0,165.0,0.0,,2023,2022-23
374.0,Evan Fournier,30.0,NYK,SG,27.0,7.0,459.0,56.0,166.0,0.337,35.0,114.0,0.307,21.0,52.0,0.404,0.443,18.0,21.0,0.857,4.0,45.0,49.0,36.0,16.0,3.0,22.0,46.0,165.0,0.0,,2023,2022-23
375.0,Javonte Green,29.0,CHI,SF,32.0,1.0,480.0,61.0,108.0,0.565,13.0,35.0,0.371,48.0,73.0,0.658,0.625,30.0,45.0,0.667,27.0,61.0,88.0,23.0,24.0,21.0,20.0,52.0,165.0,0.0,,2023,2022-23
376.0,Johnny Davis,20.0,WAS,SG,28.0,5.0,423.0,66.0,171.0,0.386,17.0,70.0,0.243,49.0,101.0,0.485,0.436,14.0,27.0,0.519,10.0,55.0,65.0,28.0,10.0,8.0,17.0,48.0,163.0,0.0,,2023,2022-23
377.0,Jordan McLaughlin,26.0,MIN,PG,43.0,0.0,678.0,61.0,145.0,0.421,24.0,78.0,0.308,37.0,67.0,0.552,0.503,15.0,18.0,0.833,15.0,47.0,62.0,148.0,32.0,4.0,33.0,28.0,161.0,0.0,,2023,2022-23
378.0,Kai Jones,22.0,CHO,C,46.0,0.0,550.0,67.0,120.0,0.558,4.0,19.0,0.211,63.0,101.0,0.624,0.575,19.0,26.0,0.731,37.0,86.0,123.0,15.0,17.0,30.0,31.0,65.0,157.0,0.0,,2023,2022-23
379.0,Raul Neto,30.0,CLE,PG,48.0,1.0,505.0,57.0,110.0,0.518,12.0,42.0,0.286,45.0,68.0,0.662,0.573,31.0,34.0,0.912,10.0,36.0,46.0,79.0,17.0,4.0,24.0,49.0,157.0,0.0,,2023,2022-23
380.0,Moses Brown,23.0,2TM,C,36.0,1.0,294.0,61.0,96.0,0.635,0.0,0.0,,61.0,96.0,0.635,0.635,33.0,72.0,0.458,57.0,82.0,139.0,4.0,4.0,14.0,15.0,39.0,155.0,0.0,,2023,2022-23
380.0,Moses Brown,23.0,LAC,C,34.0,1.0,288.0,61.0,96.0,0.635,0.0,0.0,,61.0,96.0,0.635,0.635,33.0,72.0,0.458,57.0,82.0,139.0,4.0,3.0,14.0,14.0,38.0,155.0,0.0,,2023,2022-23
380.0,Moses Brown,23.0,BRK,C,2.0,0.0,6.0,0.0,0.0,,0.0,0.0,,0.0,0.0,,,0.0,0.0,,0.0,0.0,0.0,0.0,1.0,0.0,1.0,1.0,0.0,0.0,,2023,2022-23
381.0,Admiral Schofield,25.0,ORL,PF,37.0,0.0,451.0,55.0,122.0,0.451,24.0,74.0,0.324,31.0,48.0,0.646,0.549,21.0,23.0,0.913,23.0,39.0,62.0,31.0,8.0,5.0,16.0,61.0,155.0,0.0,,2023,2022-23
382.0,Juan Toscano-Anderson,29.0,2TM,SF,52.0,9.0,700.0,64.0,143.0,0.448,8.0,43.0,0.186,56.0,100.0,0.56,0.476,19.0,24.0,0.792,28.0,96.0,124.0,65.0,16.0,10.0,34.0,80.0,155.0,0.0,,2023,2022-23
382.0,Juan Toscano-Anderson,29.0,LAL,SF,30.0,7.0,365.0,33.0,66.0,0.5,4.0,20.0,0.2,29.0,46.0,0.63,0.53,11.0,15.0,0.733,14.0,47.0,61.0,25.0,10.0,7.0,17.0,46.0,81.0,0.0,,2023,2022-23
382.0,Juan Toscano-Anderson,29.0,UTA,SF,22.0,2.0,335.0,31.0,77.0,0.403,4.0,23.0,0.174,27.0,54.0,0.5,0.429,8.0,9.0,0.889,14.0,49.0,63.0,40.0,6.0,3.0,17.0,34.0,74.0,0.0,,2023,2022-23
383.0,A.J. Green,23.0,MIL,SG,35.0,1.0,345.0,53.0,125.0,0.424,44.0,105.0,0.419,9.0,20.0,0.45,0.6,4.0,4.0,1.0,6.0,39.0,45.0,22.0,6.0,0.0,9.0,31.0,154.0,0.0,,2023,2022-23
384.0,Bruno Fernando,24.0,2TM,C,39.0,4.0,405.0,59.0,112.0,0.527,0.0,4.0,0.0,59.0,108.0,0.546,0.527,35.0,50.0,0.7,54.0,83.0,137.0,31.0,6.0,34.0,25.0,74.0,153.0,0.0,,2023,2022-23
384.0,Bruno Fernando,24.0,HOU,C,31.0,4.0,364.0,48.0,93.0,0.516,0.0,1.0,0.0,48.0,92.0,0.522,0.516,30.0,44.0,0.682,48.0,74.0,122.0,30.0,6.0,31.0,20.0,68.0,126.0,0.0,,2023,2022-23
384.0,Bruno Fernando,24.0,ATL,C,8.0,0.0,41.0,11.0,19.0,0.579,0.0,3.0,0.0,11.0,16.0,0.688,0.579,5.0,6.0,0.833,6.0,9.0,15.0,1.0,0.0,3.0,5.0,6.0,27.0,0.0,,2023,2022-23
385.0,Derrick Rose,34.0,NYK,PG,27.0,0.0,338.0,61.0,159.0,0.384,19.0,63.0,0.302,42.0,96.0,0.438,0.443,11.0,12.0,0.917,8.0,32.0,40.0,46.0,7.0,5.0,22.0,18.0,152.0,0.0,,2023,2022-23
386.0,Saben Lee,23.0,2TM,PG,25.0,1.0,373.0,49.0,121.0,0.405,11.0,30.0,0.367,38.0,91.0,0.418,0.45,42.0,57.0,0.737,13.0,32.0,45.0,67.0,19.0,1.0,24.0,32.0,151.0,0.0,,2023,2022-23
386.0,Saben Lee,23.0,PHI,PG,2.0,0.0,10.0,3.0,4.0,0.75,0.0,1.0,0.0,3.0,3.0,1.0,0.75,0.0,0.0,,0.0,0.0,0.0,2.0,1.0,0.0,3.0,1.0,6.0,0.0,,2023,2022-23
386.0,Saben Lee,23.0,PHO,PG,23.0,1.0,363.0,46.0,117.0,0.393,11.0,29.0,0.379,35.0,88.0,0.398,0.44,42.0,57.0,0.737,13.0,32.0,45.0,65.0,18.0,1.0,21.0,31.0,145.0,0.0,,2023,2022-23
387.0,TyTy Washington Jr.,21.0,HOU,PG,31.0,2.0,433.0,58.0,160.0,0.363,19.0,80.0,0.238,39.0,80.0,0.488,0.422,10.0,18.0,0.556,2.0,43.0,45.0,47.0,15.0,2.0,14.0,29.0,145.0,0.0,,2023,2022-23
388.0,Brandon Boston Jr.,21.0,LAC,SF,22.0,1.0,248.0,51.0,122.0,0.418,12.0,29.0,0.414,39.0,93.0,0.419,0.467,29.0,38.0,0.763,7.0,23.0,30.0,20.0,9.0,0.0,12.0,21.0,143.0,0.0,,2023,2022-23
389.0,Dalano Banton,23.0,TOR,PG,31.0,2.0,279.0,55.0,130.0,0.423,15.0,51.0,0.294,40.0,79.0,0.506,0.481,17.0,24.0,0.708,11.0,34.0,45.0,36.0,13.0,13.0,18.0,34.0,142.0,0.0,,2023,2022-23
390.0,Damian Jones,27.0,2TM,C,41.0,1.0,477.0,55.0,86.0,0.64,10.0,17.0,0.588,45.0,69.0,0.652,0.698,22.0,29.0,0.759,42.0,80.0,122.0,15.0,8.0,21.0,23.0,55.0,142.0,0.0,,2023,2022-23
390.0,Damian Jones,27.0,LAL,C,22.0,1.0,176.0,20.0,37.0,0.541,0.0,3.0,0.0,20.0,34.0,0.588,0.541,15.0,20.0,0.75,18.0,37.0,55.0,4.0,3.0,12.0,9.0,17.0,55.0,0.0,,2023,2022-23
390.0,Damian Jones,27.0,UTA,C,19.0,0.0,301.0,35.0,49.0,0.714,10.0,14.0,0.714,25.0,35.0,0.714,0.816,7.0,9.0,0.778,24.0,43.0,67.0,11.0,5.0,9.0,14.0,38.0,87.0,0.0,,2023,2022-23
391.0,Kevon Harris,25.0,ORL,SG,34.0,0.0,457.0,47.0,107.0,0.439,16.0,43.0,0.372,31.0,64.0,0.484,0.514,31.0,41.0,0.756,28.0,42.0,70.0,16.0,17.0,5.0,21.0,53.0,141.0,0.0,,2023,2022-23
392.0,Furkan Korkmaz,25.0,PHI,SG,37.0,0.0,353.0,48.0,111.0,0.432,18.0,46.0,0.391,30.0,65.0,0.462,0.514,26.0,36.0,0.722,6.0,36.0,42.0,22.0,10.0,3.0,24.0,18.0,140.0,0.0,,2023,2022-23
393.0,Nathan Knight,25.0,MIN,C,38.0,0.0,291.0,46.0,81.0,0.568,8.0,22.0,0.364,38.0,59.0,0.644,0.617,39.0,57.0,0.684,22.0,34.0,56.0,13.0,10.0,6.0,21.0,41.0,139.0,0.0,,2023,2022-23
394.0,Frank Ntilikina,24.0,DAL,SG,47.0,5.0,607.0,48.0,132.0,0.364,17.0,67.0,0.254,31.0,65.0,0.477,0.428,22.0,33.0,0.667,7.0,55.0,62.0,58.0,16.0,7.0,29.0,65.0,135.0,0.0,,2023,2022-23
395.0,Markieff Morris,33.0,2TM,PF,35.0,2.0,355.0,47.0,115.0,0.409,28.0,71.0,0.394,19.0,44.0,0.432,0.53,10.0,10.0,1.0,13.0,58.0,71.0,31.0,9.0,5.0,18.0,48.0,132.0,0.0,,2023,2022-23
395.0,Markieff Morris,33.0,BRK,PF,27.0,1.0,285.0,33.0,82.0,0.402,20.0,49.0,0.408,13.0,33.0,0.394,0.524,10.0,10.0,1.0,13.0,46.0,59.0,25.0,8.0,5.0,14.0,33.0,96.0,0.0,,2023,2022-23
395.0,Markieff Morris,33.0,DAL,PF,8.0,1.0,70.0,14.0,33.0,0.424,8.0,22.0,0.364,6.0,11.0,0.545,0.545,0.0,0.0,,0.0,12.0,12.0,6.0,1.0,0.0,4.0,15.0,36.0,0.0,,2023,2022-23
396.0,Richaun Holmes,29.0,SAC,C,42.0,1.0,348.0,55.0,89.0,0.618,5.0,8.0,0.625,50.0,81.0,0.617,0.646,15.0,19.0,0.789,29.0,51.0,80.0,9.0,3.0,11.0,14.0,50.0,130.0,0.0,,2023,2022-23
397.0,Max Christie,19.0,LAL,SG,41.0,3.0,512.0,44.0,106.0,0.415,26.0,62.0,0.419,18.0,44.0,0.409,0.538,14.0,16.0,0.875,7.0,68.0,75.0,21.0,9.0,7.0,13.0,33.0,128.0,0.0,,2023,2022-23
398.0,Chuma Okeke,24.0,ORL,SF,27.0,8.0,518.0,43.0,122.0,0.352,26.0,86.0,0.302,17.0,36.0,0.472,0.459,16.0,21.0,0.762,26.0,70.0,96.0,37.0,19.0,11.0,17.0,40.0,128.0,0.0,,2023,2022-23
399.0,Udoka Azubuike,23.0,UTA,C,36.0,4.0,359.0,59.0,72.0,0.819,0.0,0.0,,59.0,72.0,0.819,0.819,7.0,20.0,0.35,31.0,88.0,119.0,11.0,6.0,15.0,18.0,34.0,125.0,0.0,,2023,2022-23
400.0,Jae Crowder,32.0,MIL,PF,18.0,3.0,340.0,45.0,94.0,0.479,24.0,55.0,0.436,21.0,39.0,0.538,0.606,10.0,12.0,0.833,17.0,52.0,69.0,27.0,12.0,6.0,7.0,27.0,124.0,0.0,,2023,2022-23
401.0,Patrick Baldwin Jr.,20.0,GSW,SF,31.0,0.0,226.0,43.0,109.0,0.394,32.0,84.0,0.381,11.0,25.0,0.44,0.541,4.0,6.0,0.667,1.0,39.0,40.0,11.0,6.0,4.0,11.0,14.0,122.0,0.0,,2023,2022-23
402.0,Juancho Hernangómez,27.0,TOR,PF,42.0,10.0,614.0,48.0,114.0,0.421,17.0,67.0,0.254,31.0,47.0,0.66,0.496,9.0,16.0,0.563,27.0,96.0,123.0,25.0,16.0,6.0,15.0,43.0,122.0,0.0,,2023,2022-23
403.0,Matt Ryan,25.0,2TM,SF,34.0,0.0,310.0,40.0,108.0,0.37,32.0,84.0,0.381,8.0,24.0,0.333,0.519,10.0,12.0,0.833,4.0,22.0,26.0,16.0,5.0,1.0,7.0,27.0,122.0,0.0,,2023,2022-23
403.0,Matt Ryan,25.0,LAL,SF,12.0,0.0,129.0,15.0,49.0,0.306,13.0,35.0,0.371,2.0,14.0,0.143,0.439,4.0,5.0,0.8,2.0,12.0,14.0,4.0,2.0,0.0,3.0,14.0,47.0,0.0,,2023,2022-23
403.0,Matt Ryan,25.0,MIN,SF,22.0,0.0,181.0,25.0,59.0,0.424,19.0,49.0,0.388,6.0,10.0,0.6,0.585,6.0,7.0,0.857,2.0,10.0,12.0,12.0,3.0,1.0,4.0,13.0,75.0,0.0,,2023,2022-23
404.0,Gorgui Dieng,33.0,SAS,C,31.0,1.0,358.0,45.0,117.0,0.385,21.0,75.0,0.28,24.0,42.0,0.571,0.474,10.0,13.0,0.769,27.0,80.0,107.0,53.0,4.0,14.0,32.0,57.0,121.0,0.0,,2023,2022-23
405.0,Kenneth Lofton Jr.,20.0,MEM,PF,24.0,1.0,176.0,49.0,93.0,0.527,6.0,17.0,0.353,43.0,76.0,0.566,0.559,16.0,27.0,0.593,19.0,32.0,51.0,20.0,5.0,2.0,12.0,28.0,120.0,0.0,,2023,2022-23
406.0,Orlando Robinson,22.0,MIA,C,31.0,1.0,425.0,47.0,89.0,0.528,0.0,6.0,0.0,47.0,83.0,0.566,0.528,22.0,31.0,0.71,48.0,78.0,126.0,25.0,12.0,12.0,16.0,53.0,116.0,0.0,,2023,2022-23
407.0,Kira Lewis Jr.,21.0,NOP,PG,25.0,0.0,235.0,40.0,88.0,0.455,15.0,34.0,0.441,25.0,54.0,0.463,0.54,19.0,22.0,0.864,5.0,28.0,33.0,23.0,10.0,2.0,10.0,24.0,114.0,0.0,,2023,2022-23
408.0,McKinley Wright IV,24.0,DAL,PG,27.0,1.0,335.0,46.0,98.0,0.469,9.0,28.0,0.321,37.0,70.0,0.529,0.515,13.0,19.0,0.684,9.0,38.0,47.0,58.0,8.0,5.0,19.0,24.0,114.0,0.0,,2023,2022-23
409.0,Robin Lopez,34.0,CLE,C,37.0,2.0,299.0,48.0,75.0,0.64,2.0,4.0,0.5,46.0,71.0,0.648,0.653,14.0,18.0,0.778,23.0,28.0,51.0,19.0,2.0,8.0,25.0,43.0,112.0,0.0,,2023,2022-23
410.0,Dominick Barlow,19.0,SAS,PF,28.0,0.0,408.0,46.0,86.0,0.535,0.0,4.0,0.0,46.0,82.0,0.561,0.535,18.0,25.0,0.72,46.0,56.0,102.0,24.0,10.0,19.0,15.0,56.0,110.0,0.0,,2023,2022-23
411.0,Ish Smith,34.0,DEN,PG,43.0,0.0,398.0,52.0,131.0,0.397,2.0,12.0,0.167,50.0,119.0,0.42,0.405,2.0,4.0,0.5,5.0,49.0,54.0,100.0,8.0,7.0,44.0,33.0,108.0,0.0,,2023,2022-23
412.0,Jake LaRavia,21.0,MEM,PF,35.0,0.0,414.0,37.0,95.0,0.389,24.0,71.0,0.338,13.0,24.0,0.542,0.516,7.0,9.0,0.778,19.0,44.0,63.0,21.0,12.0,4.0,18.0,49.0,105.0,0.0,,2023,2022-23
413.0,Boban Marjanović,34.0,HOU,C,31.0,0.0,171.0,41.0,60.0,0.683,0.0,1.0,0.0,41.0,59.0,0.695,0.683,20.0,27.0,0.741,20.0,40.0,60.0,9.0,5.0,2.0,14.0,10.0,102.0,0.0,,2023,2022-23
414.0,Gary Payton II,30.0,2TM,SG,22.0,1.0,367.0,41.0,69.0,0.594,13.0,26.0,0.5,28.0,43.0,0.651,0.688,6.0,7.0,0.857,24.0,45.0,69.0,30.0,22.0,5.0,16.0,43.0,101.0,0.0,,2023,2022-23
414.0,Gary Payton II,30.0,POR,SG,15.0,1.0,255.0,24.0,41.0,0.585,9.0,17.0,0.529,15.0,24.0,0.625,0.695,4.0,4.0,1.0,10.0,29.0,39.0,22.0,16.0,1.0,12.0,29.0,61.0,0.0,,2023,2022-23
414.0,Gary Payton II,30.0,GSW,SG,7.0,0.0,112.0,17.0,28.0,0.607,4.0,9.0,0.444,13.0,19.0,0.684,0.679,2.0,3.0,0.667,14.0,16.0,30.0,8.0,6.0,4.0,4.0,14.0,40.0,0.0,,2023,2022-23
415.0,Kessler Edwards,22.0,2TM,SF,36.0,4.0,385.0,36.0,93.0,0.387,17.0,55.0,0.309,19.0,38.0,0.5,0.478,11.0,15.0,0.733,23.0,38.0,61.0,23.0,14.0,6.0,13.0,40.0,100.0,0.0,,2023,2022-23
415.0,Kessler Edwards,22.0,BRK,SF,14.0,1.0,79.0,6.0,24.0,0.25,2.0,12.0,0.167,4.0,12.0,0.333,0.292,1.0,2.0,0.5,6.0,8.0,14.0,2.0,3.0,1.0,4.0,3.0,15.0,0.0,,2023,2022-23
415.0,Kessler Edwards,22.0,SAC,SF,22.0,3.0,306.0,30.0,69.0,0.435,15.0,43.0,0.349,15.0,26.0,0.577,0.543,10.0,13.0,0.769,17.0,30.0,47.0,21.0,11.0,5.0,9.0,37.0,85.0,0.0,,2023,2022-23
416.0,Jamal Cain,23.0,MIA,PF,18.0,0.0,240.0,37.0,66.0,0.561,7.0,20.0,0.35,30.0,46.0,0.652,0.614,17.0,22.0,0.773,15.0,37.0,52.0,12.0,11.0,1.0,6.0,21.0,98.0,0.0,,2023,2022-23
417.0,Cody Zeller,30.0,MIA,C,15.0,2.0,217.0,37.0,59.0,0.627,0.0,2.0,0.0,37.0,57.0,0.649,0.627,24.0,35.0,0.686,25.0,39.0,64.0,10.0,3.0,4.0,14.0,33.0,98.0,0.0,,2023,2022-23
418.0,Theo Pinson,27.0,DAL,SG,40.0,1.0,323.0,31.0,87.0,0.356,22.0,62.0,0.355,9.0,25.0,0.36,0.483,11.0,13.0,0.846,10.0,53.0,63.0,46.0,6.0,1.0,12.0,34.0,95.0,1.0,,2023,2022-23
419.0,Skylar Mays,25.0,POR,PG,6.0,6.0,189.0,34.0,68.0,0.5,12.0,26.0,0.462,22.0,42.0,0.524,0.588,12.0,13.0,0.923,2.0,17.0,19.0,50.0,6.0,1.0,10.0,11.0,92.0,0.0,,2023,2022-23
420.0,Bryn Forbes,29.0,MIN,SG,25.0,0.0,268.0,30.0,83.0,0.361,14.0,46.0,0.304,16.0,37.0,0.432,0.446,15.0,15.0,1.0,4.0,11.0,15.0,17.0,7.0,2.0,12.0,22.0,89.0,0.0,,2023,2022-23
421.0,Davon Reed,27.0,2TM,SG,43.0,1.0,342.0,28.0,84.0,0.333,17.0,46.0,0.37,11.0,38.0,0.289,0.435,16.0,24.0,0.667,10.0,49.0,59.0,23.0,15.0,4.0,20.0,39.0,89.0,0.0,,2023,2022-23
421.0,Davon Reed,27.0,DEN,SG,35.0,1.0,315.0,25.0,80.0,0.313,16.0,44.0,0.364,9.0,36.0,0.25,0.413,15.0,20.0,0.75,9.0,46.0,55.0,19.0,13.0,4.0,20.0,36.0,81.0,0.0,,2023,2022-23
421.0,Davon Reed,27.0,LAL,SG,8.0,0.0,27.0,3.0,4.0,0.75,1.0,2.0,0.5,2.0,2.0,1.0,0.875,1.0,4.0,0.25,1.0,3.0,4.0,4.0,2.0,0.0,0.0,3.0,8.0,0.0,,2023,2022-23
422.0,Frank Kaminsky,29.0,2TM,C,36.0,0.0,235.0,31.0,63.0,0.492,13.0,33.0,0.394,18.0,30.0,0.6,0.595,14.0,16.0,0.875,7.0,45.0,52.0,32.0,6.0,4.0,9.0,22.0,89.0,0.0,,2023,2022-23
422.0,Frank Kaminsky,29.0,ATL,C,26.0,0.0,176.0,25.0,44.0,0.568,11.0,23.0,0.478,14.0,21.0,0.667,0.693,10.0,12.0,0.833,3.0,33.0,36.0,21.0,5.0,1.0,9.0,21.0,71.0,0.0,,2023,2022-23
422.0,Frank Kaminsky,29.0,HOU,C,10.0,0.0,59.0,6.0,19.0,0.316,2.0,10.0,0.2,4.0,9.0,0.444,0.368,4.0,4.0,1.0,4.0,12.0,16.0,11.0,1.0,3.0,0.0,1.0,18.0,0.0,,2023,2022-23
423.0,Terry Taylor,23.0,2TM,PF,31.0,2.0,264.0,39.0,75.0,0.52,5.0,19.0,0.263,34.0,56.0,0.607,0.553,6.0,11.0,0.545,27.0,20.0,47.0,10.0,3.0,6.0,9.0,26.0,89.0,0.0,,2023,2022-23
423.0,Terry Taylor,23.0,IND,PF,26.0,2.0,228.0,30.0,65.0,0.462,4.0,18.0,0.222,26.0,47.0,0.553,0.492,5.0,7.0,0.714,22.0,17.0,39.0,10.0,3.0,5.0,9.0,24.0,69.0,0.0,,2023,2022-23
423.0,Terry Taylor,23.0,CHI,PF,5.0,0.0,36.0,9.0,10.0,0.9,1.0,1.0,1.0,8.0,9.0,0.889,0.95,1.0,4.0,0.25,5.0,3.0,8.0,0.0,0.0,1.0,0.0,2.0,20.0,0.0,,2023,2022-23
424.0,Johnny Juzang,21.0,UTA,SG,18.0,0.0,232.0,35.0,104.0,0.337,15.0,63.0,0.238,20.0,41.0,0.488,0.409,2.0,4.0,0.5,8.0,31.0,39.0,8.0,4.0,3.0,3.0,13.0,87.0,0.0,,2023,2022-23
425.0,David Duke Jr.,23.0,BRK,SG,23.0,0.0,228.0,36.0,78.0,0.462,1.0,12.0,0.083,35.0,66.0,0.53,0.468,12.0,17.0,0.706,11.0,18.0,29.0,21.0,10.0,1.0,18.0,31.0,85.0,0.0,,2023,2022-23
426.0,Dalen Terry,20.0,CHI,SG,38.0,0.0,214.0,32.0,72.0,0.444,7.0,27.0,0.259,25.0,45.0,0.556,0.493,14.0,21.0,0.667,12.0,25.0,37.0,22.0,11.0,5.0,8.0,24.0,85.0,0.0,,2023,2022-23
427.0,Nikola Jović,19.0,MIA,PF,15.0,8.0,204.0,28.0,69.0,0.406,8.0,35.0,0.229,20.0,34.0,0.588,0.464,18.0,19.0,0.947,9.0,22.0,31.0,10.0,7.0,2.0,10.0,19.0,82.0,0.0,,2023,2022-23
428.0,Kennedy Chandler,20.0,MEM,PG,36.0,0.0,281.0,35.0,83.0,0.422,2.0,15.0,0.133,33.0,68.0,0.485,0.434,6.0,13.0,0.462,9.0,29.0,38.0,58.0,12.0,5.0,18.0,15.0,78.0,0.0,,2023,2022-23
429.0,Peyton Watson,20.0,DEN,SG,23.0,2.0,186.0,29.0,59.0,0.492,6.0,14.0,0.429,23.0,45.0,0.511,0.542,11.0,20.0,0.55,8.0,29.0,37.0,11.0,2.0,11.0,8.0,14.0,75.0,0.0,,2023,2022-23
430.0,Kemba Walker,32.0,DAL,PG,9.0,1.0,144.0,24.0,57.0,0.421,7.0,28.0,0.25,17.0,29.0,0.586,0.482,17.0,21.0,0.81,3.0,13.0,16.0,19.0,2.0,2.0,4.0,11.0,72.0,0.0,,2023,2022-23
431.0,Luka Šamanić,23.0,UTA,PF,7.0,4.0,161.0,26.0,57.0,0.456,8.0,31.0,0.258,18.0,26.0,0.692,0.526,9.0,13.0,0.692,0.0,30.0,30.0,15.0,6.0,2.0,10.0,17.0,69.0,0.0,,2023,2022-23
432.0,Serge Ibaka,33.0,MIL,C,16.0,0.0,185.0,26.0,54.0,0.481,6.0,18.0,0.333,20.0,36.0,0.556,0.537,8.0,13.0,0.615,15.0,29.0,44.0,4.0,2.0,7.0,11.0,23.0,66.0,0.0,,2023,2022-23
433.0,Jeff Dowtin Jr.,25.0,TOR,PG,25.0,0.0,259.0,25.0,57.0,0.439,5.0,16.0,0.313,20.0,41.0,0.488,0.482,6.0,9.0,0.667,6.0,17.0,23.0,31.0,9.0,3.0,5.0,13.0,61.0,0.0,,2023,2022-23
434.0,Danny Green,35.0,2TM,SG,11.0,0.0,138.0,22.0,49.0,0.449,16.0,37.0,0.432,6.0,12.0,0.5,0.612,1.0,1.0,1.0,3.0,11.0,14.0,6.0,6.0,3.0,10.0,16.0,61.0,0.0,,2023,2022-23
434.0,Danny Green,35.0,MEM,SG,3.0,0.0,43.0,3.0,11.0,0.273,3.0,8.0,0.375,0.0,3.0,0.0,0.409,0.0,0.0,,1.0,3.0,4.0,2.0,1.0,0.0,3.0,6.0,9.0,0.0,,2023,2022-23
434.0,Danny Green,35.0,CLE,SG,8.0,0.0,95.0,19.0,38.0,0.5,13.0,29.0,0.448,6.0,9.0,0.667,0.671,1.0,1.0,1.0,2.0,8.0,10.0,4.0,5.0,3.0,7.0,10.0,52.0,0.0,,2023,2022-23
435.0,Moussa Diabaté,21.0,LAC,C,22.0,1.0,195.0,24.0,47.0,0.511,1.0,2.0,0.5,23.0,45.0,0.511,0.521,10.0,16.0,0.625,31.0,19.0,50.0,4.0,7.0,8.0,9.0,15.0,59.0,0.0,,2023,2022-23
436.0,Mamadi Diakite,26.0,CLE,C,22.0,2.0,176.0,24.0,50.0,0.48,7.0,21.0,0.333,17.0,29.0,0.586,0.55,2.0,2.0,1.0,8.0,22.0,30.0,8.0,4.0,9.0,12.0,26.0,57.0,0.0,,2023,2022-23
437.0,Quenton Jackson,24.0,WAS,PG,9.0,0.0,135.0,19.0,42.0,0.452,1.0,12.0,0.083,18.0,30.0,0.6,0.464,17.0,22.0,0.773,2.0,6.0,8.0,15.0,4.0,1.0,4.0,10.0,56.0,0.0,,2023,2022-23
438.0,A.J. Lawson,22.0,2TM,SG,15.0,0.0,108.0,22.0,44.0,0.5,10.0,25.0,0.4,12.0,19.0,0.632,0.614,2.0,8.0,0.25,6.0,15.0,21.0,2.0,2.0,0.0,3.0,11.0,56.0,0.0,,2023,2022-23
438.0,A.J. Lawson,22.0,MIN,SG,1.0,0.0,2.0,1.0,1.0,1.0,0.0,0.0,,1.0,1.0,1.0,1.0,0.0,0.0,,0.0,1.0,1.0,0.0,0.0,0.0,0.0,1.0,2.0,0.0,,2023,2022-23
438.0,A.J. Lawson,22.0,DAL,SG,14.0,0.0,106.0,21.0,43.0,0.488,10.0,25.0,0.4,11.0,18.0,0.611,0.605,2.0,8.0,0.25,6.0,14.0,20.0,2.0,2.0,0.0,3.0,10.0,54.0,0.0,,2023,2022-23
439.0,Jonathan Isaac,25.0,ORL,PF,11.0,0.0,124.0,22.0,53.0,0.415,6.0,15.0,0.4,16.0,38.0,0.421,0.472,5.0,9.0,0.556,15.0,29.0,44.0,6.0,14.0,4.0,4.0,5.0,55.0,0.0,,2023,2022-23
440.0,Jeenathan Williams,23.0,POR,SG,5.0,4.0,127.0,24.0,39.0,0.615,3.0,8.0,0.375,21.0,31.0,0.677,0.654,2.0,3.0,0.667,10.0,5.0,15.0,10.0,3.0,2.0,4.0,13.0,53.0,0.0,,2023,2022-23
441.0,Trent Forrest,24.0,ATL,SG,23.0,3.0,277.0,25.0,60.0,0.417,0.0,2.0,0.0,25.0,58.0,0.431,0.417,2.0,3.0,0.667,5.0,32.0,37.0,38.0,7.0,2.0,15.0,17.0,52.0,0.0,,2023,2022-23
442.0,Thanasis Antetokounmpo,30.0,MIL,PF,37.0,0.0,206.0,20.0,46.0,0.435,0.0,8.0,0.0,20.0,38.0,0.526,0.435,11.0,22.0,0.5,15.0,29.0,44.0,15.0,3.0,3.0,12.0,22.0,51.0,0.0,,2023,2022-23
443.0,Jay Huff,24.0,WAS,C,7.0,0.0,95.0,15.0,25.0,0.6,6.0,12.0,0.5,9.0,13.0,0.692,0.72,15.0,16.0,0.938,6.0,15.0,21.0,10.0,3.0,4.0,5.0,15.0,51.0,0.0,,2023,2022-23
444.0,James Johnson,35.0,IND,PF,18.0,1.0,162.0,22.0,49.0,0.449,3.0,15.0,0.2,19.0,34.0,0.559,0.48,4.0,8.0,0.5,4.0,26.0,30.0,15.0,7.0,6.0,8.0,32.0,51.0,0.0,,2023,2022-23
445.0,Garrett Temple,36.0,NOP,SG,25.0,0.0,162.0,18.0,45.0,0.4,11.0,26.0,0.423,7.0,19.0,0.368,0.522,3.0,4.0,0.75,5.0,12.0,17.0,13.0,9.0,2.0,4.0,15.0,50.0,0.0,,2023,2022-23
446.0,Lindell Wigginton,24.0,MIL,PG,7.0,1.0,87.0,18.0,37.0,0.486,6.0,18.0,0.333,12.0,19.0,0.632,0.568,8.0,9.0,0.889,0.0,7.0,7.0,14.0,0.0,2.0,12.0,7.0,50.0,0.0,,2023,2022-23
447.0,Daniel Theis,30.0,IND,C,7.0,1.0,109.0,21.0,44.0,0.477,2.0,11.0,0.182,19.0,33.0,0.576,0.5,5.0,12.0,0.417,7.0,15.0,22.0,9.0,2.0,6.0,3.0,7.0,49.0,0.0,,2023,2022-23
448.0,Matthew Dellavedova,32.0,SAC,PG,32.0,0.0,213.0,17.0,50.0,0.34,9.0,27.0,0.333,8.0,23.0,0.348,0.43,4.0,7.0,0.571,1.0,12.0,13.0,41.0,7.0,0.0,10.0,20.0,47.0,0.0,,2023,2022-23
449.0,Josh Minott,20.0,MIN,SF,15.0,0.0,96.0,18.0,36.0,0.5,2.0,6.0,0.333,16.0,30.0,0.533,0.528,8.0,8.0,1.0,5.0,20.0,25.0,5.0,4.0,6.0,3.0,10.0,46.0,0.0,,2023,2022-23
450.0,KZ Okpala,23.0,SAC,PF,35.0,3.0,248.0,16.0,38.0,0.421,7.0,21.0,0.333,9.0,17.0,0.529,0.513,7.0,8.0,0.875,7.0,27.0,34.0,13.0,7.0,7.0,7.0,39.0,46.0,0.0,,2023,2022-23
451.0,John Butler,20.0,POR,C,19.0,1.0,221.0,17.0,53.0,0.321,8.0,35.0,0.229,9.0,18.0,0.5,0.396,3.0,4.0,0.75,3.0,14.0,17.0,11.0,7.0,9.0,1.0,22.0,45.0,0.0,,2023,2022-23
452.0,Jared Rhoden,23.0,DET,SG,14.0,0.0,198.0,17.0,44.0,0.386,5.0,20.0,0.25,12.0,24.0,0.5,0.443,6.0,6.0,1.0,11.0,26.0,37.0,4.0,4.0,1.0,3.0,23.0,45.0,0.0,,2023,2022-23
453.0,Jarrett Culver,23.0,ATL,SF,10.0,1.0,137.0,17.0,43.0,0.395,1.0,12.0,0.083,16.0,31.0,0.516,0.407,9.0,13.0,0.692,10.0,28.0,38.0,6.0,6.0,2.0,7.0,14.0,44.0,0.0,,2023,2022-23
454.0,Shaquille Harrison,29.0,POR,SG,5.0,0.0,120.0,15.0,36.0,0.417,3.0,10.0,0.3,12.0,26.0,0.462,0.458,11.0,15.0,0.733,1.0,21.0,22.0,30.0,11.0,2.0,6.0,12.0,44.0,0.0,,2023,2022-23
455.0,Otto Porter Jr.,29.0,TOR,SF,8.0,2.0,146.0,15.0,30.0,0.5,6.0,17.0,0.353,9.0,13.0,0.692,0.6,8.0,8.0,1.0,6.0,13.0,19.0,8.0,11.0,0.0,4.0,7.0,44.0,0.0,,2023,2022-23
456.0,Dru Smith,25.0,2TM,SG,15.0,1.0,158.0,18.0,45.0,0.4,5.0,19.0,0.263,13.0,26.0,0.5,0.456,3.0,3.0,1.0,2.0,22.0,24.0,22.0,10.0,4.0,3.0,23.0,44.0,0.0,,2023,2022-23
456.0,Dru Smith,25.0,MIA,SG,5.0,1.0,67.0,5.0,14.0,0.357,1.0,6.0,0.167,4.0,8.0,0.5,0.393,0.0,0.0,,1.0,8.0,9.0,5.0,4.0,3.0,1.0,10.0,11.0,0.0,,2023,2022-23
456.0,Dru Smith,25.0,BRK,SG,10.0,0.0,91.0,13.0,31.0,0.419,4.0,13.0,0.308,9.0,18.0,0.5,0.484,3.0,3.0,1.0,1.0,14.0,15.0,17.0,6.0,1.0,2.0,13.0,33.0,0.0,,2023,2022-23
457.0,Khem Birch,30.0,TOR,C,20.0,0.0,162.0,19.0,32.0,0.594,1.0,2.0,0.5,18.0,30.0,0.6,0.609,4.0,5.0,0.8,8.0,17.0,25.0,7.0,5.0,5.0,8.0,24.0,43.0,0.0,,2023,2022-23
458.0,Alex Len,29.0,SAC,C,26.0,2.0,161.0,16.0,30.0,0.533,0.0,2.0,0.0,16.0,28.0,0.571,0.533,11.0,16.0,0.688,24.0,36.0,60.0,12.0,4.0,11.0,16.0,28.0,43.0,0.0,,2023,2022-23
459.0,Meyers Leonard,30.0,MIL,C,9.0,2.0,114.0,14.0,29.0,0.483,7.0,18.0,0.389,7.0,11.0,0.636,0.603,8.0,9.0,0.889,12.0,22.0,34.0,1.0,2.0,0.0,6.0,16.0,43.0,0.0,,2023,2022-23
460.0,Wendell Moore Jr.,21.0,MIN,SG,29.0,2.0,153.0,18.0,43.0,0.419,2.0,17.0,0.118,16.0,26.0,0.615,0.442,4.0,5.0,0.8,4.0,14.0,18.0,18.0,8.0,5.0,8.0,13.0,42.0,0.0,,2023,2022-23
461.0,Jaden Springer,20.0,PHI,SG,16.0,2.0,89.0,17.0,35.0,0.486,2.0,5.0,0.4,15.0,30.0,0.5,0.514,6.0,8.0,0.75,6.0,8.0,14.0,8.0,7.0,3.0,3.0,15.0,42.0,0.0,,2023,2022-23
462.0,Jason Preston,23.0,LAC,PG,14.0,0.0,124.0,18.0,41.0,0.439,5.0,18.0,0.278,13.0,23.0,0.565,0.5,0.0,2.0,0.0,2.0,20.0,22.0,27.0,2.0,0.0,10.0,7.0,41.0,0.0,,2023,2022-23
463.0,Omer Yurtseven,24.0,MIA,C,9.0,0.0,83.0,16.0,27.0,0.593,3.0,7.0,0.429,13.0,20.0,0.65,0.648,5.0,6.0,0.833,8.0,15.0,23.0,2.0,2.0,2.0,4.0,16.0,40.0,0.0,,2023,2022-23
464.0,Xavier Cooks,27.0,WAS,PF,10.0,1.0,126.0,17.0,28.0,0.607,0.0,1.0,0.0,17.0,27.0,0.63,0.607,4.0,10.0,0.4,16.0,22.0,38.0,6.0,6.0,4.0,8.0,13.0,38.0,0.0,,2023,2022-23
465.0,Jared Butler,22.0,OKC,PG,6.0,1.0,77.0,15.0,32.0,0.469,7.0,14.0,0.5,8.0,18.0,0.444,0.578,0.0,0.0,,1.0,3.0,4.0,8.0,5.0,0.0,5.0,5.0,37.0,0.0,,2023,2022-23
466.0,Vit Krejci,22.0,ATL,PG,29.0,0.0,165.0,15.0,37.0,0.405,5.0,21.0,0.238,10.0,16.0,0.625,0.473,1.0,2.0,0.5,6.0,20.0,26.0,17.0,5.0,1.0,5.0,17.0,36.0,0.0,,2023,2022-23
467.0,Olivier Sarr,23.0,OKC,C,9.0,1.0,114.0,15.0,30.0,0.5,1.0,8.0,0.125,14.0,22.0,0.636,0.517,5.0,7.0,0.714,12.0,19.0,31.0,4.0,1.0,5.0,4.0,17.0,36.0,0.0,,2023,2022-23
468.0,Cody Martin,27.0,CHO,SF,7.0,0.0,134.0,14.0,36.0,0.389,3.0,14.0,0.214,11.0,22.0,0.5,0.431,4.0,7.0,0.571,8.0,16.0,24.0,11.0,4.0,1.0,2.0,13.0,35.0,0.0,,2023,2022-23
469.0,Nerlens Noel,28.0,2TM,C,17.0,4.0,195.0,13.0,36.0,0.361,1.0,2.0,0.5,12.0,34.0,0.353,0.375,8.0,12.0,0.667,10.0,36.0,46.0,10.0,16.0,10.0,13.0,32.0,35.0,0.0,,2023,2022-23
469.0,Nerlens Noel,28.0,DET,C,14.0,3.0,152.0,12.0,30.0,0.4,1.0,2.0,0.5,11.0,28.0,0.393,0.417,7.0,10.0,0.7,7.0,30.0,37.0,7.0,13.0,9.0,8.0,25.0,32.0,0.0,,2023,2022-23
469.0,Nerlens Noel,28.0,BRK,C,3.0,1.0,43.0,1.0,6.0,0.167,0.0,0.0,,1.0,6.0,0.167,0.167,1.0,2.0,0.5,3.0,6.0,9.0,3.0,3.0,1.0,5.0,7.0,3.0,0.0,,2023,2022-23
470.0,Isaiah Mobley,23.0,CLE,PF,12.0,0.0,84.0,12.0,28.0,0.429,3.0,8.0,0.375,9.0,20.0,0.45,0.482,4.0,4.0,1.0,4.0,16.0,20.0,3.0,4.0,3.0,1.0,8.0,31.0,0.0,,2023,2022-23
471.0,Vince Williams Jr.,22.0,MEM,SG,15.0,1.0,105.0,12.0,40.0,0.3,4.0,28.0,0.143,8.0,12.0,0.667,0.35,2.0,2.0,1.0,4.0,11.0,15.0,4.0,6.0,2.0,5.0,12.0,30.0,0.0,,2023,2022-23
472.0,Greg Brown III,21.0,POR,PF,16.0,0.0,93.0,11.0,28.0,0.393,1.0,7.0,0.143,10.0,21.0,0.476,0.411,5.0,12.0,0.417,2.0,17.0,19.0,3.0,4.0,5.0,6.0,13.0,28.0,0.0,,2023,2022-23
473.0,Jordan Hall,21.0,SAS,SF,9.0,0.0,83.0,9.0,28.0,0.321,3.0,15.0,0.2,6.0,13.0,0.462,0.375,7.0,9.0,0.778,3.0,9.0,12.0,11.0,1.0,0.0,7.0,6.0,28.0,0.0,,2023,2022-23
474.0,Joshua Primo,20.0,SAS,SG,4.0,0.0,93.0,9.0,26.0,0.346,3.0,12.0,0.25,6.0,14.0,0.429,0.404,7.0,9.0,0.778,2.0,11.0,13.0,18.0,1.0,2.0,11.0,8.0,28.0,0.0,,2023,2022-23
475.0,Udonis Haslem,42.0,MIA,C,7.0,1.0,71.0,10.0,29.0,0.345,3.0,9.0,0.333,7.0,20.0,0.35,0.397,4.0,5.0,0.8,4.0,7.0,11.0,0.0,1.0,2.0,1.0,11.0,27.0,0.0,,2023,2022-23
476.0,Ryan Arcidiacono,28.0,2TM,PG,20.0,4.0,172.0,9.0,37.0,0.243,8.0,23.0,0.348,1.0,14.0,0.071,0.351,0.0,0.0,,0.0,15.0,15.0,23.0,5.0,0.0,7.0,17.0,26.0,0.0,,2023,2022-23
476.0,Ryan Arcidiacono,28.0,NYK,PG,11.0,0.0,26.0,1.0,5.0,0.2,1.0,3.0,0.333,0.0,2.0,0.0,0.3,0.0,0.0,,0.0,4.0,4.0,2.0,2.0,0.0,1.0,3.0,3.0,0.0,,2023,2022-23
476.0,Ryan Arcidiacono,28.0,POR,PG,9.0,4.0,146.0,8.0,32.0,0.25,7.0,20.0,0.35,1.0,12.0,0.083,0.359,0.0,0.0,,0.0,11.0,11.0,21.0,3.0,0.0,6.0,14.0,23.0,0.0,,2023,2022-23
477.0,Mac McClung,24.0,PHI,SG,2.0,0.0,41.0,9.0,20.0,0.45,4.0,11.0,0.364,5.0,9.0,0.556,0.55,3.0,5.0,0.6,3.0,7.0,10.0,9.0,0.0,0.0,3.0,3.0,25.0,0.0,,2023,2022-23
478.0,Sam Merrill,26.0,CLE,SG,5.0,0.0,59.0,9.0,22.0,0.409,5.0,18.0,0.278,4.0,4.0,1.0,0.523,2.0,2.0,1.0,0.0,9.0,9.0,5.0,4.0,0.0,0.0,3.0,25.0,0.0,,2023,2022-23
479.0,Noah Vonleh,27.0,BOS,C,23.0,1.0,171.0,11.0,24.0,0.458,1.0,4.0,0.25,10.0,20.0,0.5,0.479,2.0,2.0,1.0,18.0,30.0,48.0,7.0,2.0,8.0,11.0,35.0,25.0,0.0,,2023,2022-23
480.0,Keon Ellis,23.0,SAC,SG,16.0,0.0,71.0,7.0,16.0,0.438,6.0,12.0,0.5,1.0,4.0,0.25,0.625,4.0,7.0,0.571,4.0,4.0,8.0,6.0,5.0,1.0,1.0,10.0,24.0,0.0,,2023,2022-23
481.0,Micah Potter,24.0,UTA,PF,7.0,0.0,52.0,10.0,15.0,0.667,4.0,7.0,0.571,6.0,8.0,0.75,0.8,0.0,0.0,,3.0,13.0,16.0,4.0,1.0,0.0,2.0,5.0,24.0,0.0,,2023,2022-23
482.0,Gabe York,29.0,IND,SG,3.0,0.0,56.0,8.0,21.0,0.381,6.0,18.0,0.333,2.0,3.0,0.667,0.524,2.0,2.0,1.0,0.0,6.0,6.0,5.0,2.0,0.0,0.0,5.0,24.0,0.0,,2023,2022-23
483.0,Ryan Rollins,20.0,GSW,PG,12.0,0.0,62.0,7.0,20.0,0.35,3.0,9.0,0.333,4.0,11.0,0.364,0.425,6.0,6.0,1.0,3.0,9.0,12.0,6.0,1.0,1.0,16.0,10.0,23.0,0.0,,2023,2022-23
484.0,Jarrell Brantley,26.0,UTA,PF,4.0,0.0,39.0,8.0,14.0,0.571,4.0,9.0,0.444,4.0,5.0,0.8,0.714,2.0,2.0,1.0,1.0,5.0,6.0,3.0,0.0,2.0,2.0,3.0,22.0,0.0,,2023,2022-23
485.0,PJ Dozier,26.0,SAC,SF,16.0,0.0,79.0,10.0,33.0,0.303,2.0,16.0,0.125,8.0,17.0,0.471,0.333,0.0,0.0,,1.0,13.0,14.0,10.0,6.0,1.0,5.0,7.0,22.0,0.0,,2023,2022-23
486.0,Tyrese Martin,23.0,ATL,SG,16.0,0.0,66.0,9.0,23.0,0.391,1.0,7.0,0.143,8.0,16.0,0.5,0.413,2.0,2.0,1.0,5.0,7.0,12.0,2.0,1.0,0.0,2.0,2.0,21.0,0.0,,2023,2022-23
487.0,Trevelin Queen,25.0,IND,SG,7.0,0.0,70.0,7.0,29.0,0.241,2.0,15.0,0.133,5.0,14.0,0.357,0.276,5.0,5.0,1.0,8.0,9.0,17.0,6.0,2.0,5.0,7.0,4.0,21.0,0.0,,2023,2022-23
488.0,Jack White,25.0,DEN,SF,17.0,0.0,66.0,8.0,19.0,0.421,3.0,9.0,0.333,5.0,10.0,0.5,0.5,2.0,3.0,0.667,6.0,11.0,17.0,4.0,3.0,2.0,2.0,9.0,21.0,0.0,,2023,2022-23
489.0,Ron Harper Jr.,22.0,TOR,PF,9.0,0.0,48.0,8.0,16.0,0.5,3.0,9.0,0.333,5.0,7.0,0.714,0.594,1.0,1.0,1.0,3.0,4.0,7.0,4.0,0.0,1.0,0.0,3.0,20.0,0.0,,2023,2022-23
490.0,Justin Jackson,27.0,BOS,SF,23.0,0.0,107.0,7.0,27.0,0.259,5.0,20.0,0.25,2.0,7.0,0.286,0.352,1.0,2.0,0.5,2.0,15.0,17.0,9.0,4.0,4.0,2.0,7.0,20.0,0.0,,2023,2022-23
491.0,Carlik Jones,25.0,CHI,PG,7.0,0.0,56.0,6.0,15.0,0.4,3.0,6.0,0.5,3.0,9.0,0.333,0.5,5.0,8.0,0.625,1.0,4.0,5.0,6.0,2.0,0.0,2.0,2.0,20.0,0.0,,2023,2022-23
492.0,Louis King,23.0,PHI,PF,1.0,0.0,29.0,8.0,13.0,0.615,4.0,8.0,0.5,4.0,5.0,0.8,0.769,0.0,1.0,0.0,2.0,2.0,4.0,2.0,1.0,0.0,2.0,4.0,20.0,0.0,,2023,2022-23
493.0,Tony Bradley,25.0,CHI,C,12.0,0.0,33.0,6.0,12.0,0.5,3.0,5.0,0.6,3.0,7.0,0.429,0.625,4.0,4.0,1.0,1.0,10.0,11.0,1.0,1.0,1.0,1.0,2.0,19.0,0.0,,2023,2022-23
494.0,JD Davison,20.0,BOS,SG,12.0,0.0,66.0,8.0,19.0,0.421,2.0,7.0,0.286,6.0,12.0,0.5,0.474,1.0,2.0,0.5,2.0,7.0,9.0,11.0,2.0,2.0,4.0,5.0,19.0,0.0,,2023,2022-23
495.0,Michael Carter-Williams,31.0,ORL,PG,4.0,0.0,44.0,6.0,14.0,0.429,1.0,3.0,0.333,5.0,11.0,0.455,0.464,4.0,7.0,0.571,1.0,4.0,5.0,7.0,1.0,1.0,4.0,5.0,17.0,0.0,,2023,2022-23
496.0,Andre Iguodala,39.0,GSW,PF,8.0,0.0,113.0,7.0,15.0,0.467,1.0,9.0,0.111,6.0,6.0,1.0,0.5,2.0,3.0,0.667,3.0,14.0,17.0,19.0,4.0,3.0,9.0,11.0,17.0,0.0,,2023,2022-23
497.0,Justin Minaya,23.0,POR,SF,4.0,0.0,89.0,7.0,23.0,0.304,3.0,12.0,0.25,4.0,11.0,0.364,0.37,0.0,1.0,0.0,3.0,12.0,15.0,4.0,2.0,5.0,4.0,9.0,17.0,0.0,,2023,2022-23
498.0,Xavier Sneed,25.0,CHO,SF,4.0,0.0,48.0,5.0,10.0,0.5,3.0,6.0,0.5,2.0,4.0,0.5,0.65,4.0,4.0,1.0,0.0,5.0,5.0,5.0,0.0,1.0,3.0,7.0,17.0,0.0,,2023,2022-23
499.0,Buddy Boeheim,23.0,DET,SF,10.0,0.0,90.0,5.0,27.0,0.185,4.0,25.0,0.16,1.0,2.0,0.5,0.259,2.0,2.0,1.0,2.0,4.0,6.0,4.0,2.0,0.0,0.0,6.0,16.0,0.0,,2023,2022-23
500.0,RaiQuan Gray,23.0,BRK,PF,1.0,0.0,35.0,6.0,12.0,0.5,2.0,5.0,0.4,4.0,7.0,0.571,0.583,2.0,2.0,1.0,3.0,6.0,9.0,7.0,0.0,1.0,4.0,5.0,16.0,0.0,,2023,2022-23
501.0,Jamaree Bouyea,23.0,2TM,PG,5.0,0.0,71.0,6.0,14.0,0.429,2.0,6.0,0.333,4.0,8.0,0.5,0.5,1.0,2.0,0.5,1.0,5.0,6.0,4.0,4.0,2.0,4.0,6.0,15.0,0.0,,2023,2022-23
501.0,Jamaree Bouyea,23.0,MIA,PG,4.0,0.0,65.0,6.0,13.0,0.462,2.0,5.0,0.4,4.0,8.0,0.5,0.538,1.0,2.0,0.5,1.0,4.0,5.0,4.0,4.0,2.0,4.0,5.0,15.0,0.0,,2023,2022-23
501.0,Jamaree Bouyea,23.0,WAS,PG,1.0,0.0,6.0,0.0,1.0,0.0,0.0,1.0,0.0,0.0,0.0,,0.0,0.0,0.0,,0.0,1.0,1.0,0.0,0.0,0.0,0.0,1.0,0.0,0.0,,2023,2022-23
502.0,Darius Days,23.0,HOU,SF,4.0,0.0,25.0,5.0,12.0,0.417,3.0,10.0,0.3,2.0,2.0,1.0,0.542,2.0,2.0,1.0,1.0,5.0,6.0,1.0,0.0,1.0,0.0,2.0,15.0,0.0,,2023,2022-23
503.0,Scotty Pippen Jr.,22.0,LAL,PG,6.0,0.0,32.0,4.0,12.0,0.333,1.0,3.0,0.333,3.0,9.0,0.333,0.375,5.0,9.0,0.556,2.0,2.0,4.0,2.0,2.0,1.0,2.0,3.0,14.0,0.0,,2023,2022-23
504.0,Jay Scrubb,22.0,ORL,SG,2.0,0.0,30.0,5.0,7.0,0.714,2.0,2.0,1.0,3.0,5.0,0.6,0.857,1.0,2.0,0.5,0.0,6.0,6.0,1.0,2.0,0.0,3.0,2.0,13.0,0.0,,2023,2022-23
505.0,Neemias Queta,23.0,SAC,C,5.0,0.0,29.0,6.0,9.0,0.667,0.0,0.0,,6.0,9.0,0.667,0.667,0.0,2.0,0.0,5.0,6.0,11.0,1.0,0.0,2.0,1.0,7.0,12.0,0.0,,2023,2022-23
506.0,Justin Champagnie,21.0,2TM,SF,5.0,0.0,34.0,5.0,15.0,0.333,1.0,5.0,0.2,4.0,10.0,0.4,0.367,0.0,0.0,,3.0,5.0,8.0,4.0,1.0,0.0,0.0,2.0,11.0,0.0,,2023,2022-23
506.0,Justin Champagnie,21.0,TOR,SF,3.0,0.0,11.0,3.0,3.0,1.0,0.0,0.0,,3.0,3.0,1.0,1.0,0.0,0.0,,1.0,3.0,4.0,1.0,0.0,0.0,0.0,1.0,6.0,0.0,,2023,2022-23
506.0,Justin Champagnie,21.0,BOS,SF,2.0,0.0,23.0,2.0,12.0,0.167,1.0,5.0,0.2,1.0,7.0,0.143,0.208,0.0,0.0,,2.0,2.0,4.0,3.0,1.0,0.0,0.0,1.0,5.0,0.0,,2023,2022-23
507.0,Facundo Campazzo,31.0,DAL,PG,8.0,0.0,52.0,3.0,13.0,0.231,3.0,11.0,0.273,0.0,2.0,0.0,0.346,1.0,2.0,0.5,0.0,2.0,2.0,9.0,6.0,0.0,3.0,3.0,10.0,0.0,,2023,2022-23
508.0,Lester Quiñones,22.0,GSW,SG,4.0,0.0,18.0,2.0,5.0,0.4,2.0,4.0,0.5,0.0,1.0,0.0,0.6,4.0,6.0,0.667,1.0,2.0,3.0,2.0,1.0,0.0,5.0,0.0,10.0,0.0,,2023,2022-23
509.0,Kendall Brown,19.0,IND,SG,6.0,0.0,40.0,4.0,7.0,0.571,0.0,1.0,0.0,4.0,6.0,0.667,0.571,1.0,2.0,0.5,2.0,4.0,6.0,3.0,4.0,0.0,2.0,9.0,9.0,0.0,,2023,2022-23
510.0,Tyler Dorsey,26.0,DAL,SF,3.0,0.0,8.0,4.0,5.0,0.8,1.0,2.0,0.5,3.0,3.0,1.0,0.9,0.0,0.0,,1.0,1.0,2.0,0.0,0.0,0.0,0.0,0.0,9.0,0.0,,2023,2022-23
511.0,Trevor Hudgins,23.0,HOU,PG,5.0,0.0,28.0,2.0,9.0,0.222,2.0,8.0,0.25,0.0,1.0,0.0,0.333,3.0,3.0,1.0,0.0,0.0,0.0,3.0,0.0,0.0,1.0,1.0,9.0,0.0,,2023,2022-23
512.0,Cole Swider,23.0,LAL,SF,7.0,0.0,41.0,3.0,9.0,0.333,3.0,8.0,0.375,0.0,1.0,0.0,0.5,0.0,0.0,,1.0,6.0,7.0,4.0,0.0,0.0,0.0,3.0,9.0,0.0,,2023,2022-23
513.0,Isaiah Todd,21.0,WAS,PF,6.0,1.0,61.0,3.0,19.0,0.158,1.0,10.0,0.1,2.0,9.0,0.222,0.184,2.0,2.0,1.0,2.0,10.0,12.0,4.0,1.0,0.0,2.0,4.0,9.0,0.0,,2023,2022-23
514.0,Joe Wieskamp,23.0,TOR,SF,9.0,0.0,50.0,3.0,14.0,0.214,3.0,12.0,0.25,0.0,2.0,0.0,0.321,0.0,0.0,,0.0,4.0,4.0,3.0,0.0,0.0,1.0,3.0,9.0,0.0,,2023,2022-23
515.0,Chance Comanche,26.0,POR,C,1.0,0.0,21.0,3.0,5.0,0.6,0.0,0.0,,3.0,5.0,0.6,0.6,1.0,4.0,0.25,2.0,1.0,3.0,0.0,0.0,1.0,0.0,0.0,7.0,0.0,,2023,2022-23
516.0,Alize Johnson,26.0,SAS,PF,4.0,0.0,30.0,3.0,6.0,0.5,0.0,2.0,0.0,3.0,4.0,0.75,0.5,1.0,2.0,0.5,2.0,8.0,10.0,1.0,1.0,0.0,4.0,3.0,7.0,0.0,,2023,2022-23
517.0,Xavier Moon,28.0,LAC,SG,4.0,0.0,20.0,3.0,9.0,0.333,1.0,3.0,0.333,2.0,6.0,0.333,0.389,0.0,0.0,,0.0,3.0,3.0,5.0,0.0,0.0,1.0,2.0,7.0,0.0,,2023,2022-23
518.0,Leandro Bolmaro,22.0,UTA,SF,14.0,0.0,68.0,3.0,20.0,0.15,0.0,4.0,0.0,3.0,16.0,0.188,0.15,0.0,0.0,,4.0,3.0,7.0,7.0,3.0,1.0,7.0,10.0,6.0,0.0,,2023,2022-23
519.0,Vernon Carey Jr.,21.0,WAS,C,11.0,0.0,28.0,2.0,8.0,0.25,0.0,0.0,,2.0,8.0,0.25,0.25,2.0,2.0,1.0,3.0,8.0,11.0,3.0,2.0,2.0,2.0,5.0,6.0,0.0,,2023,2022-23
520.0,Mfiondu Kabengele,25.0,BOS,PF,4.0,0.0,36.0,2.0,7.0,0.286,0.0,3.0,0.0,2.0,4.0,0.5,0.286,2.0,2.0,1.0,5.0,5.0,10.0,0.0,2.0,0.0,1.0,3.0,6.0,0.0,,2023,2022-23
521.0,Marko Simonovic,23.0,CHI,C,7.0,0.0,20.0,2.0,7.0,0.286,1.0,4.0,0.25,1.0,3.0,0.333,0.357,1.0,2.0,0.5,1.0,1.0,2.0,0.0,0.0,0.0,0.0,5.0,6.0,0.0,,2023,2022-23
522.0,Malcolm Hill,27.0,CHI,SF,5.0,0.0,9.0,2.0,4.0,0.5,1.0,3.0,0.333,1.0,1.0,1.0,0.625,0.0,0.0,,0.0,3.0,3.0,0.0,0.0,0.0,0.0,1.0,5.0,0.0,,2023,2022-23
523.0,Kobi Simmons,25.0,CHO,SG,5.0,0.0,28.0,1.0,6.0,0.167,1.0,5.0,0.2,0.0,1.0,0.0,0.25,2.0,2.0,1.0,1.0,3.0,4.0,5.0,0.0,2.0,1.0,0.0,5.0,0.0,,2023,2022-23
524.0,Dylan Windler,26.0,CLE,SF,3.0,0.0,10.0,2.0,3.0,0.667,1.0,2.0,0.5,1.0,1.0,1.0,0.833,0.0,0.0,,0.0,0.0,0.0,1.0,1.0,0.0,1.0,0.0,5.0,0.0,,2023,2022-23
525.0,Braxton Key,25.0,DET,SF,3.0,0.0,9.0,1.0,1.0,1.0,0.0,0.0,,1.0,1.0,1.0,1.0,2.0,2.0,1.0,0.0,1.0,1.0,0.0,0.0,0.0,0.0,0.0,4.0,0.0,,2023,2022-23
526.0,Dereon Seabron,22.0,NOP,SG,5.0,0.0,12.0,2.0,5.0,0.4,0.0,0.0,,2.0,5.0,0.4,0.4,0.0,0.0,,1.0,0.0,1.0,0.0,0.0,0.0,0.0,1.0,4.0,0.0,,2023,2022-23
527.0,Donovan Williams,21.0,ATL,SG,2.0,0.0,4.0,2.0,5.0,0.4,0.0,2.0,0.0,2.0,3.0,0.667,0.4,0.0,0.0,,0.0,2.0,2.0,0.0,0.0,0.0,0.0,0.0,4.0,0.0,,2023,2022-23
528.0,Devon Dotson,23.0,WAS,PG,6.0,0.0,53.0,1.0,10.0,0.1,1.0,4.0,0.25,0.0,6.0,0.0,0.15,0.0,0.0,,6.0,4.0,10.0,8.0,5.0,0.0,3.0,9.0,3.0,0.0,,2023,2022-23
529.0,Jacob Gilyard,24.0,MEM,PG,1.0,0.0,41.0,1.0,3.0,0.333,1.0,3.0,0.333,0.0,0.0,,0.5,0.0,0.0,,0.0,4.0,4.0,7.0,3.0,0.0,2.0,3.0,3.0,0.0,,2023,2022-23
530.0,Trevor Keels,19.0,NYK,SG,3.0,0.0,8.0,1.0,4.0,0.25,1.0,4.0,0.25,0.0,0.0,,0.375,0.0,0.0,,0.0,2.0,2.0,0.0,0.0,0.0,0.0,0.0,3.0,0.0,,2023,2022-23
531.0,Jordan Schakel,24.0,WAS,SF,2.0,0.0,6.0,1.0,2.0,0.5,1.0,1.0,1.0,0.0,1.0,0.0,0.75,0.0,0.0,,0.0,0.0,0.0,1.0,1.0,0.0,0.0,1.0,3.0,0.0,,2023,2022-23
532.0,Chima Moneke,27.0,SAC,SF,2.0,0.0,8.0,1.0,2.0,0.5,0.0,0.0,,1.0,2.0,0.5,0.5,0.0,2.0,0.0,2.0,0.0,2.0,1.0,0.0,0.0,2.0,2.0,2.0,0.0,,2023,2022-23
533.0,Chris Silva,26.0,DAL,PF,1.0,0.0,3.0,1.0,1.0,1.0,0.0,0.0,,1.0,1.0,1.0,1.0,0.0,0.0,,0.0,0.0,0.0,0.0,0.0,0.0,1.0,2.0,2.0,0.0,,2023,2022-23
534.0,Stanley Umude,23.0,DET,SG,1.0,0.0,2.0,0.0,1.0,0.0,0.0,1.0,0.0,0.0,0.0,,0.0,2.0,2.0,1.0,0.0,0.0,0.0,0.0,1.0,1.0,0.0,0.0,2.0,0.0,,2023,2022-23
535.0,Sterling Brown,27.0,LAL,SF,4.0,0.0,24.0,0.0,4.0,0.0,0.0,2.0,0.0,0.0,2.0,0.0,0.0,0.0,0.0,,3.0,5.0,8.0,2.0,3.0,0.0,0.0,4.0,0.0,0.0,,2023,2022-23
536.0,Deonte Burton,29.0,SAC,PF,2.0,0.0,6.0,0.0,2.0,0.0,0.0,1.0,0.0,0.0,1.0,0.0,0.0,0.0,0.0,,0.0,0.0,0.0,0.0,0.0,0.0,0.0,0.0,0.0,0.0,,2023,2022-23
537.0,Michael Foster Jr.,20.0,PHI,PF,1.0,0.0,1.0,0.0,0.0,,0.0,0.0,,0.0,0.0,,,0.0,0.0,,0.0,0.0,0.0,0.0,0.0,0.0,0.0,0.0,0.0,0.0,,2023,2022-23
538.0,Frank Jackson,24.0,UTA,PG,1.0,0.0,5.0,0.0,3.0,0.0,0.0,1.0,0.0,0.0,2.0,0.0,0.0,0.0,0.0,,1.0,1.0,2.0,1.0,0.0,0.0,0.0,0.0,0.0,0.0,,2023,2022-23
539.0,Alondes Williams,23.0,BRK,SG,1.0,0.0,5.0,0.0,0.0,,0.0,0.0,,0.0,0.0,,,0.0,0.0,,0.0,1.0,1.0,0.0,0.0,0.0,2.0,1.0,0.0,0.0,,2023,2022-23
,League Average,,,,,,,,,0.475,,,0.361,,,0.548,0.545,,,0.782,,,,,,,,,,,,2023,2022-23
