Rk,Player,Age,Team,Pos,G,GS,MP,FG,FGA,FG%,3P,3PA,3P%,2P,2PA,2P%,eFG%,FT,FTA,FT%,ORB,DRB,TRB,AST,STL,BLK,TOV,PF,PTS,Trp-Dbl,Awards,season_end_year,season
1.0,James Harden,30.0,HOU,SG,68.0,68.0,2483.0,672.0,1514.0,0.444,299.0,843.0,0.355,373.0,671.0,0.556,0.543,692.0,800.0,0.865,70.0,376.0,446.0,512.0,125.0,60.0,308.0,227.0,2335.0,4.0,"MVP-3,AS,NBA1",2020,2019-20
2.0,Damian Lillard,29.0,POR,PG,66.0,66.0,2474.0,624.0,1349.0,0.463,270.0,674.0,0.401,354.0,675.0,0.524,0.563,460.0,518.0,0.888,33.0,251.0,284.0,530.0,70.0,22.0,194.0,114.0,1978.0,1.0,"MVP-8,AS,NBA2",2020,2019-20
3.0,Devin Booker,23.0,PHO,SG,70.0,70.0,2512.0,627.0,1283.0,0.489,141.0,398.0,0.354,486.0,885.0,0.549,0.544,468.0,509.0,0.919,29.0,268.0,297.0,456.0,49.0,18.0,264.0,213.0,1863.0,0.0,AS,2020,2019-20
4.0,Giannis Antetokounmpo,25.0,MIL,PF,63.0,63.0,1917.0,685.0,1238.0,0.553,89.0,293.0,0.304,596.0,945.0,0.631,0.589,398.0,629.0,0.633,140.0,716.0,856.0,354.0,61.0,66.0,230.0,195.0,1857.0,4.0,"MVP-1,DPOY-1,AS,NBA1,DEF1",2020,2019-20
5.0,Trae Young,21.0,ATL,PG,60.0,60.0,2120.0,546.0,1249.0,0.437,205.0,568.0,0.361,341.0,681.0,0.501,0.519,481.0,559.0,0.86,32.0,223.0,255.0,560.0,65.0,8.0,289.0,104.0,1778.0,2.0,AS,2020,2019-20
6.0,Luka Dončić,20.0,DAL,PG,61.0,61.0,2047.0,581.0,1255.0,0.463,171.0,541.0,0.316,410.0,714.0,0.574,0.531,426.0,562.0,0.758,78.0,495.0,573.0,538.0,62.0,14.0,260.0,153.0,1759.0,17.0,"MVP-4,AS,NBA1",2020,2019-20
7.0,Bradley Beal,26.0,WAS,SG,57.0,57.0,2053.0,593.0,1303.0,0.455,170.0,481.0,0.353,423.0,822.0,0.515,0.52,385.0,457.0,0.842,52.0,190.0,242.0,347.0,71.0,23.0,194.0,126.0,1741.0,0.0,,2020,2019-20
8.0,LeBron James,35.0,LAL,PG,67.0,67.0,2316.0,643.0,1303.0,0.493,148.0,425.0,0.348,495.0,878.0,0.564,0.55,264.0,381.0,0.693,66.0,459.0,525.0,684.0,78.0,36.0,261.0,118.0,1698.0,13.0,"MVP-2,AS,NBA1",2020,2019-20
9.0,Donovan Mitchell,23.0,UTA,SG,69.0,69.0,2364.0,602.0,1342.0,0.449,173.0,473.0,0.366,429.0,869.0,0.494,0.513,278.0,322.0,0.863,53.0,251.0,304.0,294.0,70.0,14.0,184.0,172.0,1655.0,0.0,AS,2020,2019-20
10.0,Anthony Davis,26.0,LAL,PF,62.0,62.0,2131.0,551.0,1096.0,0.503,72.0,218.0,0.33,479.0,878.0,0.546,0.536,444.0,525.0,0.846,142.0,435.0,577.0,200.0,91.0,143.0,154.0,156.0,1618.0,0.0,"MVP-6,DPOY-2,AS,NBA1,DEF1",2020,2019-20
11.0,CJ McCollum,28.0,POR,SG,70.0,70.0,2556.0,611.0,1356.0,0.451,194.0,512.0,0.379,417.0,844.0,0.494,0.522,140.0,185.0,0.757,46.0,251.0,297.0,310.0,54.0,42.0,127.0,183.0,1556.0,0.0,,2020,2019-20
12.0,Russell Westbrook,31.0,HOU,PG,57.0,57.0,2049.0,604.0,1281.0,0.472,55.0,213.0,0.258,549.0,1068.0,0.514,0.493,290.0,380.0,0.763,100.0,351.0,451.0,401.0,93.0,20.0,255.0,200.0,1553.0,8.0,"AS,NBA3",2020,2019-20
13.0,Jayson Tatum,21.0,BOS,PF,66.0,66.0,2265.0,552.0,1226.0,0.45,189.0,469.0,0.403,363.0,757.0,0.48,0.527,254.0,313.0,0.812,64.0,396.0,460.0,200.0,93.0,57.0,155.0,136.0,1547.0,0.0,"MVP-12,AS,NBA3",2020,2019-20
14.0,Kawhi Leonard,28.0,LAC,SF,57.0,57.0,1848.0,532.0,1133.0,0.47,123.0,325.0,0.378,409.0,808.0,0.506,0.524,356.0,402.0,0.886,54.0,348.0,402.0,280.0,103.0,33.0,149.0,113.0,1543.0,1.0,"MVP-5,DPOY-8,AS,NBA2,DEF2",2020,2019-20
15.0,Zach LaVine,24.0,CHI,SF,60.0,60.0,2085.0,539.0,1199.0,0.45,184.0,484.0,0.38,355.0,715.0,0.497,0.526,268.0,334.0,0.802,41.0,248.0,289.0,254.0,88.0,28.0,206.0,131.0,1530.0,0.0,,2020,2019-20
16.0,DeMar DeRozan,30.0,SAS,SF,68.0,68.0,2316.0,557.0,1049.0,0.531,9.0,35.0,0.257,548.0,1014.0,0.54,0.535,381.0,451.0,0.845,44.0,331.0,375.0,380.0,70.0,20.0,164.0,180.0,1504.0,0.0,,2020,2019-20
17.0,Brandon Ingram,22.0,NOP,PF,62.0,62.0,2104.0,507.0,1096.0,0.463,150.0,384.0,0.391,357.0,712.0,0.501,0.531,313.0,368.0,0.851,51.0,329.0,380.0,259.0,61.0,38.0,189.0,179.0,1477.0,0.0,"MIP-1,AS",2020,2019-20
18.0,Nikola Jokić,24.0,DEN,C,73.0,73.0,2336.0,565.0,1071.0,0.528,80.0,255.0,0.314,485.0,816.0,0.594,0.565,246.0,301.0,0.817,166.0,545.0,711.0,512.0,85.0,44.0,226.0,222.0,1456.0,13.0,"MVP-9,AS,NBA2",2020,2019-20
19.0,Tobias Harris,27.0,PHI,PF,72.0,72.0,2469.0,553.0,1173.0,0.471,131.0,357.0,0.367,422.0,816.0,0.517,0.527,174.0,216.0,0.806,69.0,426.0,495.0,227.0,53.0,40.0,104.0,165.0,1411.0,0.0,,2020,2019-20
20.0,Buddy Hield,27.0,SAC,SG,72.0,44.0,2216.0,498.0,1162.0,0.429,271.0,688.0,0.394,227.0,474.0,0.479,0.545,115.0,136.0,0.846,57.0,271.0,328.0,213.0,66.0,17.0,168.0,165.0,1382.0,0.0,,2020,2019-20
21.0,Pascal Siakam,25.0,TOR,PF,60.0,60.0,2110.0,500.0,1104.0,0.453,131.0,365.0,0.359,369.0,739.0,0.499,0.512,240.0,303.0,0.792,64.0,375.0,439.0,207.0,61.0,53.0,148.0,170.0,1371.0,0.0,"MVP-10,AS,NBA2",2020,2019-20
22.0,Collin Sexton,21.0,CLE,PG,65.0,65.0,2143.0,513.0,1086.0,0.472,97.0,255.0,0.38,416.0,831.0,0.501,0.517,226.0,267.0,0.846,61.0,143.0,204.0,192.0,65.0,7.0,158.0,142.0,1349.0,0.0,,2020,2019-20
23.0,Shai Gilgeous-Alexander,21.0,OKC,SG,70.0,70.0,2428.0,478.0,1015.0,0.471,87.0,251.0,0.347,391.0,764.0,0.512,0.514,288.0,357.0,0.807,47.0,365.0,412.0,232.0,79.0,47.0,134.0,117.0,1331.0,1.0,,2020,2019-20
24.0,T.J. Warren,26.0,IND,SF,67.0,67.0,2202.0,534.0,997.0,0.536,91.0,226.0,0.403,443.0,771.0,0.575,0.581,167.0,204.0,0.819,68.0,212.0,280.0,99.0,78.0,34.0,84.0,187.0,1326.0,0.0,,2020,2019-20
25.0,Spencer Dinwiddie,26.0,BRK,PG,64.0,49.0,1994.0,424.0,1021.0,0.415,123.0,400.0,0.308,301.0,621.0,0.485,0.476,347.0,446.0,0.778,32.0,189.0,221.0,432.0,40.0,21.0,174.0,180.0,1318.0,0.0,,2020,2019-20
26.0,Khris Middleton,28.0,MIL,SF,62.0,59.0,1853.0,471.0,947.0,0.497,147.0,354.0,0.415,324.0,593.0,0.546,0.575,208.0,227.0,0.916,44.0,338.0,382.0,265.0,53.0,7.0,137.0,142.0,1297.0,0.0,AS,2020,2019-20
27.0,Bojan Bogdanović,30.0,UTA,SF,63.0,63.0,2083.0,418.0,935.0,0.447,189.0,457.0,0.414,229.0,478.0,0.479,0.548,250.0,277.0,0.903,39.0,220.0,259.0,131.0,34.0,7.0,159.0,110.0,1275.0,0.0,,2020,2019-20
28.0,Julius Randle,25.0,NYK,PF,64.0,64.0,2080.0,463.0,1006.0,0.46,64.0,231.0,0.277,399.0,775.0,0.515,0.492,258.0,352.0,0.733,151.0,471.0,622.0,198.0,51.0,22.0,193.0,178.0,1248.0,0.0,,2020,2019-20
29.0,Chris Paul,34.0,OKC,PG,70.0,70.0,2208.0,434.0,887.0,0.489,111.0,304.0,0.365,323.0,583.0,0.554,0.552,253.0,279.0,0.907,26.0,323.0,349.0,472.0,111.0,11.0,161.0,158.0,1232.0,0.0,"MVP-7,AS,NBA2",2020,2019-20
30.0,Dennis Schröder,26.0,OKC,PG,65.0,2.0,1999.0,453.0,965.0,0.469,125.0,325.0,0.385,328.0,640.0,0.513,0.534,198.0,236.0,0.839,19.0,217.0,236.0,262.0,45.0,14.0,166.0,146.0,1229.0,0.0,6MOY-2,2020,2019-20
31.0,Evan Fournier,27.0,ORL,SF,66.0,66.0,2076.0,434.0,929.0,0.467,173.0,434.0,0.399,261.0,495.0,0.527,0.56,180.0,220.0,0.818,18.0,153.0,171.0,209.0,71.0,15.0,125.0,161.0,1221.0,0.0,,2020,2019-20
32.0,Nikola Vučević,29.0,ORL,C,62.0,62.0,1998.0,493.0,1033.0,0.477,98.0,289.0,0.339,395.0,744.0,0.531,0.525,131.0,167.0,0.784,140.0,533.0,673.0,222.0,54.0,47.0,88.0,135.0,1215.0,0.0,,2020,2019-20
33.0,Ja Morant,20.0,MEM,PG,67.0,67.0,2074.0,447.0,937.0,0.477,60.0,179.0,0.335,387.0,758.0,0.511,0.509,239.0,308.0,0.776,51.0,208.0,259.0,488.0,58.0,18.0,220.0,110.0,1193.0,2.0,ROY-1,2020,2019-20
34.0,Lou Williams,33.0,LAC,PG,65.0,8.0,1864.0,391.0,936.0,0.418,111.0,315.0,0.352,280.0,621.0,0.451,0.477,292.0,339.0,0.861,31.0,170.0,201.0,365.0,43.0,12.0,182.0,80.0,1185.0,0.0,6MOY-3,2020,2019-20
35.0,Dillon Brooks,24.0,MEM,SG,73.0,73.0,2112.0,435.0,1068.0,0.407,147.0,411.0,0.358,288.0,657.0,0.438,0.476,164.0,203.0,0.808,68.0,175.0,243.0,150.0,63.0,27.0,124.0,278.0,1181.0,0.0,,2020,2019-20
36.0,Andrew Wiggins,24.0,2TM,SF,54.0,54.0,1858.0,437.0,978.0,0.447,111.0,334.0,0.332,326.0,644.0,0.506,0.504,190.0,268.0,0.709,66.0,208.0,274.0,198.0,45.0,53.0,132.0,127.0,1175.0,1.0,,2020,2019-20
36.0,Andrew Wiggins,24.0,MIN,SF,42.0,42.0,1455.0,351.0,790.0,0.444,91.0,275.0,0.331,260.0,515.0,0.505,0.502,149.0,207.0,0.72,48.0,171.0,219.0,155.0,29.0,36.0,107.0,101.0,942.0,1.0,,2020,2019-20
36.0,Andrew Wiggins,24.0,GSW,SF,12.0,12.0,403.0,86.0,188.0,0.457,20.0,59.0,0.339,66.0,129.0,0.512,0.511,41.0,61.0,0.672,18.0,37.0,55.0,43.0,16.0,17.0,25.0,26.0,233.0,0.0,,2020,2019-20
37.0,Montrezl Harrell,26.0,LAC,C,63.0,2.0,1749.0,471.0,812.0,0.58,0.0,18.0,0.0,471.0,794.0,0.593,0.58,231.0,351.0,0.658,163.0,282.0,445.0,107.0,39.0,72.0,108.0,146.0,1173.0,0.0,6MOY-1,2020,2019-20
38.0,Joel Embiid,25.0,PHI,C,51.0,51.0,1506.0,382.0,801.0,0.477,57.0,172.0,0.331,325.0,629.0,0.517,0.512,351.0,435.0,0.807,141.0,452.0,593.0,152.0,45.0,65.0,159.0,174.0,1172.0,0.0,AS,2020,2019-20
39.0,Jrue Holiday,29.0,NOP,SG,61.0,61.0,2117.0,458.0,1006.0,0.455,122.0,346.0,0.353,336.0,660.0,0.509,0.516,129.0,182.0,0.709,77.0,216.0,293.0,408.0,99.0,48.0,184.0,145.0,1167.0,1.0,,2020,2019-20
40.0,Kristaps Porziņģis,24.0,DAL,C,57.0,57.0,1814.0,398.0,932.0,0.427,142.0,403.0,0.352,256.0,529.0,0.484,0.503,226.0,283.0,0.799,100.0,440.0,540.0,102.0,41.0,115.0,92.0,185.0,1164.0,0.0,,2020,2019-20
41.0,Danilo Gallinari,31.0,OKC,PF,62.0,62.0,1834.0,358.0,817.0,0.438,178.0,439.0,0.405,180.0,378.0,0.476,0.547,266.0,298.0,0.893,34.0,288.0,322.0,119.0,42.0,5.0,76.0,75.0,1160.0,0.0,,2020,2019-20
42.0,Jaylen Brown,23.0,BOS,SG,57.0,57.0,1934.0,427.0,887.0,0.481,129.0,338.0,0.382,298.0,549.0,0.543,0.554,176.0,243.0,0.724,62.0,302.0,364.0,118.0,65.0,20.0,125.0,167.0,1159.0,0.0,,2020,2019-20
43.0,Jimmy Butler,30.0,MIA,SF,58.0,58.0,1959.0,345.0,758.0,0.455,29.0,119.0,0.244,316.0,639.0,0.495,0.474,438.0,525.0,0.834,106.0,280.0,386.0,350.0,103.0,32.0,127.0,81.0,1157.0,3.0,"MVP-11,AS,NBA3",2020,2019-20
44.0,Domantas Sabonis,23.0,IND,PF,62.0,62.0,2159.0,458.0,848.0,0.54,17.0,67.0,0.254,441.0,781.0,0.565,0.55,214.0,296.0,0.723,189.0,582.0,771.0,310.0,47.0,30.0,170.0,195.0,1147.0,4.0,AS,2020,2019-20
45.0,Bam Adebayo,22.0,MIA,PF,72.0,72.0,2417.0,440.0,790.0,0.557,2.0,14.0,0.143,438.0,776.0,0.564,0.558,264.0,382.0,0.691,176.0,559.0,735.0,368.0,82.0,93.0,204.0,182.0,1146.0,3.0,"DPOY-5,AS,DEF2",2020,2019-20
46.0,Devonte' Graham,24.0,CHO,PG,63.0,53.0,2211.0,368.0,963.0,0.382,218.0,585.0,0.373,150.0,378.0,0.397,0.495,191.0,233.0,0.82,42.0,170.0,212.0,471.0,62.0,15.0,181.0,115.0,1145.0,0.0,,2020,2019-20
47.0,Kemba Walker,29.0,BOS,PG,56.0,56.0,1742.0,378.0,889.0,0.425,180.0,473.0,0.381,198.0,416.0,0.476,0.526,209.0,242.0,0.864,36.0,181.0,217.0,268.0,48.0,28.0,117.0,91.0,1145.0,0.0,AS,2020,2019-20
48.0,Terry Rozier,25.0,CHO,PG,63.0,63.0,2164.0,398.0,941.0,0.423,172.0,423.0,0.407,226.0,518.0,0.436,0.514,166.0,190.0,0.874,50.0,226.0,276.0,259.0,61.0,10.0,141.0,126.0,1134.0,0.0,,2020,2019-20
49.0,Kyle Lowry,33.0,TOR,PG,58.0,58.0,2098.0,334.0,803.0,0.416,164.0,466.0,0.352,170.0,337.0,0.504,0.518,294.0,343.0,0.857,32.0,260.0,292.0,433.0,82.0,26.0,178.0,190.0,1126.0,2.0,AS,2020,2019-20
50.0,Tim Hardaway Jr.,27.0,DAL,SG,71.0,58.0,2091.0,384.0,884.0,0.434,204.0,513.0,0.398,180.0,371.0,0.485,0.55,149.0,182.0,0.819,25.0,207.0,232.0,137.0,41.0,5.0,69.0,125.0,1121.0,0.0,,2020,2019-20
51.0,Jamal Murray,22.0,DEN,PG,59.0,59.0,1904.0,408.0,894.0,0.456,112.0,324.0,0.346,296.0,570.0,0.519,0.519,163.0,185.0,0.881,45.0,191.0,236.0,284.0,67.0,17.0,127.0,102.0,1091.0,0.0,,2020,2019-20
52.0,Jordan Clarkson,27.0,2TM,SG,71.0,2.0,1705.0,394.0,867.0,0.454,152.0,413.0,0.368,242.0,454.0,0.533,0.542,138.0,165.0,0.836,50.0,137.0,187.0,136.0,46.0,16.0,97.0,108.0,1078.0,0.0,,2020,2019-20
52.0,Jordan Clarkson,27.0,CLE,SG,29.0,0.0,666.0,144.0,326.0,0.442,59.0,159.0,0.371,85.0,167.0,0.509,0.532,76.0,86.0,0.884,21.0,48.0,69.0,70.0,17.0,8.0,39.0,33.0,423.0,0.0,,2020,2019-20
52.0,Jordan Clarkson,27.0,UTA,SG,42.0,2.0,1039.0,250.0,541.0,0.462,93.0,254.0,0.366,157.0,287.0,0.547,0.548,62.0,79.0,0.785,29.0,89.0,118.0,66.0,29.0,8.0,58.0,75.0,655.0,0.0,,2020,2019-20
53.0,De'Aaron Fox,22.0,SAC,PG,51.0,49.0,1634.0,391.0,815.0,0.48,54.0,185.0,0.292,337.0,630.0,0.535,0.513,241.0,342.0,0.705,35.0,161.0,196.0,348.0,74.0,25.0,158.0,145.0,1077.0,0.0,,2020,2019-20
54.0,Harrison Barnes,27.0,SAC,PF,72.0,72.0,2482.0,365.0,793.0,0.46,102.0,268.0,0.381,263.0,525.0,0.501,0.525,214.0,267.0,0.801,77.0,278.0,355.0,159.0,43.0,12.0,88.0,93.0,1046.0,0.0,,2020,2019-20
55.0,Kelly Oubre Jr.,24.0,PHO,SF,56.0,55.0,1933.0,373.0,826.0,0.452,108.0,307.0,0.352,265.0,519.0,0.511,0.517,192.0,246.0,0.78,67.0,294.0,361.0,85.0,71.0,40.0,83.0,192.0,1046.0,0.0,,2020,2019-20
56.0,Jonas Valančiūnas,27.0,MEM,C,70.0,70.0,1845.0,432.0,739.0,0.585,32.0,91.0,0.352,400.0,648.0,0.617,0.606,148.0,200.0,0.74,213.0,575.0,788.0,131.0,30.0,76.0,127.0,185.0,1044.0,1.0,,2020,2019-20
57.0,Hassan Whiteside,30.0,POR,C,67.0,61.0,2008.0,436.0,702.0,0.621,4.0,7.0,0.571,432.0,695.0,0.622,0.624,164.0,239.0,0.686,258.0,647.0,905.0,78.0,26.0,196.0,120.0,196.0,1040.0,0.0,DPOY-11,2020,2019-20
58.0,D'Angelo Russell,23.0,2TM,PG,45.0,45.0,1452.0,360.0,846.0,0.426,158.0,431.0,0.367,202.0,415.0,0.487,0.519,161.0,199.0,0.809,17.0,160.0,177.0,285.0,48.0,13.0,147.0,86.0,1039.0,0.0,,2020,2019-20
58.0,D'Angelo Russell,23.0,GSW,PG,33.0,33.0,1060.0,273.0,635.0,0.43,120.0,321.0,0.374,153.0,314.0,0.487,0.524,113.0,144.0,0.785,14.0,108.0,122.0,206.0,31.0,9.0,101.0,64.0,779.0,0.0,,2020,2019-20
58.0,D'Angelo Russell,23.0,MIN,PG,12.0,12.0,392.0,87.0,211.0,0.412,38.0,110.0,0.345,49.0,101.0,0.485,0.502,48.0,55.0,0.873,3.0,52.0,55.0,79.0,17.0,4.0,46.0,22.0,260.0,0.0,,2020,2019-20
59.0,Paul George,29.0,LAC,SF,48.0,48.0,1419.0,343.0,782.0,0.439,157.0,381.0,0.412,186.0,401.0,0.464,0.539,190.0,217.0,0.876,24.0,248.0,272.0,185.0,68.0,20.0,125.0,113.0,1033.0,0.0,,2020,2019-20
60.0,Marcus Morris,30.0,2TM,PF,62.0,62.0,1936.0,355.0,810.0,0.438,142.0,348.0,0.408,213.0,462.0,0.461,0.526,181.0,220.0,0.823,59.0,252.0,311.0,86.0,47.0,30.0,97.0,180.0,1033.0,0.0,,2020,2019-20
60.0,Marcus Morris,30.0,NYK,SF,43.0,43.0,1387.0,281.0,636.0,0.442,116.0,264.0,0.439,165.0,372.0,0.444,0.533,163.0,198.0,0.823,48.0,185.0,233.0,59.0,34.0,17.0,73.0,128.0,841.0,0.0,,2020,2019-20
60.0,Marcus Morris,30.0,LAC,PF,19.0,19.0,549.0,74.0,174.0,0.425,26.0,84.0,0.31,48.0,90.0,0.533,0.5,18.0,22.0,0.818,11.0,67.0,78.0,27.0,13.0,13.0,24.0,52.0,192.0,0.0,,2020,2019-20
61.0,Rudy Gobert,27.0,UTA,C,68.0,68.0,2333.0,386.0,557.0,0.693,0.0,0.0,,386.0,557.0,0.693,0.693,254.0,403.0,0.63,230.0,686.0,916.0,101.0,51.0,135.0,130.0,215.0,1026.0,0.0,"DPOY-3,AS,NBA3,DEF1",2020,2019-20
62.0,Kendrick Nunn,24.0,MIA,PG,67.0,67.0,1962.0,401.0,914.0,0.439,137.0,391.0,0.35,264.0,523.0,0.505,0.514,85.0,100.0,0.85,21.0,159.0,180.0,220.0,56.0,15.0,114.0,152.0,1024.0,0.0,ROY-2,2020,2019-20
63.0,Terrence Ross,28.0,ORL,SG,69.0,0.0,1889.0,341.0,846.0,0.403,177.0,504.0,0.351,164.0,342.0,0.48,0.508,157.0,184.0,0.853,13.0,209.0,222.0,82.0,77.0,24.0,70.0,109.0,1016.0,0.0,,2020,2019-20
64.0,Andre Drummond,26.0,2TM,C,57.0,56.0,1879.0,418.0,784.0,0.533,5.0,35.0,0.143,413.0,749.0,0.551,0.536,169.0,294.0,0.575,250.0,614.0,864.0,152.0,109.0,93.0,203.0,201.0,1010.0,0.0,DPOY-8,2020,2019-20
64.0,Andre Drummond,26.0,DET,C,49.0,48.0,1654.0,360.0,679.0,0.53,1.0,21.0,0.048,359.0,658.0,0.546,0.531,149.0,255.0,0.584,226.0,549.0,775.0,138.0,97.0,82.0,174.0,176.0,870.0,0.0,,2020,2019-20
64.0,Andre Drummond,26.0,CLE,C,8.0,8.0,225.0,58.0,105.0,0.552,4.0,14.0,0.286,54.0,91.0,0.593,0.571,20.0,39.0,0.513,24.0,65.0,89.0,14.0,12.0,11.0,29.0,25.0,140.0,0.0,,2020,2019-20
65.0,LaMarcus Aldridge,34.0,SAS,C,53.0,53.0,1754.0,391.0,793.0,0.493,61.0,157.0,0.389,330.0,636.0,0.519,0.532,158.0,191.0,0.827,103.0,289.0,392.0,129.0,36.0,87.0,74.0,128.0,1001.0,0.0,,2020,2019-20
66.0,Joe Harris,28.0,BRK,SF,69.0,69.0,2123.0,381.0,784.0,0.486,172.0,406.0,0.424,209.0,378.0,0.553,0.596,64.0,89.0,0.719,64.0,234.0,298.0,144.0,41.0,17.0,104.0,159.0,998.0,0.0,,2020,2019-20
67.0,Alec Burks,28.0,2TM,SF,66.0,19.0,1754.0,321.0,768.0,0.418,116.0,301.0,0.385,205.0,467.0,0.439,0.493,235.0,265.0,0.887,48.0,234.0,282.0,189.0,62.0,17.0,91.0,128.0,993.0,0.0,,2020,2019-20
67.0,Alec Burks,28.0,GSW,SF,48.0,18.0,1390.0,244.0,601.0,0.406,84.0,224.0,0.375,160.0,377.0,0.424,0.476,201.0,224.0,0.897,37.0,189.0,226.0,151.0,50.0,17.0,76.0,107.0,773.0,0.0,,2020,2019-20
67.0,Alec Burks,28.0,PHI,SG,18.0,1.0,364.0,77.0,167.0,0.461,32.0,77.0,0.416,45.0,90.0,0.5,0.557,34.0,41.0,0.829,11.0,45.0,56.0,38.0,12.0,0.0,15.0,21.0,220.0,0.0,,2020,2019-20
68.0,Jaren Jackson Jr.,20.0,MEM,C,57.0,57.0,1622.0,353.0,753.0,0.469,145.0,368.0,0.394,208.0,385.0,0.54,0.565,139.0,186.0,0.747,55.0,207.0,262.0,78.0,40.0,92.0,99.0,232.0,990.0,0.0,,2020,2019-20
69.0,Kevin Love,31.0,CLE,PF,56.0,56.0,1780.0,327.0,727.0,0.45,146.0,390.0,0.374,181.0,337.0,0.537,0.55,187.0,219.0,0.854,54.0,493.0,547.0,178.0,33.0,19.0,140.0,90.0,987.0,0.0,,2020,2019-20
70.0,Duncan Robinson,25.0,MIA,SG,73.0,68.0,2166.0,323.0,687.0,0.47,270.0,606.0,0.446,53.0,81.0,0.654,0.667,67.0,72.0,0.931,10.0,222.0,232.0,102.0,35.0,19.0,70.0,193.0,983.0,0.0,,2020,2019-20
71.0,Goran Dragić,33.0,MIA,PG,59.0,3.0,1663.0,319.0,724.0,0.441,124.0,338.0,0.367,195.0,386.0,0.505,0.526,191.0,246.0,0.776,29.0,158.0,187.0,301.0,40.0,10.0,144.0,124.0,953.0,0.0,6MOY-6,2020,2019-20
72.0,Fred VanVleet,25.0,TOR,SG,54.0,54.0,1928.0,319.0,773.0,0.413,146.0,374.0,0.39,173.0,399.0,0.434,0.507,168.0,198.0,0.848,18.0,185.0,203.0,357.0,100.0,17.0,121.0,132.0,952.0,0.0,,2020,2019-20
73.0,Ben Simmons,23.0,PHI,PG,57.0,57.0,2017.0,375.0,647.0,0.58,2.0,7.0,0.286,373.0,640.0,0.583,0.581,185.0,298.0,0.621,113.0,331.0,444.0,455.0,119.0,33.0,200.0,186.0,937.0,6.0,"DPOY-4,AS,NBA3,DEF1",2020,2019-20
74.0,Karl-Anthony Towns,24.0,MIN,C,35.0,35.0,1187.0,316.0,622.0,0.508,114.0,277.0,0.412,202.0,345.0,0.586,0.6,180.0,226.0,0.796,95.0,283.0,378.0,153.0,33.0,42.0,110.0,117.0,926.0,0.0,,2020,2019-20
75.0,Bogdan Bogdanović,27.0,SAC,SG,61.0,28.0,1766.0,337.0,766.0,0.44,164.0,441.0,0.372,173.0,325.0,0.532,0.547,86.0,116.0,0.741,26.0,181.0,207.0,207.0,64.0,15.0,102.0,133.0,924.0,0.0,,2020,2019-20
76.0,JJ Redick,35.0,NOP,SG,60.0,36.0,1581.0,286.0,631.0,0.453,180.0,397.0,0.453,106.0,234.0,0.453,0.596,165.0,185.0,0.892,10.0,141.0,151.0,119.0,20.0,10.0,75.0,96.0,917.0,0.0,,2020,2019-20
77.0,Eric Bledsoe,30.0,MIL,PG,61.0,61.0,1646.0,334.0,703.0,0.475,74.0,215.0,0.344,260.0,488.0,0.533,0.528,169.0,214.0,0.79,43.0,239.0,282.0,328.0,57.0,26.0,148.0,128.0,911.0,0.0,DEF2,2020,2019-20
78.0,Gordon Hayward,29.0,BOS,SF,52.0,52.0,1740.0,350.0,700.0,0.5,85.0,222.0,0.383,265.0,478.0,0.554,0.561,124.0,145.0,0.855,55.0,293.0,348.0,212.0,38.0,22.0,96.0,96.0,909.0,0.0,,2020,2019-20
79.0,Derrick Rose,31.0,DET,PG,50.0,15.0,1298.0,369.0,753.0,0.49,45.0,147.0,0.306,324.0,606.0,0.535,0.52,121.0,139.0,0.871,27.0,94.0,121.0,278.0,40.0,16.0,126.0,49.0,904.0,0.0,6MOY-7,2020,2019-20
80.0,Carmelo Anthony,35.0,POR,PF,58.0,58.0,1902.0,336.0,782.0,0.43,87.0,226.0,0.385,249.0,556.0,0.448,0.485,136.0,161.0,0.845,71.0,297.0,368.0,85.0,49.0,27.0,100.0,171.0,895.0,0.0,,2020,2019-20
81.0,Aaron Gordon,24.0,ORL,PF,62.0,62.0,2017.0,335.0,767.0,0.437,73.0,237.0,0.308,262.0,530.0,0.494,0.484,151.0,224.0,0.674,107.0,368.0,475.0,228.0,51.0,39.0,100.0,125.0,894.0,1.0,,2020,2019-20
82.0,Malcolm Brogdon,27.0,IND,PG,54.0,54.0,1666.0,326.0,744.0,0.438,75.0,230.0,0.326,251.0,514.0,0.488,0.489,166.0,186.0,0.892,46.0,216.0,262.0,381.0,35.0,10.0,131.0,98.0,893.0,0.0,,2020,2019-20
83.0,John Collins,22.0,ATL,PF,41.0,41.0,1363.0,353.0,605.0,0.583,59.0,147.0,0.401,294.0,458.0,0.642,0.632,120.0,150.0,0.8,116.0,300.0,416.0,60.0,31.0,66.0,75.0,138.0,885.0,0.0,,2020,2019-20
84.0,Will Barton,29.0,DEN,SF,58.0,58.0,1916.0,332.0,738.0,0.45,108.0,288.0,0.375,224.0,450.0,0.498,0.523,102.0,133.0,0.767,76.0,289.0,365.0,212.0,61.0,29.0,88.0,121.0,874.0,0.0,,2020,2019-20
85.0,Markelle Fultz,21.0,ORL,PG,72.0,60.0,1996.0,359.0,772.0,0.465,36.0,135.0,0.267,323.0,637.0,0.507,0.488,116.0,159.0,0.73,41.0,197.0,238.0,369.0,90.0,11.0,147.0,142.0,870.0,1.0,,2020,2019-20
86.0,Robert Covington,29.0,2TM,C,70.0,68.0,2137.0,305.0,723.0,0.422,161.0,480.0,0.335,144.0,243.0,0.593,0.533,99.0,124.0,0.798,63.0,400.0,463.0,88.0,115.0,93.0,103.0,220.0,870.0,0.0,,2020,2019-20
86.0,Robert Covington,29.0,MIN,PF,48.0,47.0,1411.0,216.0,496.0,0.435,108.0,312.0,0.346,108.0,184.0,0.587,0.544,75.0,94.0,0.798,36.0,251.0,287.0,56.0,80.0,45.0,73.0,148.0,615.0,0.0,,2020,2019-20
86.0,Robert Covington,29.0,HOU,C,22.0,21.0,726.0,89.0,227.0,0.392,53.0,168.0,0.315,36.0,59.0,0.61,0.509,24.0,30.0,0.8,27.0,149.0,176.0,32.0,35.0,48.0,30.0,72.0,255.0,0.0,,2020,2019-20
87.0,Coby White,19.0,CHI,PG,65.0,1.0,1674.0,312.0,792.0,0.394,133.0,376.0,0.354,179.0,416.0,0.43,0.478,102.0,129.0,0.791,28.0,202.0,230.0,175.0,49.0,6.0,109.0,117.0,859.0,0.0,ROY-5,2020,2019-20
88.0,Jerami Grant,25.0,DEN,PF,71.0,24.0,1892.0,303.0,634.0,0.478,98.0,252.0,0.389,205.0,382.0,0.537,0.555,147.0,196.0,0.75,58.0,190.0,248.0,88.0,50.0,57.0,63.0,154.0,851.0,0.0,,2020,2019-20
89.0,Ricky Rubio,29.0,PHO,PG,65.0,65.0,2016.0,287.0,692.0,0.415,78.0,216.0,0.361,209.0,476.0,0.439,0.471,195.0,226.0,0.863,46.0,258.0,304.0,570.0,94.0,11.0,173.0,167.0,847.0,2.0,,2020,2019-20
90.0,Serge Ibaka,30.0,TOR,C,55.0,27.0,1485.0,343.0,670.0,0.512,70.0,182.0,0.385,273.0,488.0,0.559,0.564,89.0,124.0,0.718,114.0,338.0,452.0,77.0,28.0,46.0,109.0,153.0,845.0,0.0,,2020,2019-20
91.0,Miles Bridges,21.0,CHO,SF,65.0,64.0,1995.0,319.0,753.0,0.424,99.0,300.0,0.33,220.0,453.0,0.486,0.489,106.0,131.0,0.809,88.0,274.0,362.0,114.0,40.0,48.0,95.0,132.0,843.0,0.0,,2020,2019-20
92.0,Caris LeVert,25.0,BRK,SG,45.0,31.0,1330.0,311.0,732.0,0.425,80.0,220.0,0.364,231.0,512.0,0.451,0.48,140.0,197.0,0.711,49.0,140.0,189.0,199.0,53.0,10.0,118.0,81.0,842.0,1.0,,2020,2019-20
93.0,Eric Paschall,23.0,GSW,PF,60.0,26.0,1654.0,318.0,640.0,0.497,37.0,129.0,0.287,281.0,511.0,0.55,0.526,164.0,212.0,0.774,82.0,193.0,275.0,127.0,32.0,13.0,94.0,125.0,837.0,0.0,ROY-6,2020,2019-20
94.0,Dāvis Bertāns,27.0,WAS,PF,54.0,4.0,1583.0,265.0,610.0,0.434,200.0,472.0,0.424,65.0,138.0,0.471,0.598,104.0,122.0,0.852,35.0,210.0,245.0,92.0,37.0,33.0,59.0,139.0,834.0,0.0,6MOY-8,2020,2019-20
95.0,Nemanja Bjelica,31.0,SAC,PF,72.0,67.0,2011.0,314.0,653.0,0.481,134.0,320.0,0.419,180.0,333.0,0.541,0.583,69.0,84.0,0.821,111.0,347.0,458.0,203.0,62.0,40.0,99.0,216.0,831.0,0.0,,2020,2019-20
96.0,Norman Powell,26.0,TOR,SG,52.0,26.0,1479.0,296.0,598.0,0.495,109.0,273.0,0.399,187.0,325.0,0.575,0.586,129.0,153.0,0.843,26.0,164.0,190.0,91.0,60.0,21.0,77.0,108.0,830.0,0.0,,2020,2019-20
97.0,Brook Lopez,31.0,MIL,C,68.0,67.0,1817.0,292.0,671.0,0.435,102.0,325.0,0.314,190.0,346.0,0.549,0.511,127.0,152.0,0.836,58.0,254.0,312.0,99.0,46.0,163.0,70.0,163.0,813.0,0.0,"DPOY-10,DEF2",2020,2019-20
98.0,Christian Wood,24.0,DET,PF,62.0,12.0,1325.0,288.0,508.0,0.567,54.0,140.0,0.386,234.0,368.0,0.636,0.62,180.0,242.0,0.744,104.0,286.0,390.0,60.0,34.0,54.0,84.0,98.0,810.0,0.0,6MOY-4,2020,2019-20
99.0,RJ Barrett,19.0,NYK,SG,56.0,55.0,1704.0,292.0,727.0,0.402,63.0,197.0,0.32,229.0,530.0,0.432,0.445,156.0,254.0,0.614,50.0,229.0,279.0,143.0,55.0,17.0,124.0,122.0,803.0,0.0,ROY-8,2020,2019-20
100.0,Al Horford,33.0,PHI,C,67.0,61.0,2025.0,319.0,709.0,0.45,99.0,283.0,0.35,220.0,426.0,0.516,0.52,61.0,80.0,0.763,103.0,353.0,456.0,270.0,52.0,61.0,80.0,142.0,798.0,0.0,,2020,2019-20
101.0,Seth Curry,29.0,DAL,SG,64.0,25.0,1576.0,284.0,574.0,0.495,145.0,321.0,0.452,139.0,253.0,0.549,0.621,80.0,97.0,0.825,27.0,118.0,145.0,124.0,38.0,9.0,62.0,113.0,793.0,0.0,,2020,2019-20
102.0,Kyle Kuzma,24.0,LAL,PF,61.0,9.0,1526.0,291.0,668.0,0.436,86.0,272.0,0.316,205.0,396.0,0.518,0.5,114.0,155.0,0.735,52.0,221.0,273.0,80.0,28.0,26.0,91.0,126.0,782.0,0.0,,2020,2019-20
103.0,De'Andre Hunter,22.0,ATL,SF,63.0,62.0,2018.0,280.0,683.0,0.41,108.0,304.0,0.355,172.0,379.0,0.454,0.489,110.0,144.0,0.764,44.0,242.0,286.0,112.0,44.0,18.0,103.0,182.0,778.0,0.0,,2020,2019-20
104.0,Marcus Smart,25.0,BOS,SG,60.0,40.0,1919.0,256.0,682.0,0.375,137.0,395.0,0.347,119.0,287.0,0.415,0.476,127.0,152.0,0.836,42.0,183.0,225.0,291.0,101.0,29.0,103.0,162.0,776.0,0.0,"DPOY-6,DEF1",2020,2019-20
105.0,Jarrett Allen,21.0,BRK,C,70.0,64.0,1852.0,302.0,465.0,0.649,0.0,6.0,0.0,302.0,459.0,0.658,0.649,171.0,270.0,0.633,216.0,455.0,671.0,110.0,40.0,92.0,77.0,162.0,775.0,0.0,DPOY-12,2020,2019-20
106.0,Taurean Prince,25.0,BRK,PF,64.0,61.0,1857.0,278.0,739.0,0.376,146.0,431.0,0.339,132.0,308.0,0.429,0.475,71.0,89.0,0.798,50.0,331.0,381.0,116.0,57.0,25.0,127.0,159.0,773.0,0.0,,2020,2019-20
107.0,Patty Mills,31.0,SAS,PG,66.0,1.0,1485.0,258.0,598.0,0.431,154.0,403.0,0.382,104.0,195.0,0.533,0.56,97.0,112.0,0.866,22.0,86.0,108.0,118.0,53.0,6.0,54.0,105.0,767.0,0.0,,2020,2019-20
108.0,Derrick White,25.0,SAS,SG,68.0,20.0,1677.0,253.0,552.0,0.458,79.0,216.0,0.366,174.0,336.0,0.518,0.53,180.0,211.0,0.853,35.0,188.0,223.0,241.0,44.0,59.0,89.0,152.0,765.0,0.0,,2020,2019-20
109.0,Josh Richardson,26.0,PHI,SG,55.0,53.0,1693.0,278.0,646.0,0.43,85.0,249.0,0.341,193.0,397.0,0.486,0.496,114.0,141.0,0.809,41.0,133.0,174.0,162.0,52.0,36.0,104.0,136.0,755.0,0.0,,2020,2019-20
110.0,Myles Turner,23.0,IND,C,62.0,62.0,1826.0,268.0,587.0,0.457,86.0,250.0,0.344,182.0,337.0,0.54,0.53,127.0,169.0,0.751,86.0,321.0,407.0,72.0,46.0,132.0,85.0,166.0,749.0,0.0,,2020,2019-20
111.0,Lonzo Ball,22.0,NOP,PG,63.0,54.0,2025.0,277.0,687.0,0.403,148.0,395.0,0.375,129.0,292.0,0.442,0.511,43.0,76.0,0.566,71.0,312.0,383.0,438.0,88.0,38.0,193.0,128.0,745.0,3.0,,2020,2019-20
112.0,Tyler Herro,20.0,MIA,SG,55.0,8.0,1508.0,270.0,631.0,0.428,116.0,298.0,0.389,154.0,333.0,0.462,0.52,87.0,100.0,0.87,16.0,208.0,224.0,121.0,34.0,9.0,87.0,76.0,743.0,0.0,,2020,2019-20
113.0,Ish Smith,31.0,WAS,PG,68.0,23.0,1787.0,308.0,689.0,0.447,62.0,169.0,0.367,246.0,520.0,0.473,0.492,62.0,86.0,0.721,30.0,189.0,219.0,334.0,59.0,30.0,95.0,106.0,740.0,0.0,,2020,2019-20
114.0,Lauri Markkanen,22.0,CHI,PF,50.0,50.0,1492.0,251.0,591.0,0.425,109.0,317.0,0.344,142.0,274.0,0.518,0.517,126.0,153.0,0.824,60.0,253.0,313.0,74.0,42.0,23.0,81.0,96.0,737.0,0.0,,2020,2019-20
115.0,OG Anunoby,22.0,TOR,SF,69.0,68.0,2066.0,286.0,566.0,0.505,89.0,228.0,0.39,197.0,338.0,0.583,0.584,72.0,102.0,0.706,80.0,284.0,364.0,108.0,96.0,45.0,79.0,167.0,733.0,0.0,,2020,2019-20
116.0,Darius Garland,20.0,CLE,SG,59.0,59.0,1824.0,280.0,699.0,0.401,105.0,296.0,0.355,175.0,403.0,0.434,0.476,63.0,72.0,0.875,27.0,84.0,111.0,229.0,42.0,4.0,151.0,92.0,728.0,0.0,,2020,2019-20
117.0,Glenn Robinson III,26.0,2TM,SF,62.0,52.0,1786.0,288.0,592.0,0.486,77.0,197.0,0.391,211.0,395.0,0.534,0.552,74.0,86.0,0.86,81.0,189.0,270.0,96.0,54.0,16.0,55.0,100.0,727.0,0.0,,2020,2019-20
117.0,Glenn Robinson III,26.0,GSW,SF,48.0,48.0,1516.0,244.0,507.0,0.481,68.0,170.0,0.4,176.0,337.0,0.522,0.548,63.0,74.0,0.851,66.0,160.0,226.0,85.0,45.0,14.0,50.0,82.0,619.0,0.0,,2020,2019-20
117.0,Glenn Robinson III,26.0,PHI,SF,14.0,4.0,270.0,44.0,85.0,0.518,9.0,27.0,0.333,35.0,58.0,0.603,0.571,11.0,12.0,0.917,15.0,29.0,44.0,11.0,9.0,2.0,5.0,18.0,108.0,0.0,,2020,2019-20
118.0,Rudy Gay,33.0,SAS,PF,67.0,5.0,1461.0,266.0,596.0,0.446,74.0,220.0,0.336,192.0,376.0,0.511,0.508,120.0,136.0,0.882,61.0,301.0,362.0,114.0,35.0,33.0,88.0,103.0,726.0,0.0,,2020,2019-20
119.0,Dejounte Murray,23.0,SAS,PG,66.0,58.0,1687.0,294.0,637.0,0.462,41.0,111.0,0.369,253.0,526.0,0.481,0.494,91.0,114.0,0.798,69.0,314.0,383.0,271.0,111.0,17.0,125.0,143.0,720.0,0.0,,2020,2019-20
120.0,Cedi Osman,24.0,CLE,SF,65.0,65.0,1910.0,266.0,609.0,0.437,123.0,321.0,0.383,143.0,288.0,0.497,0.538,63.0,94.0,0.67,39.0,192.0,231.0,154.0,54.0,16.0,91.0,160.0,718.0,0.0,,2020,2019-20
121.0,Troy Brown Jr.,20.0,WAS,SF,69.0,22.0,1782.0,273.0,622.0,0.439,61.0,179.0,0.341,212.0,443.0,0.479,0.488,109.0,139.0,0.784,76.0,307.0,383.0,178.0,85.0,7.0,79.0,132.0,716.0,0.0,,2020,2019-20
122.0,Ben McLemore,26.0,HOU,SF,71.0,23.0,1619.0,242.0,545.0,0.444,181.0,452.0,0.4,61.0,93.0,0.656,0.61,50.0,67.0,0.746,21.0,136.0,157.0,58.0,45.0,16.0,50.0,155.0,715.0,0.0,,2020,2019-20
123.0,Doug McDermott,28.0,IND,PF,69.0,0.0,1372.0,267.0,547.0,0.488,128.0,294.0,0.435,139.0,253.0,0.549,0.605,48.0,58.0,0.828,26.0,148.0,174.0,78.0,12.0,5.0,42.0,117.0,710.0,0.0,,2020,2019-20
124.0,P.J. Washington,21.0,CHO,PF,58.0,57.0,1759.0,268.0,589.0,0.455,86.0,230.0,0.374,182.0,359.0,0.507,0.528,88.0,136.0,0.647,58.0,258.0,316.0,123.0,51.0,44.0,93.0,158.0,710.0,0.0,,2020,2019-20
125.0,Bryn Forbes,26.0,SAS,SG,63.0,62.0,1579.0,242.0,581.0,0.417,148.0,381.0,0.388,94.0,200.0,0.47,0.544,75.0,90.0,0.833,12.0,114.0,126.0,108.0,33.0,0.0,57.0,113.0,707.0,0.0,,2020,2019-20
126.0,Joe Ingles,32.0,UTA,PF,72.0,45.0,2137.0,246.0,553.0,0.445,141.0,353.0,0.399,105.0,200.0,0.525,0.572,74.0,94.0,0.787,27.0,251.0,278.0,373.0,65.0,11.0,142.0,154.0,707.0,0.0,,2020,2019-20
127.0,Furkan Korkmaz,22.0,PHI,SG,72.0,12.0,1559.0,242.0,563.0,0.43,143.0,356.0,0.402,99.0,207.0,0.478,0.557,77.0,102.0,0.755,18.0,150.0,168.0,79.0,41.0,16.0,59.0,98.0,704.0,0.0,,2020,2019-20
128.0,Dario Šarić,25.0,PHO,PF,66.0,51.0,1632.0,256.0,538.0,0.476,84.0,235.0,0.357,172.0,303.0,0.568,0.554,108.0,128.0,0.844,100.0,306.0,406.0,123.0,37.0,16.0,88.0,156.0,704.0,0.0,,2020,2019-20
129.0,Brandon Clarke,23.0,MEM,PF,58.0,4.0,1300.0,296.0,479.0,0.618,23.0,64.0,0.359,273.0,415.0,0.658,0.642,85.0,112.0,0.759,92.0,253.0,345.0,81.0,32.0,48.0,55.0,100.0,700.0,0.0,ROY-4,2020,2019-20
130.0,Deandre Ayton,21.0,PHO,C,38.0,32.0,1236.0,310.0,568.0,0.546,3.0,13.0,0.231,307.0,555.0,0.553,0.548,67.0,89.0,0.753,147.0,289.0,436.0,72.0,26.0,58.0,80.0,117.0,690.0,0.0,,2020,2019-20
131.0,Steven Adams,26.0,OKC,C,63.0,63.0,1680.0,283.0,478.0,0.592,1.0,3.0,0.333,282.0,475.0,0.594,0.593,117.0,201.0,0.582,207.0,376.0,583.0,146.0,51.0,67.0,94.0,122.0,684.0,0.0,,2020,2019-20
132.0,Kevin Huerter,21.0,ATL,SG,56.0,48.0,1760.0,252.0,610.0,0.413,127.0,334.0,0.38,125.0,276.0,0.453,0.517,53.0,64.0,0.828,35.0,193.0,228.0,213.0,51.0,27.0,87.0,139.0,684.0,0.0,,2020,2019-20
133.0,Tristan Thompson,28.0,CLE,C,57.0,51.0,1721.0,288.0,562.0,0.512,9.0,23.0,0.391,279.0,539.0,0.518,0.52,99.0,161.0,0.615,226.0,351.0,577.0,120.0,33.0,50.0,103.0,124.0,684.0,0.0,,2020,2019-20
134.0,Jae Crowder,29.0,2TM,SF,65.0,53.0,1875.0,226.0,563.0,0.401,135.0,394.0,0.343,91.0,169.0,0.538,0.521,97.0,125.0,0.776,52.0,332.0,384.0,161.0,72.0,24.0,69.0,143.0,684.0,0.0,,2020,2019-20
134.0,Jae Crowder,29.0,MEM,SF,45.0,45.0,1322.0,147.0,399.0,0.368,78.0,266.0,0.293,69.0,133.0,0.519,0.466,75.0,95.0,0.789,40.0,237.0,277.0,125.0,47.0,14.0,54.0,85.0,447.0,0.0,,2020,2019-20
134.0,Jae Crowder,29.0,MIA,PF,20.0,8.0,553.0,79.0,164.0,0.482,57.0,128.0,0.445,22.0,36.0,0.611,0.655,22.0,30.0,0.733,12.0,95.0,107.0,36.0,25.0,10.0,15.0,58.0,237.0,0.0,,2020,2019-20
135.0,Dorian Finney-Smith,26.0,DAL,PF,71.0,68.0,2120.0,243.0,522.0,0.466,114.0,303.0,0.376,129.0,219.0,0.589,0.575,78.0,108.0,0.722,145.0,260.0,405.0,114.0,45.0,39.0,69.0,178.0,678.0,0.0,,2020,2019-20
136.0,Langston Galloway,28.0,DET,SG,66.0,6.0,1702.0,236.0,542.0,0.435,132.0,331.0,0.399,104.0,211.0,0.493,0.557,73.0,85.0,0.859,33.0,116.0,149.0,101.0,48.0,11.0,40.0,96.0,677.0,0.0,,2020,2019-20
137.0,Mike Conley,32.0,UTA,PG,47.0,41.0,1363.0,232.0,567.0,0.409,96.0,256.0,0.375,136.0,311.0,0.437,0.494,115.0,139.0,0.827,33.0,118.0,151.0,208.0,36.0,5.0,92.0,104.0,675.0,0.0,,2020,2019-20
138.0,Maxi Kleber,28.0,DAL,PF,74.0,21.0,1890.0,237.0,514.0,0.461,119.0,319.0,0.373,118.0,195.0,0.605,0.577,79.0,93.0,0.849,112.0,276.0,388.0,88.0,25.0,83.0,58.0,176.0,672.0,0.0,,2020,2019-20
139.0,Bobby Portis,24.0,NYK,PF,66.0,5.0,1393.0,265.0,589.0,0.45,67.0,187.0,0.358,198.0,402.0,0.493,0.507,71.0,93.0,0.763,80.0,258.0,338.0,98.0,32.0,18.0,73.0,110.0,668.0,0.0,,2020,2019-20
140.0,Mikal Bridges,23.0,PHO,SF,73.0,32.0,2042.0,247.0,484.0,0.51,70.0,194.0,0.361,177.0,290.0,0.61,0.583,103.0,122.0,0.844,66.0,226.0,292.0,129.0,102.0,46.0,73.0,163.0,667.0,0.0,,2020,2019-20
141.0,Danuel House Jr.,26.0,HOU,SF,63.0,52.0,1913.0,230.0,539.0,0.427,129.0,355.0,0.363,101.0,184.0,0.549,0.546,73.0,90.0,0.811,57.0,210.0,267.0,85.0,67.0,34.0,54.0,132.0,662.0,0.0,,2020,2019-20
142.0,Monte Morris,24.0,DEN,PG,73.0,12.0,1636.0,260.0,566.0,0.459,65.0,172.0,0.378,195.0,394.0,0.495,0.517,75.0,89.0,0.843,24.0,113.0,137.0,255.0,55.0,17.0,53.0,73.0,660.0,0.0,,2020,2019-20
143.0,Thaddeus Young,31.0,CHI,PF,64.0,16.0,1591.0,269.0,601.0,0.448,79.0,222.0,0.356,190.0,379.0,0.501,0.513,42.0,72.0,0.583,94.0,221.0,315.0,117.0,92.0,23.0,102.0,134.0,659.0,0.0,,2020,2019-20
144.0,Josh Hart,24.0,NOP,SF,65.0,16.0,1755.0,225.0,532.0,0.423,121.0,354.0,0.342,104.0,178.0,0.584,0.537,85.0,115.0,0.739,61.0,364.0,425.0,108.0,63.0,23.0,75.0,160.0,656.0,0.0,,2020,2019-20
145.0,Rui Hachimura,21.0,WAS,PF,48.0,48.0,1444.0,254.0,545.0,0.466,25.0,87.0,0.287,229.0,458.0,0.5,0.489,116.0,140.0,0.829,78.0,216.0,294.0,87.0,37.0,8.0,53.0,105.0,649.0,0.0,,2020,2019-20
146.0,Kentavious Caldwell-Pope,26.0,LAL,SG,69.0,26.0,1762.0,237.0,507.0,0.467,92.0,239.0,0.385,145.0,268.0,0.541,0.558,79.0,102.0,0.775,38.0,104.0,142.0,111.0,57.0,14.0,62.0,128.0,645.0,0.0,,2020,2019-20
147.0,Tomáš Satoranský,28.0,CHI,SG,65.0,64.0,1878.0,237.0,551.0,0.43,64.0,199.0,0.322,173.0,352.0,0.491,0.488,106.0,121.0,0.876,76.0,178.0,254.0,354.0,80.0,7.0,130.0,135.0,644.0,0.0,,2020,2019-20
148.0,Cody Zeller,27.0,CHO,C,58.0,39.0,1341.0,251.0,479.0,0.524,18.0,75.0,0.24,233.0,404.0,0.577,0.543,122.0,179.0,0.682,160.0,251.0,411.0,88.0,40.0,25.0,75.0,140.0,642.0,0.0,,2020,2019-20
149.0,Garrett Temple,33.0,BRK,SG,62.0,35.0,1730.0,222.0,587.0,0.378,127.0,386.0,0.329,95.0,201.0,0.473,0.486,70.0,87.0,0.805,29.0,189.0,218.0,156.0,49.0,29.0,62.0,108.0,641.0,0.0,,2020,2019-20
150.0,Jeff Teague,31.0,2TM,PG,59.0,17.0,1464.0,213.0,489.0,0.436,43.0,117.0,0.368,170.0,372.0,0.457,0.48,172.0,197.0,0.873,27.0,115.0,142.0,308.0,44.0,19.0,116.0,106.0,641.0,0.0,,2020,2019-20
150.0,Jeff Teague,31.0,MIN,PG,34.0,13.0,945.0,145.0,324.0,0.448,33.0,87.0,0.379,112.0,237.0,0.473,0.498,125.0,144.0,0.868,15.0,73.0,88.0,208.0,25.0,13.0,76.0,70.0,448.0,0.0,,2020,2019-20
150.0,Jeff Teague,31.0,ATL,PG,25.0,4.0,519.0,68.0,165.0,0.412,10.0,30.0,0.333,58.0,135.0,0.43,0.442,47.0,53.0,0.887,12.0,42.0,54.0,100.0,19.0,6.0,40.0,36.0,193.0,0.0,,2020,2019-20
151.0,Aaron Holiday,23.0,IND,PG,66.0,33.0,1617.0,233.0,563.0,0.414,87.0,221.0,0.394,146.0,342.0,0.427,0.491,74.0,87.0,0.851,22.0,134.0,156.0,225.0,55.0,16.0,88.0,120.0,627.0,0.0,,2020,2019-20
152.0,Damion Lee,27.0,GSW,SG,49.0,36.0,1423.0,213.0,511.0,0.417,85.0,239.0,0.356,128.0,272.0,0.471,0.5,110.0,126.0,0.873,32.0,207.0,239.0,133.0,50.0,6.0,67.0,116.0,621.0,0.0,,2020,2019-20
153.0,Malik Beasley,23.0,2TM,SG,55.0,14.0,1209.0,227.0,534.0,0.425,107.0,276.0,0.388,120.0,258.0,0.465,0.525,54.0,66.0,0.818,18.0,130.0,148.0,75.0,40.0,8.0,57.0,77.0,615.0,0.0,,2020,2019-20
153.0,Malik Beasley,23.0,DEN,SG,41.0,0.0,746.0,117.0,301.0,0.389,58.0,161.0,0.36,59.0,140.0,0.421,0.485,33.0,38.0,0.868,9.0,68.0,77.0,48.0,31.0,6.0,36.0,50.0,325.0,0.0,,2020,2019-20
153.0,Malik Beasley,23.0,MIN,SG,14.0,14.0,463.0,110.0,233.0,0.472,49.0,115.0,0.426,61.0,118.0,0.517,0.577,21.0,28.0,0.75,9.0,62.0,71.0,27.0,9.0,2.0,21.0,27.0,290.0,0.0,,2020,2019-20
154.0,Donte DiVincenzo,23.0,MIL,SG,66.0,24.0,1520.0,232.0,510.0,0.455,83.0,247.0,0.336,149.0,263.0,0.567,0.536,63.0,86.0,0.733,66.0,252.0,318.0,154.0,85.0,20.0,90.0,113.0,610.0,0.0,,2020,2019-20
155.0,Cam Reddish,20.0,ATL,SF,58.0,34.0,1551.0,213.0,554.0,0.384,83.0,250.0,0.332,130.0,304.0,0.428,0.459,101.0,126.0,0.802,35.0,181.0,216.0,87.0,62.0,28.0,96.0,132.0,610.0,0.0,,2020,2019-20
156.0,Thomas Bryant,22.0,WAS,C,46.0,36.0,1147.0,243.0,418.0,0.581,37.0,91.0,0.407,206.0,327.0,0.63,0.626,86.0,116.0,0.741,98.0,233.0,331.0,83.0,25.0,49.0,53.0,103.0,609.0,0.0,,2020,2019-20
157.0,Justin Holiday,30.0,IND,SF,73.0,6.0,1826.0,208.0,486.0,0.428,134.0,331.0,0.405,74.0,155.0,0.477,0.566,53.0,67.0,0.791,32.0,206.0,238.0,93.0,87.0,46.0,44.0,137.0,603.0,0.0,,2020,2019-20
158.0,Daniel Theis,27.0,BOS,C,65.0,64.0,1566.0,241.0,426.0,0.566,32.0,96.0,0.333,209.0,330.0,0.633,0.603,87.0,114.0,0.763,140.0,286.0,426.0,111.0,37.0,84.0,54.0,219.0,601.0,0.0,,2020,2019-20
159.0,D.J. Augustin,32.0,ORL,PG,57.0,13.0,1420.0,184.0,461.0,0.399,70.0,201.0,0.348,114.0,260.0,0.438,0.475,161.0,181.0,0.89,22.0,100.0,122.0,262.0,34.0,1.0,86.0,72.0,599.0,0.0,,2020,2019-20
160.0,Kent Bazemore,30.0,2TM,SF,68.0,21.0,1688.0,200.0,534.0,0.375,84.0,244.0,0.344,116.0,290.0,0.4,0.453,113.0,147.0,0.769,27.0,267.0,294.0,93.0,74.0,40.0,91.0,196.0,597.0,0.0,,2020,2019-20
160.0,Kent Bazemore,30.0,POR,SF,43.0,21.0,1111.0,113.0,326.0,0.347,56.0,171.0,0.327,57.0,155.0,0.368,0.433,58.0,72.0,0.806,13.0,159.0,172.0,61.0,45.0,31.0,60.0,121.0,340.0,0.0,,2020,2019-20
160.0,Kent Bazemore,30.0,SAC,SF,25.0,0.0,577.0,87.0,208.0,0.418,28.0,73.0,0.384,59.0,135.0,0.437,0.486,55.0,75.0,0.733,14.0,108.0,122.0,32.0,29.0,9.0,31.0,75.0,257.0,0.0,,2020,2019-20
161.0,Austin Rivers,27.0,HOU,SG,68.0,4.0,1594.0,211.0,501.0,0.421,96.0,270.0,0.356,115.0,231.0,0.498,0.517,78.0,111.0,0.703,27.0,148.0,175.0,113.0,49.0,10.0,50.0,129.0,596.0,0.0,,2020,2019-20
162.0,Ivica Zubac,22.0,LAC,C,72.0,70.0,1326.0,236.0,385.0,0.613,0.0,2.0,0.0,236.0,383.0,0.616,0.613,124.0,166.0,0.747,197.0,346.0,543.0,82.0,16.0,66.0,61.0,168.0,596.0,0.0,,2020,2019-20
163.0,Paul Millsap,34.0,DEN,PF,51.0,48.0,1240.0,211.0,438.0,0.482,54.0,124.0,0.435,157.0,314.0,0.5,0.543,115.0,141.0,0.816,98.0,195.0,293.0,83.0,44.0,30.0,70.0,150.0,591.0,0.0,,2020,2019-20
164.0,Mitchell Robinson,21.0,NYK,C,61.0,7.0,1412.0,253.0,341.0,0.742,0.0,0.0,,253.0,341.0,0.742,0.742,84.0,148.0,0.568,186.0,242.0,428.0,36.0,52.0,119.0,37.0,194.0,590.0,0.0,,2020,2019-20
165.0,Gary Harris,25.0,DEN,SG,56.0,55.0,1780.0,218.0,519.0,0.42,70.0,210.0,0.333,148.0,309.0,0.479,0.487,75.0,92.0,0.815,26.0,137.0,163.0,118.0,76.0,14.0,60.0,116.0,581.0,0.0,,2020,2019-20
166.0,Jarrett Culver,20.0,MIN,SG,63.0,35.0,1506.0,230.0,569.0,0.404,66.0,221.0,0.299,164.0,348.0,0.471,0.462,54.0,117.0,0.462,70.0,142.0,212.0,110.0,57.0,38.0,81.0,125.0,580.0,0.0,,2020,2019-20
167.0,Anfernee Simons,20.0,POR,SG,70.0,4.0,1449.0,214.0,536.0,0.399,75.0,226.0,0.332,139.0,310.0,0.448,0.469,76.0,92.0,0.826,25.0,127.0,152.0,97.0,26.0,10.0,61.0,135.0,579.0,0.0,,2020,2019-20
168.0,Shabazz Napier,28.0,2TM,PG,56.0,32.0,1344.0,188.0,456.0,0.412,76.0,240.0,0.317,112.0,216.0,0.519,0.496,126.0,153.0,0.824,26.0,132.0,158.0,262.0,69.0,11.0,128.0,101.0,578.0,1.0,,2020,2019-20
168.0,Shabazz Napier,28.0,MIN,PG,36.0,22.0,856.0,114.0,283.0,0.403,47.0,159.0,0.296,67.0,124.0,0.54,0.486,72.0,88.0,0.818,17.0,93.0,110.0,187.0,40.0,7.0,76.0,62.0,347.0,1.0,,2020,2019-20
168.0,Shabazz Napier,28.0,WAS,PG,20.0,10.0,488.0,74.0,173.0,0.428,29.0,81.0,0.358,45.0,92.0,0.489,0.512,54.0,65.0,0.831,9.0,39.0,48.0,75.0,29.0,4.0,52.0,39.0,231.0,0.0,,2020,2019-20
169.0,Jeremy Lamb,27.0,IND,SG,46.0,42.0,1291.0,216.0,479.0,0.451,53.0,158.0,0.335,163.0,321.0,0.508,0.506,92.0,110.0,0.836,24.0,176.0,200.0,96.0,55.0,22.0,50.0,104.0,577.0,0.0,,2020,2019-20
170.0,Malik Monk,21.0,CHO,SG,55.0,1.0,1169.0,212.0,488.0,0.434,58.0,204.0,0.284,154.0,284.0,0.542,0.494,82.0,100.0,0.82,27.0,130.0,157.0,114.0,25.0,16.0,77.0,74.0,564.0,0.0,,2020,2019-20
171.0,Larry Nance Jr.,27.0,CLE,PF,56.0,10.0,1472.0,229.0,431.0,0.531,56.0,159.0,0.352,173.0,272.0,0.636,0.596,50.0,74.0,0.676,106.0,303.0,409.0,123.0,56.0,22.0,60.0,91.0,564.0,0.0,,2020,2019-20
172.0,Markieff Morris,30.0,2TM,PF,58.0,17.0,1187.0,203.0,458.0,0.443,88.0,228.0,0.386,115.0,230.0,0.5,0.539,66.0,85.0,0.776,40.0,178.0,218.0,77.0,31.0,17.0,76.0,133.0,560.0,0.0,,2020,2019-20
172.0,Markieff Morris,30.0,DET,PF,44.0,16.0,988.0,175.0,389.0,0.45,75.0,189.0,0.397,100.0,200.0,0.5,0.546,61.0,79.0,0.772,24.0,149.0,173.0,69.0,26.0,11.0,70.0,104.0,486.0,0.0,,2020,2019-20
172.0,Markieff Morris,30.0,LAL,PF,14.0,1.0,199.0,28.0,69.0,0.406,13.0,39.0,0.333,15.0,30.0,0.5,0.5,5.0,6.0,0.833,16.0,29.0,45.0,8.0,5.0,6.0,6.0,29.0,74.0,0.0,,2020,2019-20
173.0,George Hill,33.0,MIL,PG,59.0,2.0,1271.0,194.0,376.0,0.516,81.0,176.0,0.46,113.0,200.0,0.565,0.624,85.0,101.0,0.842,50.0,127.0,177.0,180.0,47.0,5.0,57.0,84.0,554.0,0.0,6MOY-4,2020,2019-20
174.0,Kelly Olynyk,28.0,MIA,C,67.0,9.0,1300.0,184.0,398.0,0.462,95.0,234.0,0.406,89.0,164.0,0.543,0.582,86.0,100.0,0.86,44.0,261.0,305.0,116.0,45.0,23.0,71.0,173.0,549.0,0.0,,2020,2019-20
175.0,Marquese Chriss,22.0,GSW,PF,59.0,21.0,1196.0,210.0,385.0,0.545,8.0,39.0,0.205,202.0,346.0,0.584,0.556,120.0,156.0,0.769,114.0,251.0,365.0,114.0,39.0,62.0,78.0,122.0,548.0,0.0,,2020,2019-20
176.0,Kyrie Irving,27.0,BRK,PG,20.0,20.0,658.0,199.0,416.0,0.478,56.0,142.0,0.394,143.0,274.0,0.522,0.546,94.0,102.0,0.922,22.0,81.0,103.0,128.0,27.0,10.0,52.0,53.0,548.0,1.0,,2020,2019-20
177.0,Danny Green,32.0,LAL,SG,68.0,68.0,1687.0,197.0,474.0,0.416,120.0,327.0,0.367,77.0,147.0,0.524,0.542,33.0,48.0,0.688,51.0,174.0,225.0,91.0,85.0,32.0,63.0,136.0,547.0,0.0,,2020,2019-20
178.0,Clint Capela,25.0,HOU,C,39.0,39.0,1279.0,244.0,388.0,0.629,0.0,0.0,,244.0,388.0,0.629,0.629,55.0,104.0,0.529,168.0,369.0,537.0,48.0,33.0,72.0,63.0,102.0,543.0,0.0,,2020,2019-20
179.0,Terence Davis,22.0,TOR,SG,72.0,4.0,1209.0,199.0,436.0,0.456,94.0,242.0,0.388,105.0,194.0,0.541,0.564,51.0,59.0,0.864,50.0,187.0,237.0,115.0,39.0,14.0,76.0,124.0,543.0,0.0,ROY-6,2020,2019-20
180.0,Gary Trent Jr.,21.0,POR,SF,61.0,8.0,1332.0,196.0,441.0,0.444,112.0,268.0,0.418,84.0,173.0,0.486,0.571,37.0,45.0,0.822,25.0,75.0,100.0,61.0,48.0,16.0,21.0,90.0,541.0,0.0,,2020,2019-20
181.0,Zion Williamson,19.0,NOP,PF,24.0,24.0,668.0,210.0,360.0,0.583,6.0,14.0,0.429,204.0,346.0,0.59,0.592,114.0,178.0,0.64,64.0,86.0,150.0,50.0,16.0,9.0,59.0,42.0,540.0,0.0,ROY-3,2020,2019-20
182.0,Richaun Holmes,26.0,SAC,C,44.0,38.0,1242.0,223.0,344.0,0.648,0.0,0.0,,223.0,344.0,0.648,0.648,93.0,118.0,0.788,127.0,231.0,358.0,42.0,41.0,56.0,52.0,169.0,539.0,0.0,,2020,2019-20
183.0,Josh Okogie,21.0,MIN,SG,62.0,28.0,1547.0,170.0,398.0,0.427,41.0,154.0,0.266,129.0,244.0,0.529,0.479,152.0,191.0,0.796,87.0,181.0,268.0,99.0,68.0,26.0,87.0,139.0,533.0,0.0,,2020,2019-20
184.0,Jabari Parker,24.0,2TM,PF,38.0,23.0,917.0,219.0,429.0,0.51,32.0,119.0,0.269,187.0,310.0,0.603,0.548,61.0,81.0,0.753,61.0,153.0,214.0,68.0,45.0,16.0,64.0,99.0,531.0,0.0,,2020,2019-20
184.0,Jabari Parker,24.0,ATL,PF,32.0,23.0,837.0,198.0,393.0,0.504,31.0,115.0,0.27,167.0,278.0,0.601,0.543,53.0,72.0,0.736,54.0,137.0,191.0,58.0,42.0,15.0,60.0,93.0,480.0,0.0,,2020,2019-20
184.0,Jabari Parker,24.0,SAC,PF,6.0,0.0,80.0,21.0,36.0,0.583,1.0,4.0,0.25,20.0,32.0,0.625,0.597,8.0,9.0,0.889,7.0,16.0,23.0,10.0,3.0,1.0,4.0,6.0,51.0,0.0,,2020,2019-20
185.0,Eric Gordon,31.0,HOU,SF,36.0,15.0,1016.0,171.0,463.0,0.369,96.0,303.0,0.317,75.0,160.0,0.469,0.473,82.0,107.0,0.766,9.0,62.0,71.0,54.0,23.0,13.0,43.0,70.0,520.0,0.0,,2020,2019-20
186.0,Bruce Brown,23.0,DET,PG,58.0,43.0,1634.0,198.0,447.0,0.443,33.0,96.0,0.344,165.0,351.0,0.47,0.48,88.0,119.0,0.739,61.0,213.0,274.0,230.0,63.0,29.0,100.0,162.0,517.0,0.0,,2020,2019-20
187.0,Dwight Howard,34.0,LAL,C,69.0,2.0,1306.0,202.0,277.0,0.729,3.0,5.0,0.6,199.0,272.0,0.732,0.735,110.0,214.0,0.514,172.0,335.0,507.0,45.0,31.0,79.0,84.0,222.0,517.0,0.0,6MOY-9,2020,2019-20
188.0,Michael Porter Jr.,21.0,DEN,SF,55.0,8.0,903.0,195.0,383.0,0.509,62.0,147.0,0.422,133.0,236.0,0.564,0.59,60.0,72.0,0.833,66.0,193.0,259.0,46.0,27.0,25.0,49.0,100.0,512.0,0.0,,2020,2019-20
189.0,Cameron Johnson,23.0,PHO,PF,57.0,9.0,1255.0,176.0,405.0,0.435,106.0,272.0,0.39,70.0,133.0,0.526,0.565,46.0,57.0,0.807,49.0,138.0,187.0,69.0,36.0,20.0,32.0,88.0,504.0,0.0,,2020,2019-20
190.0,Svi Mykhailiuk,22.0,DET,SF,56.0,27.0,1265.0,166.0,405.0,0.41,115.0,285.0,0.404,51.0,120.0,0.425,0.552,57.0,70.0,0.814,17.0,87.0,104.0,106.0,41.0,4.0,61.0,87.0,504.0,0.0,,2020,2019-20
191.0,Delon Wright,27.0,DAL,PG,73.0,5.0,1570.0,190.0,411.0,0.462,47.0,127.0,0.37,143.0,284.0,0.504,0.519,77.0,100.0,0.77,70.0,210.0,280.0,244.0,85.0,22.0,73.0,93.0,504.0,0.0,,2020,2019-20
192.0,Jordan Poole,20.0,GSW,SG,57.0,14.0,1274.0,167.0,502.0,0.333,74.0,265.0,0.279,93.0,237.0,0.392,0.406,95.0,119.0,0.798,9.0,109.0,118.0,134.0,35.0,10.0,74.0,94.0,503.0,0.0,,2020,2019-20
193.0,Derrick Jones Jr.,22.0,MIA,SF,59.0,16.0,1375.0,184.0,349.0,0.527,37.0,132.0,0.28,147.0,217.0,0.677,0.58,95.0,123.0,0.772,66.0,167.0,233.0,62.0,58.0,38.0,30.0,130.0,500.0,0.0,,2020,2019-20
194.0,P.J. Tucker,34.0,HOU,PF,72.0,72.0,2467.0,177.0,426.0,0.415,107.0,299.0,0.358,70.0,127.0,0.551,0.541,39.0,48.0,0.813,112.0,364.0,476.0,115.0,77.0,36.0,72.0,229.0,500.0,0.0,,2020,2019-20
195.0,Kevin Porter Jr.,19.0,CLE,SF,50.0,3.0,1162.0,186.0,421.0,0.442,53.0,158.0,0.335,133.0,263.0,0.506,0.505,73.0,101.0,0.723,22.0,140.0,162.0,109.0,46.0,14.0,93.0,135.0,498.0,0.0,,2020,2019-20
196.0,Wesley Matthews,33.0,MIL,SG,67.0,67.0,1635.0,167.0,422.0,0.396,108.0,297.0,0.364,59.0,125.0,0.472,0.524,52.0,68.0,0.765,22.0,144.0,166.0,92.0,38.0,9.0,43.0,103.0,494.0,0.0,,2020,2019-20
197.0,Landry Shamet,22.0,LAC,SG,53.0,30.0,1452.0,158.0,391.0,0.404,111.0,296.0,0.375,47.0,95.0,0.495,0.546,65.0,76.0,0.855,6.0,94.0,100.0,99.0,20.0,10.0,42.0,142.0,492.0,0.0,,2020,2019-20
198.0,Isaiah Thomas,30.0,WAS,PG,40.0,37.0,925.0,174.0,426.0,0.408,78.0,189.0,0.413,96.0,237.0,0.405,0.5,62.0,76.0,0.816,11.0,57.0,68.0,146.0,13.0,6.0,77.0,77.0,488.0,0.0,,2020,2019-20
199.0,Brad Wanamaker,30.0,BOS,PG,71.0,1.0,1369.0,162.0,362.0,0.448,37.0,102.0,0.363,125.0,260.0,0.481,0.499,126.0,136.0,0.926,22.0,122.0,144.0,179.0,61.0,14.0,76.0,133.0,487.0,0.0,,2020,2019-20
200.0,Wendell Carter Jr.,20.0,CHI,C,43.0,43.0,1256.0,183.0,343.0,0.534,6.0,29.0,0.207,177.0,314.0,0.564,0.542,112.0,152.0,0.737,139.0,266.0,405.0,51.0,33.0,36.0,72.0,162.0,484.0,0.0,,2020,2019-20
201.0,Tyus Jones,23.0,MEM,PG,65.0,6.0,1232.0,197.0,429.0,0.459,47.0,124.0,0.379,150.0,305.0,0.492,0.514,43.0,58.0,0.741,9.0,94.0,103.0,285.0,59.0,6.0,55.0,44.0,484.0,0.0,,2020,2019-20
202.0,Aron Baynes,33.0,PHO,C,42.0,28.0,934.0,183.0,381.0,0.48,59.0,168.0,0.351,124.0,213.0,0.582,0.558,56.0,75.0,0.747,71.0,166.0,237.0,67.0,10.0,23.0,50.0,141.0,481.0,0.0,,2020,2019-20
203.0,Tony Snell,28.0,DET,SF,59.0,57.0,1641.0,170.0,382.0,0.445,102.0,254.0,0.402,68.0,128.0,0.531,0.579,32.0,32.0,1.0,9.0,102.0,111.0,127.0,32.0,15.0,31.0,101.0,474.0,0.0,,2020,2019-20
204.0,Jaxson Hayes,19.0,NOP,C,64.0,14.0,1080.0,174.0,259.0,0.672,1.0,4.0,0.25,173.0,255.0,0.678,0.674,123.0,190.0,0.647,97.0,162.0,259.0,56.0,26.0,55.0,53.0,161.0,472.0,0.0,,2020,2019-20
205.0,Enes Freedom,27.0,BOS,C,58.0,7.0,983.0,199.0,348.0,0.572,1.0,7.0,0.143,198.0,341.0,0.581,0.573,70.0,99.0,0.707,163.0,268.0,431.0,56.0,22.0,41.0,56.0,100.0,469.0,0.0,,2020,2019-20
206.0,Jalen Brunson,23.0,DAL,PG,57.0,16.0,1022.0,181.0,388.0,0.466,43.0,120.0,0.358,138.0,268.0,0.515,0.522,61.0,75.0,0.813,22.0,112.0,134.0,188.0,22.0,4.0,66.0,74.0,466.0,0.0,,2020,2019-20
207.0,E'Twaun Moore,30.0,NOP,SG,56.0,6.0,1020.0,186.0,437.0,0.426,63.0,167.0,0.377,123.0,270.0,0.456,0.498,31.0,45.0,0.689,31.0,100.0,131.0,78.0,32.0,11.0,40.0,80.0,466.0,0.0,,2020,2019-20
208.0,DeAndre Jordan,31.0,BRK,C,56.0,6.0,1234.0,191.0,287.0,0.666,0.0,0.0,,191.0,287.0,0.666,0.666,83.0,122.0,0.68,141.0,420.0,561.0,105.0,18.0,52.0,74.0,114.0,465.0,0.0,,2020,2019-20
209.0,T.J. McConnell,27.0,IND,PG,71.0,3.0,1326.0,212.0,411.0,0.516,5.0,17.0,0.294,207.0,394.0,0.525,0.522,35.0,42.0,0.833,38.0,151.0,189.0,355.0,56.0,11.0,100.0,73.0,464.0,0.0,,2020,2019-20
210.0,Gorgui Dieng,30.0,2TM,C,63.0,17.0,1096.0,166.0,364.0,0.456,54.0,152.0,0.355,112.0,212.0,0.528,0.53,78.0,101.0,0.772,91.0,263.0,354.0,73.0,51.0,59.0,60.0,124.0,464.0,0.0,,2020,2019-20
210.0,Gorgui Dieng,30.0,MIN,C,46.0,17.0,778.0,124.0,277.0,0.448,46.0,120.0,0.383,78.0,157.0,0.497,0.531,47.0,59.0,0.797,73.0,183.0,256.0,58.0,37.0,42.0,44.0,89.0,341.0,0.0,,2020,2019-20
210.0,Gorgui Dieng,30.0,MEM,C,17.0,0.0,318.0,42.0,87.0,0.483,8.0,32.0,0.25,34.0,55.0,0.618,0.529,31.0,42.0,0.738,18.0,80.0,98.0,15.0,14.0,17.0,16.0,35.0,123.0,0.0,,2020,2019-20
211.0,Derrick Favors,28.0,NOP,C,51.0,49.0,1243.0,209.0,339.0,0.617,1.0,7.0,0.143,208.0,332.0,0.627,0.618,40.0,71.0,0.563,163.0,338.0,501.0,81.0,30.0,46.0,55.0,107.0,459.0,0.0,,2020,2019-20
212.0,Cory Joseph,28.0,SAC,PG,72.0,26.0,1759.0,171.0,412.0,0.415,56.0,159.0,0.352,115.0,253.0,0.455,0.483,60.0,70.0,0.857,44.0,144.0,188.0,251.0,53.0,21.0,80.0,133.0,458.0,0.0,,2020,2019-20
213.0,De'Anthony Melton,21.0,MEM,PG,60.0,8.0,1167.0,161.0,401.0,0.401,40.0,140.0,0.286,121.0,261.0,0.464,0.451,93.0,121.0,0.769,43.0,177.0,220.0,175.0,77.0,20.0,84.0,109.0,455.0,0.0,,2020,2019-20
214.0,James Ennis III,29.0,2TM,SG,69.0,18.0,1265.0,160.0,359.0,0.446,55.0,169.0,0.325,105.0,190.0,0.553,0.522,79.0,98.0,0.806,71.0,174.0,245.0,63.0,35.0,22.0,58.0,137.0,454.0,0.0,,2020,2019-20
214.0,James Ennis III,29.0,PHI,SF,49.0,0.0,776.0,100.0,226.0,0.442,37.0,106.0,0.349,63.0,120.0,0.525,0.524,48.0,61.0,0.787,48.0,102.0,150.0,41.0,23.0,14.0,31.0,85.0,285.0,0.0,,2020,2019-20
214.0,James Ennis III,29.0,ORL,SG,20.0,18.0,489.0,60.0,133.0,0.451,18.0,63.0,0.286,42.0,70.0,0.6,0.519,31.0,37.0,0.838,23.0,72.0,95.0,22.0,12.0,8.0,27.0,52.0,169.0,0.0,,2020,2019-20
215.0,Jeff Green,33.0,2TM,C,48.0,4.0,960.0,159.0,344.0,0.462,62.0,183.0,0.339,97.0,161.0,0.602,0.552,73.0,91.0,0.802,24.0,109.0,133.0,50.0,26.0,19.0,42.0,89.0,453.0,0.0,,2020,2019-20
215.0,Jeff Green,33.0,UTA,PF,30.0,2.0,553.0,75.0,195.0,0.385,34.0,104.0,0.327,41.0,91.0,0.451,0.472,49.0,63.0,0.778,14.0,67.0,81.0,20.0,12.0,10.0,27.0,46.0,233.0,0.0,,2020,2019-20
215.0,Jeff Green,33.0,HOU,C,18.0,2.0,407.0,84.0,149.0,0.564,28.0,79.0,0.354,56.0,70.0,0.8,0.658,24.0,28.0,0.857,10.0,42.0,52.0,30.0,14.0,9.0,15.0,43.0,220.0,0.0,,2020,2019-20
216.0,Royce O'Neale,26.0,UTA,SF,71.0,62.0,2049.0,158.0,365.0,0.433,92.0,244.0,0.377,66.0,121.0,0.545,0.559,42.0,55.0,0.764,27.0,362.0,389.0,180.0,59.0,32.0,61.0,202.0,450.0,0.0,,2020,2019-20
217.0,Nerlens Noel,25.0,OKC,C,61.0,7.0,1127.0,184.0,269.0,0.684,1.0,3.0,0.333,183.0,266.0,0.688,0.686,80.0,106.0,0.755,91.0,209.0,300.0,57.0,59.0,91.0,66.0,166.0,449.0,0.0,,2020,2019-20
218.0,Elfrid Payton,25.0,NYK,PG,45.0,36.0,1246.0,193.0,440.0,0.439,14.0,69.0,0.203,179.0,371.0,0.482,0.455,49.0,86.0,0.57,52.0,160.0,212.0,323.0,70.0,17.0,96.0,89.0,449.0,1.0,,2020,2019-20
219.0,JaVale McGee,32.0,LAL,C,68.0,68.0,1130.0,195.0,306.0,0.637,3.0,6.0,0.5,192.0,300.0,0.64,0.642,53.0,82.0,0.646,125.0,265.0,390.0,37.0,36.0,94.0,55.0,159.0,446.0,0.0,,2020,2019-20
220.0,Luke Kennard,23.0,DET,SG,28.0,25.0,922.0,151.0,342.0,0.442,73.0,183.0,0.399,78.0,159.0,0.491,0.548,67.0,75.0,0.893,9.0,89.0,98.0,115.0,12.0,6.0,43.0,65.0,442.0,0.0,,2020,2019-20
221.0,Alex Len,26.0,2TM,C,55.0,12.0,970.0,177.0,319.0,0.555,16.0,59.0,0.271,161.0,260.0,0.619,0.58,68.0,105.0,0.648,100.0,221.0,321.0,50.0,23.0,48.0,55.0,127.0,438.0,0.0,,2020,2019-20
221.0,Alex Len,26.0,ATL,C,40.0,9.0,745.0,142.0,260.0,0.546,14.0,56.0,0.25,128.0,204.0,0.627,0.573,51.0,81.0,0.63,69.0,161.0,230.0,42.0,20.0,33.0,39.0,93.0,349.0,0.0,,2020,2019-20
221.0,Alex Len,26.0,SAC,C,15.0,3.0,225.0,35.0,59.0,0.593,2.0,3.0,0.667,33.0,56.0,0.589,0.61,17.0,24.0,0.708,31.0,60.0,91.0,8.0,3.0,15.0,16.0,34.0,89.0,0.0,,2020,2019-20
222.0,Mason Plumlee,29.0,DEN,C,61.0,1.0,1057.0,177.0,288.0,0.615,0.0,5.0,0.0,177.0,283.0,0.625,0.615,83.0,155.0,0.535,98.0,219.0,317.0,154.0,33.0,38.0,82.0,143.0,437.0,0.0,,2020,2019-20
223.0,JaMychal Green,29.0,LAC,PF,63.0,1.0,1307.0,151.0,352.0,0.429,92.0,238.0,0.387,59.0,114.0,0.518,0.56,36.0,48.0,0.75,77.0,311.0,388.0,49.0,29.0,24.0,54.0,174.0,430.0,0.0,,2020,2019-20
224.0,Jordan McRae,28.0,3TM,SG,37.0,4.0,784.0,149.0,366.0,0.407,45.0,126.0,0.357,104.0,240.0,0.433,0.469,83.0,109.0,0.761,18.0,106.0,124.0,93.0,21.0,16.0,43.0,73.0,426.0,0.0,,2020,2019-20
224.0,Jordan McRae,28.0,WAS,SG,29.0,4.0,654.0,133.0,317.0,0.42,40.0,106.0,0.377,93.0,211.0,0.441,0.483,64.0,83.0,0.771,17.0,87.0,104.0,82.0,19.0,15.0,38.0,61.0,370.0,0.0,,2020,2019-20
224.0,Jordan McRae,28.0,DEN,SG,4.0,0.0,32.0,2.0,6.0,0.333,2.0,4.0,0.5,0.0,2.0,0.0,0.5,3.0,4.0,0.75,1.0,4.0,5.0,4.0,2.0,1.0,0.0,2.0,9.0,0.0,,2020,2019-20
224.0,Jordan McRae,28.0,DET,SG,4.0,0.0,98.0,14.0,43.0,0.326,3.0,16.0,0.188,11.0,27.0,0.407,0.36,16.0,22.0,0.727,0.0,15.0,15.0,7.0,0.0,0.0,5.0,10.0,47.0,0.0,,2020,2019-20
225.0,Avery Bradley,29.0,LAL,SG,49.0,44.0,1186.0,170.0,383.0,0.444,63.0,173.0,0.364,107.0,210.0,0.51,0.526,20.0,24.0,0.833,18.0,97.0,115.0,63.0,43.0,5.0,47.0,110.0,423.0,0.0,,2020,2019-20
226.0,Trevor Ariza,34.0,2TM,SF,53.0,21.0,1493.0,142.0,324.0,0.438,77.0,207.0,0.372,65.0,117.0,0.556,0.557,62.0,74.0,0.838,34.0,212.0,246.0,91.0,69.0,15.0,56.0,111.0,423.0,0.0,,2020,2019-20
226.0,Trevor Ariza,34.0,SAC,SF,32.0,0.0,791.0,64.0,165.0,0.388,43.0,122.0,0.352,21.0,43.0,0.488,0.518,21.0,27.0,0.778,21.0,125.0,146.0,50.0,35.0,7.0,28.0,63.0,192.0,0.0,,2020,2019-20
226.0,Trevor Ariza,34.0,POR,SF,21.0,21.0,702.0,78.0,159.0,0.491,34.0,85.0,0.4,44.0,74.0,0.595,0.597,41.0,47.0,0.872,13.0,87.0,100.0,41.0,34.0,8.0,28.0,48.0,231.0,0.0,,2020,2019-20
227.0,Kevin Knox,20.0,NYK,SF,65.0,4.0,1166.0,144.0,401.0,0.359,65.0,199.0,0.327,79.0,202.0,0.391,0.44,66.0,101.0,0.653,28.0,156.0,184.0,61.0,23.0,28.0,45.0,106.0,419.0,0.0,,2020,2019-20
228.0,Rondae Hollis-Jefferson,25.0,TOR,PF,60.0,6.0,1122.0,155.0,329.0,0.471,3.0,23.0,0.13,152.0,306.0,0.497,0.476,105.0,143.0,0.734,110.0,173.0,283.0,106.0,46.0,23.0,59.0,115.0,418.0,0.0,,2020,2019-20
229.0,Ersan İlyasova,32.0,MIL,PF,63.0,8.0,986.0,146.0,313.0,0.466,50.0,137.0,0.365,96.0,176.0,0.545,0.546,72.0,87.0,0.828,62.0,240.0,302.0,49.0,24.0,17.0,34.0,95.0,414.0,0.0,,2020,2019-20
230.0,Chris Boucher,27.0,TOR,C,62.0,0.0,819.0,141.0,299.0,0.472,38.0,118.0,0.322,103.0,181.0,0.569,0.535,91.0,116.0,0.784,107.0,170.0,277.0,26.0,22.0,61.0,28.0,114.0,411.0,0.0,,2020,2019-20
231.0,Mike Scott,31.0,PHI,PF,68.0,11.0,1207.0,149.0,350.0,0.426,80.0,217.0,0.369,69.0,133.0,0.519,0.54,30.0,37.0,0.811,65.0,183.0,248.0,56.0,21.0,5.0,26.0,96.0,408.0,0.0,,2020,2019-20
232.0,Patrick Beverley,31.0,LAC,PG,51.0,50.0,1342.0,147.0,341.0,0.431,80.0,206.0,0.388,67.0,135.0,0.496,0.548,31.0,47.0,0.66,57.0,209.0,266.0,183.0,54.0,25.0,66.0,156.0,405.0,0.0,"DPOY-6,DEF2",2020,2019-20
233.0,Jonathan Isaac,22.0,ORL,PF,34.0,32.0,980.0,156.0,332.0,0.47,32.0,94.0,0.34,124.0,238.0,0.521,0.518,60.0,77.0,0.779,58.0,173.0,231.0,48.0,53.0,78.0,49.0,83.0,404.0,0.0,,2020,2019-20
234.0,Trey Lyles,24.0,SAS,PF,63.0,53.0,1271.0,153.0,343.0,0.446,65.0,168.0,0.387,88.0,175.0,0.503,0.541,33.0,45.0,0.733,71.0,290.0,361.0,69.0,28.0,28.0,39.0,98.0,404.0,0.0,,2020,2019-20
235.0,Nicolò Melli,29.0,NOP,C,60.0,8.0,1042.0,136.0,323.0,0.421,69.0,206.0,0.335,67.0,117.0,0.573,0.528,54.0,73.0,0.74,38.0,142.0,180.0,82.0,34.0,23.0,46.0,124.0,395.0,0.0,,2020,2019-20
236.0,Emmanuel Mudiay,23.0,UTA,PG,54.0,2.0,850.0,151.0,327.0,0.462,30.0,87.0,0.345,121.0,240.0,0.504,0.508,63.0,83.0,0.759,18.0,108.0,126.0,116.0,24.0,10.0,76.0,72.0,395.0,0.0,,2020,2019-20
237.0,Bismack Biyombo,27.0,CHO,C,53.0,29.0,1029.0,151.0,278.0,0.543,0.0,0.0,,151.0,278.0,0.543,0.543,91.0,151.0,0.603,120.0,188.0,308.0,50.0,10.0,49.0,48.0,116.0,393.0,0.0,,2020,2019-20
238.0,Moritz Wagner,22.0,WAS,C,45.0,5.0,835.0,145.0,266.0,0.545,25.0,80.0,0.313,120.0,186.0,0.645,0.592,78.0,95.0,0.821,56.0,163.0,219.0,56.0,28.0,19.0,66.0,152.0,393.0,0.0,,2020,2019-20
239.0,Georges Niang,26.0,UTA,PF,66.0,1.0,923.0,141.0,322.0,0.438,90.0,225.0,0.4,51.0,97.0,0.526,0.578,20.0,24.0,0.833,15.0,112.0,127.0,44.0,18.0,5.0,30.0,75.0,392.0,0.0,,2020,2019-20
240.0,Kyle Anderson,26.0,MEM,SF,67.0,28.0,1330.0,157.0,331.0,0.474,24.0,85.0,0.282,133.0,246.0,0.541,0.511,52.0,78.0,0.667,58.0,227.0,285.0,162.0,54.0,37.0,66.0,111.0,390.0,0.0,,2020,2019-20
241.0,Willie Cauley-Stein,26.0,2TM,C,54.0,39.0,1097.0,175.0,302.0,0.579,0.0,1.0,0.0,175.0,301.0,0.581,0.579,40.0,66.0,0.606,84.0,231.0,315.0,70.0,49.0,61.0,40.0,121.0,390.0,0.0,,2020,2019-20
241.0,Willie Cauley-Stein,26.0,GSW,C,41.0,37.0,940.0,144.0,257.0,0.56,0.0,0.0,,144.0,257.0,0.56,0.56,35.0,57.0,0.614,71.0,184.0,255.0,60.0,45.0,50.0,35.0,102.0,323.0,0.0,,2020,2019-20
241.0,Willie Cauley-Stein,26.0,DAL,C,13.0,2.0,157.0,31.0,45.0,0.689,0.0,1.0,0.0,31.0,44.0,0.705,0.689,5.0,9.0,0.556,13.0,47.0,60.0,10.0,4.0,11.0,5.0,19.0,67.0,0.0,,2020,2019-20
242.0,Lonnie Walker IV,21.0,SAS,SG,61.0,12.0,988.0,152.0,357.0,0.426,41.0,101.0,0.406,111.0,256.0,0.434,0.483,44.0,61.0,0.721,23.0,116.0,139.0,68.0,32.0,14.0,44.0,78.0,389.0,0.0,,2020,2019-20
243.0,Kyle Korver,38.0,MIL,SF,58.0,1.0,960.0,126.0,293.0,0.43,99.0,237.0,0.418,27.0,56.0,0.482,0.599,35.0,41.0,0.854,15.0,107.0,122.0,68.0,26.0,12.0,48.0,78.0,386.0,0.0,,2020,2019-20
244.0,Taj Gibson,34.0,NYK,C,62.0,56.0,1025.0,167.0,286.0,0.584,4.0,14.0,0.286,163.0,272.0,0.599,0.591,41.0,56.0,0.732,111.0,156.0,267.0,52.0,27.0,30.0,47.0,122.0,379.0,0.0,,2020,2019-20
245.0,Frank Kaminsky,26.0,PHO,C,39.0,13.0,777.0,138.0,307.0,0.45,41.0,124.0,0.331,97.0,183.0,0.53,0.516,61.0,90.0,0.678,35.0,141.0,176.0,75.0,14.0,10.0,37.0,75.0,378.0,0.0,,2020,2019-20
246.0,Shake Milton,23.0,PHI,SG,40.0,24.0,805.0,134.0,277.0,0.484,58.0,135.0,0.43,76.0,142.0,0.535,0.588,51.0,65.0,0.785,15.0,73.0,88.0,104.0,20.0,7.0,47.0,92.0,377.0,0.0,,2020,2019-20
247.0,Dwight Powell,28.0,DAL,C,40.0,37.0,1061.0,146.0,229.0,0.638,10.0,39.0,0.256,136.0,190.0,0.716,0.659,74.0,111.0,0.667,75.0,152.0,227.0,59.0,34.0,22.0,36.0,102.0,376.0,0.0,,2020,2019-20
248.0,Kris Dunn,25.0,CHI,PG,51.0,32.0,1269.0,152.0,342.0,0.444,29.0,112.0,0.259,123.0,230.0,0.535,0.487,40.0,54.0,0.741,23.0,163.0,186.0,173.0,101.0,17.0,68.0,158.0,373.0,0.0,,2020,2019-20
249.0,Jakob Poeltl,24.0,SAS,C,66.0,18.0,1171.0,166.0,266.0,0.624,0.0,0.0,,166.0,266.0,0.624,0.624,40.0,86.0,0.465,131.0,244.0,375.0,116.0,37.0,95.0,54.0,126.0,372.0,0.0,,2020,2019-20
250.0,Frank Jackson,21.0,NOP,PG,59.0,2.0,797.0,134.0,331.0,0.405,47.0,144.0,0.326,87.0,187.0,0.465,0.476,56.0,75.0,0.747,22.0,61.0,83.0,61.0,17.0,4.0,49.0,77.0,371.0,0.0,,2020,2019-20
251.0,Omari Spellman,22.0,GSW,C,49.0,3.0,886.0,127.0,295.0,0.431,43.0,110.0,0.391,84.0,185.0,0.454,0.503,73.0,92.0,0.793,77.0,142.0,219.0,47.0,33.0,24.0,54.0,63.0,370.0,0.0,,2020,2019-20
252.0,Reggie Jackson,29.0,2TM,PG,31.0,16.0,743.0,134.0,326.0,0.411,57.0,145.0,0.393,77.0,181.0,0.425,0.498,45.0,54.0,0.833,17.0,75.0,92.0,126.0,13.0,5.0,51.0,59.0,370.0,0.0,,2020,2019-20
252.0,Reggie Jackson,29.0,DET,PG,14.0,10.0,381.0,76.0,198.0,0.384,31.0,82.0,0.378,45.0,116.0,0.388,0.462,26.0,33.0,0.788,11.0,30.0,41.0,72.0,8.0,1.0,23.0,21.0,209.0,0.0,,2020,2019-20
252.0,Reggie Jackson,29.0,LAC,PG,17.0,6.0,362.0,58.0,128.0,0.453,26.0,63.0,0.413,32.0,65.0,0.492,0.555,19.0,21.0,0.905,6.0,45.0,51.0,54.0,5.0,4.0,28.0,38.0,161.0,0.0,,2020,2019-20
253.0,Timothé Luwawu-Cabarrot,24.0,BRK,SF,47.0,2.0,853.0,117.0,269.0,0.435,62.0,160.0,0.388,55.0,109.0,0.505,0.55,69.0,81.0,0.852,29.0,98.0,127.0,29.0,18.0,7.0,37.0,106.0,365.0,0.0,,2020,2019-20
254.0,Marco Belinelli,33.0,SAS,SG,57.0,0.0,883.0,123.0,314.0,0.392,67.0,178.0,0.376,56.0,136.0,0.412,0.498,48.0,58.0,0.828,7.0,92.0,99.0,69.0,12.0,1.0,19.0,45.0,361.0,0.0,,2020,2019-20
255.0,Pat Connaughton,27.0,MIL,SG,67.0,4.0,1243.0,137.0,301.0,0.455,55.0,166.0,0.331,82.0,135.0,0.607,0.547,31.0,40.0,0.775,60.0,224.0,284.0,107.0,25.0,31.0,52.0,70.0,360.0,0.0,,2020,2019-20
256.0,Justin Jackson,24.0,DAL,PF,65.0,3.0,1045.0,135.0,341.0,0.396,48.0,163.0,0.294,87.0,178.0,0.489,0.466,42.0,50.0,0.84,27.0,127.0,154.0,52.0,15.0,10.0,14.0,69.0,360.0,0.0,,2020,2019-20
257.0,Robin Lopez,31.0,MIL,C,66.0,5.0,958.0,147.0,299.0,0.492,35.0,105.0,0.333,112.0,194.0,0.577,0.55,28.0,53.0,0.528,56.0,105.0,161.0,45.0,10.0,45.0,63.0,96.0,357.0,0.0,,2020,2019-20
258.0,Frank Ntilikina,21.0,NYK,PG,57.0,26.0,1187.0,131.0,333.0,0.393,44.0,137.0,0.321,87.0,196.0,0.444,0.459,51.0,59.0,0.864,23.0,98.0,121.0,172.0,54.0,16.0,71.0,142.0,357.0,0.0,,2020,2019-20
259.0,Maurice Harkless,26.0,2TM,PF,62.0,48.0,1427.0,142.0,283.0,0.502,34.0,98.0,0.347,108.0,185.0,0.584,0.562,39.0,66.0,0.591,55.0,185.0,240.0,68.0,58.0,33.0,53.0,148.0,357.0,0.0,,2020,2019-20
259.0,Maurice Harkless,26.0,LAC,PF,50.0,38.0,1141.0,112.0,217.0,0.516,27.0,73.0,0.37,85.0,144.0,0.59,0.578,24.0,42.0,0.571,47.0,153.0,200.0,48.0,49.0,30.0,46.0,120.0,275.0,0.0,,2020,2019-20
259.0,Maurice Harkless,26.0,NYK,SF,12.0,10.0,286.0,30.0,66.0,0.455,7.0,25.0,0.28,23.0,41.0,0.561,0.508,15.0,24.0,0.625,8.0,32.0,40.0,20.0,9.0,3.0,7.0,28.0,82.0,0.0,,2020,2019-20
260.0,Alex Caruso,25.0,LAL,PG,64.0,2.0,1175.0,120.0,291.0,0.412,40.0,120.0,0.333,80.0,171.0,0.468,0.481,69.0,94.0,0.734,17.0,106.0,123.0,124.0,70.0,18.0,53.0,98.0,349.0,0.0,,2020,2019-20
261.0,Draymond Green,29.0,GSW,PF,43.0,43.0,1222.0,123.0,316.0,0.389,36.0,129.0,0.279,87.0,187.0,0.465,0.446,63.0,83.0,0.759,23.0,243.0,266.0,266.0,59.0,33.0,98.0,110.0,345.0,2.0,,2020,2019-20
262.0,Abdel Nader,26.0,OKC,SF,55.0,6.0,867.0,123.0,263.0,0.468,48.0,128.0,0.375,75.0,135.0,0.556,0.559,51.0,66.0,0.773,14.0,86.0,100.0,38.0,23.0,20.0,43.0,78.0,345.0,0.0,,2020,2019-20
263.0,Marvin Williams,33.0,2TM,PF,58.0,1.0,1129.0,119.0,267.0,0.446,56.0,156.0,0.359,63.0,111.0,0.568,0.551,49.0,57.0,0.86,30.0,153.0,183.0,60.0,36.0,30.0,33.0,103.0,343.0,0.0,,2020,2019-20
263.0,Marvin Williams,33.0,CHO,PF,41.0,1.0,808.0,94.0,210.0,0.448,44.0,117.0,0.376,50.0,93.0,0.538,0.552,43.0,50.0,0.86,15.0,94.0,109.0,41.0,26.0,22.0,25.0,71.0,275.0,0.0,,2020,2019-20
263.0,Marvin Williams,33.0,MIL,PF,17.0,0.0,321.0,25.0,57.0,0.439,12.0,39.0,0.308,13.0,18.0,0.722,0.544,6.0,7.0,0.857,15.0,59.0,74.0,19.0,10.0,8.0,8.0,32.0,68.0,0.0,,2020,2019-20
264.0,Darius Bazley,19.0,OKC,PF,61.0,9.0,1130.0,125.0,317.0,0.394,49.0,141.0,0.348,76.0,176.0,0.432,0.472,43.0,62.0,0.694,30.0,216.0,246.0,41.0,23.0,41.0,45.0,55.0,342.0,0.0,,2020,2019-20
265.0,Rajon Rondo,33.0,LAL,PG,48.0,3.0,984.0,137.0,328.0,0.418,41.0,125.0,0.328,96.0,203.0,0.473,0.48,27.0,41.0,0.659,23.0,119.0,142.0,240.0,40.0,2.0,91.0,58.0,342.0,0.0,,2020,2019-20
266.0,Ky Bowman,22.0,GSW,PG,45.0,12.0,1015.0,134.0,321.0,0.417,33.0,107.0,0.308,101.0,214.0,0.472,0.469,34.0,41.0,0.829,24.0,97.0,121.0,131.0,44.0,10.0,70.0,102.0,335.0,0.0,,2020,2019-20
267.0,Mo Bamba,21.0,ORL,C,62.0,0.0,878.0,132.0,286.0,0.462,37.0,107.0,0.346,95.0,179.0,0.531,0.526,31.0,46.0,0.674,100.0,202.0,302.0,42.0,23.0,86.0,42.0,116.0,332.0,0.0,,2020,2019-20
268.0,Marc Gasol,35.0,TOR,C,44.0,43.0,1161.0,119.0,279.0,0.427,57.0,148.0,0.385,62.0,131.0,0.473,0.529,36.0,49.0,0.735,31.0,244.0,275.0,147.0,34.0,38.0,59.0,124.0,331.0,0.0,,2020,2019-20
269.0,Grayson Allen,24.0,MEM,SG,38.0,0.0,718.0,117.0,251.0,0.466,57.0,141.0,0.404,60.0,110.0,0.545,0.58,39.0,45.0,0.867,8.0,77.0,85.0,52.0,10.0,2.0,33.0,53.0,330.0,0.0,,2020,2019-20
270.0,Isaac Bonga,20.0,WAS,SF,66.0,49.0,1250.0,118.0,234.0,0.504,25.0,71.0,0.352,93.0,163.0,0.571,0.558,69.0,85.0,0.812,71.0,151.0,222.0,76.0,45.0,22.0,58.0,156.0,330.0,0.0,,2020,2019-20
271.0,Michael Carter-Williams,28.0,ORL,SG,45.0,0.0,833.0,111.0,260.0,0.427,22.0,75.0,0.293,89.0,185.0,0.481,0.469,79.0,95.0,0.832,46.0,101.0,147.0,109.0,49.0,22.0,52.0,87.0,323.0,0.0,,2020,2019-20
272.0,Solomon Hill,28.0,2TM,PF,59.0,4.0,1088.0,110.0,278.0,0.396,63.0,171.0,0.368,47.0,107.0,0.439,0.509,40.0,54.0,0.741,29.0,136.0,165.0,104.0,43.0,12.0,51.0,85.0,323.0,0.0,,2020,2019-20
272.0,Solomon Hill,28.0,MEM,PF,48.0,3.0,901.0,96.0,233.0,0.412,56.0,147.0,0.381,40.0,86.0,0.465,0.532,26.0,38.0,0.684,24.0,120.0,144.0,94.0,31.0,7.0,40.0,73.0,274.0,0.0,,2020,2019-20
272.0,Solomon Hill,28.0,MIA,PF,11.0,1.0,187.0,14.0,45.0,0.311,7.0,24.0,0.292,7.0,21.0,0.333,0.389,14.0,16.0,0.875,5.0,16.0,21.0,10.0,12.0,5.0,11.0,12.0,49.0,0.0,,2020,2019-20
273.0,Damyean Dotson,25.0,NYK,SG,48.0,0.0,836.0,120.0,290.0,0.414,59.0,163.0,0.362,61.0,127.0,0.48,0.516,22.0,33.0,0.667,10.0,81.0,91.0,57.0,23.0,4.0,21.0,44.0,321.0,0.0,,2020,2019-20
274.0,Jerome Robinson,22.0,2TM,SG,63.0,6.0,979.0,115.0,310.0,0.371,49.0,153.0,0.32,66.0,157.0,0.42,0.45,40.0,57.0,0.702,13.0,116.0,129.0,87.0,28.0,17.0,49.0,112.0,319.0,0.0,,2020,2019-20
274.0,Jerome Robinson,22.0,LAC,SG,42.0,1.0,476.0,46.0,136.0,0.338,19.0,67.0,0.284,27.0,69.0,0.391,0.408,11.0,19.0,0.579,5.0,55.0,60.0,46.0,13.0,8.0,26.0,55.0,122.0,0.0,,2020,2019-20
274.0,Jerome Robinson,22.0,WAS,SG,21.0,5.0,503.0,69.0,174.0,0.397,30.0,86.0,0.349,39.0,88.0,0.443,0.483,29.0,38.0,0.763,8.0,61.0,69.0,41.0,15.0,9.0,23.0,57.0,197.0,0.0,,2020,2019-20
275.0,Hamidou Diallo,21.0,OKC,SF,46.0,3.0,896.0,132.0,296.0,0.446,16.0,57.0,0.281,116.0,239.0,0.485,0.473,38.0,63.0,0.603,44.0,123.0,167.0,36.0,37.0,9.0,51.0,101.0,318.0,0.0,,2020,2019-20
276.0,Harry Giles,21.0,SAC,C,46.0,17.0,667.0,139.0,251.0,0.554,0.0,2.0,0.0,139.0,249.0,0.558,0.554,38.0,49.0,0.776,43.0,145.0,188.0,60.0,22.0,18.0,44.0,119.0,316.0,0.0,,2020,2019-20
277.0,Torrey Craig,29.0,DEN,SF,58.0,27.0,1072.0,124.0,269.0,0.461,45.0,138.0,0.326,79.0,131.0,0.603,0.545,22.0,36.0,0.611,63.0,126.0,189.0,47.0,23.0,36.0,25.0,135.0,315.0,0.0,,2020,2019-20
278.0,Meyers Leonard,27.0,MIA,C,51.0,49.0,1034.0,119.0,234.0,0.509,53.0,128.0,0.414,66.0,106.0,0.623,0.622,18.0,28.0,0.643,30.0,230.0,260.0,55.0,14.0,15.0,39.0,107.0,309.0,0.0,,2020,2019-20
279.0,Damian Jones,24.0,ATL,C,55.0,27.0,887.0,121.0,178.0,0.68,2.0,9.0,0.222,119.0,169.0,0.704,0.685,62.0,84.0,0.738,74.0,132.0,206.0,35.0,26.0,40.0,28.0,149.0,306.0,0.0,,2020,2019-20
280.0,Matisse Thybulle,22.0,PHI,SG,65.0,14.0,1287.0,112.0,265.0,0.423,56.0,157.0,0.357,56.0,108.0,0.519,0.528,25.0,41.0,0.61,44.0,63.0,107.0,79.0,94.0,47.0,51.0,141.0,305.0,0.0,,2020,2019-20
281.0,Wes Iwundu,25.0,ORL,SF,52.0,21.0,953.0,97.0,233.0,0.416,28.0,82.0,0.341,69.0,151.0,0.457,0.476,78.0,97.0,0.804,24.0,107.0,131.0,60.0,25.0,13.0,26.0,80.0,300.0,0.0,,2020,2019-20
282.0,Vince Carter,43.0,ATL,PF,60.0,0.0,876.0,107.0,304.0,0.352,61.0,202.0,0.302,46.0,102.0,0.451,0.452,23.0,29.0,0.793,18.0,106.0,124.0,48.0,23.0,25.0,33.0,90.0,298.0,0.0,,2020,2019-20
283.0,Patrick Patterson,30.0,LAC,PF,59.0,18.0,776.0,95.0,233.0,0.408,67.0,172.0,0.39,28.0,61.0,0.459,0.552,35.0,43.0,0.814,35.0,116.0,151.0,41.0,7.0,3.0,21.0,54.0,292.0,0.0,,2020,2019-20
284.0,Boban Marjanović,31.0,DAL,C,44.0,5.0,422.0,121.0,211.0,0.573,4.0,17.0,0.235,117.0,194.0,0.603,0.583,43.0,57.0,0.754,66.0,131.0,197.0,20.0,8.0,10.0,30.0,56.0,289.0,0.0,,2020,2019-20
285.0,Keita Bates-Diop,24.0,2TM,SF,44.0,0.0,744.0,100.0,234.0,0.427,34.0,103.0,0.33,66.0,131.0,0.504,0.5,54.0,75.0,0.72,25.0,102.0,127.0,30.0,19.0,24.0,17.0,43.0,288.0,0.0,,2020,2019-20
285.0,Keita Bates-Diop,24.0,MIN,PF,37.0,0.0,646.0,87.0,206.0,0.422,31.0,94.0,0.33,56.0,112.0,0.5,0.498,46.0,65.0,0.708,21.0,89.0,110.0,30.0,17.0,20.0,14.0,36.0,251.0,0.0,,2020,2019-20
285.0,Keita Bates-Diop,24.0,DEN,SF,7.0,0.0,98.0,13.0,28.0,0.464,3.0,9.0,0.333,10.0,19.0,0.526,0.518,8.0,10.0,0.8,4.0,13.0,17.0,0.0,2.0,4.0,3.0,7.0,37.0,0.0,,2020,2019-20
286.0,Juancho Hernangómez,24.0,2TM,PF,48.0,14.0,833.0,100.0,247.0,0.405,44.0,129.0,0.341,56.0,118.0,0.475,0.494,44.0,71.0,0.62,43.0,154.0,197.0,40.0,19.0,9.0,32.0,64.0,288.0,0.0,,2020,2019-20
286.0,Juancho Hernangómez,24.0,DEN,PF,34.0,0.0,422.0,38.0,110.0,0.345,15.0,60.0,0.25,23.0,50.0,0.46,0.414,16.0,25.0,0.64,24.0,71.0,95.0,22.0,5.0,5.0,18.0,29.0,107.0,0.0,,2020,2019-20
286.0,Juancho Hernangómez,24.0,MIN,PF,14.0,14.0,411.0,62.0,137.0,0.453,29.0,69.0,0.42,33.0,68.0,0.485,0.558,28.0,46.0,0.609,19.0,83.0,102.0,18.0,14.0,4.0,14.0,35.0,181.0,0.0,,2020,2019-20
287.0,Jevon Carter,24.0,PHO,PG,58.0,2.0,945.0,101.0,243.0,0.416,62.0,146.0,0.425,39.0,97.0,0.402,0.543,23.0,27.0,0.852,30.0,88.0,118.0,84.0,47.0,17.0,32.0,86.0,287.0,0.0,,2020,2019-20
288.0,Tony Bradley,22.0,UTA,C,58.0,3.0,663.0,126.0,189.0,0.667,3.0,3.0,1.0,123.0,186.0,0.661,0.675,30.0,46.0,0.652,111.0,156.0,267.0,23.0,14.0,33.0,30.0,115.0,285.0,0.0,,2020,2019-20
289.0,Ian Mahinmi,33.0,WAS,C,38.0,35.0,808.0,104.0,210.0,0.495,5.0,26.0,0.192,99.0,184.0,0.538,0.507,70.0,113.0,0.619,78.0,140.0,218.0,49.0,31.0,44.0,45.0,114.0,283.0,0.0,,2020,2019-20
290.0,Thon Maker,22.0,DET,C,60.0,14.0,776.0,93.0,193.0,0.482,22.0,64.0,0.344,71.0,129.0,0.55,0.539,73.0,110.0,0.664,54.0,113.0,167.0,43.0,25.0,39.0,45.0,102.0,281.0,0.0,,2020,2019-20
291.0,Blake Griffin,30.0,DET,PF,18.0,18.0,512.0,88.0,250.0,0.352,27.0,111.0,0.243,61.0,139.0,0.439,0.406,76.0,98.0,0.776,17.0,67.0,84.0,59.0,7.0,7.0,40.0,27.0,279.0,0.0,,2020,2019-20
292.0,Raul Neto,27.0,PHI,PG,54.0,3.0,668.0,101.0,222.0,0.455,34.0,88.0,0.386,67.0,134.0,0.5,0.532,39.0,47.0,0.83,11.0,50.0,61.0,95.0,24.0,6.0,47.0,50.0,275.0,0.0,,2020,2019-20
293.0,Victor Oladipo,27.0,IND,SG,19.0,16.0,528.0,97.0,246.0,0.394,33.0,104.0,0.317,64.0,142.0,0.451,0.461,48.0,59.0,0.814,9.0,66.0,75.0,56.0,17.0,4.0,47.0,36.0,275.0,0.0,,2020,2019-20
294.0,Tyler Johnson,27.0,2TM,SG,39.0,7.0,709.0,97.0,250.0,0.388,38.0,119.0,0.319,59.0,131.0,0.45,0.464,42.0,50.0,0.84,18.0,58.0,76.0,74.0,16.0,9.0,29.0,58.0,274.0,0.0,,2020,2019-20
294.0,Tyler Johnson,27.0,PHO,PG,31.0,3.0,515.0,65.0,171.0,0.38,24.0,83.0,0.289,41.0,88.0,0.466,0.45,24.0,32.0,0.75,10.0,42.0,52.0,50.0,12.0,8.0,24.0,43.0,178.0,0.0,,2020,2019-20
294.0,Tyler Johnson,27.0,BRK,SG,8.0,4.0,194.0,32.0,79.0,0.405,14.0,36.0,0.389,18.0,43.0,0.419,0.494,18.0,18.0,1.0,8.0,16.0,24.0,24.0,4.0,1.0,5.0,15.0,96.0,0.0,,2020,2019-20
295.0,James Johnson,32.0,2TM,PF,32.0,1.0,619.0,103.0,215.0,0.479,33.0,91.0,0.363,70.0,124.0,0.565,0.556,31.0,48.0,0.646,25.0,93.0,118.0,74.0,25.0,32.0,48.0,80.0,270.0,0.0,,2020,2019-20
295.0,James Johnson,32.0,MIA,PF,18.0,0.0,281.0,39.0,87.0,0.448,16.0,45.0,0.356,23.0,42.0,0.548,0.54,8.0,14.0,0.571,8.0,44.0,52.0,21.0,6.0,13.0,15.0,34.0,102.0,0.0,,2020,2019-20
295.0,James Johnson,32.0,MIN,C,14.0,1.0,338.0,64.0,128.0,0.5,17.0,46.0,0.37,47.0,82.0,0.573,0.566,23.0,34.0,0.676,17.0,49.0,66.0,53.0,19.0,19.0,33.0,46.0,168.0,0.0,,2020,2019-20
296.0,Naz Reid,20.0,MIN,C,30.0,11.0,495.0,100.0,243.0,0.412,32.0,97.0,0.33,68.0,146.0,0.466,0.477,37.0,53.0,0.698,34.0,90.0,124.0,35.0,19.0,22.0,22.0,83.0,269.0,0.0,,2020,2019-20
297.0,Nickeil Alexander-Walker,21.0,NOP,SG,47.0,1.0,591.0,98.0,266.0,0.368,46.0,133.0,0.346,52.0,133.0,0.391,0.455,25.0,37.0,0.676,9.0,75.0,84.0,89.0,17.0,8.0,54.0,57.0,267.0,0.0,,2020,2019-20
298.0,Sterling Brown,24.0,MIL,SF,52.0,1.0,767.0,95.0,256.0,0.371,44.0,136.0,0.324,51.0,120.0,0.425,0.457,32.0,40.0,0.8,31.0,152.0,183.0,51.0,29.0,7.0,42.0,54.0,266.0,0.0,,2020,2019-20
299.0,Ryan Arcidiacono,25.0,CHI,PG,58.0,4.0,930.0,90.0,220.0,0.409,54.0,138.0,0.391,36.0,82.0,0.439,0.532,27.0,38.0,0.711,20.0,90.0,110.0,96.0,27.0,3.0,37.0,96.0,261.0,0.0,,2020,2019-20
300.0,Mario Hezonja,24.0,POR,PF,53.0,4.0,871.0,92.0,218.0,0.422,24.0,78.0,0.308,68.0,140.0,0.486,0.477,48.0,59.0,0.814,30.0,154.0,184.0,50.0,36.0,9.0,42.0,107.0,256.0,0.0,,2020,2019-20
301.0,Dewayne Dedmon,30.0,2TM,C,44.0,18.0,774.0,102.0,255.0,0.4,22.0,107.0,0.206,80.0,148.0,0.541,0.443,30.0,36.0,0.833,60.0,189.0,249.0,22.0,25.0,41.0,57.0,133.0,256.0,0.0,,2020,2019-20
301.0,Dewayne Dedmon,30.0,SAC,C,34.0,10.0,541.0,69.0,171.0,0.404,14.0,71.0,0.197,55.0,100.0,0.55,0.444,23.0,28.0,0.821,46.0,121.0,167.0,15.0,15.0,26.0,47.0,93.0,175.0,0.0,,2020,2019-20
301.0,Dewayne Dedmon,30.0,ATL,C,10.0,8.0,233.0,33.0,84.0,0.393,8.0,36.0,0.222,25.0,48.0,0.521,0.44,7.0,8.0,0.875,14.0,68.0,82.0,7.0,10.0,15.0,10.0,40.0,81.0,0.0,,2020,2019-20
302.0,DeAndre' Bembry,25.0,ATL,SG,43.0,4.0,915.0,104.0,228.0,0.456,15.0,65.0,0.231,89.0,163.0,0.546,0.489,26.0,48.0,0.542,34.0,118.0,152.0,81.0,55.0,19.0,60.0,84.0,249.0,0.0,,2020,2019-20
303.0,Denzel Valentine,26.0,CHI,SF,36.0,5.0,488.0,97.0,237.0,0.409,46.0,137.0,0.336,51.0,100.0,0.51,0.506,6.0,8.0,0.75,9.0,65.0,74.0,43.0,26.0,6.0,26.0,51.0,246.0,0.0,,2020,2019-20
304.0,Luguentz Dort,20.0,OKC,SF,36.0,28.0,820.0,86.0,218.0,0.394,30.0,101.0,0.297,56.0,117.0,0.479,0.463,42.0,53.0,0.792,24.0,57.0,81.0,27.0,31.0,4.0,22.0,97.0,244.0,0.0,,2020,2019-20
305.0,Sekou Doumbouya,19.0,DET,PF,38.0,19.0,754.0,92.0,236.0,0.39,28.0,98.0,0.286,64.0,138.0,0.464,0.449,31.0,46.0,0.674,20.0,98.0,118.0,19.0,20.0,8.0,35.0,80.0,243.0,0.0,,2020,2019-20
306.0,Jahlil Okafor,24.0,NOP,C,30.0,9.0,467.0,101.0,162.0,0.623,1.0,3.0,0.333,100.0,159.0,0.629,0.627,40.0,62.0,0.645,48.0,79.0,127.0,37.0,7.0,22.0,38.0,67.0,243.0,0.0,,2020,2019-20
307.0,Treveon Graham,26.0,2TM,SF,55.0,20.0,929.0,87.0,242.0,0.36,33.0,120.0,0.275,54.0,122.0,0.443,0.428,36.0,56.0,0.643,51.0,99.0,150.0,45.0,24.0,6.0,29.0,102.0,243.0,0.0,,2020,2019-20
307.0,Treveon Graham,26.0,MIN,SF,33.0,20.0,663.0,62.0,175.0,0.354,20.0,83.0,0.241,42.0,92.0,0.457,0.411,27.0,37.0,0.73,29.0,71.0,100.0,30.0,17.0,2.0,19.0,66.0,171.0,0.0,,2020,2019-20
307.0,Treveon Graham,26.0,ATL,SF,22.0,0.0,266.0,25.0,67.0,0.373,13.0,37.0,0.351,12.0,30.0,0.4,0.47,9.0,19.0,0.474,22.0,28.0,50.0,15.0,7.0,4.0,10.0,36.0,72.0,0.0,,2020,2019-20
308.0,Trey Burke,27.0,2TM,PG,33.0,1.0,520.0,94.0,209.0,0.45,32.0,75.0,0.427,62.0,134.0,0.463,0.526,23.0,29.0,0.793,16.0,34.0,50.0,83.0,16.0,2.0,21.0,33.0,243.0,0.0,,2020,2019-20
308.0,Trey Burke,27.0,PHI,PG,25.0,0.0,329.0,59.0,127.0,0.465,16.0,38.0,0.421,43.0,89.0,0.483,0.528,13.0,18.0,0.722,15.0,20.0,35.0,53.0,7.0,1.0,12.0,21.0,147.0,0.0,,2020,2019-20
308.0,Trey Burke,27.0,DAL,PG,8.0,1.0,191.0,35.0,82.0,0.427,16.0,37.0,0.432,19.0,45.0,0.422,0.524,10.0,11.0,0.909,1.0,14.0,15.0,30.0,9.0,1.0,9.0,12.0,96.0,0.0,,2020,2019-20
309.0,Bruno Fernando,21.0,ATL,C,56.0,13.0,713.0,103.0,199.0,0.518,5.0,37.0,0.135,98.0,162.0,0.605,0.53,29.0,51.0,0.569,67.0,131.0,198.0,49.0,18.0,17.0,42.0,107.0,240.0,0.0,,2020,2019-20
310.0,Cody Martin,24.0,CHO,SF,48.0,3.0,903.0,89.0,207.0,0.43,18.0,77.0,0.234,71.0,130.0,0.546,0.473,42.0,65.0,0.646,38.0,120.0,158.0,95.0,39.0,9.0,44.0,78.0,238.0,0.0,,2020,2019-20
311.0,Grant Williams,21.0,BOS,PF,69.0,5.0,1043.0,87.0,211.0,0.412,24.0,96.0,0.25,63.0,115.0,0.548,0.469,39.0,54.0,0.722,59.0,119.0,178.0,68.0,30.0,36.0,50.0,163.0,237.0,0.0,,2020,2019-20
312.0,Semi Ojeleye,25.0,BOS,PF,69.0,6.0,1011.0,80.0,196.0,0.408,48.0,127.0,0.378,32.0,69.0,0.464,0.531,28.0,32.0,0.875,26.0,119.0,145.0,37.0,21.0,5.0,19.0,80.0,236.0,0.0,,2020,2019-20
313.0,Reggie Bullock,28.0,NYK,SG,29.0,19.0,684.0,90.0,224.0,0.402,37.0,111.0,0.333,53.0,113.0,0.469,0.484,17.0,21.0,0.81,13.0,55.0,68.0,42.0,25.0,3.0,19.0,56.0,234.0,0.0,,2020,2019-20
314.0,Rodney Hood,27.0,POR,SF,21.0,21.0,619.0,87.0,172.0,0.506,35.0,71.0,0.493,52.0,101.0,0.515,0.608,21.0,27.0,0.778,10.0,62.0,72.0,32.0,17.0,4.0,19.0,46.0,230.0,0.0,,2020,2019-20
315.0,Jordan McLaughlin,23.0,MIN,PG,30.0,2.0,590.0,87.0,178.0,0.489,29.0,76.0,0.382,58.0,102.0,0.569,0.57,26.0,39.0,0.667,7.0,42.0,49.0,125.0,34.0,4.0,31.0,31.0,229.0,0.0,,2020,2019-20
316.0,Mike Muscala,28.0,OKC,C,47.0,2.0,572.0,77.0,189.0,0.407,54.0,143.0,0.378,23.0,46.0,0.5,0.55,18.0,22.0,0.818,16.0,92.0,108.0,40.0,9.0,12.0,17.0,58.0,226.0,0.0,,2020,2019-20
317.0,Dwayne Bacon,24.0,CHO,SG,39.0,11.0,687.0,85.0,244.0,0.348,19.0,67.0,0.284,66.0,177.0,0.373,0.387,35.0,53.0,0.66,15.0,85.0,100.0,52.0,23.0,2.0,37.0,52.0,224.0,0.0,,2020,2019-20
318.0,Quinn Cook,26.0,LAL,PG,44.0,1.0,508.0,91.0,214.0,0.425,31.0,85.0,0.365,60.0,129.0,0.465,0.498,11.0,14.0,0.786,11.0,40.0,51.0,49.0,12.0,2.0,33.0,27.0,224.0,0.0,,2020,2019-20
319.0,J.J. Barea,35.0,DAL,PG,29.0,6.0,450.0,85.0,207.0,0.411,32.0,85.0,0.376,53.0,122.0,0.434,0.488,20.0,22.0,0.909,10.0,43.0,53.0,112.0,5.0,2.0,38.0,27.0,222.0,0.0,,2020,2019-20
320.0,John Henson,29.0,2TM,C,40.0,8.0,600.0,95.0,171.0,0.556,8.0,36.0,0.222,87.0,135.0,0.644,0.579,23.0,46.0,0.5,46.0,116.0,162.0,54.0,24.0,42.0,36.0,78.0,221.0,0.0,,2020,2019-20
320.0,John Henson,29.0,CLE,C,29.0,2.0,412.0,61.0,120.0,0.508,6.0,31.0,0.194,55.0,89.0,0.618,0.533,17.0,33.0,0.515,32.0,82.0,114.0,43.0,16.0,32.0,21.0,55.0,145.0,0.0,,2020,2019-20
320.0,John Henson,29.0,DET,C,11.0,6.0,188.0,34.0,51.0,0.667,2.0,5.0,0.4,32.0,46.0,0.696,0.686,6.0,13.0,0.462,14.0,34.0,48.0,11.0,8.0,10.0,15.0,23.0,76.0,0.0,,2020,2019-20
321.0,Terrance Ferguson,21.0,OKC,SF,56.0,38.0,1257.0,78.0,220.0,0.355,49.0,168.0,0.292,29.0,52.0,0.558,0.466,15.0,20.0,0.75,23.0,51.0,74.0,51.0,27.0,17.0,31.0,155.0,220.0,0.0,,2020,2019-20
322.0,Daniel Gafford,21.0,CHI,C,43.0,7.0,609.0,94.0,134.0,0.701,0.0,0.0,,94.0,134.0,0.701,0.701,32.0,60.0,0.533,52.0,54.0,106.0,21.0,13.0,56.0,29.0,98.0,220.0,0.0,,2020,2019-20
323.0,Cheick Diallo,23.0,PHO,C,47.0,2.0,479.0,92.0,142.0,0.648,1.0,3.0,0.333,91.0,139.0,0.655,0.651,34.0,39.0,0.872,30.0,101.0,131.0,22.0,11.0,12.0,32.0,55.0,219.0,0.0,,2020,2019-20
324.0,Elie Okobo,22.0,PHO,PG,55.0,3.0,719.0,72.0,181.0,0.398,25.0,71.0,0.352,47.0,110.0,0.427,0.467,50.0,71.0,0.704,16.0,74.0,90.0,115.0,24.0,4.0,38.0,54.0,219.0,0.0,,2020,2019-20
325.0,Yogi Ferrell,26.0,SAC,PG,50.0,0.0,530.0,79.0,188.0,0.42,24.0,79.0,0.304,55.0,109.0,0.505,0.484,36.0,42.0,0.857,6.0,43.0,49.0,69.0,18.0,4.0,28.0,38.0,218.0,0.0,,2020,2019-20
326.0,Chandler Hutchison,23.0,CHI,SF,28.0,10.0,527.0,80.0,175.0,0.457,12.0,38.0,0.316,68.0,137.0,0.496,0.491,46.0,78.0,0.59,18.0,90.0,108.0,26.0,27.0,7.0,27.0,47.0,218.0,0.0,,2020,2019-20
327.0,Luke Kornet,24.0,CHI,C,36.0,14.0,559.0,82.0,187.0,0.439,31.0,108.0,0.287,51.0,79.0,0.646,0.521,20.0,28.0,0.714,22.0,62.0,84.0,32.0,11.0,26.0,14.0,54.0,215.0,0.0,,2020,2019-20
328.0,Rodions Kurucs,21.0,BRK,PF,47.0,9.0,684.0,79.0,177.0,0.446,33.0,90.0,0.367,46.0,87.0,0.529,0.54,24.0,38.0,0.632,25.0,112.0,137.0,51.0,25.0,5.0,46.0,90.0,215.0,0.0,,2020,2019-20
329.0,Khem Birch,27.0,ORL,C,48.0,24.0,922.0,73.0,143.0,0.51,0.0,1.0,0.0,73.0,142.0,0.514,0.51,66.0,101.0,0.653,91.0,129.0,220.0,50.0,20.0,23.0,31.0,91.0,212.0,0.0,,2020,2019-20
330.0,Jake Layman,25.0,MIN,SF,23.0,2.0,505.0,81.0,179.0,0.453,24.0,72.0,0.333,57.0,107.0,0.533,0.52,24.0,32.0,0.75,17.0,40.0,57.0,15.0,17.0,10.0,24.0,47.0,210.0,0.0,,2020,2019-20
331.0,Shaquille Harrison,26.0,CHI,SG,43.0,10.0,484.0,77.0,165.0,0.467,16.0,42.0,0.381,61.0,123.0,0.496,0.515,39.0,50.0,0.78,22.0,64.0,86.0,49.0,34.0,19.0,19.0,55.0,209.0,0.0,,2020,2019-20
332.0,Brandon Goodwin,24.0,ATL,PG,34.0,1.0,430.0,76.0,190.0,0.4,26.0,87.0,0.299,50.0,103.0,0.485,0.468,28.0,30.0,0.933,11.0,61.0,72.0,51.0,12.0,4.0,29.0,43.0,206.0,0.0,,2020,2019-20
333.0,Wilson Chandler,32.0,BRK,PF,35.0,3.0,734.0,74.0,183.0,0.404,37.0,121.0,0.306,37.0,62.0,0.597,0.505,20.0,23.0,0.87,11.0,134.0,145.0,39.0,16.0,12.0,34.0,79.0,205.0,0.0,,2020,2019-20
334.0,Matt Thomas,25.0,TOR,SG,41.0,1.0,440.0,73.0,150.0,0.487,47.0,99.0,0.475,26.0,51.0,0.51,0.643,9.0,12.0,0.75,9.0,52.0,61.0,22.0,10.0,1.0,16.0,38.0,202.0,0.0,,2020,2019-20
335.0,Troy Daniels,28.0,2TM,SG,47.0,0.0,532.0,72.0,186.0,0.387,46.0,132.0,0.348,26.0,54.0,0.481,0.511,10.0,16.0,0.625,12.0,40.0,52.0,17.0,11.0,3.0,12.0,37.0,200.0,0.0,,2020,2019-20
335.0,Troy Daniels,28.0,LAL,SG,41.0,0.0,456.0,62.0,158.0,0.392,40.0,112.0,0.357,22.0,46.0,0.478,0.519,10.0,16.0,0.625,12.0,34.0,46.0,14.0,8.0,3.0,9.0,30.0,174.0,0.0,,2020,2019-20
335.0,Troy Daniels,28.0,DEN,SG,6.0,0.0,76.0,10.0,28.0,0.357,6.0,20.0,0.3,4.0,8.0,0.5,0.464,0.0,0.0,,0.0,6.0,6.0,3.0,3.0,0.0,3.0,7.0,26.0,0.0,,2020,2019-20
336.0,Anthony Tolliver,34.0,3TM,PF,55.0,13.0,872.0,65.0,182.0,0.357,49.0,145.0,0.338,16.0,37.0,0.432,0.492,21.0,29.0,0.724,34.0,120.0,154.0,42.0,19.0,11.0,34.0,74.0,200.0,0.0,,2020,2019-20
336.0,Anthony Tolliver,34.0,POR,PF,33.0,9.0,554.0,43.0,117.0,0.368,30.0,89.0,0.337,13.0,28.0,0.464,0.496,13.0,19.0,0.684,27.0,83.0,110.0,29.0,8.0,9.0,21.0,54.0,129.0,0.0,,2020,2019-20
336.0,Anthony Tolliver,34.0,SAC,PF,9.0,0.0,82.0,3.0,17.0,0.176,2.0,15.0,0.133,1.0,2.0,0.5,0.235,1.0,2.0,0.5,2.0,9.0,11.0,3.0,4.0,1.0,4.0,6.0,9.0,0.0,,2020,2019-20
336.0,Anthony Tolliver,34.0,MEM,PF,13.0,4.0,236.0,19.0,48.0,0.396,17.0,41.0,0.415,2.0,7.0,0.286,0.573,7.0,8.0,0.875,5.0,28.0,33.0,10.0,7.0,1.0,9.0,14.0,62.0,0.0,,2020,2019-20
337.0,Josh Jackson,22.0,MEM,SF,22.0,0.0,381.0,70.0,159.0,0.44,23.0,72.0,0.319,47.0,87.0,0.54,0.513,35.0,50.0,0.7,11.0,55.0,66.0,35.0,18.0,9.0,28.0,40.0,198.0,0.0,,2020,2019-20
338.0,Kelan Martin,24.0,MIN,SF,31.0,4.0,495.0,71.0,181.0,0.392,25.0,96.0,0.26,46.0,85.0,0.541,0.461,30.0,31.0,0.968,12.0,84.0,96.0,23.0,7.0,9.0,20.0,51.0,197.0,0.0,,2020,2019-20
339.0,Džanan Musa,20.0,BRK,SF,40.0,0.0,487.0,64.0,172.0,0.372,19.0,78.0,0.244,45.0,94.0,0.479,0.427,45.0,60.0,0.75,21.0,65.0,86.0,43.0,15.0,1.0,36.0,30.0,192.0,0.0,,2020,2019-20
340.0,Willy Hernangómez,25.0,CHO,C,31.0,0.0,375.0,74.0,139.0,0.532,5.0,22.0,0.227,69.0,117.0,0.59,0.55,37.0,59.0,0.627,43.0,91.0,134.0,29.0,10.0,7.0,30.0,32.0,190.0,0.0,,2020,2019-20
341.0,Skal Labissière,23.0,POR,C,33.0,1.0,567.0,81.0,147.0,0.551,3.0,13.0,0.231,78.0,134.0,0.582,0.561,25.0,33.0,0.758,65.0,104.0,169.0,42.0,7.0,31.0,30.0,89.0,190.0,0.0,,2020,2019-20
342.0,Rodney McGruder,28.0,LAC,SG,56.0,4.0,871.0,72.0,181.0,0.398,24.0,89.0,0.27,48.0,92.0,0.522,0.464,19.0,34.0,0.559,29.0,122.0,151.0,36.0,26.0,8.0,24.0,74.0,187.0,0.0,,2020,2019-20
343.0,Dennis Smith Jr.,22.0,NYK,PG,34.0,3.0,537.0,72.0,211.0,0.341,16.0,54.0,0.296,56.0,157.0,0.357,0.379,27.0,53.0,0.509,21.0,57.0,78.0,98.0,28.0,8.0,58.0,65.0,187.0,0.0,,2020,2019-20
344.0,Marvin Bagley III,20.0,SAC,C,13.0,6.0,334.0,78.0,167.0,0.467,4.0,22.0,0.182,74.0,145.0,0.51,0.479,25.0,31.0,0.806,29.0,68.0,97.0,10.0,6.0,12.0,18.0,43.0,185.0,0.0,,2020,2019-20
345.0,Wayne Ellington,32.0,NYK,SG,36.0,1.0,558.0,61.0,174.0,0.351,50.0,143.0,0.35,11.0,31.0,0.355,0.494,11.0,13.0,0.846,4.0,61.0,65.0,44.0,13.0,4.0,18.0,41.0,183.0,0.0,,2020,2019-20
346.0,Brandon Knight,28.0,2TM,SG,25.0,3.0,462.0,59.0,167.0,0.353,45.0,131.0,0.344,14.0,36.0,0.389,0.488,20.0,34.0,0.588,4.0,37.0,41.0,69.0,10.0,3.0,38.0,40.0,183.0,0.0,,2020,2019-20
346.0,Brandon Knight,28.0,CLE,SG,16.0,0.0,241.0,28.0,86.0,0.326,19.0,64.0,0.297,9.0,22.0,0.409,0.436,4.0,13.0,0.308,3.0,17.0,20.0,31.0,5.0,2.0,16.0,20.0,79.0,0.0,,2020,2019-20
346.0,Brandon Knight,28.0,DET,PG,9.0,3.0,221.0,31.0,81.0,0.383,26.0,67.0,0.388,5.0,14.0,0.357,0.543,16.0,21.0,0.762,1.0,20.0,21.0,38.0,5.0,1.0,22.0,20.0,104.0,0.0,,2020,2019-20
347.0,Alfonzo McKinnie,27.0,CLE,SF,40.0,1.0,593.0,73.0,171.0,0.427,14.0,65.0,0.215,59.0,106.0,0.557,0.468,22.0,31.0,0.71,37.0,76.0,113.0,14.0,23.0,8.0,26.0,72.0,182.0,0.0,,2020,2019-20
348.0,Matthew Dellavedova,29.0,CLE,PG,57.0,4.0,821.0,62.0,175.0,0.354,21.0,91.0,0.231,41.0,84.0,0.488,0.414,32.0,37.0,0.865,18.0,57.0,75.0,180.0,20.0,2.0,59.0,78.0,177.0,0.0,,2020,2019-20
349.0,Marko Gudurić,24.0,MEM,SG,44.0,0.0,484.0,62.0,157.0,0.395,25.0,83.0,0.301,37.0,74.0,0.5,0.475,24.0,26.0,0.923,14.0,59.0,73.0,45.0,12.0,8.0,36.0,34.0,173.0,0.0,,2020,2019-20
350.0,Goga Bitadze,20.0,IND,C,54.0,2.0,471.0,70.0,150.0,0.467,8.0,42.0,0.19,62.0,108.0,0.574,0.493,24.0,33.0,0.727,25.0,81.0,106.0,23.0,10.0,37.0,28.0,65.0,172.0,0.0,,2020,2019-20
351.0,Nassir Little,19.0,POR,PF,48.0,5.0,573.0,65.0,151.0,0.43,14.0,59.0,0.237,51.0,92.0,0.554,0.477,28.0,44.0,0.636,31.0,77.0,108.0,22.0,13.0,14.0,15.0,72.0,172.0,0.0,,2020,2019-20
352.0,Allen Crabbe,27.0,2TM,SF,37.0,1.0,653.0,63.0,177.0,0.356,36.0,119.0,0.303,27.0,58.0,0.466,0.458,10.0,14.0,0.714,11.0,66.0,77.0,33.0,15.0,4.0,17.0,47.0,172.0,0.0,,2020,2019-20
352.0,Allen Crabbe,27.0,ATL,SG,28.0,1.0,522.0,52.0,143.0,0.364,30.0,93.0,0.323,22.0,50.0,0.44,0.469,9.0,12.0,0.75,10.0,55.0,65.0,28.0,15.0,4.0,12.0,36.0,143.0,0.0,,2020,2019-20
352.0,Allen Crabbe,27.0,MIN,SF,9.0,0.0,131.0,11.0,34.0,0.324,6.0,26.0,0.231,5.0,8.0,0.625,0.412,1.0,2.0,0.5,1.0,11.0,12.0,5.0,0.0,0.0,5.0,11.0,29.0,0.0,,2020,2019-20
353.0,Patrick McCaw,24.0,TOR,SF,37.0,12.0,908.0,67.0,162.0,0.414,23.0,71.0,0.324,44.0,91.0,0.484,0.485,13.0,18.0,0.722,19.0,67.0,86.0,79.0,39.0,4.0,29.0,60.0,170.0,0.0,,2020,2019-20
354.0,PJ Dozier,23.0,DEN,SG,29.0,0.0,412.0,65.0,157.0,0.414,17.0,49.0,0.347,48.0,108.0,0.444,0.468,21.0,29.0,0.724,10.0,45.0,55.0,63.0,14.0,6.0,27.0,45.0,168.0,0.0,,2020,2019-20
355.0,Otto Porter Jr.,26.0,CHI,SF,14.0,9.0,331.0,62.0,140.0,0.443,24.0,62.0,0.387,38.0,78.0,0.487,0.529,19.0,27.0,0.704,13.0,35.0,48.0,25.0,15.0,6.0,11.0,31.0,167.0,0.0,,2020,2019-20
356.0,Javonte Green,26.0,BOS,SG,48.0,2.0,468.0,63.0,126.0,0.5,9.0,33.0,0.273,54.0,93.0,0.581,0.536,28.0,42.0,0.667,24.0,69.0,93.0,26.0,24.0,8.0,23.0,43.0,163.0,0.0,,2020,2019-20
357.0,Chris Clemons,22.0,HOU,SG,33.0,0.0,291.0,57.0,142.0,0.401,37.0,107.0,0.346,20.0,35.0,0.571,0.532,10.0,11.0,0.909,4.0,26.0,30.0,27.0,9.0,6.0,19.0,26.0,161.0,0.0,,2020,2019-20
358.0,Dante Exum,24.0,2TM,SG,35.0,1.0,485.0,56.0,119.0,0.471,15.0,43.0,0.349,41.0,76.0,0.539,0.534,32.0,43.0,0.744,12.0,55.0,67.0,40.0,13.0,8.0,31.0,38.0,159.0,0.0,,2020,2019-20
358.0,Dante Exum,24.0,UTA,SG,11.0,0.0,83.0,10.0,23.0,0.435,2.0,6.0,0.333,8.0,17.0,0.471,0.478,2.0,2.0,1.0,3.0,9.0,12.0,7.0,1.0,2.0,10.0,8.0,24.0,0.0,,2020,2019-20
358.0,Dante Exum,24.0,CLE,SG,24.0,1.0,402.0,46.0,96.0,0.479,13.0,37.0,0.351,33.0,59.0,0.559,0.547,30.0,41.0,0.732,9.0,46.0,55.0,33.0,12.0,6.0,21.0,30.0,135.0,0.0,,2020,2019-20
359.0,Anžejs Pasečņiks,24.0,WAS,C,27.0,0.0,437.0,61.0,116.0,0.526,0.0,3.0,0.0,61.0,113.0,0.54,0.526,34.0,58.0,0.586,42.0,65.0,107.0,18.0,9.0,12.0,24.0,75.0,156.0,0.0,,2020,2019-20
360.0,JaKarr Sampson,26.0,IND,PF,34.0,12.0,471.0,68.0,115.0,0.591,2.0,13.0,0.154,66.0,102.0,0.647,0.6,18.0,27.0,0.667,20.0,68.0,88.0,21.0,16.0,12.0,15.0,64.0,156.0,0.0,,2020,2019-20
361.0,Gary Clark,25.0,2TM,PF,42.0,5.0,567.0,54.0,133.0,0.406,39.0,111.0,0.351,15.0,22.0,0.682,0.553,9.0,10.0,0.9,37.0,73.0,110.0,17.0,6.0,22.0,10.0,46.0,156.0,0.0,,2020,2019-20
361.0,Gary Clark,25.0,HOU,PF,18.0,0.0,212.0,23.0,59.0,0.39,18.0,51.0,0.353,5.0,8.0,0.625,0.542,6.0,7.0,0.857,11.0,29.0,40.0,12.0,2.0,7.0,2.0,21.0,70.0,0.0,,2020,2019-20
361.0,Gary Clark,25.0,ORL,SF,24.0,5.0,355.0,31.0,74.0,0.419,21.0,60.0,0.35,10.0,14.0,0.714,0.561,3.0,3.0,1.0,26.0,44.0,70.0,5.0,4.0,15.0,8.0,25.0,86.0,0.0,,2020,2019-20
362.0,Allonzo Trier,24.0,NYK,SG,24.0,1.0,291.0,51.0,106.0,0.481,19.0,53.0,0.358,32.0,53.0,0.604,0.571,34.0,43.0,0.791,6.0,23.0,29.0,28.0,3.0,4.0,22.0,29.0,155.0,0.0,,2020,2019-20
363.0,Keldon Johnson,20.0,SAS,SF,17.0,1.0,301.0,53.0,89.0,0.596,13.0,22.0,0.591,40.0,67.0,0.597,0.669,35.0,44.0,0.795,10.0,47.0,57.0,15.0,14.0,2.0,13.0,28.0,154.0,0.0,,2020,2019-20
364.0,Edmond Sumner,24.0,IND,SG,31.0,3.0,447.0,61.0,142.0,0.43,14.0,53.0,0.264,47.0,89.0,0.528,0.479,16.0,29.0,0.552,11.0,35.0,46.0,55.0,15.0,9.0,22.0,44.0,152.0,0.0,,2020,2019-20
365.0,Robert Williams,22.0,BOS,C,29.0,1.0,388.0,64.0,88.0,0.727,0.0,0.0,,64.0,88.0,0.727,0.727,22.0,34.0,0.647,40.0,88.0,128.0,27.0,22.0,35.0,21.0,51.0,150.0,0.0,,2020,2019-20
366.0,Chris Chiozza,24.0,2TM,PG,28.0,2.0,401.0,55.0,140.0,0.393,27.0,72.0,0.375,28.0,68.0,0.412,0.489,5.0,5.0,1.0,9.0,44.0,53.0,83.0,21.0,4.0,32.0,37.0,142.0,0.0,,2020,2019-20
366.0,Chris Chiozza,24.0,WAS,PG,10.0,0.0,123.0,10.0,34.0,0.294,7.0,16.0,0.438,3.0,18.0,0.167,0.397,0.0,0.0,,0.0,15.0,15.0,28.0,10.0,2.0,9.0,12.0,27.0,0.0,,2020,2019-20
366.0,Chris Chiozza,24.0,BRK,PG,18.0,2.0,278.0,45.0,106.0,0.425,20.0,56.0,0.357,25.0,50.0,0.5,0.519,5.0,5.0,1.0,9.0,29.0,38.0,55.0,11.0,2.0,23.0,25.0,115.0,0.0,,2020,2019-20
367.0,Jusuf Nurkić,25.0,POR,C,8.0,8.0,253.0,54.0,109.0,0.495,2.0,10.0,0.2,52.0,99.0,0.525,0.505,31.0,35.0,0.886,23.0,59.0,82.0,32.0,11.0,16.0,19.0,39.0,141.0,0.0,,2020,2019-20
368.0,Kenrich Williams,25.0,NOP,PF,39.0,18.0,832.0,51.0,147.0,0.347,25.0,97.0,0.258,26.0,50.0,0.52,0.432,9.0,26.0,0.346,51.0,135.0,186.0,57.0,27.0,21.0,22.0,88.0,136.0,0.0,,2020,2019-20
369.0,Chris Silva,23.0,MIA,PF,44.0,0.0,346.0,48.0,78.0,0.615,0.0,3.0,0.0,48.0,75.0,0.64,0.615,37.0,55.0,0.673,60.0,66.0,126.0,23.0,9.0,21.0,32.0,85.0,133.0,0.0,,2020,2019-20
370.0,D.J. Wilson,23.0,MIL,PF,37.0,1.0,363.0,52.0,132.0,0.394,18.0,73.0,0.247,34.0,59.0,0.576,0.462,11.0,18.0,0.611,12.0,80.0,92.0,25.0,3.0,5.0,19.0,33.0,133.0,0.0,,2020,2019-20
371.0,Noah Vonleh,24.0,2TM,C,36.0,1.0,377.0,52.0,92.0,0.565,3.0,15.0,0.2,49.0,77.0,0.636,0.582,25.0,32.0,0.781,37.0,87.0,124.0,28.0,11.0,6.0,21.0,40.0,132.0,0.0,,2020,2019-20
371.0,Noah Vonleh,24.0,MIN,C,29.0,1.0,347.0,47.0,86.0,0.547,2.0,14.0,0.143,45.0,72.0,0.625,0.558,23.0,28.0,0.821,34.0,82.0,116.0,26.0,11.0,6.0,19.0,36.0,119.0,0.0,,2020,2019-20
371.0,Noah Vonleh,24.0,DEN,C,7.0,0.0,30.0,5.0,6.0,0.833,1.0,1.0,1.0,4.0,5.0,0.8,0.917,2.0,4.0,0.5,3.0,5.0,8.0,2.0,0.0,0.0,2.0,4.0,13.0,0.0,,2020,2019-20
372.0,Jacob Evans,22.0,2TM,SG,29.0,1.0,418.0,45.0,134.0,0.336,13.0,39.0,0.333,32.0,95.0,0.337,0.384,25.0,29.0,0.862,9.0,32.0,41.0,31.0,11.0,12.0,25.0,41.0,128.0,0.0,,2020,2019-20
372.0,Jacob Evans,22.0,GSW,SG,27.0,1.0,414.0,45.0,133.0,0.338,13.0,38.0,0.342,32.0,95.0,0.337,0.387,25.0,29.0,0.862,9.0,32.0,41.0,31.0,11.0,12.0,25.0,41.0,128.0,0.0,,2020,2019-20
372.0,Jacob Evans,22.0,MIN,SG,2.0,0.0,4.0,0.0,1.0,0.0,0.0,1.0,0.0,0.0,0.0,,0.0,0.0,0.0,,0.0,0.0,0.0,0.0,0.0,0.0,0.0,0.0,0.0,0.0,,2020,2019-20
373.0,Justise Winslow,23.0,MIA,SG,11.0,5.0,352.0,50.0,129.0,0.388,6.0,27.0,0.222,44.0,102.0,0.431,0.411,18.0,27.0,0.667,16.0,57.0,73.0,44.0,7.0,5.0,24.0,38.0,124.0,0.0,,2020,2019-20
374.0,Carsen Edwards,21.0,BOS,SG,37.0,0.0,351.0,42.0,128.0,0.328,24.0,76.0,0.316,18.0,52.0,0.346,0.422,13.0,19.0,0.684,6.0,41.0,47.0,24.0,12.0,4.0,15.0,34.0,121.0,0.0,,2020,2019-20
375.0,Theo Pinson,24.0,BRK,SG,33.0,0.0,365.0,45.0,155.0,0.29,15.0,80.0,0.188,30.0,75.0,0.4,0.339,15.0,16.0,0.938,10.0,44.0,54.0,56.0,17.0,4.0,33.0,35.0,120.0,0.0,,2020,2019-20
376.0,Gary Payton II,27.0,WAS,SF,29.0,17.0,432.0,48.0,116.0,0.414,13.0,46.0,0.283,35.0,70.0,0.5,0.47,4.0,8.0,0.5,26.0,54.0,80.0,48.0,33.0,7.0,20.0,54.0,113.0,0.0,,2020,2019-20
377.0,Caleb Martin,24.0,CHO,SF,18.0,1.0,317.0,37.0,84.0,0.44,20.0,37.0,0.541,17.0,47.0,0.362,0.56,17.0,21.0,0.81,10.0,28.0,38.0,23.0,12.0,7.0,15.0,32.0,111.0,0.0,,2020,2019-20
378.0,Dion Waiters,28.0,2TM,SG,10.0,0.0,207.0,41.0,99.0,0.414,15.0,47.0,0.319,26.0,52.0,0.5,0.49,14.0,17.0,0.824,2.0,22.0,24.0,20.0,4.0,6.0,16.0,21.0,111.0,0.0,,2020,2019-20
378.0,Dion Waiters,28.0,MIA,SG,3.0,0.0,42.0,10.0,26.0,0.385,8.0,17.0,0.471,2.0,9.0,0.222,0.538,0.0,1.0,0.0,0.0,11.0,11.0,3.0,0.0,2.0,3.0,5.0,28.0,0.0,,2020,2019-20
378.0,Dion Waiters,28.0,LAL,SG,7.0,0.0,165.0,31.0,73.0,0.425,7.0,30.0,0.233,24.0,43.0,0.558,0.473,14.0,16.0,0.875,2.0,11.0,13.0,17.0,4.0,4.0,13.0,16.0,83.0,0.0,,2020,2019-20
379.0,Drew Eubanks,22.0,SAS,C,22.0,3.0,272.0,43.0,67.0,0.642,1.0,1.0,1.0,42.0,66.0,0.636,0.649,20.0,26.0,0.769,28.0,57.0,85.0,15.0,5.0,17.0,21.0,37.0,107.0,0.0,,2020,2019-20
380.0,Isaiah Hartenstein,21.0,HOU,C,23.0,2.0,266.0,44.0,67.0,0.657,0.0,5.0,0.0,44.0,62.0,0.71,0.657,19.0,28.0,0.679,29.0,61.0,90.0,18.0,9.0,12.0,16.0,41.0,107.0,0.0,,2020,2019-20
381.0,Courtney Lee,34.0,DAL,SG,24.0,9.0,345.0,40.0,82.0,0.488,21.0,47.0,0.447,19.0,35.0,0.543,0.616,6.0,7.0,0.857,7.0,25.0,32.0,12.0,18.0,6.0,11.0,33.0,107.0,0.0,,2020,2019-20
382.0,Dragan Bender,22.0,2TM,C,16.0,3.0,286.0,41.0,92.0,0.446,15.0,43.0,0.349,26.0,49.0,0.531,0.527,10.0,14.0,0.714,16.0,57.0,73.0,28.0,4.0,9.0,21.0,42.0,107.0,0.0,,2020,2019-20
382.0,Dragan Bender,22.0,MIL,C,7.0,0.0,91.0,10.0,21.0,0.476,4.0,9.0,0.444,6.0,12.0,0.5,0.571,2.0,3.0,0.667,0.0,20.0,20.0,9.0,0.0,5.0,5.0,16.0,26.0,0.0,,2020,2019-20
382.0,Dragan Bender,22.0,GSW,PF,9.0,3.0,195.0,31.0,71.0,0.437,11.0,34.0,0.324,20.0,37.0,0.541,0.514,8.0,11.0,0.727,16.0,37.0,53.0,19.0,4.0,4.0,16.0,26.0,81.0,0.0,,2020,2019-20
383.0,Deonte Burton,26.0,OKC,SF,39.0,0.0,356.0,43.0,125.0,0.344,10.0,53.0,0.189,33.0,72.0,0.458,0.384,8.0,14.0,0.571,7.0,50.0,57.0,17.0,7.0,10.0,19.0,34.0,104.0,0.0,,2020,2019-20
384.0,Stephen Curry,31.0,GSW,PG,5.0,5.0,139.0,33.0,82.0,0.402,12.0,49.0,0.245,21.0,33.0,0.636,0.476,26.0,26.0,1.0,4.0,22.0,26.0,33.0,5.0,2.0,16.0,11.0,104.0,0.0,,2020,2019-20
385.0,David Nwaba,27.0,BRK,SF,20.0,0.0,268.0,37.0,71.0,0.521,12.0,28.0,0.429,25.0,43.0,0.581,0.606,18.0,27.0,0.667,8.0,37.0,45.0,8.0,11.0,12.0,8.0,32.0,104.0,0.0,,2020,2019-20
386.0,Ty Jerome,22.0,PHO,SG,31.0,0.0,328.0,38.0,113.0,0.336,14.0,50.0,0.28,24.0,63.0,0.381,0.398,12.0,16.0,0.75,7.0,39.0,46.0,44.0,15.0,3.0,18.0,29.0,102.0,0.0,,2020,2019-20
387.0,Kyle O'Quinn,29.0,PHI,C,29.0,2.0,313.0,42.0,85.0,0.494,7.0,27.0,0.259,35.0,58.0,0.603,0.535,11.0,20.0,0.55,34.0,82.0,116.0,51.0,7.0,24.0,20.0,37.0,102.0,0.0,,2020,2019-20
388.0,Terance Mann,23.0,LAC,SF,41.0,6.0,362.0,37.0,79.0,0.468,7.0,20.0,0.35,30.0,59.0,0.508,0.513,18.0,27.0,0.667,10.0,45.0,55.0,53.0,11.0,5.0,18.0,46.0,99.0,0.0,,2020,2019-20
389.0,Admiral Schofield,22.0,WAS,PF,33.0,2.0,368.0,35.0,92.0,0.38,19.0,61.0,0.311,16.0,31.0,0.516,0.484,10.0,15.0,0.667,7.0,40.0,47.0,15.0,8.0,4.0,7.0,50.0,99.0,0.0,,2020,2019-20
390.0,Garrison Mathews,23.0,WAS,SG,18.0,0.0,227.0,24.0,56.0,0.429,19.0,46.0,0.413,5.0,10.0,0.5,0.598,31.0,34.0,0.912,6.0,18.0,24.0,10.0,8.0,1.0,8.0,32.0,98.0,0.0,,2020,2019-20
391.0,Tim Frazier,29.0,DET,PG,27.0,11.0,355.0,34.0,94.0,0.362,10.0,30.0,0.333,24.0,64.0,0.375,0.415,19.0,24.0,0.792,9.0,24.0,33.0,93.0,14.0,4.0,36.0,42.0,97.0,0.0,,2020,2019-20
392.0,Andre Iguodala,36.0,MIA,SF,21.0,0.0,418.0,38.0,88.0,0.432,14.0,47.0,0.298,24.0,41.0,0.585,0.511,6.0,15.0,0.4,17.0,61.0,78.0,51.0,14.0,21.0,26.0,35.0,96.0,0.0,,2020,2019-20
393.0,Ante Žižić,23.0,CLE,C,22.0,0.0,221.0,41.0,72.0,0.569,0.0,0.0,,41.0,72.0,0.569,0.569,14.0,19.0,0.737,18.0,48.0,66.0,6.0,7.0,5.0,10.0,27.0,96.0,0.0,,2020,2019-20
394.0,Jordan Bell,25.0,2TM,C,29.0,0.0,256.0,35.0,67.0,0.522,4.0,12.0,0.333,31.0,55.0,0.564,0.552,19.0,31.0,0.613,30.0,51.0,81.0,16.0,3.0,10.0,21.0,19.0,93.0,0.0,,2020,2019-20
394.0,Jordan Bell,25.0,MIN,C,27.0,0.0,235.0,32.0,60.0,0.533,2.0,9.0,0.222,30.0,51.0,0.588,0.55,17.0,29.0,0.586,28.0,50.0,78.0,14.0,2.0,10.0,18.0,17.0,83.0,0.0,,2020,2019-20
394.0,Jordan Bell,25.0,MEM,C,2.0,0.0,21.0,3.0,7.0,0.429,2.0,3.0,0.667,1.0,4.0,0.25,0.571,2.0,2.0,1.0,2.0,1.0,3.0,2.0,1.0,0.0,3.0,2.0,10.0,0.0,,2020,2019-20
395.0,Thabo Sefolosha,35.0,HOU,PF,41.0,0.0,436.0,37.0,91.0,0.407,15.0,54.0,0.278,22.0,37.0,0.595,0.489,3.0,8.0,0.375,21.0,72.0,93.0,25.0,24.0,12.0,15.0,43.0,92.0,0.0,,2020,2019-20
396.0,Bruno Caboclo,24.0,2TM,C,30.0,0.0,244.0,38.0,89.0,0.427,6.0,33.0,0.182,32.0,56.0,0.571,0.461,8.0,9.0,0.889,23.0,37.0,60.0,12.0,15.0,17.0,13.0,31.0,90.0,0.0,,2020,2019-20
396.0,Bruno Caboclo,24.0,MEM,C,22.0,0.0,192.0,28.0,69.0,0.406,4.0,25.0,0.16,24.0,44.0,0.545,0.435,2.0,3.0,0.667,17.0,27.0,44.0,10.0,10.0,12.0,7.0,23.0,62.0,0.0,,2020,2019-20
396.0,Bruno Caboclo,24.0,HOU,C,8.0,0.0,52.0,10.0,20.0,0.5,2.0,8.0,0.25,8.0,12.0,0.667,0.55,6.0,6.0,1.0,6.0,10.0,16.0,2.0,5.0,5.0,6.0,8.0,28.0,0.0,,2020,2019-20
397.0,Justin James,23.0,SAC,SF,36.0,0.0,232.0,35.0,84.0,0.417,9.0,29.0,0.31,26.0,55.0,0.473,0.47,10.0,21.0,0.476,6.0,26.0,32.0,18.0,6.0,9.0,8.0,17.0,89.0,0.0,,2020,2019-20
398.0,Jalen McDaniels,22.0,CHO,SF,16.0,0.0,293.0,33.0,70.0,0.471,9.0,24.0,0.375,24.0,46.0,0.522,0.536,14.0,17.0,0.824,15.0,50.0,65.0,13.0,8.0,3.0,11.0,36.0,89.0,0.0,,2020,2019-20
399.0,Cameron Payne,25.0,PHO,SG,8.0,0.0,183.0,33.0,68.0,0.485,15.0,29.0,0.517,18.0,39.0,0.462,0.596,6.0,7.0,0.857,4.0,27.0,31.0,24.0,8.0,2.0,11.0,20.0,87.0,0.0,,2020,2019-20
400.0,DeMarre Carroll,33.0,2TM,C,24.0,0.0,290.0,25.0,66.0,0.379,8.0,33.0,0.242,17.0,33.0,0.515,0.439,29.0,42.0,0.69,12.0,43.0,55.0,25.0,8.0,5.0,17.0,32.0,87.0,0.0,,2020,2019-20
400.0,DeMarre Carroll,33.0,SAS,SF,15.0,0.0,135.0,9.0,29.0,0.31,3.0,13.0,0.231,6.0,16.0,0.375,0.362,12.0,20.0,0.6,7.0,24.0,31.0,11.0,2.0,2.0,10.0,20.0,33.0,0.0,,2020,2019-20
400.0,DeMarre Carroll,33.0,HOU,C,9.0,0.0,155.0,16.0,37.0,0.432,5.0,20.0,0.25,11.0,17.0,0.647,0.5,17.0,22.0,0.773,5.0,19.0,24.0,14.0,6.0,3.0,7.0,12.0,54.0,0.0,,2020,2019-20
401.0,Cristiano Felício,27.0,CHI,C,22.0,0.0,386.0,34.0,54.0,0.63,0.0,2.0,0.0,34.0,52.0,0.654,0.63,18.0,23.0,0.783,55.0,47.0,102.0,16.0,10.0,2.0,18.0,34.0,86.0,0.0,,2020,2019-20
402.0,T.J. Leaf,22.0,IND,PF,28.0,1.0,222.0,36.0,86.0,0.419,5.0,18.0,0.278,31.0,68.0,0.456,0.448,7.0,16.0,0.438,23.0,48.0,71.0,9.0,10.0,4.0,8.0,22.0,84.0,0.0,,2020,2019-20
403.0,Nicolas Batum,31.0,CHO,SF,22.0,3.0,505.0,28.0,81.0,0.346,14.0,49.0,0.286,14.0,32.0,0.438,0.432,9.0,10.0,0.9,25.0,75.0,100.0,66.0,17.0,8.0,22.0,41.0,79.0,0.0,,2020,2019-20
404.0,Romeo Langford,20.0,BOS,SG,32.0,2.0,370.0,28.0,80.0,0.35,5.0,27.0,0.185,23.0,53.0,0.434,0.381,18.0,25.0,0.72,15.0,26.0,41.0,13.0,8.0,8.0,11.0,33.0,79.0,0.0,,2020,2019-20
405.0,Al-Farouq Aminu,29.0,ORL,PF,18.0,2.0,380.0,25.0,86.0,0.291,9.0,36.0,0.25,16.0,50.0,0.32,0.343,19.0,29.0,0.655,24.0,63.0,87.0,21.0,18.0,8.0,17.0,27.0,78.0,0.0,,2020,2019-20
406.0,Zach Collins,22.0,POR,PF,11.0,11.0,290.0,32.0,68.0,0.471,7.0,19.0,0.368,25.0,49.0,0.51,0.522,6.0,8.0,0.75,25.0,44.0,69.0,16.0,5.0,5.0,14.0,36.0,77.0,0.0,,2020,2019-20
407.0,Mychal Mulder,25.0,GSW,SF,7.0,3.0,204.0,26.0,67.0,0.388,16.0,52.0,0.308,10.0,15.0,0.667,0.507,9.0,12.0,0.75,3.0,20.0,23.0,8.0,2.0,1.0,5.0,20.0,77.0,0.0,,2020,2019-20
408.0,Ryan Broekhoff,29.0,DAL,SF,17.0,1.0,180.0,22.0,59.0,0.373,20.0,51.0,0.392,2.0,8.0,0.25,0.542,7.0,8.0,0.875,5.0,38.0,43.0,11.0,5.0,4.0,6.0,15.0,71.0,0.0,,2020,2019-20
409.0,Juan Toscano-Anderson,26.0,GSW,SG,13.0,6.0,272.0,29.0,63.0,0.46,8.0,23.0,0.348,21.0,40.0,0.525,0.524,3.0,5.0,0.6,9.0,43.0,52.0,26.0,13.0,5.0,16.0,30.0,69.0,0.0,,2020,2019-20
410.0,Jared Dudley,34.0,LAL,PF,45.0,1.0,364.0,24.0,60.0,0.4,18.0,42.0,0.429,6.0,18.0,0.333,0.55,2.0,2.0,1.0,6.0,46.0,52.0,28.0,15.0,3.0,8.0,41.0,68.0,0.0,,2020,2019-20
411.0,Kevon Looney,23.0,GSW,C,20.0,4.0,262.0,29.0,79.0,0.367,1.0,14.0,0.071,28.0,65.0,0.431,0.373,9.0,12.0,0.75,28.0,38.0,66.0,20.0,12.0,6.0,12.0,34.0,68.0,0.0,,2020,2019-20
412.0,Nic Claxton,20.0,BRK,C,15.0,0.0,187.0,27.0,48.0,0.563,1.0,7.0,0.143,26.0,41.0,0.634,0.573,11.0,21.0,0.524,19.0,25.0,44.0,16.0,1.0,8.0,9.0,14.0,66.0,0.0,,2020,2019-20
413.0,Caleb Swanigan,22.0,2TM,PF,27.0,1.0,288.0,28.0,47.0,0.596,0.0,2.0,0.0,28.0,45.0,0.622,0.596,9.0,17.0,0.529,27.0,73.0,100.0,31.0,3.0,7.0,37.0,62.0,65.0,0.0,,2020,2019-20
413.0,Caleb Swanigan,22.0,SAC,C,7.0,0.0,23.0,2.0,4.0,0.5,0.0,0.0,,2.0,4.0,0.5,0.5,1.0,2.0,0.5,2.0,5.0,7.0,2.0,1.0,2.0,6.0,8.0,5.0,0.0,,2020,2019-20
413.0,Caleb Swanigan,22.0,POR,PF,20.0,1.0,265.0,26.0,43.0,0.605,0.0,2.0,0.0,26.0,41.0,0.634,0.605,8.0,15.0,0.533,25.0,68.0,93.0,29.0,2.0,5.0,31.0,54.0,60.0,0.0,,2020,2019-20
414.0,Jeremiah Martin,23.0,BRK,PG,9.0,0.0,99.0,24.0,53.0,0.453,5.0,18.0,0.278,19.0,35.0,0.543,0.5,11.0,14.0,0.786,1.0,9.0,10.0,18.0,7.0,2.0,4.0,7.0,64.0,0.0,,2020,2019-20
415.0,C.J. Miles,32.0,WAS,SF,10.0,0.0,161.0,19.0,59.0,0.322,11.0,35.0,0.314,8.0,24.0,0.333,0.415,15.0,20.0,0.75,4.0,8.0,12.0,12.0,10.0,4.0,4.0,14.0,64.0,0.0,,2020,2019-20
416.0,Wenyen Gabriel,22.0,2TM,PF,30.0,1.0,235.0,21.0,48.0,0.438,6.0,20.0,0.3,15.0,28.0,0.536,0.5,15.0,22.0,0.682,21.0,31.0,52.0,8.0,11.0,7.0,16.0,39.0,63.0,0.0,,2020,2019-20
416.0,Wenyen Gabriel,22.0,SAC,PF,11.0,0.0,61.0,6.0,17.0,0.353,1.0,8.0,0.125,5.0,9.0,0.556,0.382,6.0,10.0,0.6,4.0,6.0,10.0,3.0,3.0,2.0,5.0,7.0,19.0,0.0,,2020,2019-20
416.0,Wenyen Gabriel,22.0,POR,PF,19.0,1.0,174.0,15.0,31.0,0.484,5.0,12.0,0.417,10.0,19.0,0.526,0.565,9.0,12.0,0.75,17.0,25.0,42.0,5.0,8.0,5.0,11.0,32.0,44.0,0.0,,2020,2019-20
417.0,Frank Mason III,25.0,MIL,PG,9.0,0.0,118.0,23.0,51.0,0.451,6.0,21.0,0.286,17.0,30.0,0.567,0.51,10.0,17.0,0.588,5.0,14.0,19.0,29.0,5.0,1.0,11.0,11.0,62.0,0.0,,2020,2019-20
418.0,Rayjon Tucker,22.0,UTA,SG,20.0,0.0,161.0,20.0,43.0,0.465,3.0,17.0,0.176,17.0,26.0,0.654,0.5,19.0,23.0,0.826,3.0,17.0,20.0,5.0,1.0,1.0,8.0,10.0,62.0,0.0,,2020,2019-20
419.0,Evan Turner,31.0,ATL,SG,19.0,0.0,251.0,25.0,67.0,0.373,0.0,5.0,0.0,25.0,62.0,0.403,0.373,12.0,14.0,0.857,8.0,30.0,38.0,38.0,9.0,8.0,26.0,20.0,62.0,0.0,,2020,2019-20
420.0,Stanley Johnson,23.0,TOR,PF,25.0,0.0,150.0,22.0,59.0,0.373,7.0,24.0,0.292,15.0,35.0,0.429,0.432,9.0,16.0,0.563,7.0,30.0,37.0,20.0,6.0,4.0,15.0,16.0,60.0,0.0,,2020,2019-20
421.0,Michael Kidd-Gilchrist,26.0,2TM,PF,25.0,0.0,281.0,22.0,66.0,0.333,5.0,20.0,0.25,17.0,46.0,0.37,0.371,11.0,14.0,0.786,14.0,53.0,67.0,14.0,2.0,6.0,16.0,37.0,60.0,0.0,,2020,2019-20
421.0,Michael Kidd-Gilchrist,26.0,CHO,PF,12.0,0.0,160.0,18.0,53.0,0.34,5.0,17.0,0.294,13.0,36.0,0.361,0.387,7.0,9.0,0.778,9.0,26.0,35.0,10.0,0.0,3.0,7.0,18.0,48.0,0.0,,2020,2019-20
421.0,Michael Kidd-Gilchrist,26.0,DAL,PF,13.0,0.0,121.0,4.0,13.0,0.308,0.0,3.0,0.0,4.0,10.0,0.4,0.308,4.0,5.0,0.8,5.0,27.0,32.0,4.0,2.0,3.0,9.0,19.0,12.0,0.0,,2020,2019-20
422.0,Alen Smailagić,19.0,GSW,C,14.0,0.0,139.0,20.0,40.0,0.5,3.0,13.0,0.231,17.0,27.0,0.63,0.538,16.0,19.0,0.842,10.0,17.0,27.0,13.0,3.0,4.0,11.0,14.0,59.0,0.0,,2020,2019-20
423.0,Amir Coffey,22.0,LAC,SG,18.0,1.0,159.0,23.0,54.0,0.426,6.0,19.0,0.316,17.0,35.0,0.486,0.481,6.0,11.0,0.545,4.0,12.0,16.0,14.0,5.0,2.0,8.0,20.0,58.0,0.0,,2020,2019-20
424.0,Chimezie Metu,22.0,SAS,C,18.0,0.0,105.0,24.0,42.0,0.571,0.0,2.0,0.0,24.0,40.0,0.6,0.571,10.0,13.0,0.769,12.0,21.0,33.0,10.0,3.0,6.0,10.0,7.0,58.0,0.0,,2020,2019-20
425.0,Jaylen Nowell,20.0,MIN,SG,15.0,0.0,151.0,19.0,53.0,0.358,3.0,26.0,0.115,16.0,27.0,0.593,0.387,16.0,17.0,0.941,3.0,10.0,13.0,19.0,3.0,1.0,3.0,11.0,57.0,0.0,,2020,2019-20
426.0,Norvel Pelle,26.0,PHI,C,24.0,0.0,232.0,25.0,48.0,0.521,0.0,1.0,0.0,25.0,47.0,0.532,0.521,7.0,14.0,0.5,20.0,52.0,72.0,8.0,3.0,31.0,18.0,55.0,57.0,0.0,,2020,2019-20
427.0,Thanasis Antetokounmpo,27.0,MIL,SF,20.0,2.0,129.0,24.0,48.0,0.5,0.0,10.0,0.0,24.0,38.0,0.632,0.5,7.0,17.0,0.412,12.0,12.0,24.0,15.0,7.0,2.0,12.0,18.0,55.0,0.0,,2020,2019-20
428.0,John Konchar,23.0,MEM,SG,19.0,0.0,181.0,24.0,37.0,0.649,5.0,10.0,0.5,19.0,27.0,0.704,0.716,1.0,2.0,0.5,18.0,29.0,47.0,22.0,7.0,3.0,7.0,7.0,54.0,0.0,,2020,2019-20
429.0,Iman Shumpert,29.0,BRK,SF,13.0,0.0,241.0,21.0,64.0,0.328,8.0,33.0,0.242,13.0,31.0,0.419,0.391,4.0,7.0,0.571,9.0,25.0,34.0,12.0,12.0,2.0,10.0,21.0,54.0,0.0,,2020,2019-20
430.0,Derrick Walton,24.0,2TM,PG,26.0,1.0,248.0,18.0,39.0,0.462,10.0,24.0,0.417,8.0,15.0,0.533,0.59,7.0,9.0,0.778,2.0,14.0,16.0,27.0,7.0,0.0,5.0,21.0,53.0,0.0,,2020,2019-20
430.0,Derrick Walton,24.0,LAC,PG,23.0,1.0,222.0,17.0,36.0,0.472,9.0,21.0,0.429,8.0,15.0,0.533,0.597,7.0,9.0,0.778,2.0,13.0,15.0,22.0,4.0,0.0,4.0,19.0,50.0,0.0,,2020,2019-20
430.0,Derrick Walton,24.0,DET,PG,3.0,0.0,26.0,1.0,3.0,0.333,1.0,3.0,0.333,0.0,0.0,,0.5,0.0,0.0,,0.0,1.0,1.0,5.0,3.0,0.0,1.0,2.0,3.0,0.0,,2020,2019-20
431.0,Ed Davis,30.0,UTA,C,28.0,1.0,303.0,22.0,46.0,0.478,0.0,0.0,,22.0,46.0,0.478,0.478,7.0,14.0,0.5,35.0,70.0,105.0,12.0,11.0,9.0,13.0,61.0,51.0,0.0,,2020,2019-20
432.0,Kadeem Allen,27.0,NYK,PG,10.0,0.0,117.0,19.0,44.0,0.432,5.0,16.0,0.313,14.0,28.0,0.5,0.489,7.0,11.0,0.636,2.0,7.0,9.0,21.0,5.0,2.0,8.0,7.0,50.0,0.0,,2020,2019-20
433.0,DaQuan Jeffries,22.0,SAC,SG,13.0,0.0,141.0,20.0,40.0,0.5,5.0,18.0,0.278,15.0,22.0,0.682,0.563,5.0,6.0,0.833,3.0,15.0,18.0,7.0,4.0,1.0,2.0,19.0,50.0,0.0,,2020,2019-20
434.0,Johnathan Williams,24.0,WAS,PF,15.0,6.0,180.0,19.0,34.0,0.559,0.0,2.0,0.0,19.0,32.0,0.594,0.559,7.0,13.0,0.538,24.0,40.0,64.0,8.0,1.0,8.0,5.0,16.0,45.0,0.0,,2020,2019-20
435.0,Mfiondu Kabengele,22.0,LAC,C,12.0,0.0,64.0,14.0,32.0,0.438,9.0,20.0,0.45,5.0,12.0,0.417,0.578,5.0,5.0,1.0,1.0,10.0,11.0,2.0,2.0,2.0,2.0,9.0,42.0,0.0,,2020,2019-20
436.0,Vincent Poirier,26.0,BOS,C,22.0,0.0,130.0,17.0,36.0,0.472,1.0,2.0,0.5,16.0,34.0,0.471,0.486,6.0,7.0,0.857,13.0,30.0,43.0,8.0,2.0,9.0,8.0,25.0,41.0,0.0,,2020,2019-20
437.0,Bol Bol,20.0,DEN,PF,7.0,0.0,87.0,14.0,28.0,0.5,4.0,9.0,0.444,10.0,19.0,0.526,0.571,8.0,10.0,0.8,5.0,14.0,19.0,6.0,2.0,6.0,10.0,11.0,40.0,0.0,,2020,2019-20
438.0,Melvin Frazier,23.0,ORL,SG,19.0,0.0,126.0,15.0,34.0,0.441,8.0,16.0,0.5,7.0,18.0,0.389,0.559,2.0,4.0,0.5,2.0,8.0,10.0,3.0,9.0,2.0,5.0,11.0,40.0,0.0,,2020,2019-20
439.0,Tyrone Wallace,25.0,ATL,SG,14.0,0.0,160.0,14.0,44.0,0.318,1.0,15.0,0.067,13.0,29.0,0.448,0.33,11.0,17.0,0.647,3.0,19.0,22.0,13.0,7.0,1.0,10.0,19.0,40.0,0.0,,2020,2019-20
440.0,Tremont Waters,22.0,BOS,PG,11.0,1.0,119.0,14.0,49.0,0.286,4.0,24.0,0.167,10.0,25.0,0.4,0.327,8.0,8.0,1.0,0.0,12.0,12.0,16.0,10.0,2.0,15.0,13.0,40.0,0.0,,2020,2019-20
441.0,Donta Hall,22.0,2TM,PF,9.0,0.0,133.0,15.0,22.0,0.682,0.0,0.0,,15.0,22.0,0.682,0.682,9.0,18.0,0.5,14.0,24.0,38.0,4.0,3.0,6.0,5.0,23.0,39.0,0.0,,2020,2019-20
441.0,Donta Hall,22.0,DET,PF,4.0,0.0,48.0,1.0,4.0,0.25,0.0,0.0,,1.0,4.0,0.25,0.25,4.0,6.0,0.667,6.0,9.0,15.0,2.0,1.0,1.0,2.0,9.0,6.0,0.0,,2020,2019-20
441.0,Donta Hall,22.0,BRK,C,5.0,0.0,85.0,14.0,18.0,0.778,0.0,0.0,,14.0,18.0,0.778,0.778,5.0,12.0,0.417,8.0,15.0,23.0,2.0,2.0,5.0,3.0,14.0,33.0,0.0,,2020,2019-20
442.0,Jaylen Hoard,20.0,POR,PF,13.0,0.0,103.0,15.0,32.0,0.469,0.0,3.0,0.0,15.0,29.0,0.517,0.469,8.0,13.0,0.615,14.0,18.0,32.0,4.0,5.0,0.0,4.0,12.0,38.0,0.0,,2020,2019-20
443.0,Oshae Brissett,21.0,TOR,SF,19.0,0.0,135.0,13.0,36.0,0.361,3.0,15.0,0.2,10.0,21.0,0.476,0.403,8.0,10.0,0.8,9.0,17.0,26.0,7.0,4.0,1.0,7.0,18.0,37.0,0.0,,2020,2019-20
444.0,Juwan Morgan,22.0,UTA,PF,21.0,0.0,134.0,15.0,26.0,0.577,3.0,8.0,0.375,12.0,18.0,0.667,0.635,3.0,4.0,0.75,10.0,19.0,29.0,6.0,1.0,2.0,6.0,19.0,36.0,0.0,,2020,2019-20
445.0,Yuta Watanabe,25.0,MEM,SF,18.0,0.0,105.0,15.0,34.0,0.441,3.0,8.0,0.375,12.0,26.0,0.462,0.485,3.0,8.0,0.375,7.0,13.0,20.0,5.0,5.0,1.0,2.0,9.0,36.0,0.0,,2020,2019-20
446.0,Malcolm Miller,26.0,TOR,SF,28.0,1.0,162.0,12.0,29.0,0.414,8.0,22.0,0.364,4.0,7.0,0.571,0.552,3.0,8.0,0.375,2.0,14.0,16.0,11.0,5.0,2.0,4.0,18.0,35.0,0.0,,2020,2019-20
447.0,Miye Oni,22.0,UTA,SF,10.0,1.0,109.0,12.0,32.0,0.375,7.0,19.0,0.368,5.0,13.0,0.385,0.484,4.0,5.0,0.8,5.0,12.0,17.0,4.0,4.0,2.0,4.0,9.0,35.0,0.0,,2020,2019-20
448.0,Tyson Chandler,37.0,HOU,C,26.0,5.0,219.0,14.0,18.0,0.778,0.0,0.0,,14.0,18.0,0.778,0.778,6.0,13.0,0.462,25.0,41.0,66.0,6.0,6.0,8.0,8.0,32.0,34.0,0.0,,2020,2019-20
449.0,Talen Horton-Tucker,19.0,LAL,SG,6.0,1.0,81.0,14.0,30.0,0.467,4.0,13.0,0.308,10.0,17.0,0.588,0.533,2.0,4.0,0.5,2.0,5.0,7.0,6.0,8.0,1.0,6.0,10.0,34.0,0.0,,2020,2019-20
450.0,Alize Johnson,23.0,IND,PF,17.0,1.0,118.0,12.0,29.0,0.414,3.0,8.0,0.375,9.0,21.0,0.429,0.466,7.0,10.0,0.7,16.0,32.0,48.0,7.0,3.0,2.0,7.0,12.0,34.0,0.0,,2020,2019-20
451.0,Adam Mokoka,21.0,CHI,SF,11.0,0.0,112.0,12.0,28.0,0.429,6.0,15.0,0.4,6.0,13.0,0.462,0.536,2.0,4.0,0.5,7.0,3.0,10.0,4.0,4.0,0.0,2.0,17.0,32.0,0.0,,2020,2019-20
452.0,Paul Watson,25.0,2TM,SF,10.0,0.0,87.0,10.0,26.0,0.385,4.0,12.0,0.333,6.0,14.0,0.429,0.462,7.0,9.0,0.778,2.0,15.0,17.0,8.0,4.0,1.0,3.0,5.0,31.0,0.0,,2020,2019-20
452.0,Paul Watson,25.0,ATL,SF,2.0,0.0,17.0,0.0,7.0,0.0,0.0,3.0,0.0,0.0,4.0,0.0,0.0,0.0,0.0,,0.0,2.0,2.0,3.0,1.0,0.0,0.0,1.0,0.0,0.0,,2020,2019-20
452.0,Paul Watson,25.0,TOR,SF,8.0,0.0,70.0,10.0,19.0,0.526,4.0,9.0,0.444,6.0,10.0,0.6,0.632,7.0,9.0,0.778,2.0,13.0,15.0,5.0,3.0,1.0,3.0,4.0,31.0,0.0,,2020,2019-20
453.0,B.J. Johnson,24.0,ORL,SF,10.0,0.0,83.0,9.0,32.0,0.281,3.0,9.0,0.333,6.0,23.0,0.261,0.328,9.0,10.0,0.9,3.0,12.0,15.0,3.0,3.0,0.0,6.0,3.0,30.0,0.0,,2020,2019-20
454.0,Justin Anderson,26.0,BRK,SG,10.0,1.0,107.0,10.0,38.0,0.263,6.0,29.0,0.207,4.0,9.0,0.444,0.342,2.0,4.0,0.5,1.0,20.0,21.0,8.0,0.0,6.0,4.0,13.0,28.0,0.0,,2020,2019-20
455.0,Johnathan Motley,24.0,LAC,PF,13.0,0.0,41.0,11.0,15.0,0.733,1.0,1.0,1.0,10.0,14.0,0.714,0.767,5.0,7.0,0.714,3.0,7.0,10.0,8.0,3.0,0.0,5.0,6.0,28.0,0.0,,2020,2019-20
456.0,Michael Frazier,25.0,HOU,SG,13.0,0.0,145.0,7.0,29.0,0.241,4.0,23.0,0.174,3.0,6.0,0.5,0.31,9.0,14.0,0.643,1.0,9.0,10.0,2.0,2.0,0.0,5.0,22.0,27.0,0.0,,2020,2019-20
457.0,Jerian Grant,27.0,WAS,SG,6.0,0.0,80.0,10.0,27.0,0.37,2.0,8.0,0.25,8.0,19.0,0.421,0.407,5.0,7.0,0.714,2.0,4.0,6.0,9.0,1.0,1.0,3.0,11.0,27.0,0.0,,2020,2019-20
458.0,Jeremy Pargo,33.0,GSW,PG,3.0,0.0,44.0,11.0,22.0,0.5,3.0,7.0,0.429,8.0,15.0,0.533,0.568,0.0,1.0,0.0,1.0,2.0,3.0,8.0,1.0,0.0,4.0,8.0,25.0,0.0,,2020,2019-20
459.0,Jarrell Brantley,23.0,UTA,PF,9.0,0.0,96.0,10.0,28.0,0.357,3.0,13.0,0.231,7.0,15.0,0.467,0.411,1.0,2.0,0.5,2.0,18.0,20.0,11.0,3.0,5.0,7.0,7.0,24.0,0.0,,2020,2019-20
460.0,Lance Thomas,31.0,BRK,PF,7.0,4.0,98.0,8.0,23.0,0.348,4.0,13.0,0.308,4.0,10.0,0.4,0.435,4.0,4.0,1.0,2.0,11.0,13.0,6.0,0.0,0.0,6.0,11.0,24.0,0.0,,2020,2019-20
461.0,Tacko Fall,24.0,BOS,C,7.0,0.0,33.0,11.0,14.0,0.786,0.0,0.0,,11.0,14.0,0.786,0.786,1.0,3.0,0.333,1.0,14.0,15.0,1.0,1.0,4.0,3.0,7.0,23.0,0.0,,2020,2019-20
462.0,Tyler Cook,22.0,2TM,PF,13.0,0.0,54.0,8.0,12.0,0.667,0.0,0.0,,8.0,12.0,0.667,0.667,7.0,8.0,0.875,6.0,8.0,14.0,1.0,3.0,0.0,3.0,5.0,23.0,0.0,,2020,2019-20
462.0,Tyler Cook,22.0,CLE,PF,11.0,0.0,35.0,7.0,10.0,0.7,0.0,0.0,,7.0,10.0,0.7,0.7,5.0,6.0,0.833,4.0,6.0,10.0,1.0,1.0,0.0,1.0,4.0,19.0,0.0,,2020,2019-20
462.0,Tyler Cook,22.0,DEN,SF,2.0,0.0,19.0,1.0,2.0,0.5,0.0,0.0,,1.0,2.0,0.5,0.5,2.0,2.0,1.0,2.0,2.0,4.0,0.0,2.0,0.0,2.0,1.0,4.0,0.0,,2020,2019-20
463.0,Gabe Vincent,23.0,MIA,PG,9.0,0.0,83.0,8.0,37.0,0.216,6.0,27.0,0.222,2.0,10.0,0.2,0.297,0.0,0.0,,0.0,5.0,5.0,6.0,5.0,0.0,1.0,6.0,22.0,0.0,,2020,2019-20
464.0,Charlie Brown Jr.,22.0,ATL,SG,10.0,0.0,40.0,6.0,19.0,0.316,3.0,9.0,0.333,3.0,10.0,0.3,0.395,5.0,5.0,1.0,2.0,2.0,4.0,2.0,2.0,2.0,3.0,3.0,20.0,0.0,,2020,2019-20
465.0,Devon Hall,24.0,OKC,PG,11.0,0.0,81.0,6.0,30.0,0.2,4.0,17.0,0.235,2.0,13.0,0.154,0.267,4.0,8.0,0.5,2.0,5.0,7.0,13.0,4.0,1.0,5.0,6.0,20.0,0.0,,2020,2019-20
466.0,Louis King,20.0,DET,SF,10.0,0.0,62.0,8.0,21.0,0.381,4.0,11.0,0.364,4.0,10.0,0.4,0.476,0.0,3.0,0.0,1.0,9.0,10.0,5.0,2.0,0.0,2.0,10.0,20.0,0.0,,2020,2019-20
467.0,Andre Roberson,28.0,OKC,SF,7.0,0.0,87.0,8.0,29.0,0.276,3.0,14.0,0.214,5.0,15.0,0.333,0.328,1.0,2.0,0.5,7.0,20.0,27.0,4.0,1.0,3.0,2.0,13.0,20.0,0.0,,2020,2019-20
468.0,Dean Wade,23.0,CLE,PF,12.0,0.0,71.0,9.0,13.0,0.692,2.0,4.0,0.5,7.0,9.0,0.778,0.769,0.0,1.0,0.0,3.0,16.0,19.0,2.0,2.0,4.0,3.0,8.0,20.0,0.0,,2020,2019-20
469.0,Justin Wright-Foreman,22.0,UTA,PG,4.0,0.0,45.0,7.0,20.0,0.35,2.0,10.0,0.2,5.0,10.0,0.5,0.4,3.0,4.0,0.75,0.0,5.0,5.0,7.0,2.0,0.0,3.0,5.0,19.0,0.0,,2020,2019-20
470.0,Jarrod Uthoff,26.0,2TM,PF,7.0,0.0,53.0,7.0,18.0,0.389,3.0,9.0,0.333,4.0,9.0,0.444,0.472,2.0,2.0,1.0,2.0,4.0,6.0,0.0,1.0,0.0,0.0,2.0,19.0,0.0,,2020,2019-20
470.0,Jarrod Uthoff,26.0,MEM,PF,4.0,0.0,14.0,1.0,7.0,0.143,0.0,4.0,0.0,1.0,3.0,0.333,0.143,2.0,2.0,1.0,1.0,0.0,1.0,0.0,1.0,0.0,0.0,1.0,4.0,0.0,,2020,2019-20
470.0,Jarrod Uthoff,26.0,WAS,PF,3.0,0.0,39.0,6.0,11.0,0.545,3.0,5.0,0.6,3.0,6.0,0.5,0.682,0.0,0.0,,1.0,4.0,5.0,0.0,0.0,0.0,0.0,1.0,15.0,0.0,,2020,2019-20
471.0,Ignas Brazdeikis,21.0,NYK,SF,9.0,0.0,53.0,6.0,22.0,0.273,1.0,9.0,0.111,5.0,13.0,0.385,0.295,4.0,5.0,0.8,2.0,3.0,5.0,4.0,0.0,1.0,2.0,3.0,17.0,0.0,,2020,2019-20
472.0,Vlatko Čančar,22.0,DEN,PF,14.0,0.0,45.0,6.0,15.0,0.4,1.0,6.0,0.167,5.0,9.0,0.556,0.433,4.0,4.0,1.0,5.0,5.0,10.0,3.0,1.0,1.0,3.0,7.0,17.0,0.0,,2020,2019-20
473.0,Kevin Hervey,23.0,OKC,PF,10.0,0.0,52.0,7.0,27.0,0.259,3.0,20.0,0.15,4.0,7.0,0.571,0.315,0.0,0.0,,1.0,11.0,12.0,5.0,1.0,1.0,0.0,4.0,17.0,0.0,,2020,2019-20
474.0,J.R. Smith,34.0,LAL,SG,6.0,0.0,79.0,7.0,22.0,0.318,1.0,11.0,0.091,6.0,11.0,0.545,0.341,2.0,2.0,1.0,0.0,5.0,5.0,3.0,1.0,0.0,4.0,5.0,17.0,0.0,,2020,2019-20
475.0,Khyri Thomas,23.0,DET,SG,8.0,0.0,61.0,5.0,17.0,0.294,5.0,14.0,0.357,0.0,3.0,0.0,0.441,2.0,4.0,0.5,1.0,0.0,1.0,3.0,3.0,0.0,3.0,9.0,17.0,0.0,,2020,2019-20
476.0,Luka Šamanić,20.0,SAS,PF,3.0,1.0,48.0,5.0,16.0,0.313,3.0,8.0,0.375,2.0,8.0,0.25,0.406,3.0,4.0,0.75,1.0,9.0,10.0,6.0,0.0,2.0,2.0,6.0,16.0,0.0,,2020,2019-20
477.0,Sindarius Thornwell,25.0,NOP,SF,2.0,0.0,35.0,6.0,11.0,0.545,2.0,4.0,0.5,4.0,7.0,0.571,0.636,2.0,4.0,0.5,0.0,4.0,4.0,4.0,1.0,1.0,2.0,2.0,16.0,0.0,,2020,2019-20
478.0,Amile Jefferson,26.0,ORL,PF,18.0,0.0,74.0,5.0,14.0,0.357,0.0,0.0,,5.0,14.0,0.357,0.357,5.0,14.0,0.357,10.0,13.0,23.0,4.0,1.0,3.0,3.0,7.0,15.0,0.0,,2020,2019-20
479.0,Vic Law,24.0,ORL,PF,8.0,0.0,62.0,6.0,18.0,0.333,1.0,7.0,0.143,5.0,11.0,0.455,0.361,2.0,6.0,0.333,2.0,9.0,11.0,3.0,2.0,0.0,2.0,6.0,15.0,0.0,,2020,2019-20
480.0,Dewan Hernandez,23.0,TOR,C,6.0,0.0,28.0,5.0,14.0,0.357,1.0,2.0,0.5,4.0,12.0,0.333,0.393,3.0,5.0,0.6,5.0,9.0,14.0,3.0,1.0,0.0,3.0,6.0,14.0,0.0,,2020,2019-20
481.0,Naz Mitrou-Long,26.0,IND,SG,5.0,0.0,47.0,6.0,17.0,0.353,2.0,12.0,0.167,4.0,5.0,0.8,0.412,0.0,0.0,,0.0,7.0,7.0,8.0,1.0,1.0,3.0,2.0,14.0,0.0,,2020,2019-20
482.0,Joakim Noah,34.0,LAC,C,5.0,0.0,50.0,4.0,8.0,0.5,0.0,0.0,,4.0,8.0,0.5,0.5,6.0,8.0,0.75,5.0,11.0,16.0,7.0,1.0,1.0,6.0,9.0,14.0,0.0,,2020,2019-20
483.0,Chandler Parsons,31.0,ATL,PF,5.0,0.0,54.0,5.0,18.0,0.278,4.0,14.0,0.286,1.0,4.0,0.25,0.389,0.0,0.0,,1.0,6.0,7.0,3.0,4.0,1.0,3.0,3.0,14.0,0.0,,2020,2019-20
484.0,Nigel Williams-Goss,25.0,UTA,PG,10.0,0.0,50.0,5.0,16.0,0.313,2.0,7.0,0.286,3.0,9.0,0.333,0.375,2.0,2.0,1.0,2.0,4.0,6.0,6.0,3.0,1.0,3.0,6.0,14.0,0.0,,2020,2019-20
485.0,Justin Robinson,22.0,WAS,PG,9.0,0.0,49.0,5.0,12.0,0.417,3.0,5.0,0.6,2.0,7.0,0.286,0.542,0.0,0.0,,1.0,4.0,5.0,7.0,0.0,1.0,3.0,2.0,13.0,0.0,,2020,2019-20
486.0,Jordan Bone,22.0,DET,PG,10.0,0.0,53.0,5.0,20.0,0.25,2.0,10.0,0.2,3.0,10.0,0.3,0.3,0.0,0.0,,0.0,4.0,4.0,8.0,1.0,0.0,2.0,6.0,12.0,0.0,,2020,2019-20
487.0,Zylan Cheatham,24.0,NOP,PF,4.0,0.0,51.0,6.0,9.0,0.667,0.0,1.0,0.0,6.0,8.0,0.75,0.667,0.0,0.0,,3.0,6.0,9.0,3.0,1.0,1.0,4.0,10.0,12.0,0.0,,2020,2019-20
488.0,Dusty Hannahs,26.0,MEM,SG,2.0,0.0,13.0,4.0,9.0,0.444,2.0,3.0,0.667,2.0,6.0,0.333,0.556,2.0,2.0,1.0,0.0,1.0,1.0,0.0,0.0,0.0,0.0,1.0,12.0,0.0,,2020,2019-20
489.0,Udonis Haslem,39.0,MIA,C,4.0,1.0,44.0,4.0,11.0,0.364,1.0,3.0,0.333,3.0,8.0,0.375,0.409,3.0,4.0,0.75,1.0,15.0,16.0,1.0,0.0,0.0,1.0,6.0,12.0,0.0,,2020,2019-20
490.0,Josh Magette,30.0,ORL,PG,8.0,0.0,38.0,5.0,15.0,0.333,1.0,4.0,0.25,4.0,11.0,0.364,0.367,1.0,2.0,0.5,1.0,5.0,6.0,5.0,3.0,1.0,5.0,4.0,12.0,0.0,,2020,2019-20
491.0,Quinndary Weatherspoon,23.0,SAS,SG,11.0,0.0,78.0,5.0,17.0,0.294,1.0,5.0,0.2,4.0,12.0,0.333,0.324,1.0,2.0,0.5,1.0,6.0,7.0,11.0,3.0,1.0,5.0,8.0,12.0,0.0,,2020,2019-20
492.0,Jarred Vanderbilt,20.0,2TM,PF,11.0,0.0,46.0,5.0,8.0,0.625,0.0,1.0,0.0,5.0,7.0,0.714,0.625,2.0,2.0,1.0,3.0,6.0,9.0,2.0,3.0,1.0,7.0,6.0,12.0,0.0,,2020,2019-20
492.0,Jarred Vanderbilt,20.0,DEN,PF,9.0,0.0,41.0,5.0,7.0,0.714,0.0,0.0,,5.0,7.0,0.714,0.714,0.0,0.0,,3.0,5.0,8.0,2.0,3.0,1.0,7.0,6.0,10.0,0.0,,2020,2019-20
492.0,Jarred Vanderbilt,20.0,MIN,PF,2.0,0.0,5.0,0.0,1.0,0.0,0.0,1.0,0.0,0.0,0.0,,0.0,2.0,2.0,1.0,0.0,1.0,1.0,0.0,0.0,0.0,0.0,0.0,2.0,0.0,,2020,2019-20
493.0,Moses Brown,20.0,POR,C,9.0,0.0,33.0,4.0,10.0,0.4,0.0,0.0,,4.0,10.0,0.4,0.4,3.0,8.0,0.375,3.0,11.0,14.0,1.0,1.0,1.0,3.0,7.0,11.0,0.0,,2020,2019-20
494.0,Antonius Cleveland,25.0,DAL,SG,11.0,0.0,46.0,4.0,14.0,0.286,0.0,3.0,0.0,4.0,11.0,0.364,0.286,3.0,5.0,0.6,2.0,5.0,7.0,1.0,1.0,3.0,2.0,8.0,11.0,0.0,,2020,2019-20
495.0,Marial Shayok,24.0,PHI,SG,4.0,0.0,28.0,3.0,12.0,0.25,2.0,6.0,0.333,1.0,6.0,0.167,0.333,3.0,4.0,0.75,1.0,6.0,7.0,1.0,0.0,1.0,3.0,4.0,11.0,0.0,,2020,2019-20
496.0,Jalen Lecque,19.0,PHO,SG,5.0,0.0,32.0,4.0,10.0,0.4,0.0,4.0,0.0,4.0,6.0,0.667,0.4,2.0,2.0,1.0,0.0,2.0,2.0,2.0,0.0,0.0,2.0,3.0,10.0,0.0,,2020,2019-20
497.0,Zach Norvell,22.0,2TM,SG,5.0,0.0,41.0,3.0,12.0,0.25,3.0,8.0,0.375,0.0,4.0,0.0,0.375,1.0,1.0,1.0,0.0,6.0,6.0,3.0,2.0,0.0,3.0,4.0,10.0,0.0,,2020,2019-20
497.0,Zach Norvell,22.0,LAL,SG,2.0,0.0,5.0,0.0,1.0,0.0,0.0,0.0,,0.0,1.0,0.0,0.0,0.0,0.0,,0.0,1.0,1.0,0.0,0.0,0.0,0.0,0.0,0.0,0.0,,2020,2019-20
497.0,Zach Norvell,22.0,GSW,SG,3.0,0.0,36.0,3.0,11.0,0.273,3.0,8.0,0.375,0.0,3.0,0.0,0.409,1.0,1.0,1.0,0.0,5.0,5.0,3.0,2.0,0.0,3.0,4.0,10.0,0.0,,2020,2019-20
498.0,Jonah Bolden,24.0,2TM,C,7.0,0.0,47.0,4.0,11.0,0.364,0.0,4.0,0.0,4.0,7.0,0.571,0.364,2.0,4.0,0.5,3.0,6.0,9.0,0.0,3.0,2.0,2.0,10.0,10.0,0.0,,2020,2019-20
498.0,Jonah Bolden,24.0,PHI,C,4.0,0.0,14.0,2.0,3.0,0.667,0.0,1.0,0.0,2.0,2.0,1.0,0.667,0.0,2.0,0.0,0.0,1.0,1.0,0.0,1.0,0.0,2.0,4.0,4.0,0.0,,2020,2019-20
498.0,Jonah Bolden,24.0,PHO,C,3.0,0.0,33.0,2.0,8.0,0.25,0.0,3.0,0.0,2.0,5.0,0.4,0.25,2.0,2.0,1.0,3.0,5.0,8.0,0.0,2.0,2.0,0.0,6.0,6.0,0.0,,2020,2019-20
499.0,Justin Patton,22.0,OKC,C,5.0,0.0,24.0,4.0,10.0,0.4,1.0,4.0,0.25,3.0,6.0,0.5,0.45,0.0,0.0,,1.0,4.0,5.0,2.0,0.0,0.0,2.0,4.0,9.0,0.0,,2020,2019-20
500.0,Shamorie Ponds,21.0,TOR,PG,4.0,0.0,11.0,3.0,5.0,0.6,1.0,2.0,0.5,2.0,3.0,0.667,0.7,2.0,2.0,1.0,0.0,1.0,1.0,2.0,0.0,1.0,0.0,2.0,9.0,0.0,,2020,2019-20
501.0,Josh Reaves,22.0,DAL,SF,4.0,0.0,28.0,3.0,9.0,0.333,0.0,2.0,0.0,3.0,7.0,0.429,0.333,2.0,2.0,1.0,1.0,2.0,3.0,3.0,0.0,0.0,0.0,5.0,8.0,0.0,,2020,2019-20
502.0,Zhaire Smith,20.0,PHI,SF,7.0,0.0,32.0,3.0,11.0,0.273,0.0,3.0,0.0,3.0,8.0,0.375,0.273,2.0,4.0,0.5,0.0,2.0,2.0,2.0,3.0,0.0,2.0,4.0,8.0,0.0,,2020,2019-20
503.0,Kostas Antetokounmpo,22.0,LAL,PF,5.0,0.0,20.0,3.0,3.0,1.0,0.0,0.0,,3.0,3.0,1.0,1.0,1.0,2.0,0.5,2.0,1.0,3.0,2.0,0.0,0.0,1.0,2.0,7.0,0.0,,2020,2019-20
504.0,KZ Okpala,20.0,MIA,PF,5.0,0.0,26.0,3.0,5.0,0.6,0.0,1.0,0.0,3.0,4.0,0.75,0.6,1.0,2.0,0.5,1.0,4.0,5.0,1.0,2.0,1.0,1.0,2.0,7.0,0.0,,2020,2019-20
505.0,Brian Bowen,21.0,IND,SF,6.0,1.0,31.0,3.0,10.0,0.3,0.0,2.0,0.0,3.0,8.0,0.375,0.3,0.0,0.0,,1.0,6.0,7.0,0.0,0.0,1.0,1.0,3.0,6.0,0.0,,2020,2019-20
506.0,Devontae Cacok,23.0,LAL,C,1.0,0.0,9.0,3.0,6.0,0.5,0.0,0.0,,3.0,6.0,0.5,0.5,0.0,0.0,,2.0,3.0,5.0,1.0,0.0,0.0,0.0,0.0,6.0,0.0,,2020,2019-20
507.0,Eric Mika,25.0,SAC,C,1.0,0.0,19.0,2.0,3.0,0.667,0.0,0.0,,2.0,3.0,0.667,0.667,2.0,2.0,1.0,2.0,5.0,7.0,0.0,0.0,0.0,0.0,5.0,6.0,0.0,,2020,2019-20
508.0,Ryan Anderson,31.0,HOU,C,2.0,0.0,14.0,2.0,7.0,0.286,1.0,5.0,0.2,1.0,2.0,0.5,0.357,0.0,0.0,,0.0,7.0,7.0,2.0,1.0,0.0,1.0,1.0,5.0,0.0,,2020,2019-20
509.0,Corey Brewer,33.0,SAC,PF,5.0,0.0,33.0,2.0,4.0,0.5,0.0,1.0,0.0,2.0,3.0,0.667,0.5,1.0,3.0,0.333,2.0,6.0,8.0,2.0,4.0,0.0,2.0,7.0,5.0,0.0,,2020,2019-20
510.0,Jamal Crawford,39.0,BRK,SG,1.0,0.0,6.0,2.0,4.0,0.5,1.0,2.0,0.5,1.0,2.0,0.5,0.625,0.0,0.0,,0.0,0.0,0.0,3.0,0.0,0.0,0.0,1.0,5.0,0.0,,2020,2019-20
511.0,Luc Mbah a Moute,33.0,HOU,PF,3.0,0.0,25.0,2.0,5.0,0.4,0.0,2.0,0.0,2.0,3.0,0.667,0.4,1.0,2.0,0.5,1.0,1.0,2.0,0.0,2.0,0.0,1.0,0.0,5.0,0.0,,2020,2019-20
512.0,Chasson Randle,26.0,GSW,PG,3.0,0.0,40.0,0.0,4.0,0.0,0.0,2.0,0.0,0.0,2.0,0.0,0.0,5.0,6.0,0.833,0.0,2.0,2.0,5.0,2.0,0.0,0.0,3.0,5.0,0.0,,2020,2019-20
513.0,Max Strus,23.0,CHI,SF,2.0,0.0,6.0,2.0,3.0,0.667,0.0,1.0,0.0,2.0,2.0,1.0,0.667,1.0,1.0,1.0,1.0,0.0,1.0,0.0,0.0,0.0,0.0,1.0,5.0,0.0,,2020,2019-20
514.0,Kyle Guy,22.0,SAC,SG,3.0,0.0,10.0,2.0,5.0,0.4,0.0,3.0,0.0,2.0,2.0,1.0,0.4,0.0,0.0,,0.0,1.0,1.0,1.0,0.0,0.0,0.0,1.0,4.0,0.0,,2020,2019-20
515.0,Tariq Owens,24.0,PHO,PF,3.0,0.0,15.0,1.0,5.0,0.2,0.0,2.0,0.0,1.0,3.0,0.333,0.2,2.0,2.0,1.0,2.0,1.0,3.0,0.0,1.0,0.0,0.0,1.0,4.0,0.0,,2020,2019-20
516.0,Daryl Macon,24.0,MIA,PG,4.0,0.0,14.0,1.0,3.0,0.333,1.0,2.0,0.5,0.0,1.0,0.0,0.5,0.0,0.0,,0.0,0.0,0.0,1.0,0.0,0.0,2.0,1.0,3.0,0.0,,2020,2019-20
517.0,Kyle Alexander,23.0,MIA,C,2.0,0.0,13.0,1.0,2.0,0.5,0.0,0.0,,1.0,2.0,0.5,0.5,0.0,0.0,,2.0,1.0,3.0,0.0,0.0,0.0,1.0,1.0,2.0,0.0,,2020,2019-20
518.0,Joe Chealey,24.0,CHO,PG,4.0,0.0,33.0,0.0,7.0,0.0,0.0,4.0,0.0,0.0,3.0,0.0,0.0,2.0,2.0,1.0,0.0,0.0,0.0,1.0,4.0,0.0,2.0,2.0,2.0,0.0,,2020,2019-20
519.0,Henry Ellenson,23.0,BRK,C,5.0,0.0,15.0,1.0,7.0,0.143,0.0,4.0,0.0,1.0,3.0,0.333,0.143,0.0,0.0,,2.0,4.0,6.0,1.0,0.0,0.0,0.0,1.0,2.0,0.0,,2020,2019-20
520.0,Josh Gray,26.0,NOP,PG,2.0,0.0,23.0,1.0,2.0,0.5,0.0,0.0,,1.0,2.0,0.5,0.5,0.0,0.0,,1.0,1.0,2.0,2.0,0.0,0.0,5.0,1.0,2.0,0.0,,2020,2019-20
521.0,Jared Harper,22.0,PHO,PG,3.0,0.0,8.0,1.0,4.0,0.25,0.0,2.0,0.0,1.0,2.0,0.5,0.25,0.0,0.0,,0.0,0.0,0.0,0.0,0.0,0.0,0.0,0.0,2.0,0.0,,2020,2019-20
522.0,Matt Mooney,23.0,CLE,SG,4.0,0.0,19.0,1.0,4.0,0.25,0.0,2.0,0.0,1.0,2.0,0.5,0.25,0.0,0.0,,0.0,3.0,3.0,1.0,2.0,1.0,0.0,1.0,2.0,0.0,,2020,2019-20
523.0,Malik Newman,22.0,CLE,SG,1.0,0.0,4.0,0.0,2.0,0.0,0.0,1.0,0.0,0.0,1.0,0.0,0.0,2.0,2.0,1.0,0.0,0.0,0.0,0.0,0.0,0.0,1.0,0.0,2.0,0.0,,2020,2019-20
524.0,Tyler Zeller,30.0,SAS,C,2.0,0.0,4.0,1.0,4.0,0.25,0.0,0.0,,1.0,4.0,0.25,0.25,0.0,0.0,,3.0,1.0,4.0,0.0,0.0,0.0,0.0,0.0,2.0,0.0,,2020,2019-20
525.0,Marques Bolden,21.0,CLE,C,1.0,0.0,3.0,0.0,0.0,,0.0,0.0,,0.0,0.0,,,0.0,0.0,,0.0,2.0,2.0,0.0,1.0,0.0,0.0,1.0,0.0,0.0,,2020,2019-20
526.0,William Howard,26.0,HOU,PF,2.0,0.0,13.0,0.0,4.0,0.0,0.0,4.0,0.0,0.0,0.0,,0.0,0.0,0.0,,0.0,2.0,2.0,1.0,0.0,0.0,1.0,1.0,0.0,0.0,,2020,2019-20
527.0,Stanton Kidd,27.0,UTA,SG,4.0,0.0,15.0,0.0,3.0,0.0,0.0,1.0,0.0,0.0,2.0,0.0,0.0,0.0,0.0,,0.0,3.0,3.0,1.0,0.0,0.0,2.0,3.0,0.0,0.0,,2020,2019-20
528.0,J.P. Macura,24.0,CLE,SG,1.0,0.0,1.0,0.0,0.0,,0.0,0.0,,0.0,0.0,,,0.0,0.0,,0.0,0.0,0.0,0.0,0.0,0.0,0.0,0.0,0.0,0.0,,2020,2019-20
529.0,Isaiah Roby,21.0,OKC,PF,3.0,0.0,11.0,0.0,1.0,0.0,0.0,0.0,,0.0,1.0,0.0,0.0,0.0,0.0,,0.0,2.0,2.0,0.0,0.0,0.0,1.0,1.0,0.0,0.0,,2020,2019-20
,League Average,,,,,,,,,0.46,,,0.358,,,0.524,0.529,,,0.773,,,,,,,,,,,,2020,2019-20
