Rk,Player,Age,Team,Pos,G,GS,MP,FG,FGA,FG%,3P,3PA,3P%,2P,2PA,2P%,eFG%,FT,FTA,FT%,ORB,DRB,TRB,AST,STL,BLK,TOV,PF,PTS,Awards,season_end_year,season
1.0,James Harden,30.0,HOU,SG,68.0,68.0,36.5,9.9,22.3,0.444,4.4,12.4,0.355,5.5,9.9,0.556,0.543,10.2,11.8,0.865,1.0,5.5,6.6,7.5,1.8,0.9,4.5,3.3,34.3,"MVP-3,AS,NBA1",2020,2019-20
2.0,Bradley Beal,26.0,WAS,SG,57.0,57.0,36.0,10.4,22.9,0.455,3.0,8.4,0.353,7.4,14.4,0.515,0.52,6.8,8.0,0.842,0.9,3.3,4.2,6.1,1.2,0.4,3.4,2.2,30.5,,2020,2019-20
3.0,Damian Lillard,29.0,POR,PG,66.0,66.0,37.5,9.5,20.4,0.463,4.1,10.2,0.401,5.4,10.2,0.524,0.563,7.0,7.8,0.888,0.5,3.8,4.3,8.0,1.1,0.3,2.9,1.7,30.0,"MVP-8,AS,NBA2",2020,2019-20
4.0,Trae Young,21.0,ATL,PG,60.0,60.0,35.3,9.1,20.8,0.437,3.4,9.5,0.361,5.7,11.4,0.501,0.519,8.0,9.3,0.86,0.5,3.7,4.3,9.3,1.1,0.1,4.8,1.7,29.6,AS,2020,2019-20
5.0,Giannis Antetokounmpo,25.0,MIL,PF,63.0,63.0,30.4,10.9,19.7,0.553,1.4,4.7,0.304,9.5,15.0,0.631,0.589,6.3,10.0,0.633,2.2,11.4,13.6,5.6,1.0,1.0,3.7,3.1,29.5,"MVP-1,DPOY-1,AS,NBA1,DEF1",2020,2019-20
6.0,Luka Dončić,20.0,DAL,PG,61.0,61.0,33.6,9.5,20.6,0.463,2.8,8.9,0.316,6.7,11.7,0.574,0.531,7.0,9.2,0.758,1.3,8.1,9.4,8.8,1.0,0.2,4.3,2.5,28.8,"MVP-4,AS,NBA1",2020,2019-20
7.0,Kyrie Irving,27.0,BRK,PG,20.0,20.0,32.9,10.0,20.8,0.478,2.8,7.1,0.394,7.2,13.7,0.522,0.546,4.7,5.1,0.922,1.1,4.1,5.2,6.4,1.4,0.5,2.6,2.7,27.4,,2020,2019-20
8.0,Russell Westbrook,31.0,HOU,PG,57.0,57.0,35.9,10.6,22.5,0.472,1.0,3.7,0.258,9.6,18.7,0.514,0.493,5.1,6.7,0.763,1.8,6.2,7.9,7.0,1.6,0.4,4.5,3.5,27.2,"AS,NBA3",2020,2019-20
9.0,Kawhi Leonard,28.0,LAC,SF,57.0,57.0,32.4,9.3,19.9,0.47,2.2,5.7,0.378,7.2,14.2,0.506,0.524,6.2,7.1,0.886,0.9,6.1,7.1,4.9,1.8,0.6,2.6,2.0,27.1,"MVP-5,DPOY-8,AS,NBA2,DEF2",2020,2019-20
10.0,Devin Booker,23.0,PHO,SG,70.0,70.0,35.9,9.0,18.3,0.489,2.0,5.7,0.354,6.9,12.6,0.549,0.544,6.7,7.3,0.919,0.4,3.8,4.2,6.5,0.7,0.3,3.8,3.0,26.6,AS,2020,2019-20
11.0,Karl-Anthony Towns,24.0,MIN,C,35.0,35.0,33.9,9.0,17.8,0.508,3.3,7.9,0.412,5.8,9.9,0.586,0.6,5.1,6.5,0.796,2.7,8.1,10.8,4.4,0.9,1.2,3.1,3.3,26.5,,2020,2019-20
12.0,Anthony Davis,26.0,LAL,PF,62.0,62.0,34.4,8.9,17.7,0.503,1.2,3.5,0.33,7.7,14.2,0.546,0.536,7.2,8.5,0.846,2.3,7.0,9.3,3.2,1.5,2.3,2.5,2.5,26.1,"MVP-6,DPOY-2,AS,NBA1,DEF1",2020,2019-20
13.0,Zach LaVine,24.0,CHI,SF,60.0,60.0,34.8,9.0,20.0,0.45,3.1,8.1,0.38,5.9,11.9,0.497,0.526,4.5,5.6,0.802,0.7,4.1,4.8,4.2,1.5,0.5,3.4,2.2,25.5,,2020,2019-20
14.0,LeBron James,35.0,LAL,PG,67.0,67.0,34.6,9.6,19.4,0.493,2.2,6.3,0.348,7.4,13.1,0.564,0.55,3.9,5.7,0.693,1.0,6.9,7.8,10.2,1.2,0.5,3.9,1.8,25.3,"MVP-2,AS,NBA1",2020,2019-20
15.0,Donovan Mitchell,23.0,UTA,SG,69.0,69.0,34.3,8.7,19.4,0.449,2.5,6.9,0.366,6.2,12.6,0.494,0.513,4.0,4.7,0.863,0.8,3.6,4.4,4.3,1.0,0.2,2.7,2.5,24.0,AS,2020,2019-20
16.0,Brandon Ingram,22.0,NOP,PF,62.0,62.0,33.9,8.2,17.7,0.463,2.4,6.2,0.391,5.8,11.5,0.501,0.531,5.0,5.9,0.851,0.8,5.3,6.1,4.2,1.0,0.6,3.0,2.9,23.8,"MIP-1,AS",2020,2019-20
17.0,Jayson Tatum,21.0,BOS,PF,66.0,66.0,34.3,8.4,18.6,0.45,2.9,7.1,0.403,5.5,11.5,0.48,0.527,3.8,4.7,0.812,1.0,6.0,7.0,3.0,1.4,0.9,2.3,2.1,23.4,"MVP-12,AS,NBA3",2020,2019-20
18.0,D'Angelo Russell,23.0,2TM,PG,45.0,45.0,32.3,8.0,18.8,0.426,3.5,9.6,0.367,4.5,9.2,0.487,0.519,3.6,4.4,0.809,0.4,3.6,3.9,6.3,1.1,0.3,3.3,1.9,23.1,,2020,2019-20
18.0,D'Angelo Russell,23.0,GSW,PG,33.0,33.0,32.1,8.3,19.2,0.43,3.6,9.7,0.374,4.6,9.5,0.487,0.524,3.4,4.4,0.785,0.4,3.3,3.7,6.2,0.9,0.3,3.1,1.9,23.6,,2020,2019-20
18.0,D'Angelo Russell,23.0,MIN,PG,12.0,12.0,32.7,7.3,17.6,0.412,3.2,9.2,0.345,4.1,8.4,0.485,0.502,4.0,4.6,0.873,0.3,4.3,4.6,6.6,1.4,0.3,3.8,1.8,21.7,,2020,2019-20
19.0,Joel Embiid,25.0,PHI,C,51.0,51.0,29.5,7.5,15.7,0.477,1.1,3.4,0.331,6.4,12.3,0.517,0.512,6.9,8.5,0.807,2.8,8.9,11.6,3.0,0.9,1.3,3.1,3.4,23.0,AS,2020,2019-20
20.0,Pascal Siakam,25.0,TOR,PF,60.0,60.0,35.2,8.3,18.4,0.453,2.2,6.1,0.359,6.2,12.3,0.499,0.512,4.0,5.1,0.792,1.1,6.3,7.3,3.5,1.0,0.9,2.5,2.8,22.9,"MVP-10,AS,NBA2",2020,2019-20
21.0,Zion Williamson,19.0,NOP,PF,24.0,24.0,27.8,8.8,15.0,0.583,0.3,0.6,0.429,8.5,14.4,0.59,0.592,4.8,7.4,0.64,2.7,3.6,6.3,2.1,0.7,0.4,2.5,1.8,22.5,ROY-3,2020,2019-20
22.0,CJ McCollum,28.0,POR,SG,70.0,70.0,36.5,8.7,19.4,0.451,2.8,7.3,0.379,6.0,12.1,0.494,0.522,2.0,2.6,0.757,0.7,3.6,4.2,4.4,0.8,0.6,1.8,2.6,22.2,,2020,2019-20
23.0,DeMar DeRozan,30.0,SAS,SF,68.0,68.0,34.1,8.2,15.4,0.531,0.1,0.5,0.257,8.1,14.9,0.54,0.535,5.6,6.6,0.845,0.6,4.9,5.5,5.6,1.0,0.3,2.4,2.6,22.1,,2020,2019-20
24.0,Andrew Wiggins,24.0,2TM,SF,54.0,54.0,34.4,8.1,18.1,0.447,2.1,6.2,0.332,6.0,11.9,0.506,0.504,3.5,5.0,0.709,1.2,3.9,5.1,3.7,0.8,1.0,2.4,2.4,21.8,,2020,2019-20
24.0,Andrew Wiggins,24.0,MIN,SF,42.0,42.0,34.6,8.4,18.8,0.444,2.2,6.5,0.331,6.2,12.3,0.505,0.502,3.5,4.9,0.72,1.1,4.1,5.2,3.7,0.7,0.9,2.5,2.4,22.4,,2020,2019-20
24.0,Andrew Wiggins,24.0,GSW,SF,12.0,12.0,33.6,7.2,15.7,0.457,1.7,4.9,0.339,5.5,10.8,0.512,0.511,3.4,5.1,0.672,1.5,3.1,4.6,3.6,1.3,1.4,2.1,2.2,19.4,,2020,2019-20
25.0,John Collins,22.0,ATL,PF,41.0,41.0,33.2,8.6,14.8,0.583,1.4,3.6,0.401,7.2,11.2,0.642,0.632,2.9,3.7,0.8,2.8,7.3,10.1,1.5,0.8,1.6,1.8,3.4,21.6,,2020,2019-20
26.0,Paul George,29.0,LAC,SF,48.0,48.0,29.6,7.1,16.3,0.439,3.3,7.9,0.412,3.9,8.4,0.464,0.539,4.0,4.5,0.876,0.5,5.2,5.7,3.9,1.4,0.4,2.6,2.4,21.5,,2020,2019-20
27.0,De'Aaron Fox,22.0,SAC,PG,51.0,49.0,32.0,7.7,16.0,0.48,1.1,3.6,0.292,6.6,12.4,0.535,0.513,4.7,6.7,0.705,0.7,3.2,3.8,6.8,1.5,0.5,3.1,2.8,21.1,,2020,2019-20
28.0,Khris Middleton,28.0,MIL,SF,62.0,59.0,29.9,7.6,15.3,0.497,2.4,5.7,0.415,5.2,9.6,0.546,0.575,3.4,3.7,0.916,0.7,5.5,6.2,4.3,0.9,0.1,2.2,2.3,20.9,AS,2020,2019-20
29.0,Stephen Curry,31.0,GSW,PG,5.0,5.0,27.8,6.6,16.4,0.402,2.4,9.8,0.245,4.2,6.6,0.636,0.476,5.2,5.2,1.0,0.8,4.4,5.2,6.6,1.0,0.4,3.2,2.2,20.8,,2020,2019-20
30.0,Collin Sexton,21.0,CLE,PG,65.0,65.0,33.0,7.9,16.7,0.472,1.5,3.9,0.38,6.4,12.8,0.501,0.517,3.5,4.1,0.846,0.9,2.2,3.1,3.0,1.0,0.1,2.4,2.2,20.8,,2020,2019-20
31.0,Spencer Dinwiddie,26.0,BRK,PG,64.0,49.0,31.2,6.6,16.0,0.415,1.9,6.3,0.308,4.7,9.7,0.485,0.476,5.4,7.0,0.778,0.5,3.0,3.5,6.8,0.6,0.3,2.7,2.8,20.6,,2020,2019-20
32.0,Kristaps Porziņģis,24.0,DAL,C,57.0,57.0,31.8,7.0,16.4,0.427,2.5,7.1,0.352,4.5,9.3,0.484,0.503,4.0,5.0,0.799,1.8,7.7,9.5,1.8,0.7,2.0,1.6,3.2,20.4,,2020,2019-20
33.0,Kemba Walker,29.0,BOS,PG,56.0,56.0,31.1,6.8,15.9,0.425,3.2,8.4,0.381,3.5,7.4,0.476,0.526,3.7,4.3,0.864,0.6,3.2,3.9,4.8,0.9,0.5,2.1,1.6,20.4,AS,2020,2019-20
34.0,Jaylen Brown,23.0,BOS,SG,57.0,57.0,33.9,7.5,15.6,0.481,2.3,5.9,0.382,5.2,9.6,0.543,0.554,3.1,4.3,0.724,1.1,5.3,6.4,2.1,1.1,0.4,2.2,2.9,20.3,,2020,2019-20
35.0,Bojan Bogdanović,30.0,UTA,SF,63.0,63.0,33.1,6.6,14.8,0.447,3.0,7.3,0.414,3.6,7.6,0.479,0.548,4.0,4.4,0.903,0.6,3.5,4.1,2.1,0.5,0.1,2.5,1.7,20.2,,2020,2019-20
36.0,Jimmy Butler,30.0,MIA,SF,58.0,58.0,33.8,5.9,13.1,0.455,0.5,2.1,0.244,5.4,11.0,0.495,0.474,7.6,9.1,0.834,1.8,4.8,6.7,6.0,1.8,0.6,2.2,1.4,19.9,"MVP-11,AS,NBA3",2020,2019-20
37.0,Nikola Jokić,24.0,DEN,C,73.0,73.0,32.0,7.7,14.7,0.528,1.1,3.5,0.314,6.6,11.2,0.594,0.565,3.4,4.1,0.817,2.3,7.5,9.7,7.0,1.2,0.6,3.1,3.0,19.9,"MVP-9,AS,NBA2",2020,2019-20
38.0,T.J. Warren,26.0,IND,SF,67.0,67.0,32.9,8.0,14.9,0.536,1.4,3.4,0.403,6.6,11.5,0.575,0.581,2.5,3.0,0.819,1.0,3.2,4.2,1.5,1.2,0.5,1.3,2.8,19.8,,2020,2019-20
39.0,Tobias Harris,27.0,PHI,PF,72.0,72.0,34.3,7.7,16.3,0.471,1.8,5.0,0.367,5.9,11.3,0.517,0.527,2.4,3.0,0.806,1.0,5.9,6.9,3.2,0.7,0.6,1.4,2.3,19.6,,2020,2019-20
40.0,Nikola Vučević,29.0,ORL,C,62.0,62.0,32.2,8.0,16.7,0.477,1.6,4.7,0.339,6.4,12.0,0.531,0.525,2.1,2.7,0.784,2.3,8.6,10.9,3.6,0.9,0.8,1.4,2.2,19.6,,2020,2019-20
41.0,Julius Randle,25.0,NYK,PF,64.0,64.0,32.5,7.2,15.7,0.46,1.0,3.6,0.277,6.2,12.1,0.515,0.492,4.0,5.5,0.733,2.4,7.4,9.7,3.1,0.8,0.3,3.0,2.8,19.5,,2020,2019-20
42.0,Kyle Lowry,33.0,TOR,PG,58.0,58.0,36.2,5.8,13.8,0.416,2.8,8.0,0.352,2.9,5.8,0.504,0.518,5.1,5.9,0.857,0.6,4.5,5.0,7.5,1.4,0.4,3.1,3.3,19.4,AS,2020,2019-20
43.0,Buddy Hield,27.0,SAC,SG,72.0,44.0,30.8,6.9,16.1,0.429,3.8,9.6,0.394,3.2,6.6,0.479,0.545,1.6,1.9,0.846,0.8,3.8,4.6,3.0,0.9,0.2,2.3,2.3,19.2,,2020,2019-20
44.0,Jrue Holiday,29.0,NOP,SG,61.0,61.0,34.7,7.5,16.5,0.455,2.0,5.7,0.353,5.5,10.8,0.509,0.516,2.1,3.0,0.709,1.3,3.5,4.8,6.7,1.6,0.8,3.0,2.4,19.1,,2020,2019-20
45.0,Shai Gilgeous-Alexander,21.0,OKC,SG,70.0,70.0,34.7,6.8,14.5,0.471,1.2,3.6,0.347,5.6,10.9,0.512,0.514,4.1,5.1,0.807,0.7,5.2,5.9,3.3,1.1,0.7,1.9,1.7,19.0,,2020,2019-20
46.0,LaMarcus Aldridge,34.0,SAS,C,53.0,53.0,33.1,7.4,15.0,0.493,1.2,3.0,0.389,6.2,12.0,0.519,0.532,3.0,3.6,0.827,1.9,5.5,7.4,2.4,0.7,1.6,1.4,2.4,18.9,,2020,2019-20
47.0,Dennis Schröder,26.0,OKC,PG,65.0,2.0,30.8,7.0,14.8,0.469,1.9,5.0,0.385,5.0,9.8,0.513,0.534,3.0,3.6,0.839,0.3,3.3,3.6,4.0,0.7,0.2,2.6,2.2,18.9,6MOY-2,2020,2019-20
48.0,Danilo Gallinari,31.0,OKC,PF,62.0,62.0,29.6,5.8,13.2,0.438,2.9,7.1,0.405,2.9,6.1,0.476,0.547,4.3,4.8,0.893,0.5,4.6,5.2,1.9,0.7,0.1,1.2,1.2,18.7,,2020,2019-20
49.0,Caris LeVert,25.0,BRK,SG,45.0,31.0,29.6,6.9,16.3,0.425,1.8,4.9,0.364,5.1,11.4,0.451,0.48,3.1,4.4,0.711,1.1,3.1,4.2,4.4,1.2,0.2,2.6,1.8,18.7,,2020,2019-20
50.0,Kelly Oubre Jr.,24.0,PHO,SF,56.0,55.0,34.5,6.7,14.8,0.452,1.9,5.5,0.352,4.7,9.3,0.511,0.517,3.4,4.4,0.78,1.2,5.3,6.4,1.5,1.3,0.7,1.5,3.4,18.7,,2020,2019-20
51.0,Montrezl Harrell,26.0,LAC,C,63.0,2.0,27.8,7.5,12.9,0.58,0.0,0.3,0.0,7.5,12.6,0.593,0.58,3.7,5.6,0.658,2.6,4.5,7.1,1.7,0.6,1.1,1.7,2.3,18.6,6MOY-1,2020,2019-20
52.0,Evan Fournier,27.0,ORL,SF,66.0,66.0,31.5,6.6,14.1,0.467,2.6,6.6,0.399,4.0,7.5,0.527,0.56,2.7,3.3,0.818,0.3,2.3,2.6,3.2,1.1,0.2,1.9,2.4,18.5,,2020,2019-20
53.0,Jamal Murray,22.0,DEN,PG,59.0,59.0,32.3,6.9,15.2,0.456,1.9,5.5,0.346,5.0,9.7,0.519,0.519,2.8,3.1,0.881,0.8,3.2,4.0,4.8,1.1,0.3,2.2,1.7,18.5,,2020,2019-20
54.0,Domantas Sabonis,23.0,IND,PF,62.0,62.0,34.8,7.4,13.7,0.54,0.3,1.1,0.254,7.1,12.6,0.565,0.55,3.5,4.8,0.723,3.0,9.4,12.4,5.0,0.8,0.5,2.7,3.1,18.5,AS,2020,2019-20
55.0,Deandre Ayton,21.0,PHO,C,38.0,32.0,32.5,8.2,14.9,0.546,0.1,0.3,0.231,8.1,14.6,0.553,0.548,1.8,2.3,0.753,3.9,7.6,11.5,1.9,0.7,1.5,2.1,3.1,18.2,,2020,2019-20
56.0,Devonte' Graham,24.0,CHO,PG,63.0,53.0,35.1,5.8,15.3,0.382,3.5,9.3,0.373,2.4,6.0,0.397,0.495,3.0,3.7,0.82,0.7,2.7,3.4,7.5,1.0,0.2,2.9,1.8,18.2,,2020,2019-20
57.0,Lou Williams,33.0,LAC,PG,65.0,8.0,28.7,6.0,14.4,0.418,1.7,4.8,0.352,4.3,9.6,0.451,0.477,4.5,5.2,0.861,0.5,2.6,3.1,5.6,0.7,0.2,2.8,1.2,18.2,6MOY-3,2020,2019-20
58.0,Derrick Rose,31.0,DET,PG,50.0,15.0,26.0,7.4,15.1,0.49,0.9,2.9,0.306,6.5,12.1,0.535,0.52,2.4,2.8,0.871,0.5,1.9,2.4,5.6,0.8,0.3,2.5,1.0,18.1,6MOY-7,2020,2019-20
59.0,Terry Rozier,25.0,CHO,PG,63.0,63.0,34.3,6.3,14.9,0.423,2.7,6.7,0.407,3.6,8.2,0.436,0.514,2.6,3.0,0.874,0.8,3.6,4.4,4.1,1.0,0.2,2.2,2.0,18.0,,2020,2019-20
60.0,Ja Morant,20.0,MEM,PG,67.0,67.0,31.0,6.7,14.0,0.477,0.9,2.7,0.335,5.8,11.3,0.511,0.509,3.6,4.6,0.776,0.8,3.1,3.9,7.3,0.9,0.3,3.3,1.6,17.8,ROY-1,2020,2019-20
61.0,Andre Drummond,26.0,2TM,C,57.0,56.0,33.0,7.3,13.8,0.533,0.1,0.6,0.143,7.2,13.1,0.551,0.536,3.0,5.2,0.575,4.4,10.8,15.2,2.7,1.9,1.6,3.6,3.5,17.7,DPOY-8,2020,2019-20
61.0,Andre Drummond,26.0,DET,C,49.0,48.0,33.8,7.3,13.9,0.53,0.0,0.4,0.048,7.3,13.4,0.546,0.531,3.0,5.2,0.584,4.6,11.2,15.8,2.8,2.0,1.7,3.6,3.6,17.8,,2020,2019-20
61.0,Andre Drummond,26.0,CLE,C,8.0,8.0,28.1,7.3,13.1,0.552,0.5,1.8,0.286,6.8,11.4,0.593,0.571,2.5,4.9,0.513,3.0,8.1,11.1,1.8,1.5,1.4,3.6,3.1,17.5,,2020,2019-20
62.0,Kevin Love,31.0,CLE,PF,56.0,56.0,31.8,5.8,13.0,0.45,2.6,7.0,0.374,3.2,6.0,0.537,0.55,3.3,3.9,0.854,1.0,8.8,9.8,3.2,0.6,0.3,2.5,1.6,17.6,,2020,2019-20
63.0,Jusuf Nurkić,25.0,POR,C,8.0,8.0,31.6,6.8,13.6,0.495,0.3,1.3,0.2,6.5,12.4,0.525,0.505,3.9,4.4,0.886,2.9,7.4,10.3,4.0,1.4,2.0,2.4,4.9,17.6,,2020,2019-20
64.0,Chris Paul,34.0,OKC,PG,70.0,70.0,31.5,6.2,12.7,0.489,1.6,4.3,0.365,4.6,8.3,0.554,0.552,3.6,4.0,0.907,0.4,4.6,5.0,6.7,1.6,0.2,2.3,2.3,17.6,"MVP-7,AS,NBA2",2020,2019-20
65.0,Fred VanVleet,25.0,TOR,SG,54.0,54.0,35.7,5.9,14.3,0.413,2.7,6.9,0.39,3.2,7.4,0.434,0.507,3.1,3.7,0.848,0.3,3.4,3.8,6.6,1.9,0.3,2.2,2.4,17.6,,2020,2019-20
66.0,Gordon Hayward,29.0,BOS,SF,52.0,52.0,33.5,6.7,13.5,0.5,1.6,4.3,0.383,5.1,9.2,0.554,0.561,2.4,2.8,0.855,1.1,5.6,6.7,4.1,0.7,0.4,1.8,1.8,17.5,,2020,2019-20
67.0,Jaren Jackson Jr.,20.0,MEM,C,57.0,57.0,28.5,6.2,13.2,0.469,2.5,6.5,0.394,3.6,6.8,0.54,0.565,2.4,3.3,0.747,1.0,3.6,4.6,1.4,0.7,1.6,1.7,4.1,17.4,,2020,2019-20
68.0,Marcus Morris,30.0,2TM,PF,62.0,62.0,31.2,5.7,13.1,0.438,2.3,5.6,0.408,3.4,7.5,0.461,0.526,2.9,3.5,0.823,1.0,4.1,5.0,1.4,0.8,0.5,1.6,2.9,16.7,,2020,2019-20
68.0,Marcus Morris,30.0,NYK,SF,43.0,43.0,32.3,6.5,14.8,0.442,2.7,6.1,0.439,3.8,8.7,0.444,0.533,3.8,4.6,0.823,1.1,4.3,5.4,1.4,0.8,0.4,1.7,3.0,19.6,,2020,2019-20
68.0,Marcus Morris,30.0,LAC,PF,19.0,19.0,28.9,3.9,9.2,0.425,1.4,4.4,0.31,2.5,4.7,0.533,0.5,0.9,1.2,0.818,0.6,3.5,4.1,1.4,0.7,0.7,1.3,2.7,10.1,,2020,2019-20
69.0,Malcolm Brogdon,27.0,IND,PG,54.0,54.0,30.9,6.0,13.8,0.438,1.4,4.3,0.326,4.6,9.5,0.488,0.489,3.1,3.4,0.892,0.9,4.0,4.9,7.1,0.6,0.2,2.4,1.8,16.5,,2020,2019-20
70.0,Ben Simmons,23.0,PHI,PG,57.0,57.0,35.4,6.6,11.4,0.58,0.0,0.1,0.286,6.5,11.2,0.583,0.581,3.2,5.2,0.621,2.0,5.8,7.8,8.0,2.1,0.6,3.5,3.3,16.4,"DPOY-4,AS,NBA3,DEF1",2020,2019-20
71.0,Dillon Brooks,24.0,MEM,SG,73.0,73.0,28.9,6.0,14.6,0.407,2.0,5.6,0.358,3.9,9.0,0.438,0.476,2.2,2.8,0.808,0.9,2.4,3.3,2.1,0.9,0.4,1.7,3.8,16.2,,2020,2019-20
72.0,Goran Dragić,33.0,MIA,PG,59.0,3.0,28.2,5.4,12.3,0.441,2.1,5.7,0.367,3.3,6.5,0.505,0.526,3.2,4.2,0.776,0.5,2.7,3.2,5.1,0.7,0.2,2.4,2.1,16.2,6MOY-6,2020,2019-20
73.0,Norman Powell,26.0,TOR,SG,52.0,26.0,28.4,5.7,11.5,0.495,2.1,5.3,0.399,3.6,6.3,0.575,0.586,2.5,2.9,0.843,0.5,3.2,3.7,1.8,1.2,0.4,1.5,2.1,16.0,,2020,2019-20
74.0,Bam Adebayo,22.0,MIA,PF,72.0,72.0,33.6,6.1,11.0,0.557,0.0,0.2,0.143,6.1,10.8,0.564,0.558,3.7,5.3,0.691,2.4,7.8,10.2,5.1,1.1,1.3,2.8,2.5,15.9,"DPOY-5,AS,DEF2",2020,2019-20
75.0,Tim Hardaway Jr.,27.0,DAL,SG,71.0,58.0,29.5,5.4,12.5,0.434,2.9,7.2,0.398,2.5,5.2,0.485,0.55,2.1,2.6,0.819,0.4,2.9,3.3,1.9,0.6,0.1,1.0,1.8,15.8,,2020,2019-20
76.0,Luke Kennard,23.0,DET,SG,28.0,25.0,32.9,5.4,12.2,0.442,2.6,6.5,0.399,2.8,5.7,0.491,0.548,2.4,2.7,0.893,0.3,3.2,3.5,4.1,0.4,0.2,1.5,2.3,15.8,,2020,2019-20
77.0,Blake Griffin,30.0,DET,PF,18.0,18.0,28.4,4.9,13.9,0.352,1.5,6.2,0.243,3.4,7.7,0.439,0.406,4.2,5.4,0.776,0.9,3.7,4.7,3.3,0.4,0.4,2.2,1.5,15.5,,2020,2019-20
78.0,Hassan Whiteside,30.0,POR,C,67.0,61.0,30.0,6.5,10.5,0.621,0.1,0.1,0.571,6.4,10.4,0.622,0.624,2.4,3.6,0.686,3.9,9.7,13.5,1.2,0.4,2.9,1.8,2.9,15.5,DPOY-11,2020,2019-20
79.0,Carmelo Anthony,35.0,POR,PF,58.0,58.0,32.8,5.8,13.5,0.43,1.5,3.9,0.385,4.3,9.6,0.448,0.485,2.3,2.8,0.845,1.2,5.1,6.3,1.5,0.8,0.5,1.7,2.9,15.4,,2020,2019-20
80.0,Dāvis Bertāns,27.0,WAS,PF,54.0,4.0,29.3,4.9,11.3,0.434,3.7,8.7,0.424,1.2,2.6,0.471,0.598,1.9,2.3,0.852,0.6,3.9,4.5,1.7,0.7,0.6,1.1,2.6,15.4,6MOY-8,2020,2019-20
81.0,Serge Ibaka,30.0,TOR,C,55.0,27.0,27.0,6.2,12.2,0.512,1.3,3.3,0.385,5.0,8.9,0.559,0.564,1.6,2.3,0.718,2.1,6.1,8.2,1.4,0.5,0.8,2.0,2.8,15.4,,2020,2019-20
82.0,Kendrick Nunn,24.0,MIA,PG,67.0,67.0,29.3,6.0,13.6,0.439,2.0,5.8,0.35,3.9,7.8,0.505,0.514,1.3,1.5,0.85,0.3,2.4,2.7,3.3,0.8,0.2,1.7,2.3,15.3,ROY-2,2020,2019-20
83.0,JJ Redick,35.0,NOP,SG,60.0,36.0,26.4,4.8,10.5,0.453,3.0,6.6,0.453,1.8,3.9,0.453,0.596,2.8,3.1,0.892,0.2,2.4,2.5,2.0,0.3,0.2,1.3,1.6,15.3,,2020,2019-20
84.0,Jordan Clarkson,27.0,2TM,SG,71.0,2.0,24.0,5.5,12.2,0.454,2.1,5.8,0.368,3.4,6.4,0.533,0.542,1.9,2.3,0.836,0.7,1.9,2.6,1.9,0.6,0.2,1.4,1.5,15.2,,2020,2019-20
84.0,Jordan Clarkson,27.0,CLE,SG,29.0,0.0,23.0,5.0,11.2,0.442,2.0,5.5,0.371,2.9,5.8,0.509,0.532,2.6,3.0,0.884,0.7,1.7,2.4,2.4,0.6,0.3,1.3,1.1,14.6,,2020,2019-20
84.0,Jordan Clarkson,27.0,UTA,SG,42.0,2.0,24.7,6.0,12.9,0.462,2.2,6.0,0.366,3.7,6.8,0.547,0.548,1.5,1.9,0.785,0.7,2.1,2.8,1.6,0.7,0.2,1.4,1.8,15.6,,2020,2019-20
85.0,Will Barton,29.0,DEN,SF,58.0,58.0,33.0,5.7,12.7,0.45,1.9,5.0,0.375,3.9,7.8,0.498,0.523,1.8,2.3,0.767,1.3,5.0,6.3,3.7,1.1,0.5,1.5,2.1,15.1,,2020,2019-20
86.0,Bogdan Bogdanović,27.0,SAC,SG,61.0,28.0,29.0,5.5,12.6,0.44,2.7,7.2,0.372,2.8,5.3,0.532,0.547,1.4,1.9,0.741,0.4,3.0,3.4,3.4,1.0,0.2,1.7,2.2,15.1,,2020,2019-20
87.0,Rudy Gobert,27.0,UTA,C,68.0,68.0,34.3,5.7,8.2,0.693,0.0,0.0,,5.7,8.2,0.693,0.693,3.7,5.9,0.63,3.4,10.1,13.5,1.5,0.8,2.0,1.9,3.2,15.1,"DPOY-3,AS,NBA3,DEF1",2020,2019-20
88.0,Alec Burks,28.0,2TM,SF,66.0,19.0,26.6,4.9,11.6,0.418,1.8,4.6,0.385,3.1,7.1,0.439,0.493,3.6,4.0,0.887,0.7,3.5,4.3,2.9,0.9,0.3,1.4,1.9,15.0,,2020,2019-20
88.0,Alec Burks,28.0,GSW,SF,48.0,18.0,29.0,5.1,12.5,0.406,1.8,4.7,0.375,3.3,7.9,0.424,0.476,4.2,4.7,0.897,0.8,3.9,4.7,3.1,1.0,0.4,1.6,2.2,16.1,,2020,2019-20
88.0,Alec Burks,28.0,PHI,SG,18.0,1.0,20.2,4.3,9.3,0.461,1.8,4.3,0.416,2.5,5.0,0.5,0.557,1.9,2.3,0.829,0.6,2.5,3.1,2.1,0.7,0.0,0.8,1.2,12.2,,2020,2019-20
89.0,Eric Bledsoe,30.0,MIL,PG,61.0,61.0,27.0,5.5,11.5,0.475,1.2,3.5,0.344,4.3,8.0,0.533,0.528,2.8,3.5,0.79,0.7,3.9,4.6,5.4,0.9,0.4,2.4,2.1,14.9,DEF2,2020,2019-20
90.0,Jonas Valančiūnas,27.0,MEM,C,70.0,70.0,26.4,6.2,10.6,0.585,0.5,1.3,0.352,5.7,9.3,0.617,0.606,2.1,2.9,0.74,3.0,8.2,11.3,1.9,0.4,1.1,1.8,2.6,14.9,,2020,2019-20
91.0,Lauri Markkanen,22.0,CHI,PF,50.0,50.0,29.8,5.0,11.8,0.425,2.2,6.3,0.344,2.8,5.5,0.518,0.517,2.5,3.1,0.824,1.2,5.1,6.3,1.5,0.8,0.5,1.6,1.9,14.7,,2020,2019-20
92.0,Terrence Ross,28.0,ORL,SG,69.0,0.0,27.4,4.9,12.3,0.403,2.6,7.3,0.351,2.4,5.0,0.48,0.508,2.3,2.7,0.853,0.2,3.0,3.2,1.2,1.1,0.3,1.0,1.6,14.7,,2020,2019-20
93.0,Harrison Barnes,27.0,SAC,PF,72.0,72.0,34.5,5.1,11.0,0.46,1.4,3.7,0.381,3.7,7.3,0.501,0.525,3.0,3.7,0.801,1.1,3.9,4.9,2.2,0.6,0.2,1.2,1.3,14.5,,2020,2019-20
94.0,Joe Harris,28.0,BRK,SF,69.0,69.0,30.8,5.5,11.4,0.486,2.5,5.9,0.424,3.0,5.5,0.553,0.596,0.9,1.3,0.719,0.9,3.4,4.3,2.1,0.6,0.2,1.5,2.3,14.5,,2020,2019-20
95.0,Victor Oladipo,27.0,IND,SG,19.0,16.0,27.8,5.1,12.9,0.394,1.7,5.5,0.317,3.4,7.5,0.451,0.461,2.5,3.1,0.814,0.5,3.5,3.9,2.9,0.9,0.2,2.5,1.9,14.5,,2020,2019-20
96.0,Mike Conley,32.0,UTA,PG,47.0,41.0,29.0,4.9,12.1,0.409,2.0,5.4,0.375,2.9,6.6,0.437,0.494,2.4,3.0,0.827,0.7,2.5,3.2,4.4,0.8,0.1,2.0,2.2,14.4,,2020,2019-20
97.0,Aaron Gordon,24.0,ORL,PF,62.0,62.0,32.5,5.4,12.4,0.437,1.2,3.8,0.308,4.2,8.5,0.494,0.484,2.4,3.6,0.674,1.7,5.9,7.7,3.7,0.8,0.6,1.6,2.0,14.4,,2020,2019-20
98.0,Eric Gordon,31.0,HOU,SF,36.0,15.0,28.2,4.8,12.9,0.369,2.7,8.4,0.317,2.1,4.4,0.469,0.473,2.3,3.0,0.766,0.3,1.7,2.0,1.5,0.6,0.4,1.2,1.9,14.4,,2020,2019-20
99.0,RJ Barrett,19.0,NYK,SG,56.0,55.0,30.4,5.2,13.0,0.402,1.1,3.5,0.32,4.1,9.5,0.432,0.445,2.8,4.5,0.614,0.9,4.1,5.0,2.6,1.0,0.3,2.2,2.2,14.3,ROY-8,2020,2019-20
100.0,Marvin Bagley III,20.0,SAC,C,13.0,6.0,25.7,6.0,12.8,0.467,0.3,1.7,0.182,5.7,11.2,0.51,0.479,1.9,2.4,0.806,2.2,5.2,7.5,0.8,0.5,0.9,1.4,3.3,14.2,,2020,2019-20
101.0,Jabari Parker,24.0,2TM,PF,38.0,23.0,24.1,5.8,11.3,0.51,0.8,3.1,0.269,4.9,8.2,0.603,0.548,1.6,2.1,0.753,1.6,4.0,5.6,1.8,1.2,0.4,1.7,2.6,14.0,,2020,2019-20
101.0,Jabari Parker,24.0,ATL,PF,32.0,23.0,26.2,6.2,12.3,0.504,1.0,3.6,0.27,5.2,8.7,0.601,0.543,1.7,2.3,0.736,1.7,4.3,6.0,1.8,1.3,0.5,1.9,2.9,15.0,,2020,2019-20
101.0,Jabari Parker,24.0,SAC,PF,6.0,0.0,13.3,3.5,6.0,0.583,0.2,0.7,0.25,3.3,5.3,0.625,0.597,1.3,1.5,0.889,1.2,2.7,3.8,1.7,0.5,0.2,0.7,1.0,8.5,,2020,2019-20
102.0,Eric Paschall,23.0,GSW,PF,60.0,26.0,27.6,5.3,10.7,0.497,0.6,2.2,0.287,4.7,8.5,0.55,0.526,2.7,3.5,0.774,1.4,3.2,4.6,2.1,0.5,0.2,1.6,2.1,14.0,ROY-6,2020,2019-20
103.0,Clint Capela,25.0,HOU,C,39.0,39.0,32.8,6.3,9.9,0.629,0.0,0.0,,6.3,9.9,0.629,0.629,1.4,2.7,0.529,4.3,9.5,13.8,1.2,0.8,1.8,1.6,2.6,13.9,,2020,2019-20
104.0,Josh Richardson,26.0,PHI,SG,55.0,53.0,30.8,5.1,11.7,0.43,1.5,4.5,0.341,3.5,7.2,0.486,0.496,2.1,2.6,0.809,0.7,2.4,3.2,2.9,0.9,0.7,1.9,2.5,13.7,,2020,2019-20
105.0,Rui Hachimura,21.0,WAS,PF,48.0,48.0,30.1,5.3,11.4,0.466,0.5,1.8,0.287,4.8,9.5,0.5,0.489,2.4,2.9,0.829,1.6,4.5,6.1,1.8,0.8,0.2,1.1,2.2,13.5,,2020,2019-20
106.0,Tyler Herro,20.0,MIA,SG,55.0,8.0,27.4,4.9,11.5,0.428,2.1,5.4,0.389,2.8,6.1,0.462,0.52,1.6,1.8,0.87,0.3,3.8,4.1,2.2,0.6,0.2,1.6,1.4,13.5,,2020,2019-20
107.0,Duncan Robinson,25.0,MIA,SG,73.0,68.0,29.7,4.4,9.4,0.47,3.7,8.3,0.446,0.7,1.1,0.654,0.667,0.9,1.0,0.931,0.1,3.0,3.2,1.4,0.5,0.3,1.0,2.6,13.5,,2020,2019-20
108.0,Thomas Bryant,22.0,WAS,C,46.0,36.0,24.9,5.3,9.1,0.581,0.8,2.0,0.407,4.5,7.1,0.63,0.626,1.9,2.5,0.741,2.1,5.1,7.2,1.8,0.5,1.1,1.2,2.2,13.2,,2020,2019-20
109.0,Coby White,19.0,CHI,PG,65.0,1.0,25.8,4.8,12.2,0.394,2.0,5.8,0.354,2.8,6.4,0.43,0.478,1.6,2.0,0.791,0.4,3.1,3.5,2.7,0.8,0.1,1.7,1.8,13.2,ROY-5,2020,2019-20
110.0,Christian Wood,24.0,DET,PF,62.0,12.0,21.4,4.6,8.2,0.567,0.9,2.3,0.386,3.8,5.9,0.636,0.62,2.9,3.9,0.744,1.7,4.6,6.3,1.0,0.5,0.9,1.4,1.6,13.1,6MOY-4,2020,2019-20
111.0,Miles Bridges,21.0,CHO,SF,65.0,64.0,30.7,4.9,11.6,0.424,1.5,4.6,0.33,3.4,7.0,0.486,0.489,1.6,2.0,0.809,1.4,4.2,5.6,1.8,0.6,0.7,1.5,2.0,13.0,,2020,2019-20
112.0,Ricky Rubio,29.0,PHO,PG,65.0,65.0,31.0,4.4,10.6,0.415,1.2,3.3,0.361,3.2,7.3,0.439,0.471,3.0,3.5,0.863,0.7,4.0,4.7,8.8,1.4,0.2,2.7,2.6,13.0,,2020,2019-20
113.0,Marcus Smart,25.0,BOS,SG,60.0,40.0,32.0,4.3,11.4,0.375,2.3,6.6,0.347,2.0,4.8,0.415,0.476,2.1,2.5,0.836,0.7,3.1,3.8,4.9,1.7,0.5,1.7,2.7,12.9,"DPOY-6,DEF1",2020,2019-20
114.0,Kyle Kuzma,24.0,LAL,PF,61.0,9.0,25.0,4.8,11.0,0.436,1.4,4.5,0.316,3.4,6.5,0.518,0.5,1.9,2.5,0.735,0.9,3.6,4.5,1.3,0.5,0.4,1.5,2.1,12.8,,2020,2019-20
115.0,Damion Lee,27.0,GSW,SG,49.0,36.0,29.0,4.3,10.4,0.417,1.7,4.9,0.356,2.6,5.6,0.471,0.5,2.2,2.6,0.873,0.7,4.2,4.9,2.7,1.0,0.1,1.4,2.4,12.7,,2020,2019-20
116.0,Jeremy Lamb,27.0,IND,SG,46.0,42.0,28.1,4.7,10.4,0.451,1.2,3.4,0.335,3.5,7.0,0.508,0.506,2.0,2.4,0.836,0.5,3.8,4.3,2.1,1.2,0.5,1.1,2.3,12.5,,2020,2019-20
117.0,Robert Covington,29.0,2TM,C,70.0,68.0,30.5,4.4,10.3,0.422,2.3,6.9,0.335,2.1,3.5,0.593,0.533,1.4,1.8,0.798,0.9,5.7,6.6,1.3,1.6,1.3,1.5,3.1,12.4,,2020,2019-20
117.0,Robert Covington,29.0,MIN,PF,48.0,47.0,29.4,4.5,10.3,0.435,2.3,6.5,0.346,2.3,3.8,0.587,0.544,1.6,2.0,0.798,0.8,5.2,6.0,1.2,1.7,0.9,1.5,3.1,12.8,,2020,2019-20
117.0,Robert Covington,29.0,HOU,C,22.0,21.0,33.0,4.0,10.3,0.392,2.4,7.6,0.315,1.6,2.7,0.61,0.509,1.1,1.4,0.8,1.2,6.8,8.0,1.5,1.6,2.2,1.4,3.3,11.6,,2020,2019-20
118.0,Seth Curry,29.0,DAL,SG,64.0,25.0,24.6,4.4,9.0,0.495,2.3,5.0,0.452,2.2,4.0,0.549,0.621,1.3,1.5,0.825,0.4,1.8,2.3,1.9,0.6,0.1,1.0,1.8,12.4,,2020,2019-20
119.0,Darius Garland,20.0,CLE,SG,59.0,59.0,30.9,4.7,11.8,0.401,1.8,5.0,0.355,3.0,6.8,0.434,0.476,1.1,1.2,0.875,0.5,1.4,1.9,3.9,0.7,0.1,2.6,1.6,12.3,,2020,2019-20
120.0,Richaun Holmes,26.0,SAC,C,44.0,38.0,28.2,5.1,7.8,0.648,0.0,0.0,,5.1,7.8,0.648,0.648,2.1,2.7,0.788,2.9,5.3,8.1,1.0,0.9,1.3,1.2,3.8,12.3,,2020,2019-20
121.0,De'Andre Hunter,22.0,ATL,SF,63.0,62.0,32.0,4.4,10.8,0.41,1.7,4.8,0.355,2.7,6.0,0.454,0.489,1.7,2.3,0.764,0.7,3.8,4.5,1.8,0.7,0.3,1.6,2.9,12.3,,2020,2019-20
122.0,Kevin Huerter,21.0,ATL,SG,56.0,48.0,31.4,4.5,10.9,0.413,2.3,6.0,0.38,2.2,4.9,0.453,0.517,0.9,1.1,0.828,0.6,3.4,4.1,3.8,0.9,0.5,1.6,2.5,12.2,,2020,2019-20
123.0,Isaiah Thomas,30.0,WAS,PG,40.0,37.0,23.1,4.4,10.7,0.408,2.0,4.7,0.413,2.4,5.9,0.405,0.5,1.6,1.9,0.816,0.3,1.4,1.7,3.7,0.3,0.2,1.9,1.9,12.2,,2020,2019-20
124.0,P.J. Washington,21.0,CHO,PF,58.0,57.0,30.3,4.6,10.2,0.455,1.5,4.0,0.374,3.1,6.2,0.507,0.528,1.5,2.3,0.647,1.0,4.4,5.4,2.1,0.9,0.8,1.6,2.7,12.2,,2020,2019-20
125.0,Brandon Clarke,23.0,MEM,PF,58.0,4.0,22.4,5.1,8.3,0.618,0.4,1.1,0.359,4.7,7.2,0.658,0.642,1.5,1.9,0.759,1.6,4.4,5.9,1.4,0.6,0.8,0.9,1.7,12.1,ROY-4,2020,2019-20
126.0,Markelle Fultz,21.0,ORL,PG,72.0,60.0,27.7,5.0,10.7,0.465,0.5,1.9,0.267,4.5,8.8,0.507,0.488,1.6,2.2,0.73,0.6,2.7,3.3,5.1,1.3,0.2,2.0,2.0,12.1,,2020,2019-20
127.0,Taurean Prince,25.0,BRK,PF,64.0,61.0,29.0,4.3,11.5,0.376,2.3,6.7,0.339,2.1,4.8,0.429,0.475,1.1,1.4,0.798,0.8,5.2,6.0,1.8,0.9,0.4,2.0,2.5,12.1,,2020,2019-20
128.0,Myles Turner,23.0,IND,C,62.0,62.0,29.5,4.3,9.5,0.457,1.4,4.0,0.344,2.9,5.4,0.54,0.53,2.0,2.7,0.751,1.4,5.2,6.6,1.2,0.7,2.1,1.4,2.7,12.1,,2020,2019-20
129.0,Jerami Grant,25.0,DEN,PF,71.0,24.0,26.6,4.3,8.9,0.478,1.4,3.5,0.389,2.9,5.4,0.537,0.555,2.1,2.8,0.75,0.8,2.7,3.5,1.2,0.7,0.8,0.9,2.2,12.0,,2020,2019-20
130.0,Brook Lopez,31.0,MIL,C,68.0,67.0,26.7,4.3,9.9,0.435,1.5,4.8,0.314,2.8,5.1,0.549,0.511,1.9,2.2,0.836,0.9,3.7,4.6,1.5,0.7,2.4,1.0,2.4,12.0,"DPOY-10,DEF2",2020,2019-20
131.0,Tristan Thompson,28.0,CLE,C,57.0,51.0,30.2,5.1,9.9,0.512,0.2,0.4,0.391,4.9,9.5,0.518,0.52,1.7,2.8,0.615,4.0,6.2,10.1,2.1,0.6,0.9,1.8,2.2,12.0,,2020,2019-20
132.0,Reggie Jackson,29.0,2TM,PG,31.0,16.0,24.0,4.3,10.5,0.411,1.8,4.7,0.393,2.5,5.8,0.425,0.498,1.5,1.7,0.833,0.5,2.4,3.0,4.1,0.4,0.2,1.6,1.9,11.9,,2020,2019-20
132.0,Reggie Jackson,29.0,DET,PG,14.0,10.0,27.2,5.4,14.1,0.384,2.2,5.9,0.378,3.2,8.3,0.388,0.462,1.9,2.4,0.788,0.8,2.1,2.9,5.1,0.6,0.1,1.6,1.5,14.9,,2020,2019-20
132.0,Reggie Jackson,29.0,LAC,PG,17.0,6.0,21.3,3.4,7.5,0.453,1.5,3.7,0.413,1.9,3.8,0.492,0.555,1.1,1.2,0.905,0.4,2.6,3.0,3.2,0.3,0.2,1.6,2.2,9.5,,2020,2019-20
133.0,Al Horford,33.0,PHI,C,67.0,61.0,30.2,4.8,10.6,0.45,1.5,4.2,0.35,3.3,6.4,0.516,0.52,0.9,1.2,0.763,1.5,5.3,6.8,4.0,0.8,0.9,1.2,2.1,11.9,,2020,2019-20
134.0,Jonathan Isaac,22.0,ORL,PF,34.0,32.0,28.8,4.6,9.8,0.47,0.9,2.8,0.34,3.6,7.0,0.521,0.518,1.8,2.3,0.779,1.7,5.1,6.8,1.4,1.6,2.3,1.4,2.4,11.9,,2020,2019-20
135.0,Otto Porter Jr.,26.0,CHI,SF,14.0,9.0,23.6,4.4,10.0,0.443,1.7,4.4,0.387,2.7,5.6,0.487,0.529,1.4,1.9,0.704,0.9,2.5,3.4,1.8,1.1,0.4,0.8,2.2,11.9,,2020,2019-20
136.0,Lonzo Ball,22.0,NOP,PG,63.0,54.0,32.1,4.4,10.9,0.403,2.3,6.3,0.375,2.0,4.6,0.442,0.511,0.7,1.2,0.566,1.1,5.0,6.1,7.0,1.4,0.6,3.1,2.0,11.8,,2020,2019-20
137.0,Glenn Robinson III,26.0,2TM,SF,62.0,52.0,28.8,4.6,9.5,0.486,1.2,3.2,0.391,3.4,6.4,0.534,0.552,1.2,1.4,0.86,1.3,3.0,4.4,1.5,0.9,0.3,0.9,1.6,11.7,,2020,2019-20
137.0,Glenn Robinson III,26.0,GSW,SF,48.0,48.0,31.6,5.1,10.6,0.481,1.4,3.5,0.4,3.7,7.0,0.522,0.548,1.3,1.5,0.851,1.4,3.3,4.7,1.8,0.9,0.3,1.0,1.7,12.9,,2020,2019-20
137.0,Glenn Robinson III,26.0,PHI,SF,14.0,4.0,19.3,3.1,6.1,0.518,0.6,1.9,0.333,2.5,4.1,0.603,0.571,0.8,0.9,0.917,1.1,2.1,3.1,0.8,0.6,0.1,0.4,1.3,7.7,,2020,2019-20
138.0,Patty Mills,31.0,SAS,PG,66.0,1.0,22.5,3.9,9.1,0.431,2.3,6.1,0.382,1.6,3.0,0.533,0.56,1.5,1.7,0.866,0.3,1.3,1.6,1.8,0.8,0.1,0.8,1.6,11.6,,2020,2019-20
139.0,Paul Millsap,34.0,DEN,PF,51.0,48.0,24.3,4.1,8.6,0.482,1.1,2.4,0.435,3.1,6.2,0.5,0.543,2.3,2.8,0.816,1.9,3.8,5.7,1.6,0.9,0.6,1.4,2.9,11.6,,2020,2019-20
140.0,Jordan McRae,28.0,3TM,SG,37.0,4.0,21.2,4.0,9.9,0.407,1.2,3.4,0.357,2.8,6.5,0.433,0.469,2.2,2.9,0.761,0.5,2.9,3.4,2.5,0.6,0.4,1.2,2.0,11.5,,2020,2019-20
140.0,Jordan McRae,28.0,WAS,SG,29.0,4.0,22.6,4.6,10.9,0.42,1.4,3.7,0.377,3.2,7.3,0.441,0.483,2.2,2.9,0.771,0.6,3.0,3.6,2.8,0.7,0.5,1.3,2.1,12.8,,2020,2019-20
140.0,Jordan McRae,28.0,DEN,SG,4.0,0.0,8.0,0.5,1.5,0.333,0.5,1.0,0.5,0.0,0.5,0.0,0.5,0.8,1.0,0.75,0.3,1.0,1.3,1.0,0.5,0.3,0.0,0.5,2.3,,2020,2019-20
140.0,Jordan McRae,28.0,DET,SG,4.0,0.0,24.5,3.5,10.8,0.326,0.8,4.0,0.188,2.8,6.8,0.407,0.36,4.0,5.5,0.727,0.0,3.8,3.8,1.8,0.0,0.0,1.3,2.5,11.8,,2020,2019-20
141.0,Aron Baynes,33.0,PHO,C,42.0,28.0,22.2,4.4,9.1,0.48,1.4,4.0,0.351,3.0,5.1,0.582,0.558,1.3,1.8,0.747,1.7,4.0,5.6,1.6,0.2,0.5,1.2,3.4,11.5,,2020,2019-20
142.0,Nemanja Bjelica,31.0,SAC,PF,72.0,67.0,27.9,4.4,9.1,0.481,1.9,4.4,0.419,2.5,4.6,0.541,0.583,1.0,1.2,0.821,1.5,4.8,6.4,2.8,0.9,0.6,1.4,3.0,11.5,,2020,2019-20
143.0,Wendell Carter Jr.,20.0,CHI,C,43.0,43.0,29.2,4.3,8.0,0.534,0.1,0.7,0.207,4.1,7.3,0.564,0.542,2.6,3.5,0.737,3.2,6.2,9.4,1.2,0.8,0.8,1.7,3.8,11.3,,2020,2019-20
144.0,Derrick White,25.0,SAS,SG,68.0,20.0,24.7,3.7,8.1,0.458,1.2,3.2,0.366,2.6,4.9,0.518,0.53,2.6,3.1,0.853,0.5,2.8,3.3,3.5,0.6,0.9,1.3,2.2,11.3,,2020,2019-20
145.0,Justise Winslow,23.0,MIA,SG,11.0,5.0,32.0,4.5,11.7,0.388,0.5,2.5,0.222,4.0,9.3,0.431,0.411,1.6,2.5,0.667,1.5,5.2,6.6,4.0,0.6,0.5,2.2,3.5,11.3,,2020,2019-20
146.0,Malik Beasley,23.0,2TM,SG,55.0,14.0,22.0,4.1,9.7,0.425,1.9,5.0,0.388,2.2,4.7,0.465,0.525,1.0,1.2,0.818,0.3,2.4,2.7,1.4,0.7,0.1,1.0,1.4,11.2,,2020,2019-20
146.0,Malik Beasley,23.0,DEN,SG,41.0,0.0,18.2,2.9,7.3,0.389,1.4,3.9,0.36,1.4,3.4,0.421,0.485,0.8,0.9,0.868,0.2,1.7,1.9,1.2,0.8,0.1,0.9,1.2,7.9,,2020,2019-20
146.0,Malik Beasley,23.0,MIN,SG,14.0,14.0,33.1,7.9,16.6,0.472,3.5,8.2,0.426,4.4,8.4,0.517,0.577,1.5,2.0,0.75,0.6,4.4,5.1,1.9,0.6,0.1,1.5,1.9,20.7,,2020,2019-20
147.0,Bryn Forbes,26.0,SAS,SG,63.0,62.0,25.1,3.8,9.2,0.417,2.3,6.0,0.388,1.5,3.2,0.47,0.544,1.2,1.4,0.833,0.2,1.8,2.0,1.7,0.5,0.0,0.9,1.8,11.2,,2020,2019-20
148.0,Dion Waiters,28.0,2TM,SG,10.0,0.0,20.7,4.1,9.9,0.414,1.5,4.7,0.319,2.6,5.2,0.5,0.49,1.4,1.7,0.824,0.2,2.2,2.4,2.0,0.4,0.6,1.6,2.1,11.1,,2020,2019-20
148.0,Dion Waiters,28.0,MIA,SG,3.0,0.0,14.0,3.3,8.7,0.385,2.7,5.7,0.471,0.7,3.0,0.222,0.538,0.0,0.3,0.0,0.0,3.7,3.7,1.0,0.0,0.7,1.0,1.7,9.3,,2020,2019-20
148.0,Dion Waiters,28.0,LAL,SG,7.0,0.0,23.6,4.4,10.4,0.425,1.0,4.3,0.233,3.4,6.1,0.558,0.473,2.0,2.3,0.875,0.3,1.6,1.9,2.4,0.6,0.6,1.9,2.3,11.9,,2020,2019-20
149.0,Jarrett Allen,21.0,BRK,C,70.0,64.0,26.5,4.3,6.6,0.649,0.0,0.1,0.0,4.3,6.6,0.658,0.649,2.4,3.9,0.633,3.1,6.5,9.6,1.6,0.6,1.3,1.1,2.3,11.1,DPOY-12,2020,2019-20
150.0,Cody Zeller,27.0,CHO,C,58.0,39.0,23.1,4.3,8.3,0.524,0.3,1.3,0.24,4.0,7.0,0.577,0.543,2.1,3.1,0.682,2.8,4.3,7.1,1.5,0.7,0.4,1.3,2.4,11.1,,2020,2019-20
151.0,Rodney Hood,27.0,POR,SF,21.0,21.0,29.5,4.1,8.2,0.506,1.7,3.4,0.493,2.5,4.8,0.515,0.608,1.0,1.3,0.778,0.5,3.0,3.4,1.5,0.8,0.2,0.9,2.2,11.0,,2020,2019-20
152.0,Mychal Mulder,25.0,GSW,SF,7.0,3.0,29.1,3.7,9.6,0.388,2.3,7.4,0.308,1.4,2.1,0.667,0.507,1.3,1.7,0.75,0.4,2.9,3.3,1.1,0.3,0.1,0.7,2.9,11.0,,2020,2019-20
153.0,Cedi Osman,24.0,CLE,SF,65.0,65.0,29.4,4.1,9.4,0.437,1.9,4.9,0.383,2.2,4.4,0.497,0.538,1.0,1.4,0.67,0.6,3.0,3.6,2.4,0.8,0.2,1.4,2.5,11.0,,2020,2019-20
154.0,Jeff Teague,31.0,2TM,PG,59.0,17.0,24.8,3.6,8.3,0.436,0.7,2.0,0.368,2.9,6.3,0.457,0.48,2.9,3.3,0.873,0.5,1.9,2.4,5.2,0.7,0.3,2.0,1.8,10.9,,2020,2019-20
154.0,Jeff Teague,31.0,MIN,PG,34.0,13.0,27.8,4.3,9.5,0.448,1.0,2.6,0.379,3.3,7.0,0.473,0.498,3.7,4.2,0.868,0.4,2.1,2.6,6.1,0.7,0.4,2.2,2.1,13.2,,2020,2019-20
154.0,Jeff Teague,31.0,ATL,PG,25.0,4.0,20.8,2.7,6.6,0.412,0.4,1.2,0.333,2.3,5.4,0.43,0.442,1.9,2.1,0.887,0.5,1.7,2.2,4.0,0.8,0.2,1.6,1.4,7.7,,2020,2019-20
155.0,Steven Adams,26.0,OKC,C,63.0,63.0,26.7,4.5,7.6,0.592,0.0,0.0,0.333,4.5,7.5,0.594,0.593,1.9,3.2,0.582,3.3,6.0,9.3,2.3,0.8,1.1,1.5,1.9,10.9,,2020,2019-20
156.0,Dejounte Murray,23.0,SAS,PG,66.0,58.0,25.6,4.5,9.7,0.462,0.6,1.7,0.369,3.8,8.0,0.481,0.494,1.4,1.7,0.798,1.0,4.8,5.8,4.1,1.7,0.3,1.9,2.2,10.9,,2020,2019-20
157.0,Cameron Payne,25.0,PHO,SG,8.0,0.0,22.9,4.1,8.5,0.485,1.9,3.6,0.517,2.3,4.9,0.462,0.596,0.8,0.9,0.857,0.5,3.4,3.9,3.0,1.0,0.3,1.4,2.5,10.9,,2020,2019-20
158.0,Ish Smith,31.0,WAS,PG,68.0,23.0,26.3,4.5,10.1,0.447,0.9,2.5,0.367,3.6,7.6,0.473,0.492,0.9,1.3,0.721,0.4,2.8,3.2,4.9,0.9,0.4,1.4,1.6,10.9,,2020,2019-20
159.0,Rudy Gay,33.0,SAS,PF,67.0,5.0,21.8,4.0,8.9,0.446,1.1,3.3,0.336,2.9,5.6,0.511,0.508,1.8,2.0,0.882,0.9,4.5,5.4,1.7,0.5,0.5,1.3,1.5,10.8,,2020,2019-20
160.0,Dario Šarić,25.0,PHO,PF,66.0,51.0,24.7,3.9,8.2,0.476,1.3,3.6,0.357,2.6,4.6,0.568,0.554,1.6,1.9,0.844,1.5,4.6,6.2,1.9,0.6,0.2,1.3,2.4,10.7,,2020,2019-20
161.0,OG Anunoby,22.0,TOR,SF,69.0,68.0,29.9,4.1,8.2,0.505,1.3,3.3,0.39,2.9,4.9,0.583,0.584,1.0,1.5,0.706,1.2,4.1,5.3,1.6,1.4,0.7,1.1,2.4,10.6,,2020,2019-20
162.0,Jae Crowder,29.0,2TM,SF,65.0,53.0,28.8,3.5,8.7,0.401,2.1,6.1,0.343,1.4,2.6,0.538,0.521,1.5,1.9,0.776,0.8,5.1,5.9,2.5,1.1,0.4,1.1,2.2,10.5,,2020,2019-20
162.0,Jae Crowder,29.0,MEM,SF,45.0,45.0,29.4,3.3,8.9,0.368,1.7,5.9,0.293,1.5,3.0,0.519,0.466,1.7,2.1,0.789,0.9,5.3,6.2,2.8,1.0,0.3,1.2,1.9,9.9,,2020,2019-20
162.0,Jae Crowder,29.0,MIA,PF,20.0,8.0,27.7,4.0,8.2,0.482,2.9,6.4,0.445,1.1,1.8,0.611,0.655,1.1,1.5,0.733,0.6,4.8,5.4,1.8,1.3,0.5,0.8,2.9,11.9,,2020,2019-20
163.0,D.J. Augustin,32.0,ORL,PG,57.0,13.0,24.9,3.2,8.1,0.399,1.2,3.5,0.348,2.0,4.6,0.438,0.475,2.8,3.2,0.89,0.4,1.8,2.1,4.6,0.6,0.0,1.5,1.3,10.5,,2020,2019-20
164.0,Danuel House Jr.,26.0,HOU,SF,63.0,52.0,30.4,3.7,8.6,0.427,2.0,5.6,0.363,1.6,2.9,0.549,0.546,1.2,1.4,0.811,0.9,3.3,4.2,1.3,1.1,0.5,0.9,2.1,10.5,,2020,2019-20
165.0,Cam Reddish,20.0,ATL,SF,58.0,34.0,26.7,3.7,9.6,0.384,1.4,4.3,0.332,2.2,5.2,0.428,0.459,1.7,2.2,0.802,0.6,3.1,3.7,1.5,1.1,0.5,1.7,2.3,10.5,,2020,2019-20
166.0,Troy Brown Jr.,20.0,WAS,SF,69.0,22.0,25.8,4.0,9.0,0.439,0.9,2.6,0.341,3.1,6.4,0.479,0.488,1.6,2.0,0.784,1.1,4.4,5.6,2.6,1.2,0.1,1.1,1.9,10.4,,2020,2019-20
167.0,Gary Harris,25.0,DEN,SG,56.0,55.0,31.8,3.9,9.3,0.42,1.3,3.8,0.333,2.6,5.5,0.479,0.487,1.3,1.6,0.815,0.5,2.4,2.9,2.1,1.4,0.3,1.1,2.1,10.4,,2020,2019-20
168.0,Shabazz Napier,28.0,2TM,PG,56.0,32.0,24.0,3.4,8.1,0.412,1.4,4.3,0.317,2.0,3.9,0.519,0.496,2.3,2.7,0.824,0.5,2.4,2.8,4.7,1.2,0.2,2.3,1.8,10.3,,2020,2019-20
168.0,Shabazz Napier,28.0,MIN,PG,36.0,22.0,23.8,3.2,7.9,0.403,1.3,4.4,0.296,1.9,3.4,0.54,0.486,2.0,2.4,0.818,0.5,2.6,3.1,5.2,1.1,0.2,2.1,1.7,9.6,,2020,2019-20
168.0,Shabazz Napier,28.0,WAS,PG,20.0,10.0,24.4,3.7,8.7,0.428,1.5,4.1,0.358,2.3,4.6,0.489,0.512,2.7,3.3,0.831,0.5,2.0,2.4,3.8,1.5,0.2,2.6,2.0,11.6,,2020,2019-20
169.0,Langston Galloway,28.0,DET,SG,66.0,6.0,25.8,3.6,8.2,0.435,2.0,5.0,0.399,1.6,3.2,0.493,0.557,1.1,1.3,0.859,0.5,1.8,2.3,1.5,0.7,0.2,0.6,1.5,10.3,,2020,2019-20
170.0,Doug McDermott,28.0,IND,PF,69.0,0.0,19.9,3.9,7.9,0.488,1.9,4.3,0.435,2.0,3.7,0.549,0.605,0.7,0.8,0.828,0.4,2.1,2.5,1.1,0.2,0.1,0.6,1.7,10.3,,2020,2019-20
171.0,Malik Monk,21.0,CHO,SG,55.0,1.0,21.3,3.9,8.9,0.434,1.1,3.7,0.284,2.8,5.2,0.542,0.494,1.5,1.8,0.82,0.5,2.4,2.9,2.1,0.5,0.3,1.4,1.3,10.3,,2020,2019-20
172.0,Garrett Temple,33.0,BRK,SG,62.0,35.0,27.9,3.6,9.5,0.378,2.0,6.2,0.329,1.5,3.2,0.473,0.486,1.1,1.4,0.805,0.5,3.0,3.5,2.5,0.8,0.5,1.0,1.7,10.3,,2020,2019-20
173.0,Thaddeus Young,31.0,CHI,PF,64.0,16.0,24.9,4.2,9.4,0.448,1.2,3.5,0.356,3.0,5.9,0.501,0.513,0.7,1.1,0.583,1.5,3.5,4.9,1.8,1.4,0.4,1.6,2.1,10.3,,2020,2019-20
174.0,Josh Hart,24.0,NOP,SF,65.0,16.0,27.0,3.5,8.2,0.423,1.9,5.4,0.342,1.6,2.7,0.584,0.537,1.3,1.8,0.739,0.9,5.6,6.5,1.7,1.0,0.4,1.2,2.5,10.1,,2020,2019-20
175.0,Ben McLemore,26.0,HOU,SF,71.0,23.0,22.8,3.4,7.7,0.444,2.5,6.4,0.4,0.9,1.3,0.656,0.61,0.7,0.9,0.746,0.3,1.9,2.2,0.8,0.6,0.2,0.7,2.2,10.1,,2020,2019-20
176.0,Larry Nance Jr.,27.0,CLE,PF,56.0,10.0,26.3,4.1,7.7,0.531,1.0,2.8,0.352,3.1,4.9,0.636,0.596,0.9,1.3,0.676,1.9,5.4,7.3,2.2,1.0,0.4,1.1,1.6,10.1,,2020,2019-20
177.0,Bobby Portis,24.0,NYK,PF,66.0,5.0,21.1,4.0,8.9,0.45,1.0,2.8,0.358,3.0,6.1,0.493,0.507,1.1,1.4,0.763,1.2,3.9,5.1,1.5,0.5,0.3,1.1,1.7,10.1,,2020,2019-20
178.0,Elfrid Payton,25.0,NYK,PG,45.0,36.0,27.7,4.3,9.8,0.439,0.3,1.5,0.203,4.0,8.2,0.482,0.455,1.1,1.9,0.57,1.2,3.6,4.7,7.2,1.6,0.4,2.1,2.0,10.0,,2020,2019-20
179.0,Kevin Porter Jr.,19.0,CLE,SF,50.0,3.0,23.2,3.7,8.4,0.442,1.1,3.2,0.335,2.7,5.3,0.506,0.505,1.5,2.0,0.723,0.4,2.8,3.2,2.2,0.9,0.3,1.9,2.7,10.0,,2020,2019-20
180.0,Tomáš Satoranský,28.0,CHI,SG,65.0,64.0,28.9,3.6,8.5,0.43,1.0,3.1,0.322,2.7,5.4,0.491,0.488,1.6,1.9,0.876,1.2,2.7,3.9,5.4,1.2,0.1,2.0,2.1,9.9,,2020,2019-20
181.0,Joe Ingles,32.0,UTA,PF,72.0,45.0,29.7,3.4,7.7,0.445,2.0,4.9,0.399,1.5,2.8,0.525,0.572,1.0,1.3,0.787,0.4,3.5,3.9,5.2,0.9,0.2,2.0,2.1,9.8,,2020,2019-20
182.0,Furkan Korkmaz,22.0,PHI,SG,72.0,12.0,21.7,3.4,7.8,0.43,2.0,4.9,0.402,1.4,2.9,0.478,0.557,1.1,1.4,0.755,0.3,2.1,2.3,1.1,0.6,0.2,0.8,1.4,9.8,,2020,2019-20
183.0,Markieff Morris,30.0,2TM,PF,58.0,17.0,20.5,3.5,7.9,0.443,1.5,3.9,0.386,2.0,4.0,0.5,0.539,1.1,1.5,0.776,0.7,3.1,3.8,1.3,0.5,0.3,1.3,2.3,9.7,,2020,2019-20
183.0,Markieff Morris,30.0,DET,PF,44.0,16.0,22.5,4.0,8.8,0.45,1.7,4.3,0.397,2.3,4.5,0.5,0.546,1.4,1.8,0.772,0.5,3.4,3.9,1.6,0.6,0.3,1.6,2.4,11.0,,2020,2019-20
183.0,Markieff Morris,30.0,LAL,PF,14.0,1.0,14.2,2.0,4.9,0.406,0.9,2.8,0.333,1.1,2.1,0.5,0.5,0.4,0.4,0.833,1.1,2.1,3.2,0.6,0.4,0.4,0.4,2.1,5.3,,2020,2019-20
184.0,Frank Kaminsky,26.0,PHO,C,39.0,13.0,19.9,3.5,7.9,0.45,1.1,3.2,0.331,2.5,4.7,0.53,0.516,1.6,2.3,0.678,0.9,3.6,4.5,1.9,0.4,0.3,0.9,1.9,9.7,,2020,2019-20
185.0,Mitchell Robinson,21.0,NYK,C,61.0,7.0,23.1,4.1,5.6,0.742,0.0,0.0,,4.1,5.6,0.742,0.742,1.4,2.4,0.568,3.0,4.0,7.0,0.6,0.9,2.0,0.6,3.2,9.7,,2020,2019-20
186.0,Dorian Finney-Smith,26.0,DAL,PF,71.0,68.0,29.9,3.4,7.4,0.466,1.6,4.3,0.376,1.8,3.1,0.589,0.575,1.1,1.5,0.722,2.0,3.7,5.7,1.6,0.6,0.5,1.0,2.5,9.5,,2020,2019-20
187.0,Aaron Holiday,23.0,IND,PG,66.0,33.0,24.5,3.5,8.5,0.414,1.3,3.3,0.394,2.2,5.2,0.427,0.491,1.1,1.3,0.851,0.3,2.0,2.4,3.4,0.8,0.2,1.3,1.8,9.5,,2020,2019-20
188.0,Jeff Green,33.0,2TM,C,48.0,4.0,20.0,3.3,7.2,0.462,1.3,3.8,0.339,2.0,3.4,0.602,0.552,1.5,1.9,0.802,0.5,2.3,2.8,1.0,0.5,0.4,0.9,1.9,9.4,,2020,2019-20
188.0,Jeff Green,33.0,UTA,PF,30.0,2.0,18.4,2.5,6.5,0.385,1.1,3.5,0.327,1.4,3.0,0.451,0.472,1.6,2.1,0.778,0.5,2.2,2.7,0.7,0.4,0.3,0.9,1.5,7.8,,2020,2019-20
188.0,Jeff Green,33.0,HOU,C,18.0,2.0,22.6,4.7,8.3,0.564,1.6,4.4,0.354,3.1,3.9,0.8,0.658,1.3,1.6,0.857,0.6,2.3,2.9,1.7,0.8,0.5,0.8,2.4,12.2,,2020,2019-20
189.0,George Hill,33.0,MIL,PG,59.0,2.0,21.5,3.3,6.4,0.516,1.4,3.0,0.46,1.9,3.4,0.565,0.624,1.4,1.7,0.842,0.8,2.2,3.0,3.1,0.8,0.1,1.0,1.4,9.4,6MOY-4,2020,2019-20
190.0,Shake Milton,23.0,PHI,SG,40.0,24.0,20.1,3.4,6.9,0.484,1.5,3.4,0.43,1.9,3.6,0.535,0.588,1.3,1.6,0.785,0.4,1.8,2.2,2.6,0.5,0.2,1.2,2.3,9.4,,2020,2019-20
191.0,Dwight Powell,28.0,DAL,C,40.0,37.0,26.5,3.7,5.7,0.638,0.3,1.0,0.256,3.4,4.8,0.716,0.659,1.9,2.8,0.667,1.9,3.8,5.7,1.5,0.9,0.6,0.9,2.6,9.4,,2020,2019-20
192.0,Kentavious Caldwell-Pope,26.0,LAL,SG,69.0,26.0,25.5,3.4,7.3,0.467,1.3,3.5,0.385,2.1,3.9,0.541,0.558,1.1,1.5,0.775,0.6,1.5,2.1,1.6,0.8,0.2,0.9,1.9,9.3,,2020,2019-20
193.0,Marquese Chriss,22.0,GSW,PF,59.0,21.0,20.3,3.6,6.5,0.545,0.1,0.7,0.205,3.4,5.9,0.584,0.556,2.0,2.6,0.769,1.9,4.3,6.2,1.9,0.7,1.1,1.3,2.1,9.3,,2020,2019-20
194.0,Michael Porter Jr.,21.0,DEN,SF,55.0,8.0,16.4,3.5,7.0,0.509,1.1,2.7,0.422,2.4,4.3,0.564,0.59,1.1,1.3,0.833,1.2,3.5,4.7,0.8,0.5,0.5,0.9,1.8,9.3,,2020,2019-20
195.0,Landry Shamet,22.0,LAC,SG,53.0,30.0,27.4,3.0,7.4,0.404,2.1,5.6,0.375,0.9,1.8,0.495,0.546,1.2,1.4,0.855,0.1,1.8,1.9,1.9,0.4,0.2,0.8,2.7,9.3,,2020,2019-20
196.0,Jarrett Culver,20.0,MIN,SG,63.0,35.0,23.9,3.7,9.0,0.404,1.0,3.5,0.299,2.6,5.5,0.471,0.462,0.9,1.9,0.462,1.1,2.3,3.4,1.7,0.9,0.6,1.3,2.0,9.2,,2020,2019-20
197.0,Donte DiVincenzo,23.0,MIL,SG,66.0,24.0,23.0,3.5,7.7,0.455,1.3,3.7,0.336,2.3,4.0,0.567,0.536,1.0,1.3,0.733,1.0,3.8,4.8,2.3,1.3,0.3,1.4,1.7,9.2,,2020,2019-20
198.0,Daniel Theis,27.0,BOS,C,65.0,64.0,24.1,3.7,6.6,0.566,0.5,1.5,0.333,3.2,5.1,0.633,0.603,1.3,1.8,0.763,2.2,4.4,6.6,1.7,0.6,1.3,0.8,3.4,9.2,,2020,2019-20
199.0,Mikal Bridges,23.0,PHO,SF,73.0,32.0,28.0,3.4,6.6,0.51,1.0,2.7,0.361,2.4,4.0,0.61,0.583,1.4,1.7,0.844,0.9,3.1,4.0,1.8,1.4,0.6,1.0,2.2,9.1,,2020,2019-20
200.0,Keldon Johnson,20.0,SAS,SF,17.0,1.0,17.7,3.1,5.2,0.596,0.8,1.3,0.591,2.4,3.9,0.597,0.669,2.1,2.6,0.795,0.6,2.8,3.4,0.9,0.8,0.1,0.8,1.6,9.1,,2020,2019-20
201.0,Maxi Kleber,28.0,DAL,PF,74.0,21.0,25.5,3.2,6.9,0.461,1.6,4.3,0.373,1.6,2.6,0.605,0.577,1.1,1.3,0.849,1.5,3.7,5.2,1.2,0.3,1.1,0.8,2.4,9.1,,2020,2019-20
202.0,Jake Layman,25.0,MIN,SF,23.0,2.0,22.0,3.5,7.8,0.453,1.0,3.1,0.333,2.5,4.7,0.533,0.52,1.0,1.4,0.75,0.7,1.7,2.5,0.7,0.7,0.4,1.0,2.0,9.1,,2020,2019-20
203.0,Derrick Favors,28.0,NOP,C,51.0,49.0,24.4,4.1,6.6,0.617,0.0,0.1,0.143,4.1,6.5,0.627,0.618,0.8,1.4,0.563,3.2,6.6,9.8,1.6,0.6,0.9,1.1,2.1,9.0,,2020,2019-20
204.0,Josh Jackson,22.0,MEM,SF,22.0,0.0,17.3,3.2,7.2,0.44,1.0,3.3,0.319,2.1,4.0,0.54,0.513,1.6,2.3,0.7,0.5,2.5,3.0,1.6,0.8,0.4,1.3,1.8,9.0,,2020,2019-20
205.0,Monte Morris,24.0,DEN,PG,73.0,12.0,22.4,3.6,7.8,0.459,0.9,2.4,0.378,2.7,5.4,0.495,0.517,1.0,1.2,0.843,0.3,1.5,1.9,3.5,0.8,0.2,0.7,1.0,9.0,,2020,2019-20
206.0,Svi Mykhailiuk,22.0,DET,SF,56.0,27.0,22.6,3.0,7.2,0.41,2.1,5.1,0.404,0.9,2.1,0.425,0.552,1.0,1.3,0.814,0.3,1.6,1.9,1.9,0.7,0.1,1.1,1.6,9.0,,2020,2019-20
207.0,Naz Reid,20.0,MIN,C,30.0,11.0,16.5,3.3,8.1,0.412,1.1,3.2,0.33,2.3,4.9,0.466,0.477,1.2,1.8,0.698,1.1,3.0,4.1,1.2,0.6,0.7,0.7,2.8,9.0,,2020,2019-20
208.0,Bruce Brown,23.0,DET,PG,58.0,43.0,28.2,3.4,7.7,0.443,0.6,1.7,0.344,2.8,6.1,0.47,0.48,1.5,2.1,0.739,1.1,3.7,4.7,4.0,1.1,0.5,1.7,2.8,8.9,,2020,2019-20
209.0,Gary Trent Jr.,21.0,POR,SF,61.0,8.0,21.8,3.2,7.2,0.444,1.8,4.4,0.418,1.4,2.8,0.486,0.571,0.6,0.7,0.822,0.4,1.2,1.6,1.0,0.8,0.3,0.3,1.5,8.9,,2020,2019-20
210.0,Kent Bazemore,30.0,2TM,SF,68.0,21.0,24.8,2.9,7.9,0.375,1.2,3.6,0.344,1.7,4.3,0.4,0.453,1.7,2.2,0.769,0.4,3.9,4.3,1.4,1.1,0.6,1.3,2.9,8.8,,2020,2019-20
210.0,Kent Bazemore,30.0,POR,SF,43.0,21.0,25.8,2.6,7.6,0.347,1.3,4.0,0.327,1.3,3.6,0.368,0.433,1.3,1.7,0.806,0.3,3.7,4.0,1.4,1.0,0.7,1.4,2.8,7.9,,2020,2019-20
210.0,Kent Bazemore,30.0,SAC,SF,25.0,0.0,23.1,3.5,8.3,0.418,1.1,2.9,0.384,2.4,5.4,0.437,0.486,2.2,3.0,0.733,0.6,4.3,4.9,1.3,1.2,0.4,1.2,3.0,10.3,,2020,2019-20
211.0,Cameron Johnson,23.0,PHO,PF,57.0,9.0,22.0,3.1,7.1,0.435,1.9,4.8,0.39,1.2,2.3,0.526,0.565,0.8,1.0,0.807,0.9,2.4,3.3,1.2,0.6,0.4,0.6,1.5,8.8,,2020,2019-20
212.0,Jordan Poole,20.0,GSW,SG,57.0,14.0,22.4,2.9,8.8,0.333,1.3,4.6,0.279,1.6,4.2,0.392,0.406,1.7,2.1,0.798,0.2,1.9,2.1,2.4,0.6,0.2,1.3,1.6,8.8,,2020,2019-20
213.0,Austin Rivers,27.0,HOU,SG,68.0,4.0,23.4,3.1,7.4,0.421,1.4,4.0,0.356,1.7,3.4,0.498,0.517,1.1,1.6,0.703,0.4,2.2,2.6,1.7,0.7,0.1,0.7,1.9,8.8,,2020,2019-20
214.0,Grayson Allen,24.0,MEM,SG,38.0,0.0,18.9,3.1,6.6,0.466,1.5,3.7,0.404,1.6,2.9,0.545,0.58,1.0,1.2,0.867,0.2,2.0,2.2,1.4,0.3,0.1,0.9,1.4,8.7,,2020,2019-20
215.0,Moritz Wagner,22.0,WAS,C,45.0,5.0,18.6,3.2,5.9,0.545,0.6,1.8,0.313,2.7,4.1,0.645,0.592,1.7,2.1,0.821,1.2,3.6,4.9,1.2,0.6,0.4,1.5,3.4,8.7,,2020,2019-20
216.0,Avery Bradley,29.0,LAL,SG,49.0,44.0,24.2,3.5,7.8,0.444,1.3,3.5,0.364,2.2,4.3,0.51,0.526,0.4,0.5,0.833,0.4,2.0,2.3,1.3,0.9,0.1,1.0,2.2,8.6,,2020,2019-20
217.0,Josh Okogie,21.0,MIN,SG,62.0,28.0,25.0,2.7,6.4,0.427,0.7,2.5,0.266,2.1,3.9,0.529,0.479,2.5,3.1,0.796,1.4,2.9,4.3,1.6,1.1,0.4,1.4,2.2,8.6,,2020,2019-20
218.0,Derrick Jones Jr.,22.0,MIA,SF,59.0,16.0,23.3,3.1,5.9,0.527,0.6,2.2,0.28,2.5,3.7,0.677,0.58,1.6,2.1,0.772,1.1,2.8,3.9,1.1,1.0,0.6,0.5,2.2,8.5,,2020,2019-20
219.0,James Johnson,32.0,2TM,PF,32.0,1.0,19.3,3.2,6.7,0.479,1.0,2.8,0.363,2.2,3.9,0.565,0.556,1.0,1.5,0.646,0.8,2.9,3.7,2.3,0.8,1.0,1.5,2.5,8.4,,2020,2019-20
219.0,James Johnson,32.0,MIA,PF,18.0,0.0,15.6,2.2,4.8,0.448,0.9,2.5,0.356,1.3,2.3,0.548,0.54,0.4,0.8,0.571,0.4,2.4,2.9,1.2,0.3,0.7,0.8,1.9,5.7,,2020,2019-20
219.0,James Johnson,32.0,MIN,C,14.0,1.0,24.1,4.6,9.1,0.5,1.2,3.3,0.37,3.4,5.9,0.573,0.566,1.6,2.4,0.676,1.2,3.5,4.7,3.8,1.4,1.4,2.4,3.3,12.0,,2020,2019-20
220.0,Justin Holiday,30.0,IND,SF,73.0,6.0,25.0,2.8,6.7,0.428,1.8,4.5,0.405,1.0,2.1,0.477,0.566,0.7,0.9,0.791,0.4,2.8,3.3,1.3,1.2,0.6,0.6,1.9,8.3,,2020,2019-20
221.0,DeAndre Jordan,31.0,BRK,C,56.0,6.0,22.0,3.4,5.1,0.666,0.0,0.0,,3.4,5.1,0.666,0.666,1.5,2.2,0.68,2.5,7.5,10.0,1.9,0.3,0.9,1.3,2.0,8.3,,2020,2019-20
222.0,E'Twaun Moore,30.0,NOP,SG,56.0,6.0,18.2,3.3,7.8,0.426,1.1,3.0,0.377,2.2,4.8,0.456,0.498,0.6,0.8,0.689,0.6,1.8,2.3,1.4,0.6,0.2,0.7,1.4,8.3,,2020,2019-20
223.0,Jeremy Pargo,33.0,GSW,PG,3.0,0.0,14.7,3.7,7.3,0.5,1.0,2.3,0.429,2.7,5.0,0.533,0.568,0.0,0.3,0.0,0.3,0.7,1.0,2.7,0.3,0.0,1.3,2.7,8.3,,2020,2019-20
224.0,Anfernee Simons,20.0,POR,SG,70.0,4.0,20.7,3.1,7.7,0.399,1.1,3.2,0.332,2.0,4.4,0.448,0.469,1.1,1.3,0.826,0.4,1.8,2.2,1.4,0.4,0.1,0.9,1.9,8.3,,2020,2019-20
225.0,Ivica Zubac,22.0,LAC,C,72.0,70.0,18.4,3.3,5.3,0.613,0.0,0.0,0.0,3.3,5.3,0.616,0.613,1.7,2.3,0.747,2.7,4.8,7.5,1.1,0.2,0.9,0.8,2.3,8.3,,2020,2019-20
226.0,Jalen Brunson,23.0,DAL,PG,57.0,16.0,17.9,3.2,6.8,0.466,0.8,2.1,0.358,2.4,4.7,0.515,0.522,1.1,1.3,0.813,0.4,2.0,2.4,3.3,0.4,0.1,1.2,1.3,8.2,,2020,2019-20
227.0,Kelly Olynyk,28.0,MIA,C,67.0,9.0,19.4,2.7,5.9,0.462,1.4,3.5,0.406,1.3,2.4,0.543,0.582,1.3,1.5,0.86,0.7,3.9,4.6,1.7,0.7,0.3,1.1,2.6,8.2,,2020,2019-20
228.0,Reggie Bullock,28.0,NYK,SG,29.0,19.0,23.6,3.1,7.7,0.402,1.3,3.8,0.333,1.8,3.9,0.469,0.484,0.6,0.7,0.81,0.4,1.9,2.3,1.4,0.9,0.1,0.7,1.9,8.1,,2020,2019-20
229.0,Enes Freedom,27.0,BOS,C,58.0,7.0,16.9,3.4,6.0,0.572,0.0,0.1,0.143,3.4,5.9,0.581,0.573,1.2,1.7,0.707,2.8,4.6,7.4,1.0,0.4,0.7,1.0,1.7,8.1,,2020,2019-20
230.0,Jahlil Okafor,24.0,NOP,C,30.0,9.0,15.6,3.4,5.4,0.623,0.0,0.1,0.333,3.3,5.3,0.629,0.627,1.3,2.1,0.645,1.6,2.6,4.2,1.2,0.2,0.7,1.3,2.2,8.1,,2020,2019-20
231.0,Trevor Ariza,34.0,2TM,SF,53.0,21.0,28.2,2.7,6.1,0.438,1.5,3.9,0.372,1.2,2.2,0.556,0.557,1.2,1.4,0.838,0.6,4.0,4.6,1.7,1.3,0.3,1.1,2.1,8.0,,2020,2019-20
231.0,Trevor Ariza,34.0,SAC,SF,32.0,0.0,24.7,2.0,5.2,0.388,1.3,3.8,0.352,0.7,1.3,0.488,0.518,0.7,0.8,0.778,0.7,3.9,4.6,1.6,1.1,0.2,0.9,2.0,6.0,,2020,2019-20
231.0,Trevor Ariza,34.0,POR,SF,21.0,21.0,33.4,3.7,7.6,0.491,1.6,4.0,0.4,2.1,3.5,0.595,0.597,2.0,2.2,0.872,0.6,4.1,4.8,2.0,1.6,0.4,1.3,2.3,11.0,,2020,2019-20
232.0,Alex Len,26.0,2TM,C,55.0,12.0,17.6,3.2,5.8,0.555,0.3,1.1,0.271,2.9,4.7,0.619,0.58,1.2,1.9,0.648,1.8,4.0,5.8,0.9,0.4,0.9,1.0,2.3,8.0,,2020,2019-20
232.0,Alex Len,26.0,ATL,C,40.0,9.0,18.6,3.6,6.5,0.546,0.4,1.4,0.25,3.2,5.1,0.627,0.573,1.3,2.0,0.63,1.7,4.0,5.8,1.1,0.5,0.8,1.0,2.3,8.7,,2020,2019-20
232.0,Alex Len,26.0,SAC,C,15.0,3.0,15.0,2.3,3.9,0.593,0.1,0.2,0.667,2.2,3.7,0.589,0.61,1.1,1.6,0.708,2.1,4.0,6.1,0.5,0.2,1.0,1.1,2.3,5.9,,2020,2019-20
233.0,Danny Green,32.0,LAL,SG,68.0,68.0,24.8,2.9,7.0,0.416,1.8,4.8,0.367,1.1,2.2,0.524,0.542,0.5,0.7,0.688,0.8,2.6,3.3,1.3,1.3,0.5,0.9,2.0,8.0,,2020,2019-20
234.0,Draymond Green,29.0,GSW,PF,43.0,43.0,28.4,2.9,7.3,0.389,0.8,3.0,0.279,2.0,4.3,0.465,0.446,1.5,1.9,0.759,0.5,5.7,6.2,6.2,1.4,0.8,2.3,2.6,8.0,,2020,2019-20
235.0,Tony Snell,28.0,DET,SF,59.0,57.0,27.8,2.9,6.5,0.445,1.7,4.3,0.402,1.2,2.2,0.531,0.579,0.5,0.5,1.0,0.2,1.7,1.9,2.2,0.5,0.3,0.5,1.7,8.0,,2020,2019-20
236.0,Sindarius Thornwell,25.0,NOP,SF,2.0,0.0,17.5,3.0,5.5,0.545,1.0,2.0,0.5,2.0,3.5,0.571,0.636,1.0,2.0,0.5,0.0,2.0,2.0,2.0,0.5,0.5,1.0,1.0,8.0,,2020,2019-20
237.0,Patrick Beverley,31.0,LAC,PG,51.0,50.0,26.3,2.9,6.7,0.431,1.6,4.0,0.388,1.3,2.6,0.496,0.548,0.6,0.9,0.66,1.1,4.1,5.2,3.6,1.1,0.5,1.3,3.1,7.9,"DPOY-6,DEF2",2020,2019-20
238.0,Chandler Hutchison,23.0,CHI,SF,28.0,10.0,18.8,2.9,6.3,0.457,0.4,1.4,0.316,2.4,4.9,0.496,0.491,1.6,2.8,0.59,0.6,3.2,3.9,0.9,1.0,0.3,1.0,1.7,7.8,,2020,2019-20
239.0,Timothé Luwawu-Cabarrot,24.0,BRK,SF,47.0,2.0,18.1,2.5,5.7,0.435,1.3,3.4,0.388,1.2,2.3,0.505,0.55,1.5,1.7,0.852,0.6,2.1,2.7,0.6,0.4,0.1,0.8,2.3,7.8,,2020,2019-20
240.0,J.J. Barea,35.0,DAL,PG,29.0,6.0,15.5,2.9,7.1,0.411,1.1,2.9,0.376,1.8,4.2,0.434,0.488,0.7,0.8,0.909,0.3,1.5,1.8,3.9,0.2,0.1,1.3,0.9,7.7,,2020,2019-20
241.0,Jordan McLaughlin,23.0,MIN,PG,30.0,2.0,19.7,2.9,5.9,0.489,1.0,2.5,0.382,1.9,3.4,0.569,0.57,0.9,1.3,0.667,0.2,1.4,1.6,4.2,1.1,0.1,1.0,1.0,7.6,,2020,2019-20
242.0,De'Anthony Melton,21.0,MEM,PG,60.0,8.0,19.5,2.7,6.7,0.401,0.7,2.3,0.286,2.0,4.4,0.464,0.451,1.6,2.0,0.769,0.7,3.0,3.7,2.9,1.3,0.3,1.4,1.8,7.6,,2020,2019-20
243.0,Omari Spellman,22.0,GSW,C,49.0,3.0,18.1,2.6,6.0,0.431,0.9,2.2,0.391,1.7,3.8,0.454,0.503,1.5,1.9,0.793,1.6,2.9,4.5,1.0,0.7,0.5,1.1,1.3,7.6,,2020,2019-20
244.0,Terence Davis,22.0,TOR,SG,72.0,4.0,16.8,2.8,6.1,0.456,1.3,3.4,0.388,1.5,2.7,0.541,0.564,0.7,0.8,0.864,0.7,2.6,3.3,1.6,0.5,0.2,1.1,1.7,7.5,ROY-6,2020,2019-20
245.0,Marc Gasol,35.0,TOR,C,44.0,43.0,26.4,2.7,6.3,0.427,1.3,3.4,0.385,1.4,3.0,0.473,0.529,0.8,1.1,0.735,0.7,5.5,6.3,3.3,0.8,0.9,1.3,2.8,7.5,,2020,2019-20
246.0,Dwight Howard,34.0,LAL,C,69.0,2.0,18.9,2.9,4.0,0.729,0.0,0.1,0.6,2.9,3.9,0.732,0.735,1.6,3.1,0.514,2.5,4.9,7.3,0.7,0.4,1.1,1.2,3.2,7.5,6MOY-9,2020,2019-20
247.0,Trey Burke,27.0,2TM,PG,33.0,1.0,15.8,2.8,6.3,0.45,1.0,2.3,0.427,1.9,4.1,0.463,0.526,0.7,0.9,0.793,0.5,1.0,1.5,2.5,0.5,0.1,0.6,1.0,7.4,,2020,2019-20
247.0,Trey Burke,27.0,PHI,PG,25.0,0.0,13.2,2.4,5.1,0.465,0.6,1.5,0.421,1.7,3.6,0.483,0.528,0.5,0.7,0.722,0.6,0.8,1.4,2.1,0.3,0.0,0.5,0.8,5.9,,2020,2019-20
247.0,Trey Burke,27.0,DAL,PG,8.0,1.0,23.9,4.4,10.3,0.427,2.0,4.6,0.432,2.4,5.6,0.422,0.524,1.3,1.4,0.909,0.1,1.8,1.9,3.8,1.1,0.1,1.1,1.5,12.0,,2020,2019-20
248.0,Bismack Biyombo,27.0,CHO,C,53.0,29.0,19.4,2.8,5.2,0.543,0.0,0.0,,2.8,5.2,0.543,0.543,1.7,2.8,0.603,2.3,3.5,5.8,0.9,0.2,0.9,0.9,2.2,7.4,,2020,2019-20
249.0,Ky Bowman,22.0,GSW,PG,45.0,12.0,22.6,3.0,7.1,0.417,0.7,2.4,0.308,2.2,4.8,0.472,0.469,0.8,0.9,0.829,0.5,2.2,2.7,2.9,1.0,0.2,1.6,2.3,7.4,,2020,2019-20
250.0,Gorgui Dieng,30.0,2TM,C,63.0,17.0,17.4,2.6,5.8,0.456,0.9,2.4,0.355,1.8,3.4,0.528,0.53,1.2,1.6,0.772,1.4,4.2,5.6,1.2,0.8,0.9,1.0,2.0,7.4,,2020,2019-20
250.0,Gorgui Dieng,30.0,MIN,C,46.0,17.0,16.9,2.7,6.0,0.448,1.0,2.6,0.383,1.7,3.4,0.497,0.531,1.0,1.3,0.797,1.6,4.0,5.6,1.3,0.8,0.9,1.0,1.9,7.4,,2020,2019-20
250.0,Gorgui Dieng,30.0,MEM,C,17.0,0.0,18.7,2.5,5.1,0.483,0.5,1.9,0.25,2.0,3.2,0.618,0.529,1.8,2.5,0.738,1.1,4.7,5.8,0.9,0.8,1.0,0.9,2.1,7.2,,2020,2019-20
251.0,Jaxson Hayes,19.0,NOP,C,64.0,14.0,16.9,2.7,4.0,0.672,0.0,0.1,0.25,2.7,4.0,0.678,0.674,1.9,3.0,0.647,1.5,2.5,4.0,0.9,0.4,0.9,0.8,2.5,7.4,,2020,2019-20
252.0,Tyus Jones,23.0,MEM,PG,65.0,6.0,19.0,3.0,6.6,0.459,0.7,1.9,0.379,2.3,4.7,0.492,0.514,0.7,0.9,0.741,0.1,1.4,1.6,4.4,0.9,0.1,0.8,0.7,7.4,,2020,2019-20
253.0,Ian Mahinmi,33.0,WAS,C,38.0,35.0,21.3,2.7,5.5,0.495,0.1,0.7,0.192,2.6,4.8,0.538,0.507,1.8,3.0,0.619,2.1,3.7,5.7,1.3,0.8,1.2,1.2,3.0,7.4,,2020,2019-20
254.0,Wesley Matthews,33.0,MIL,SG,67.0,67.0,24.4,2.5,6.3,0.396,1.6,4.4,0.364,0.9,1.9,0.472,0.524,0.8,1.0,0.765,0.3,2.1,2.5,1.4,0.6,0.1,0.6,1.5,7.4,,2020,2019-20
255.0,Nerlens Noel,25.0,OKC,C,61.0,7.0,18.5,3.0,4.4,0.684,0.0,0.0,0.333,3.0,4.4,0.688,0.686,1.3,1.7,0.755,1.5,3.4,4.9,0.9,1.0,1.5,1.1,2.7,7.4,,2020,2019-20
256.0,Brandon Knight,28.0,2TM,SG,25.0,3.0,18.5,2.4,6.7,0.353,1.8,5.2,0.344,0.6,1.4,0.389,0.488,0.8,1.4,0.588,0.2,1.5,1.6,2.8,0.4,0.1,1.5,1.6,7.3,,2020,2019-20
256.0,Brandon Knight,28.0,CLE,SG,16.0,0.0,15.1,1.8,5.4,0.326,1.2,4.0,0.297,0.6,1.4,0.409,0.436,0.3,0.8,0.308,0.2,1.1,1.3,1.9,0.3,0.1,1.0,1.3,4.9,,2020,2019-20
256.0,Brandon Knight,28.0,DET,PG,9.0,3.0,24.6,3.4,9.0,0.383,2.9,7.4,0.388,0.6,1.6,0.357,0.543,1.8,2.3,0.762,0.1,2.2,2.3,4.2,0.6,0.1,2.4,2.2,11.6,,2020,2019-20
257.0,Kris Dunn,25.0,CHI,PG,51.0,32.0,24.9,3.0,6.7,0.444,0.6,2.2,0.259,2.4,4.5,0.535,0.487,0.8,1.1,0.741,0.5,3.2,3.6,3.4,2.0,0.3,1.3,3.1,7.3,,2020,2019-20
258.0,Emmanuel Mudiay,23.0,UTA,PG,54.0,2.0,15.7,2.8,6.1,0.462,0.6,1.6,0.345,2.2,4.4,0.504,0.508,1.2,1.5,0.759,0.3,2.0,2.3,2.1,0.4,0.2,1.4,1.3,7.3,,2020,2019-20
259.0,Willie Cauley-Stein,26.0,2TM,C,54.0,39.0,20.3,3.2,5.6,0.579,0.0,0.0,0.0,3.2,5.6,0.581,0.579,0.7,1.2,0.606,1.6,4.3,5.8,1.3,0.9,1.1,0.7,2.2,7.2,,2020,2019-20
259.0,Willie Cauley-Stein,26.0,GSW,C,41.0,37.0,22.9,3.5,6.3,0.56,0.0,0.0,,3.5,6.3,0.56,0.56,0.9,1.4,0.614,1.7,4.5,6.2,1.5,1.1,1.2,0.9,2.5,7.9,,2020,2019-20
259.0,Willie Cauley-Stein,26.0,DAL,C,13.0,2.0,12.1,2.4,3.5,0.689,0.0,0.1,0.0,2.4,3.4,0.705,0.689,0.4,0.7,0.556,1.0,3.6,4.6,0.8,0.3,0.8,0.4,1.5,5.2,,2020,2019-20
260.0,Michael Carter-Williams,28.0,ORL,SG,45.0,0.0,18.5,2.5,5.8,0.427,0.5,1.7,0.293,2.0,4.1,0.481,0.469,1.8,2.1,0.832,1.0,2.2,3.3,2.4,1.1,0.5,1.2,1.9,7.2,,2020,2019-20
261.0,Mason Plumlee,29.0,DEN,C,61.0,1.0,17.3,2.9,4.7,0.615,0.0,0.1,0.0,2.9,4.6,0.625,0.615,1.4,2.5,0.535,1.6,3.6,5.2,2.5,0.5,0.6,1.3,2.3,7.2,,2020,2019-20
262.0,Jeremiah Martin,23.0,BRK,PG,9.0,0.0,11.0,2.7,5.9,0.453,0.6,2.0,0.278,2.1,3.9,0.543,0.5,1.2,1.6,0.786,0.1,1.0,1.1,2.0,0.8,0.2,0.4,0.8,7.1,,2020,2019-20
263.0,Rajon Rondo,33.0,LAL,PG,48.0,3.0,20.5,2.9,6.8,0.418,0.9,2.6,0.328,2.0,4.2,0.473,0.48,0.6,0.9,0.659,0.5,2.5,3.0,5.0,0.8,0.0,1.9,1.2,7.1,,2020,2019-20
264.0,Tyler Johnson,27.0,2TM,SG,39.0,7.0,18.2,2.5,6.4,0.388,1.0,3.1,0.319,1.5,3.4,0.45,0.464,1.1,1.3,0.84,0.5,1.5,1.9,1.9,0.4,0.2,0.7,1.5,7.0,,2020,2019-20
264.0,Tyler Johnson,27.0,PHO,PG,31.0,3.0,16.6,2.1,5.5,0.38,0.8,2.7,0.289,1.3,2.8,0.466,0.45,0.8,1.0,0.75,0.3,1.4,1.7,1.6,0.4,0.3,0.8,1.4,5.7,,2020,2019-20
264.0,Tyler Johnson,27.0,BRK,SG,8.0,4.0,24.3,4.0,9.9,0.405,1.8,4.5,0.389,2.3,5.4,0.419,0.494,2.3,2.3,1.0,1.0,2.0,3.0,3.0,0.5,0.1,0.6,1.9,12.0,,2020,2019-20
265.0,Zach Collins,22.0,POR,PF,11.0,11.0,26.4,2.9,6.2,0.471,0.6,1.7,0.368,2.3,4.5,0.51,0.522,0.5,0.7,0.75,2.3,4.0,6.3,1.5,0.5,0.5,1.3,3.3,7.0,,2020,2019-20
266.0,Rondae Hollis-Jefferson,25.0,TOR,PF,60.0,6.0,18.7,2.6,5.5,0.471,0.1,0.4,0.13,2.5,5.1,0.497,0.476,1.8,2.4,0.734,1.8,2.9,4.7,1.8,0.8,0.4,1.0,1.9,7.0,,2020,2019-20
267.0,Hamidou Diallo,21.0,OKC,SF,46.0,3.0,19.5,2.9,6.4,0.446,0.3,1.2,0.281,2.5,5.2,0.485,0.473,0.8,1.4,0.603,1.0,2.7,3.6,0.8,0.8,0.2,1.1,2.2,6.9,,2020,2019-20
268.0,Harry Giles,21.0,SAC,C,46.0,17.0,14.5,3.0,5.5,0.554,0.0,0.0,0.0,3.0,5.4,0.558,0.554,0.8,1.1,0.776,0.9,3.2,4.1,1.3,0.5,0.4,1.0,2.6,6.9,,2020,2019-20
269.0,Frank Mason III,25.0,MIL,PG,9.0,0.0,13.1,2.6,5.7,0.451,0.7,2.3,0.286,1.9,3.3,0.567,0.51,1.1,1.9,0.588,0.6,1.6,2.1,3.2,0.6,0.1,1.2,1.2,6.9,,2020,2019-20
270.0,P.J. Tucker,34.0,HOU,PF,72.0,72.0,34.3,2.5,5.9,0.415,1.5,4.2,0.358,1.0,1.8,0.551,0.541,0.5,0.7,0.813,1.6,5.1,6.6,1.6,1.1,0.5,1.0,3.2,6.9,,2020,2019-20
271.0,Brad Wanamaker,30.0,BOS,PG,71.0,1.0,19.3,2.3,5.1,0.448,0.5,1.4,0.363,1.8,3.7,0.481,0.499,1.8,1.9,0.926,0.3,1.7,2.0,2.5,0.9,0.2,1.1,1.9,6.9,,2020,2019-20
272.0,Delon Wright,27.0,DAL,PG,73.0,5.0,21.5,2.6,5.6,0.462,0.6,1.7,0.37,2.0,3.9,0.504,0.519,1.1,1.4,0.77,1.0,2.9,3.8,3.3,1.2,0.3,1.0,1.3,6.9,,2020,2019-20
273.0,Luguentz Dort,20.0,OKC,SF,36.0,28.0,22.8,2.4,6.1,0.394,0.8,2.8,0.297,1.6,3.3,0.479,0.463,1.2,1.5,0.792,0.7,1.6,2.3,0.8,0.9,0.1,0.6,2.7,6.8,,2020,2019-20
274.0,JaMychal Green,29.0,LAC,PF,63.0,1.0,20.7,2.4,5.6,0.429,1.5,3.8,0.387,0.9,1.8,0.518,0.56,0.6,0.8,0.75,1.2,4.9,6.2,0.8,0.5,0.4,0.9,2.8,6.8,,2020,2019-20
275.0,Denzel Valentine,26.0,CHI,SF,36.0,5.0,13.6,2.7,6.6,0.409,1.3,3.8,0.336,1.4,2.8,0.51,0.506,0.2,0.2,0.75,0.3,1.8,2.1,1.2,0.7,0.2,0.7,1.4,6.8,,2020,2019-20
276.0,Dragan Bender,22.0,2TM,C,16.0,3.0,17.9,2.6,5.8,0.446,0.9,2.7,0.349,1.6,3.1,0.531,0.527,0.6,0.9,0.714,1.0,3.6,4.6,1.8,0.3,0.6,1.3,2.6,6.7,,2020,2019-20
276.0,Dragan Bender,22.0,MIL,C,7.0,0.0,13.0,1.4,3.0,0.476,0.6,1.3,0.444,0.9,1.7,0.5,0.571,0.3,0.4,0.667,0.0,2.9,2.9,1.3,0.0,0.7,0.7,2.3,3.7,,2020,2019-20
276.0,Dragan Bender,22.0,GSW,PF,9.0,3.0,21.7,3.4,7.9,0.437,1.2,3.8,0.324,2.2,4.1,0.541,0.514,0.9,1.2,0.727,1.8,4.1,5.9,2.1,0.4,0.4,1.8,2.9,9.0,,2020,2019-20
277.0,Damyean Dotson,25.0,NYK,SG,48.0,0.0,17.4,2.5,6.0,0.414,1.2,3.4,0.362,1.3,2.6,0.48,0.516,0.5,0.7,0.667,0.2,1.7,1.9,1.2,0.5,0.1,0.4,0.9,6.7,,2020,2019-20
278.0,Kyle Korver,38.0,MIL,SF,58.0,1.0,16.6,2.2,5.1,0.43,1.7,4.1,0.418,0.5,1.0,0.482,0.599,0.6,0.7,0.854,0.3,1.8,2.1,1.2,0.4,0.2,0.8,1.3,6.7,,2020,2019-20
279.0,James Ennis III,29.0,2TM,SG,69.0,18.0,18.3,2.3,5.2,0.446,0.8,2.4,0.325,1.5,2.8,0.553,0.522,1.1,1.4,0.806,1.0,2.5,3.6,0.9,0.5,0.3,0.8,2.0,6.6,,2020,2019-20
279.0,James Ennis III,29.0,PHI,SF,49.0,0.0,15.8,2.0,4.6,0.442,0.8,2.2,0.349,1.3,2.4,0.525,0.524,1.0,1.2,0.787,1.0,2.1,3.1,0.8,0.5,0.3,0.6,1.7,5.8,,2020,2019-20
279.0,James Ennis III,29.0,ORL,SG,20.0,18.0,24.5,3.0,6.7,0.451,0.9,3.2,0.286,2.1,3.5,0.6,0.519,1.6,1.9,0.838,1.2,3.6,4.8,1.1,0.6,0.4,1.4,2.6,8.5,,2020,2019-20
280.0,Chris Boucher,27.0,TOR,C,62.0,0.0,13.2,2.3,4.8,0.472,0.6,1.9,0.322,1.7,2.9,0.569,0.535,1.5,1.9,0.784,1.7,2.7,4.5,0.4,0.4,1.0,0.5,1.8,6.6,,2020,2019-20
281.0,Ersan İlyasova,32.0,MIL,PF,63.0,8.0,15.7,2.3,5.0,0.466,0.8,2.2,0.365,1.5,2.8,0.545,0.546,1.1,1.4,0.828,1.0,3.8,4.8,0.8,0.4,0.3,0.5,1.5,6.6,,2020,2019-20
282.0,Boban Marjanović,31.0,DAL,C,44.0,5.0,9.6,2.8,4.8,0.573,0.1,0.4,0.235,2.7,4.4,0.603,0.583,1.0,1.3,0.754,1.5,3.0,4.5,0.5,0.2,0.2,0.7,1.3,6.6,,2020,2019-20
283.0,JaVale McGee,32.0,LAL,C,68.0,68.0,16.6,2.9,4.5,0.637,0.0,0.1,0.5,2.8,4.4,0.64,0.642,0.8,1.2,0.646,1.8,3.9,5.7,0.5,0.5,1.4,0.8,2.3,6.6,,2020,2019-20
284.0,Nicolò Melli,29.0,NOP,C,60.0,8.0,17.4,2.3,5.4,0.421,1.2,3.4,0.335,1.1,2.0,0.573,0.528,0.9,1.2,0.74,0.6,2.4,3.0,1.4,0.6,0.4,0.8,2.1,6.6,,2020,2019-20
285.0,Keita Bates-Diop,24.0,2TM,SF,44.0,0.0,16.9,2.3,5.3,0.427,0.8,2.3,0.33,1.5,3.0,0.504,0.5,1.2,1.7,0.72,0.6,2.3,2.9,0.7,0.4,0.5,0.4,1.0,6.5,,2020,2019-20
285.0,Keita Bates-Diop,24.0,MIN,PF,37.0,0.0,17.5,2.4,5.6,0.422,0.8,2.5,0.33,1.5,3.0,0.5,0.498,1.2,1.8,0.708,0.6,2.4,3.0,0.8,0.5,0.5,0.4,1.0,6.8,,2020,2019-20
285.0,Keita Bates-Diop,24.0,DEN,SF,7.0,0.0,14.0,1.9,4.0,0.464,0.4,1.3,0.333,1.4,2.7,0.526,0.518,1.1,1.4,0.8,0.6,1.9,2.4,0.0,0.3,0.6,0.4,1.0,5.3,,2020,2019-20
286.0,T.J. McConnell,27.0,IND,PG,71.0,3.0,18.7,3.0,5.8,0.516,0.1,0.2,0.294,2.9,5.5,0.525,0.522,0.5,0.6,0.833,0.5,2.1,2.7,5.0,0.8,0.2,1.4,1.0,6.5,,2020,2019-20
287.0,Allonzo Trier,24.0,NYK,SG,24.0,1.0,12.1,2.1,4.4,0.481,0.8,2.2,0.358,1.3,2.2,0.604,0.571,1.4,1.8,0.791,0.3,1.0,1.2,1.2,0.1,0.2,0.9,1.2,6.5,,2020,2019-20
288.0,Sekou Doumbouya,19.0,DET,PF,38.0,19.0,19.8,2.4,6.2,0.39,0.7,2.6,0.286,1.7,3.6,0.464,0.449,0.8,1.2,0.674,0.5,2.6,3.1,0.5,0.5,0.2,0.9,2.1,6.4,,2020,2019-20
289.0,Cory Joseph,28.0,SAC,PG,72.0,26.0,24.4,2.4,5.7,0.415,0.8,2.2,0.352,1.6,3.5,0.455,0.483,0.8,1.0,0.857,0.6,2.0,2.6,3.5,0.7,0.3,1.1,1.8,6.4,,2020,2019-20
290.0,Kevin Knox,20.0,NYK,SF,65.0,4.0,17.9,2.2,6.2,0.359,1.0,3.1,0.327,1.2,3.1,0.391,0.44,1.0,1.6,0.653,0.4,2.4,2.8,0.9,0.4,0.4,0.7,1.6,6.4,,2020,2019-20
291.0,Trey Lyles,24.0,SAS,PF,63.0,53.0,20.2,2.4,5.4,0.446,1.0,2.7,0.387,1.4,2.8,0.503,0.541,0.5,0.7,0.733,1.1,4.6,5.7,1.1,0.4,0.4,0.6,1.6,6.4,,2020,2019-20
292.0,Kelan Martin,24.0,MIN,SF,31.0,4.0,16.0,2.3,5.8,0.392,0.8,3.1,0.26,1.5,2.7,0.541,0.461,1.0,1.0,0.968,0.4,2.7,3.1,0.7,0.2,0.3,0.6,1.6,6.4,,2020,2019-20
293.0,C.J. Miles,32.0,WAS,SF,10.0,0.0,16.1,1.9,5.9,0.322,1.1,3.5,0.314,0.8,2.4,0.333,0.415,1.5,2.0,0.75,0.4,0.8,1.2,1.2,1.0,0.4,0.4,1.4,6.4,,2020,2019-20
294.0,Lonnie Walker IV,21.0,SAS,SG,61.0,12.0,16.2,2.5,5.9,0.426,0.7,1.7,0.406,1.8,4.2,0.434,0.483,0.7,1.0,0.721,0.4,1.9,2.3,1.1,0.5,0.2,0.7,1.3,6.4,,2020,2019-20
295.0,Marco Belinelli,33.0,SAS,SG,57.0,0.0,15.5,2.2,5.5,0.392,1.2,3.1,0.376,1.0,2.4,0.412,0.498,0.8,1.0,0.828,0.1,1.6,1.7,1.2,0.2,0.0,0.3,0.8,6.3,,2020,2019-20
296.0,Frank Jackson,21.0,NOP,PG,59.0,2.0,13.5,2.3,5.6,0.405,0.8,2.4,0.326,1.5,3.2,0.465,0.476,0.9,1.3,0.747,0.4,1.0,1.4,1.0,0.3,0.1,0.8,1.3,6.3,,2020,2019-20
297.0,Abdel Nader,26.0,OKC,SF,55.0,6.0,15.8,2.2,4.8,0.468,0.9,2.3,0.375,1.4,2.5,0.556,0.559,0.9,1.2,0.773,0.3,1.6,1.8,0.7,0.4,0.4,0.8,1.4,6.3,,2020,2019-20
298.0,Frank Ntilikina,21.0,NYK,PG,57.0,26.0,20.8,2.3,5.8,0.393,0.8,2.4,0.321,1.5,3.4,0.444,0.459,0.9,1.0,0.864,0.4,1.7,2.1,3.0,0.9,0.3,1.2,2.5,6.3,,2020,2019-20
299.0,Royce O'Neale,26.0,UTA,SF,71.0,62.0,28.9,2.2,5.1,0.433,1.3,3.4,0.377,0.9,1.7,0.545,0.559,0.6,0.8,0.764,0.4,5.1,5.5,2.5,0.8,0.5,0.9,2.8,6.3,,2020,2019-20
300.0,Caleb Martin,24.0,CHO,SF,18.0,1.0,17.6,2.1,4.7,0.44,1.1,2.1,0.541,0.9,2.6,0.362,0.56,0.9,1.2,0.81,0.6,1.6,2.1,1.3,0.7,0.4,0.8,1.8,6.2,,2020,2019-20
301.0,Taj Gibson,34.0,NYK,C,62.0,56.0,16.5,2.7,4.6,0.584,0.1,0.2,0.286,2.6,4.4,0.599,0.591,0.7,0.9,0.732,1.8,2.5,4.3,0.8,0.4,0.5,0.8,2.0,6.1,,2020,2019-20
302.0,Brandon Goodwin,24.0,ATL,PG,34.0,1.0,12.6,2.2,5.6,0.4,0.8,2.6,0.299,1.5,3.0,0.485,0.468,0.8,0.9,0.933,0.3,1.8,2.1,1.5,0.4,0.1,0.9,1.3,6.1,,2020,2019-20
303.0,Willy Hernangómez,25.0,CHO,C,31.0,0.0,12.1,2.4,4.5,0.532,0.2,0.7,0.227,2.2,3.8,0.59,0.55,1.2,1.9,0.627,1.4,2.9,4.3,0.9,0.3,0.2,1.0,1.0,6.1,,2020,2019-20
304.0,Meyers Leonard,27.0,MIA,C,51.0,49.0,20.3,2.3,4.6,0.509,1.0,2.5,0.414,1.3,2.1,0.623,0.622,0.4,0.5,0.643,0.6,4.5,5.1,1.1,0.3,0.3,0.8,2.1,6.1,,2020,2019-20
305.0,Juancho Hernangómez,24.0,2TM,PF,48.0,14.0,17.4,2.1,5.1,0.405,0.9,2.7,0.341,1.2,2.5,0.475,0.494,0.9,1.5,0.62,0.9,3.2,4.1,0.8,0.4,0.2,0.7,1.3,6.0,,2020,2019-20
305.0,Juancho Hernangómez,24.0,DEN,PF,34.0,0.0,12.4,1.1,3.2,0.345,0.4,1.8,0.25,0.7,1.5,0.46,0.414,0.5,0.7,0.64,0.7,2.1,2.8,0.6,0.1,0.1,0.5,0.9,3.1,,2020,2019-20
305.0,Juancho Hernangómez,24.0,MIN,PF,14.0,14.0,29.4,4.4,9.8,0.453,2.1,4.9,0.42,2.4,4.9,0.485,0.558,2.0,3.3,0.609,1.4,5.9,7.3,1.3,1.0,0.3,1.0,2.5,12.9,,2020,2019-20
306.0,Devontae Cacok,23.0,LAL,C,1.0,0.0,9.0,3.0,6.0,0.5,0.0,0.0,,3.0,6.0,0.5,0.5,0.0,0.0,,2.0,3.0,5.0,1.0,0.0,0.0,0.0,0.0,6.0,,2020,2019-20
307.0,Dusty Hannahs,26.0,MEM,SG,2.0,0.0,6.5,2.0,4.5,0.444,1.0,1.5,0.667,1.0,3.0,0.333,0.556,1.0,1.0,1.0,0.0,0.5,0.5,0.0,0.0,0.0,0.0,0.5,6.0,,2020,2019-20
308.0,Luke Kornet,24.0,CHI,C,36.0,14.0,15.5,2.3,5.2,0.439,0.9,3.0,0.287,1.4,2.2,0.646,0.521,0.6,0.8,0.714,0.6,1.7,2.3,0.9,0.3,0.7,0.4,1.5,6.0,,2020,2019-20
309.0,Eric Mika,25.0,SAC,C,1.0,0.0,19.0,2.0,3.0,0.667,0.0,0.0,,2.0,3.0,0.667,0.667,2.0,2.0,1.0,2.0,5.0,7.0,0.0,0.0,0.0,0.0,5.0,6.0,,2020,2019-20
310.0,Mike Scott,31.0,PHI,PF,68.0,11.0,17.8,2.2,5.1,0.426,1.2,3.2,0.369,1.0,2.0,0.519,0.54,0.4,0.5,0.811,1.0,2.7,3.6,0.8,0.3,0.1,0.4,1.4,6.0,,2020,2019-20
311.0,Marvin Williams,33.0,2TM,PF,58.0,1.0,19.5,2.1,4.6,0.446,1.0,2.7,0.359,1.1,1.9,0.568,0.551,0.8,1.0,0.86,0.5,2.6,3.2,1.0,0.6,0.5,0.6,1.8,5.9,,2020,2019-20
311.0,Marvin Williams,33.0,CHO,PF,41.0,1.0,19.7,2.3,5.1,0.448,1.1,2.9,0.376,1.2,2.3,0.538,0.552,1.0,1.2,0.86,0.4,2.3,2.7,1.0,0.6,0.5,0.6,1.7,6.7,,2020,2019-20
311.0,Marvin Williams,33.0,MIL,PF,17.0,0.0,18.9,1.5,3.4,0.439,0.7,2.3,0.308,0.8,1.1,0.722,0.544,0.4,0.4,0.857,0.9,3.5,4.4,1.1,0.6,0.5,0.5,1.9,4.0,,2020,2019-20
312.0,Wilson Chandler,32.0,BRK,PF,35.0,3.0,21.0,2.1,5.2,0.404,1.1,3.5,0.306,1.1,1.8,0.597,0.505,0.6,0.7,0.87,0.3,3.8,4.1,1.1,0.5,0.3,1.0,2.3,5.9,,2020,2019-20
313.0,Georges Niang,26.0,UTA,PF,66.0,1.0,14.0,2.1,4.9,0.438,1.4,3.4,0.4,0.8,1.5,0.526,0.578,0.3,0.4,0.833,0.2,1.7,1.9,0.7,0.3,0.1,0.5,1.1,5.9,,2020,2019-20
314.0,Dewayne Dedmon,30.0,2TM,C,44.0,18.0,17.6,2.3,5.8,0.4,0.5,2.4,0.206,1.8,3.4,0.541,0.443,0.7,0.8,0.833,1.4,4.3,5.7,0.5,0.6,0.9,1.3,3.0,5.8,,2020,2019-20
314.0,Dewayne Dedmon,30.0,SAC,C,34.0,10.0,15.9,2.0,5.0,0.404,0.4,2.1,0.197,1.6,2.9,0.55,0.444,0.7,0.8,0.821,1.4,3.6,4.9,0.4,0.4,0.8,1.4,2.7,5.1,,2020,2019-20
314.0,Dewayne Dedmon,30.0,ATL,C,10.0,8.0,23.3,3.3,8.4,0.393,0.8,3.6,0.222,2.5,4.8,0.521,0.44,0.7,0.8,0.875,1.4,6.8,8.2,0.7,1.0,1.5,1.0,4.0,8.1,,2020,2019-20
315.0,Maurice Harkless,26.0,2TM,PF,62.0,48.0,23.0,2.3,4.6,0.502,0.5,1.6,0.347,1.7,3.0,0.584,0.562,0.6,1.1,0.591,0.9,3.0,3.9,1.1,0.9,0.5,0.9,2.4,5.8,,2020,2019-20
315.0,Maurice Harkless,26.0,LAC,PF,50.0,38.0,22.8,2.2,4.3,0.516,0.5,1.5,0.37,1.7,2.9,0.59,0.578,0.5,0.8,0.571,0.9,3.1,4.0,1.0,1.0,0.6,0.9,2.4,5.5,,2020,2019-20
315.0,Maurice Harkless,26.0,NYK,SF,12.0,10.0,23.8,2.5,5.5,0.455,0.6,2.1,0.28,1.9,3.4,0.561,0.508,1.3,2.0,0.625,0.7,2.7,3.3,1.7,0.8,0.3,0.6,2.3,6.8,,2020,2019-20
316.0,Kyle Anderson,26.0,MEM,SF,67.0,28.0,19.9,2.3,4.9,0.474,0.4,1.3,0.282,2.0,3.7,0.541,0.511,0.8,1.2,0.667,0.9,3.4,4.3,2.4,0.8,0.6,1.0,1.7,5.8,,2020,2019-20
317.0,DeAndre' Bembry,25.0,ATL,SG,43.0,4.0,21.3,2.4,5.3,0.456,0.3,1.5,0.231,2.1,3.8,0.546,0.489,0.6,1.1,0.542,0.8,2.7,3.5,1.9,1.3,0.4,1.4,2.0,5.8,,2020,2019-20
318.0,PJ Dozier,23.0,DEN,SG,29.0,0.0,14.2,2.2,5.4,0.414,0.6,1.7,0.347,1.7,3.7,0.444,0.468,0.7,1.0,0.724,0.3,1.6,1.9,2.2,0.5,0.2,0.9,1.6,5.8,,2020,2019-20
319.0,Wes Iwundu,25.0,ORL,SF,52.0,21.0,18.3,1.9,4.5,0.416,0.5,1.6,0.341,1.3,2.9,0.457,0.476,1.5,1.9,0.804,0.5,2.1,2.5,1.2,0.5,0.3,0.5,1.5,5.8,,2020,2019-20
320.0,Skal Labissière,23.0,POR,C,33.0,1.0,17.2,2.5,4.5,0.551,0.1,0.4,0.231,2.4,4.1,0.582,0.561,0.8,1.0,0.758,2.0,3.2,5.1,1.3,0.2,0.9,0.9,2.7,5.8,,2020,2019-20
321.0,Anžejs Pasečņiks,24.0,WAS,C,27.0,0.0,16.2,2.3,4.3,0.526,0.0,0.1,0.0,2.3,4.2,0.54,0.526,1.3,2.1,0.586,1.6,2.4,4.0,0.7,0.3,0.4,0.9,2.8,5.8,,2020,2019-20
322.0,Nickeil Alexander-Walker,21.0,NOP,SG,47.0,1.0,12.6,2.1,5.7,0.368,1.0,2.8,0.346,1.1,2.8,0.391,0.455,0.5,0.8,0.676,0.2,1.6,1.8,1.9,0.4,0.2,1.1,1.2,5.7,,2020,2019-20
323.0,Dwayne Bacon,24.0,CHO,SG,39.0,11.0,17.6,2.2,6.3,0.348,0.5,1.7,0.284,1.7,4.5,0.373,0.387,0.9,1.4,0.66,0.4,2.2,2.6,1.3,0.6,0.1,0.9,1.3,5.7,,2020,2019-20
324.0,Bol Bol,20.0,DEN,PF,7.0,0.0,12.4,2.0,4.0,0.5,0.6,1.3,0.444,1.4,2.7,0.526,0.571,1.1,1.4,0.8,0.7,2.0,2.7,0.9,0.3,0.9,1.4,1.6,5.7,,2020,2019-20
325.0,Talen Horton-Tucker,19.0,LAL,SG,6.0,1.0,13.5,2.3,5.0,0.467,0.7,2.2,0.308,1.7,2.8,0.588,0.533,0.3,0.7,0.5,0.3,0.8,1.2,1.0,1.3,0.2,1.0,1.7,5.7,,2020,2019-20
326.0,Darius Bazley,19.0,OKC,PF,61.0,9.0,18.5,2.0,5.2,0.394,0.8,2.3,0.348,1.2,2.9,0.432,0.472,0.7,1.0,0.694,0.5,3.5,4.0,0.7,0.4,0.7,0.7,0.9,5.6,,2020,2019-20
327.0,Damian Jones,24.0,ATL,C,55.0,27.0,16.1,2.2,3.2,0.68,0.0,0.2,0.222,2.2,3.1,0.704,0.685,1.1,1.5,0.738,1.3,2.4,3.7,0.6,0.5,0.7,0.5,2.7,5.6,,2020,2019-20
328.0,Jalen McDaniels,22.0,CHO,SF,16.0,0.0,18.3,2.1,4.4,0.471,0.6,1.5,0.375,1.5,2.9,0.522,0.536,0.9,1.1,0.824,0.9,3.1,4.1,0.8,0.5,0.2,0.7,2.3,5.6,,2020,2019-20
329.0,Jakob Poeltl,24.0,SAS,C,66.0,18.0,17.7,2.5,4.0,0.624,0.0,0.0,,2.5,4.0,0.624,0.624,0.6,1.3,0.465,2.0,3.7,5.7,1.8,0.6,1.4,0.8,1.9,5.6,,2020,2019-20
330.0,John Henson,29.0,2TM,C,40.0,8.0,15.0,2.4,4.3,0.556,0.2,0.9,0.222,2.2,3.4,0.644,0.579,0.6,1.2,0.5,1.2,2.9,4.1,1.4,0.6,1.1,0.9,2.0,5.5,,2020,2019-20
330.0,John Henson,29.0,CLE,C,29.0,2.0,14.2,2.1,4.1,0.508,0.2,1.1,0.194,1.9,3.1,0.618,0.533,0.6,1.1,0.515,1.1,2.8,3.9,1.5,0.6,1.1,0.7,1.9,5.0,,2020,2019-20
330.0,John Henson,29.0,DET,C,11.0,6.0,17.1,3.1,4.6,0.667,0.2,0.5,0.4,2.9,4.2,0.696,0.686,0.5,1.2,0.462,1.3,3.1,4.4,1.0,0.7,0.9,1.4,2.1,6.9,,2020,2019-20
331.0,Solomon Hill,28.0,2TM,PF,59.0,4.0,18.4,1.9,4.7,0.396,1.1,2.9,0.368,0.8,1.8,0.439,0.509,0.7,0.9,0.741,0.5,2.3,2.8,1.8,0.7,0.2,0.9,1.4,5.5,,2020,2019-20
331.0,Solomon Hill,28.0,MEM,PF,48.0,3.0,18.8,2.0,4.9,0.412,1.2,3.1,0.381,0.8,1.8,0.465,0.532,0.5,0.8,0.684,0.5,2.5,3.0,2.0,0.6,0.1,0.8,1.5,5.7,,2020,2019-20
331.0,Solomon Hill,28.0,MIA,PF,11.0,1.0,17.0,1.3,4.1,0.311,0.6,2.2,0.292,0.6,1.9,0.333,0.389,1.3,1.5,0.875,0.5,1.5,1.9,0.9,1.1,0.5,1.0,1.1,4.5,,2020,2019-20
332.0,Alex Caruso,25.0,LAL,PG,64.0,2.0,18.4,1.9,4.5,0.412,0.6,1.9,0.333,1.3,2.7,0.468,0.481,1.1,1.5,0.734,0.3,1.7,1.9,1.9,1.1,0.3,0.8,1.5,5.5,,2020,2019-20
333.0,Justin Jackson,24.0,DAL,PF,65.0,3.0,16.1,2.1,5.2,0.396,0.7,2.5,0.294,1.3,2.7,0.489,0.466,0.6,0.8,0.84,0.4,2.0,2.4,0.8,0.2,0.2,0.2,1.1,5.5,,2020,2019-20
334.0,Dennis Smith Jr.,22.0,NYK,PG,34.0,3.0,15.8,2.1,6.2,0.341,0.5,1.6,0.296,1.6,4.6,0.357,0.379,0.8,1.6,0.509,0.6,1.7,2.3,2.9,0.8,0.2,1.7,1.9,5.5,,2020,2019-20
335.0,Mo Bamba,21.0,ORL,C,62.0,0.0,14.2,2.1,4.6,0.462,0.6,1.7,0.346,1.5,2.9,0.531,0.526,0.5,0.7,0.674,1.6,3.3,4.9,0.7,0.4,1.4,0.7,1.9,5.4,,2020,2019-20
336.0,Pat Connaughton,27.0,MIL,SG,67.0,4.0,18.6,2.0,4.5,0.455,0.8,2.5,0.331,1.2,2.0,0.607,0.547,0.5,0.6,0.775,0.9,3.3,4.2,1.6,0.4,0.5,0.8,1.0,5.4,,2020,2019-20
337.0,Torrey Craig,29.0,DEN,SF,58.0,27.0,18.5,2.1,4.6,0.461,0.8,2.4,0.326,1.4,2.3,0.603,0.545,0.4,0.6,0.611,1.1,2.2,3.3,0.8,0.4,0.6,0.4,2.3,5.4,,2020,2019-20
338.0,Robin Lopez,31.0,MIL,C,66.0,5.0,14.5,2.2,4.5,0.492,0.5,1.6,0.333,1.7,2.9,0.577,0.55,0.4,0.8,0.528,0.8,1.6,2.4,0.7,0.2,0.7,1.0,1.5,5.4,,2020,2019-20
339.0,Garrison Mathews,23.0,WAS,SG,18.0,0.0,12.6,1.3,3.1,0.429,1.1,2.6,0.413,0.3,0.6,0.5,0.598,1.7,1.9,0.912,0.3,1.0,1.3,0.6,0.4,0.1,0.4,1.8,5.4,,2020,2019-20
340.0,Luka Šamanić,20.0,SAS,PF,3.0,1.0,16.0,1.7,5.3,0.313,1.0,2.7,0.375,0.7,2.7,0.25,0.406,1.0,1.3,0.75,0.3,3.0,3.3,2.0,0.0,0.7,0.7,2.0,5.3,,2020,2019-20
341.0,Juan Toscano-Anderson,26.0,GSW,SG,13.0,6.0,20.9,2.2,4.8,0.46,0.6,1.8,0.348,1.6,3.1,0.525,0.524,0.2,0.4,0.6,0.7,3.3,4.0,2.0,1.0,0.4,1.2,2.3,5.3,,2020,2019-20
342.0,David Nwaba,27.0,BRK,SF,20.0,0.0,13.4,1.9,3.6,0.521,0.6,1.4,0.429,1.3,2.2,0.581,0.606,0.9,1.4,0.667,0.4,1.9,2.3,0.4,0.6,0.6,0.4,1.6,5.2,,2020,2019-20
343.0,Robert Williams,22.0,BOS,C,29.0,1.0,13.4,2.2,3.0,0.727,0.0,0.0,,2.2,3.0,0.727,0.727,0.8,1.2,0.647,1.4,3.0,4.4,0.9,0.8,1.2,0.7,1.8,5.2,,2020,2019-20
344.0,Jerome Robinson,22.0,2TM,SG,63.0,6.0,15.5,1.8,4.9,0.371,0.8,2.4,0.32,1.0,2.5,0.42,0.45,0.6,0.9,0.702,0.2,1.8,2.0,1.4,0.4,0.3,0.8,1.8,5.1,,2020,2019-20
344.0,Jerome Robinson,22.0,LAC,SG,42.0,1.0,11.3,1.1,3.2,0.338,0.5,1.6,0.284,0.6,1.6,0.391,0.408,0.3,0.5,0.579,0.1,1.3,1.4,1.1,0.3,0.2,0.6,1.3,2.9,,2020,2019-20
344.0,Jerome Robinson,22.0,WAS,SG,21.0,5.0,24.0,3.3,8.3,0.397,1.4,4.1,0.349,1.9,4.2,0.443,0.483,1.4,1.8,0.763,0.4,2.9,3.3,2.0,0.7,0.4,1.1,2.7,9.4,,2020,2019-20
345.0,Chris Chiozza,24.0,2TM,PG,28.0,2.0,14.3,2.0,5.0,0.393,1.0,2.6,0.375,1.0,2.4,0.412,0.489,0.2,0.2,1.0,0.3,1.6,1.9,3.0,0.8,0.1,1.1,1.3,5.1,,2020,2019-20
345.0,Chris Chiozza,24.0,WAS,PG,10.0,0.0,12.3,1.0,3.4,0.294,0.7,1.6,0.438,0.3,1.8,0.167,0.397,0.0,0.0,,0.0,1.5,1.5,2.8,1.0,0.2,0.9,1.2,2.7,,2020,2019-20
345.0,Chris Chiozza,24.0,BRK,PG,18.0,2.0,15.4,2.5,5.9,0.425,1.1,3.1,0.357,1.4,2.8,0.5,0.519,0.3,0.3,1.0,0.5,1.6,2.1,3.1,0.6,0.1,1.3,1.4,6.4,,2020,2019-20
346.0,Sterling Brown,24.0,MIL,SF,52.0,1.0,14.8,1.8,4.9,0.371,0.8,2.6,0.324,1.0,2.3,0.425,0.457,0.6,0.8,0.8,0.6,2.9,3.5,1.0,0.6,0.1,0.8,1.0,5.1,,2020,2019-20
347.0,Quinn Cook,26.0,LAL,PG,44.0,1.0,11.5,2.1,4.9,0.425,0.7,1.9,0.365,1.4,2.9,0.465,0.498,0.3,0.3,0.786,0.3,0.9,1.2,1.1,0.3,0.0,0.8,0.6,5.1,,2020,2019-20
348.0,Wayne Ellington,32.0,NYK,SG,36.0,1.0,15.5,1.7,4.8,0.351,1.4,4.0,0.35,0.3,0.9,0.355,0.494,0.3,0.4,0.846,0.1,1.7,1.8,1.2,0.4,0.1,0.5,1.1,5.1,,2020,2019-20
349.0,Daniel Gafford,21.0,CHI,C,43.0,7.0,14.2,2.2,3.1,0.701,0.0,0.0,,2.2,3.1,0.701,0.701,0.7,1.4,0.533,1.2,1.3,2.5,0.5,0.3,1.3,0.7,2.3,5.1,,2020,2019-20
350.0,Raul Neto,27.0,PHI,PG,54.0,3.0,12.4,1.9,4.1,0.455,0.6,1.6,0.386,1.2,2.5,0.5,0.532,0.7,0.9,0.83,0.2,0.9,1.1,1.8,0.4,0.1,0.9,0.9,5.1,,2020,2019-20
351.0,Kadeem Allen,27.0,NYK,PG,10.0,0.0,11.7,1.9,4.4,0.432,0.5,1.6,0.313,1.4,2.8,0.5,0.489,0.7,1.1,0.636,0.2,0.7,0.9,2.1,0.5,0.2,0.8,0.7,5.0,,2020,2019-20
352.0,Isaac Bonga,20.0,WAS,SF,66.0,49.0,18.9,1.8,3.5,0.504,0.4,1.1,0.352,1.4,2.5,0.571,0.558,1.0,1.3,0.812,1.1,2.3,3.4,1.2,0.7,0.3,0.9,2.4,5.0,,2020,2019-20
353.0,Vince Carter,43.0,ATL,PF,60.0,0.0,14.6,1.8,5.1,0.352,1.0,3.4,0.302,0.8,1.7,0.451,0.452,0.4,0.5,0.793,0.3,1.8,2.1,0.8,0.4,0.4,0.6,1.5,5.0,,2020,2019-20
354.0,Jamal Crawford,39.0,BRK,SG,1.0,0.0,6.0,2.0,4.0,0.5,1.0,2.0,0.5,1.0,2.0,0.5,0.625,0.0,0.0,,0.0,0.0,0.0,3.0,0.0,0.0,0.0,1.0,5.0,,2020,2019-20
355.0,Cody Martin,24.0,CHO,SF,48.0,3.0,18.8,1.9,4.3,0.43,0.4,1.6,0.234,1.5,2.7,0.546,0.473,0.9,1.4,0.646,0.8,2.5,3.3,2.0,0.8,0.2,0.9,1.6,5.0,,2020,2019-20
356.0,Tony Bradley,22.0,UTA,C,58.0,3.0,11.4,2.2,3.3,0.667,0.1,0.1,1.0,2.1,3.2,0.661,0.675,0.5,0.8,0.652,1.9,2.7,4.6,0.4,0.2,0.6,0.5,2.0,4.9,,2020,2019-20
357.0,Jevon Carter,24.0,PHO,PG,58.0,2.0,16.3,1.7,4.2,0.416,1.1,2.5,0.425,0.7,1.7,0.402,0.543,0.4,0.5,0.852,0.5,1.5,2.0,1.4,0.8,0.3,0.6,1.5,4.9,,2020,2019-20
358.0,Chris Clemons,22.0,HOU,SG,33.0,0.0,8.8,1.7,4.3,0.401,1.1,3.2,0.346,0.6,1.1,0.571,0.532,0.3,0.3,0.909,0.1,0.8,0.9,0.8,0.3,0.2,0.6,0.8,4.9,,2020,2019-20
359.0,Drew Eubanks,22.0,SAS,C,22.0,3.0,12.4,2.0,3.0,0.642,0.0,0.0,1.0,1.9,3.0,0.636,0.649,0.9,1.2,0.769,1.3,2.6,3.9,0.7,0.2,0.8,1.0,1.7,4.9,,2020,2019-20
360.0,Shaquille Harrison,26.0,CHI,SG,43.0,10.0,11.3,1.8,3.8,0.467,0.4,1.0,0.381,1.4,2.9,0.496,0.515,0.9,1.2,0.78,0.5,1.5,2.0,1.1,0.8,0.4,0.4,1.3,4.9,,2020,2019-20
361.0,Patrick Patterson,30.0,LAC,PF,59.0,18.0,13.2,1.6,3.9,0.408,1.1,2.9,0.39,0.5,1.0,0.459,0.552,0.6,0.7,0.814,0.6,2.0,2.6,0.7,0.1,0.1,0.4,0.9,4.9,,2020,2019-20
362.0,Edmond Sumner,24.0,IND,SG,31.0,3.0,14.4,2.0,4.6,0.43,0.5,1.7,0.264,1.5,2.9,0.528,0.479,0.5,0.9,0.552,0.4,1.1,1.5,1.8,0.5,0.3,0.7,1.4,4.9,,2020,2019-20
363.0,Matt Thomas,25.0,TOR,SG,41.0,1.0,10.7,1.8,3.7,0.487,1.1,2.4,0.475,0.6,1.2,0.51,0.643,0.2,0.3,0.75,0.2,1.3,1.5,0.5,0.2,0.0,0.4,0.9,4.9,,2020,2019-20
364.0,Mario Hezonja,24.0,POR,PF,53.0,4.0,16.4,1.7,4.1,0.422,0.5,1.5,0.308,1.3,2.6,0.486,0.477,0.9,1.1,0.814,0.6,2.9,3.5,0.9,0.7,0.2,0.8,2.0,4.8,,2020,2019-20
365.0,Džanan Musa,20.0,BRK,SF,40.0,0.0,12.2,1.6,4.3,0.372,0.5,2.0,0.244,1.1,2.4,0.479,0.427,1.1,1.5,0.75,0.5,1.6,2.2,1.1,0.4,0.0,0.9,0.8,4.8,,2020,2019-20
366.0,Mike Muscala,28.0,OKC,C,47.0,2.0,12.2,1.6,4.0,0.407,1.1,3.0,0.378,0.5,1.0,0.5,0.55,0.4,0.5,0.818,0.3,2.0,2.3,0.9,0.2,0.3,0.4,1.2,4.8,,2020,2019-20
367.0,Justin Wright-Foreman,22.0,UTA,PG,4.0,0.0,11.3,1.8,5.0,0.35,0.5,2.5,0.2,1.3,2.5,0.5,0.4,0.8,1.0,0.75,0.0,1.3,1.3,1.8,0.5,0.0,0.8,1.3,4.8,,2020,2019-20
368.0,Cheick Diallo,23.0,PHO,C,47.0,2.0,10.2,2.0,3.0,0.648,0.0,0.1,0.333,1.9,3.0,0.655,0.651,0.7,0.8,0.872,0.6,2.1,2.8,0.5,0.2,0.3,0.7,1.2,4.7,,2020,2019-20
369.0,Isaiah Hartenstein,21.0,HOU,C,23.0,2.0,11.6,1.9,2.9,0.657,0.0,0.2,0.0,1.9,2.7,0.71,0.657,0.8,1.2,0.679,1.3,2.7,3.9,0.8,0.4,0.5,0.7,1.8,4.7,,2020,2019-20
370.0,Thon Maker,22.0,DET,C,60.0,14.0,12.9,1.6,3.2,0.482,0.4,1.1,0.344,1.2,2.2,0.55,0.539,1.2,1.8,0.664,0.9,1.9,2.8,0.7,0.4,0.7,0.8,1.7,4.7,,2020,2019-20
371.0,Matisse Thybulle,22.0,PHI,SG,65.0,14.0,19.8,1.7,4.1,0.423,0.9,2.4,0.357,0.9,1.7,0.519,0.528,0.4,0.6,0.61,0.7,1.0,1.6,1.2,1.4,0.7,0.8,2.2,4.7,,2020,2019-20
372.0,Allen Crabbe,27.0,2TM,SF,37.0,1.0,17.6,1.7,4.8,0.356,1.0,3.2,0.303,0.7,1.6,0.466,0.458,0.3,0.4,0.714,0.3,1.8,2.1,0.9,0.4,0.1,0.5,1.3,4.6,,2020,2019-20
372.0,Allen Crabbe,27.0,ATL,SG,28.0,1.0,18.6,1.9,5.1,0.364,1.1,3.3,0.323,0.8,1.8,0.44,0.469,0.3,0.4,0.75,0.4,2.0,2.3,1.0,0.5,0.1,0.4,1.3,5.1,,2020,2019-20
372.0,Allen Crabbe,27.0,MIN,SF,9.0,0.0,14.6,1.2,3.8,0.324,0.7,2.9,0.231,0.6,0.9,0.625,0.412,0.1,0.2,0.5,0.1,1.2,1.3,0.6,0.0,0.0,0.6,1.2,3.2,,2020,2019-20
373.0,Andre Iguodala,36.0,MIA,SF,21.0,0.0,19.9,1.8,4.2,0.432,0.7,2.2,0.298,1.1,2.0,0.585,0.511,0.3,0.7,0.4,0.8,2.9,3.7,2.4,0.7,1.0,1.2,1.7,4.6,,2020,2019-20
374.0,Rodions Kurucs,21.0,BRK,PF,47.0,9.0,14.6,1.7,3.8,0.446,0.7,1.9,0.367,1.0,1.9,0.529,0.54,0.5,0.8,0.632,0.5,2.4,2.9,1.1,0.5,0.1,1.0,1.9,4.6,,2020,2019-20
375.0,Patrick McCaw,24.0,TOR,SF,37.0,12.0,24.5,1.8,4.4,0.414,0.6,1.9,0.324,1.2,2.5,0.484,0.485,0.4,0.5,0.722,0.5,1.8,2.3,2.1,1.1,0.1,0.8,1.6,4.6,,2020,2019-20
376.0,Alfonzo McKinnie,27.0,CLE,SF,40.0,1.0,14.8,1.8,4.3,0.427,0.4,1.6,0.215,1.5,2.7,0.557,0.468,0.6,0.8,0.71,0.9,1.9,2.8,0.4,0.6,0.2,0.7,1.8,4.6,,2020,2019-20
377.0,JaKarr Sampson,26.0,IND,PF,34.0,12.0,13.9,2.0,3.4,0.591,0.1,0.4,0.154,1.9,3.0,0.647,0.6,0.5,0.8,0.667,0.6,2.0,2.6,0.6,0.5,0.4,0.4,1.9,4.6,,2020,2019-20
378.0,Dante Exum,24.0,2TM,SG,35.0,1.0,13.9,1.6,3.4,0.471,0.4,1.2,0.349,1.2,2.2,0.539,0.534,0.9,1.2,0.744,0.3,1.6,1.9,1.1,0.4,0.2,0.9,1.1,4.5,,2020,2019-20
378.0,Dante Exum,24.0,UTA,SG,11.0,0.0,7.5,0.9,2.1,0.435,0.2,0.5,0.333,0.7,1.5,0.471,0.478,0.2,0.2,1.0,0.3,0.8,1.1,0.6,0.1,0.2,0.9,0.7,2.2,,2020,2019-20
378.0,Dante Exum,24.0,CLE,SG,24.0,1.0,16.8,1.9,4.0,0.479,0.5,1.5,0.351,1.4,2.5,0.559,0.547,1.3,1.7,0.732,0.4,1.9,2.3,1.4,0.5,0.3,0.9,1.3,5.6,,2020,2019-20
379.0,Ryan Arcidiacono,25.0,CHI,PG,58.0,4.0,16.0,1.6,3.8,0.409,0.9,2.4,0.391,0.6,1.4,0.439,0.532,0.5,0.7,0.711,0.3,1.6,1.9,1.7,0.5,0.1,0.6,1.7,4.5,,2020,2019-20
380.0,Jerian Grant,27.0,WAS,SG,6.0,0.0,13.3,1.7,4.5,0.37,0.3,1.3,0.25,1.3,3.2,0.421,0.407,0.8,1.2,0.714,0.3,0.7,1.0,1.5,0.2,0.2,0.5,1.8,4.5,,2020,2019-20
381.0,Courtney Lee,34.0,DAL,SG,24.0,9.0,14.4,1.7,3.4,0.488,0.9,2.0,0.447,0.8,1.5,0.543,0.616,0.3,0.3,0.857,0.3,1.0,1.3,0.5,0.8,0.3,0.5,1.4,4.5,,2020,2019-20
382.0,Treveon Graham,26.0,2TM,SF,55.0,20.0,16.9,1.6,4.4,0.36,0.6,2.2,0.275,1.0,2.2,0.443,0.428,0.7,1.0,0.643,0.9,1.8,2.7,0.8,0.4,0.1,0.5,1.9,4.4,,2020,2019-20
382.0,Treveon Graham,26.0,MIN,SF,33.0,20.0,20.1,1.9,5.3,0.354,0.6,2.5,0.241,1.3,2.8,0.457,0.411,0.8,1.1,0.73,0.9,2.2,3.0,0.9,0.5,0.1,0.6,2.0,5.2,,2020,2019-20
382.0,Treveon Graham,26.0,ATL,SF,22.0,0.0,12.1,1.1,3.0,0.373,0.6,1.7,0.351,0.5,1.4,0.4,0.47,0.4,0.9,0.474,1.0,1.3,2.3,0.7,0.3,0.2,0.5,1.6,3.3,,2020,2019-20
383.0,Jacob Evans,22.0,2TM,SG,29.0,1.0,14.4,1.6,4.6,0.336,0.4,1.3,0.333,1.1,3.3,0.337,0.384,0.9,1.0,0.862,0.3,1.1,1.4,1.1,0.4,0.4,0.9,1.4,4.4,,2020,2019-20
383.0,Jacob Evans,22.0,GSW,SG,27.0,1.0,15.3,1.7,4.9,0.338,0.5,1.4,0.342,1.2,3.5,0.337,0.387,0.9,1.1,0.862,0.3,1.2,1.5,1.1,0.4,0.4,0.9,1.5,4.7,,2020,2019-20
383.0,Jacob Evans,22.0,MIN,SG,2.0,0.0,2.0,0.0,0.5,0.0,0.0,0.5,0.0,0.0,0.0,,0.0,0.0,0.0,,0.0,0.0,0.0,0.0,0.0,0.0,0.0,0.0,0.0,,2020,2019-20
384.0,Khem Birch,27.0,ORL,C,48.0,24.0,19.2,1.5,3.0,0.51,0.0,0.0,0.0,1.5,3.0,0.514,0.51,1.4,2.1,0.653,1.9,2.7,4.6,1.0,0.4,0.5,0.6,1.9,4.4,,2020,2019-20
385.0,Nic Claxton,20.0,BRK,C,15.0,0.0,12.5,1.8,3.2,0.563,0.1,0.5,0.143,1.7,2.7,0.634,0.573,0.7,1.4,0.524,1.3,1.7,2.9,1.1,0.1,0.5,0.6,0.9,4.4,,2020,2019-20
386.0,Yogi Ferrell,26.0,SAC,PG,50.0,0.0,10.6,1.6,3.8,0.42,0.5,1.6,0.304,1.1,2.2,0.505,0.484,0.7,0.8,0.857,0.1,0.9,1.0,1.4,0.4,0.1,0.6,0.8,4.4,,2020,2019-20
387.0,Ante Žižić,23.0,CLE,C,22.0,0.0,10.0,1.9,3.3,0.569,0.0,0.0,,1.9,3.3,0.569,0.569,0.6,0.9,0.737,0.8,2.2,3.0,0.3,0.3,0.2,0.5,1.2,4.4,,2020,2019-20
388.0,Donta Hall,22.0,2TM,PF,9.0,0.0,14.8,1.7,2.4,0.682,0.0,0.0,,1.7,2.4,0.682,0.682,1.0,2.0,0.5,1.6,2.7,4.2,0.4,0.3,0.7,0.6,2.6,4.3,,2020,2019-20
388.0,Donta Hall,22.0,DET,PF,4.0,0.0,12.0,0.3,1.0,0.25,0.0,0.0,,0.3,1.0,0.25,0.25,1.0,1.5,0.667,1.5,2.3,3.8,0.5,0.3,0.3,0.5,2.3,1.5,,2020,2019-20
388.0,Donta Hall,22.0,BRK,C,5.0,0.0,17.0,2.8,3.6,0.778,0.0,0.0,,2.8,3.6,0.778,0.778,1.0,2.4,0.417,1.6,3.0,4.6,0.4,0.4,1.0,0.6,2.8,6.6,,2020,2019-20
389.0,Al-Farouq Aminu,29.0,ORL,PF,18.0,2.0,21.1,1.4,4.8,0.291,0.5,2.0,0.25,0.9,2.8,0.32,0.343,1.1,1.6,0.655,1.3,3.5,4.8,1.2,1.0,0.4,0.9,1.5,4.3,,2020,2019-20
390.0,Troy Daniels,28.0,2TM,SG,47.0,0.0,11.3,1.5,4.0,0.387,1.0,2.8,0.348,0.6,1.1,0.481,0.511,0.2,0.3,0.625,0.3,0.9,1.1,0.4,0.2,0.1,0.3,0.8,4.3,,2020,2019-20
390.0,Troy Daniels,28.0,LAL,SG,41.0,0.0,11.1,1.5,3.9,0.392,1.0,2.7,0.357,0.5,1.1,0.478,0.519,0.2,0.4,0.625,0.3,0.8,1.1,0.3,0.2,0.1,0.2,0.7,4.2,,2020,2019-20
390.0,Troy Daniels,28.0,DEN,SG,6.0,0.0,12.7,1.7,4.7,0.357,1.0,3.3,0.3,0.7,1.3,0.5,0.464,0.0,0.0,,0.0,1.0,1.0,0.5,0.5,0.0,0.5,1.2,4.3,,2020,2019-20
391.0,Bruno Fernando,21.0,ATL,C,56.0,13.0,12.7,1.8,3.6,0.518,0.1,0.7,0.135,1.8,2.9,0.605,0.53,0.5,0.9,0.569,1.2,2.3,3.5,0.9,0.3,0.3,0.8,1.9,4.3,,2020,2019-20
392.0,Ryan Broekhoff,29.0,DAL,SF,17.0,1.0,10.6,1.3,3.5,0.373,1.2,3.0,0.392,0.1,0.5,0.25,0.542,0.4,0.5,0.875,0.3,2.2,2.5,0.6,0.3,0.2,0.4,0.9,4.2,,2020,2019-20
393.0,Iman Shumpert,29.0,BRK,SF,13.0,0.0,18.5,1.6,4.9,0.328,0.6,2.5,0.242,1.0,2.4,0.419,0.391,0.3,0.5,0.571,0.7,1.9,2.6,0.9,0.9,0.2,0.8,1.6,4.2,,2020,2019-20
394.0,Alen Smailagić,19.0,GSW,C,14.0,0.0,9.9,1.4,2.9,0.5,0.2,0.9,0.231,1.2,1.9,0.63,0.538,1.1,1.4,0.842,0.7,1.2,1.9,0.9,0.2,0.3,0.8,1.0,4.2,,2020,2019-20
395.0,Elie Okobo,22.0,PHO,PG,55.0,3.0,13.1,1.3,3.3,0.398,0.5,1.3,0.352,0.9,2.0,0.427,0.467,0.9,1.3,0.704,0.3,1.3,1.6,2.1,0.4,0.1,0.7,1.0,4.0,,2020,2019-20
396.0,Cristiano Felício,27.0,CHI,C,22.0,0.0,17.5,1.5,2.5,0.63,0.0,0.1,0.0,1.5,2.4,0.654,0.63,0.8,1.0,0.783,2.5,2.1,4.6,0.7,0.5,0.1,0.8,1.5,3.9,,2020,2019-20
397.0,Terrance Ferguson,21.0,OKC,SF,56.0,38.0,22.4,1.4,3.9,0.355,0.9,3.0,0.292,0.5,0.9,0.558,0.466,0.3,0.4,0.75,0.4,0.9,1.3,0.9,0.5,0.3,0.6,2.8,3.9,,2020,2019-20
398.0,Marko Gudurić,24.0,MEM,SG,44.0,0.0,11.0,1.4,3.6,0.395,0.6,1.9,0.301,0.8,1.7,0.5,0.475,0.5,0.6,0.923,0.3,1.3,1.7,1.0,0.3,0.2,0.8,0.8,3.9,,2020,2019-20
399.0,Gary Payton II,27.0,WAS,SF,29.0,17.0,14.9,1.7,4.0,0.414,0.4,1.6,0.283,1.2,2.4,0.5,0.47,0.1,0.3,0.5,0.9,1.9,2.8,1.7,1.1,0.2,0.7,1.9,3.9,,2020,2019-20
400.0,DaQuan Jeffries,22.0,SAC,SG,13.0,0.0,10.8,1.5,3.1,0.5,0.4,1.4,0.278,1.2,1.7,0.682,0.563,0.4,0.5,0.833,0.2,1.2,1.4,0.5,0.3,0.1,0.2,1.5,3.8,,2020,2019-20
401.0,Jaylen Nowell,20.0,MIN,SG,15.0,0.0,10.1,1.3,3.5,0.358,0.2,1.7,0.115,1.1,1.8,0.593,0.387,1.1,1.1,0.941,0.2,0.7,0.9,1.3,0.2,0.1,0.2,0.7,3.8,,2020,2019-20
402.0,Noah Vonleh,24.0,2TM,C,36.0,1.0,10.5,1.4,2.6,0.565,0.1,0.4,0.2,1.4,2.1,0.636,0.582,0.7,0.9,0.781,1.0,2.4,3.4,0.8,0.3,0.2,0.6,1.1,3.7,,2020,2019-20
402.0,Noah Vonleh,24.0,MIN,C,29.0,1.0,12.0,1.6,3.0,0.547,0.1,0.5,0.143,1.6,2.5,0.625,0.558,0.8,1.0,0.821,1.2,2.8,4.0,0.9,0.4,0.2,0.7,1.2,4.1,,2020,2019-20
402.0,Noah Vonleh,24.0,DEN,C,7.0,0.0,4.3,0.7,0.9,0.833,0.1,0.1,1.0,0.6,0.7,0.8,0.917,0.3,0.6,0.5,0.4,0.7,1.1,0.3,0.0,0.0,0.3,0.6,1.9,,2020,2019-20
403.0,Gary Clark,25.0,2TM,PF,42.0,5.0,13.5,1.3,3.2,0.406,0.9,2.6,0.351,0.4,0.5,0.682,0.553,0.2,0.2,0.9,0.9,1.7,2.6,0.4,0.1,0.5,0.2,1.1,3.7,,2020,2019-20
403.0,Gary Clark,25.0,HOU,PF,18.0,0.0,11.8,1.3,3.3,0.39,1.0,2.8,0.353,0.3,0.4,0.625,0.542,0.3,0.4,0.857,0.6,1.6,2.2,0.7,0.1,0.4,0.1,1.2,3.9,,2020,2019-20
403.0,Gary Clark,25.0,ORL,SF,24.0,5.0,14.8,1.3,3.1,0.419,0.9,2.5,0.35,0.4,0.6,0.714,0.561,0.1,0.1,1.0,1.1,1.8,2.9,0.2,0.2,0.6,0.3,1.0,3.6,,2020,2019-20
404.0,DeMarre Carroll,33.0,2TM,C,24.0,0.0,12.1,1.0,2.8,0.379,0.3,1.4,0.242,0.7,1.4,0.515,0.439,1.2,1.8,0.69,0.5,1.8,2.3,1.0,0.3,0.2,0.7,1.3,3.6,,2020,2019-20
404.0,DeMarre Carroll,33.0,SAS,SF,15.0,0.0,9.0,0.6,1.9,0.31,0.2,0.9,0.231,0.4,1.1,0.375,0.362,0.8,1.3,0.6,0.5,1.6,2.1,0.7,0.1,0.1,0.7,1.3,2.2,,2020,2019-20
404.0,DeMarre Carroll,33.0,HOU,C,9.0,0.0,17.2,1.8,4.1,0.432,0.6,2.2,0.25,1.2,1.9,0.647,0.5,1.9,2.4,0.773,0.6,2.1,2.7,1.6,0.7,0.3,0.8,1.3,6.0,,2020,2019-20
405.0,Anthony Tolliver,34.0,3TM,PF,55.0,13.0,15.9,1.2,3.3,0.357,0.9,2.6,0.338,0.3,0.7,0.432,0.492,0.4,0.5,0.724,0.6,2.2,2.8,0.8,0.3,0.2,0.6,1.3,3.6,,2020,2019-20
405.0,Anthony Tolliver,34.0,POR,PF,33.0,9.0,16.8,1.3,3.5,0.368,0.9,2.7,0.337,0.4,0.8,0.464,0.496,0.4,0.6,0.684,0.8,2.5,3.3,0.9,0.2,0.3,0.6,1.6,3.9,,2020,2019-20
405.0,Anthony Tolliver,34.0,SAC,PF,9.0,0.0,9.1,0.3,1.9,0.176,0.2,1.7,0.133,0.1,0.2,0.5,0.235,0.1,0.2,0.5,0.2,1.0,1.2,0.3,0.4,0.1,0.4,0.7,1.0,,2020,2019-20
405.0,Anthony Tolliver,34.0,MEM,PF,13.0,4.0,18.2,1.5,3.7,0.396,1.3,3.2,0.415,0.2,0.5,0.286,0.573,0.5,0.6,0.875,0.4,2.2,2.5,0.8,0.5,0.1,0.7,1.1,4.8,,2020,2019-20
406.0,Nicolas Batum,31.0,CHO,SF,22.0,3.0,23.0,1.3,3.7,0.346,0.6,2.2,0.286,0.6,1.5,0.438,0.432,0.4,0.5,0.9,1.1,3.4,4.5,3.0,0.8,0.4,1.0,1.9,3.6,,2020,2019-20
407.0,Tim Frazier,29.0,DET,PG,27.0,11.0,13.1,1.3,3.5,0.362,0.4,1.1,0.333,0.9,2.4,0.375,0.415,0.7,0.9,0.792,0.3,0.9,1.2,3.4,0.5,0.1,1.3,1.6,3.6,,2020,2019-20
408.0,Nassir Little,19.0,POR,PF,48.0,5.0,11.9,1.4,3.1,0.43,0.3,1.2,0.237,1.1,1.9,0.554,0.477,0.6,0.9,0.636,0.6,1.6,2.3,0.5,0.3,0.3,0.3,1.5,3.6,,2020,2019-20
409.0,Theo Pinson,24.0,BRK,SG,33.0,0.0,11.1,1.4,4.7,0.29,0.5,2.4,0.188,0.9,2.3,0.4,0.339,0.5,0.5,0.938,0.3,1.3,1.6,1.7,0.5,0.1,1.0,1.1,3.6,,2020,2019-20
410.0,Tremont Waters,22.0,BOS,PG,11.0,1.0,10.8,1.3,4.5,0.286,0.4,2.2,0.167,0.9,2.3,0.4,0.327,0.7,0.7,1.0,0.0,1.1,1.1,1.5,0.9,0.2,1.4,1.2,3.6,,2020,2019-20
411.0,D.J. Wilson,23.0,MIL,PF,37.0,1.0,9.8,1.4,3.6,0.394,0.5,2.0,0.247,0.9,1.6,0.576,0.462,0.3,0.5,0.611,0.3,2.2,2.5,0.7,0.1,0.1,0.5,0.9,3.6,,2020,2019-20
412.0,Mfiondu Kabengele,22.0,LAC,C,12.0,0.0,5.3,1.2,2.7,0.438,0.8,1.7,0.45,0.4,1.0,0.417,0.578,0.4,0.4,1.0,0.1,0.8,0.9,0.2,0.2,0.2,0.2,0.8,3.5,,2020,2019-20
413.0,Kyle O'Quinn,29.0,PHI,C,29.0,2.0,10.8,1.4,2.9,0.494,0.2,0.9,0.259,1.2,2.0,0.603,0.535,0.4,0.7,0.55,1.2,2.8,4.0,1.8,0.2,0.8,0.7,1.3,3.5,,2020,2019-20
414.0,Miye Oni,22.0,UTA,SF,10.0,1.0,10.9,1.2,3.2,0.375,0.7,1.9,0.368,0.5,1.3,0.385,0.484,0.4,0.5,0.8,0.5,1.2,1.7,0.4,0.4,0.2,0.4,0.9,3.5,,2020,2019-20
415.0,Kenrich Williams,25.0,NOP,PF,39.0,18.0,21.3,1.3,3.8,0.347,0.6,2.5,0.258,0.7,1.3,0.52,0.432,0.2,0.7,0.346,1.3,3.5,4.8,1.5,0.7,0.5,0.6,2.3,3.5,,2020,2019-20
416.0,Javonte Green,26.0,BOS,SG,48.0,2.0,9.8,1.3,2.6,0.5,0.2,0.7,0.273,1.1,1.9,0.581,0.536,0.6,0.9,0.667,0.5,1.4,1.9,0.5,0.5,0.2,0.5,0.9,3.4,,2020,2019-20
417.0,Kevon Looney,23.0,GSW,C,20.0,4.0,13.1,1.5,4.0,0.367,0.1,0.7,0.071,1.4,3.3,0.431,0.373,0.5,0.6,0.75,1.4,1.9,3.3,1.0,0.6,0.3,0.6,1.7,3.4,,2020,2019-20
418.0,Semi Ojeleye,25.0,BOS,PF,69.0,6.0,14.7,1.2,2.8,0.408,0.7,1.8,0.378,0.5,1.0,0.464,0.531,0.4,0.5,0.875,0.4,1.7,2.1,0.5,0.3,0.1,0.3,1.2,3.4,,2020,2019-20
419.0,Lance Thomas,31.0,BRK,PF,7.0,4.0,14.0,1.1,3.3,0.348,0.6,1.9,0.308,0.6,1.4,0.4,0.435,0.6,0.6,1.0,0.3,1.6,1.9,0.9,0.0,0.0,0.9,1.6,3.4,,2020,2019-20
420.0,Grant Williams,21.0,BOS,PF,69.0,5.0,15.1,1.3,3.1,0.412,0.3,1.4,0.25,0.9,1.7,0.548,0.469,0.6,0.8,0.722,0.9,1.7,2.6,1.0,0.4,0.5,0.7,2.4,3.4,,2020,2019-20
421.0,Carsen Edwards,21.0,BOS,SG,37.0,0.0,9.5,1.1,3.5,0.328,0.6,2.1,0.316,0.5,1.4,0.346,0.422,0.4,0.5,0.684,0.2,1.1,1.3,0.6,0.3,0.1,0.4,0.9,3.3,,2020,2019-20
422.0,Tacko Fall,24.0,BOS,C,7.0,0.0,4.7,1.6,2.0,0.786,0.0,0.0,,1.6,2.0,0.786,0.786,0.1,0.4,0.333,0.1,2.0,2.1,0.1,0.1,0.6,0.4,1.0,3.3,,2020,2019-20
423.0,Ty Jerome,22.0,PHO,SG,31.0,0.0,10.6,1.2,3.6,0.336,0.5,1.6,0.28,0.8,2.0,0.381,0.398,0.4,0.5,0.75,0.2,1.3,1.5,1.4,0.5,0.1,0.6,0.9,3.3,,2020,2019-20
424.0,Rodney McGruder,28.0,LAC,SG,56.0,4.0,15.6,1.3,3.2,0.398,0.4,1.6,0.27,0.9,1.6,0.522,0.464,0.3,0.6,0.559,0.5,2.2,2.7,0.6,0.5,0.1,0.4,1.3,3.3,,2020,2019-20
425.0,Evan Turner,31.0,ATL,SG,19.0,0.0,13.2,1.3,3.5,0.373,0.0,0.3,0.0,1.3,3.3,0.403,0.373,0.6,0.7,0.857,0.4,1.6,2.0,2.0,0.5,0.4,1.4,1.1,3.3,,2020,2019-20
426.0,Jordan Bell,25.0,2TM,C,29.0,0.0,8.8,1.2,2.3,0.522,0.1,0.4,0.333,1.1,1.9,0.564,0.552,0.7,1.1,0.613,1.0,1.8,2.8,0.6,0.1,0.3,0.7,0.7,3.2,,2020,2019-20
426.0,Jordan Bell,25.0,MIN,C,27.0,0.0,8.7,1.2,2.2,0.533,0.1,0.3,0.222,1.1,1.9,0.588,0.55,0.6,1.1,0.586,1.0,1.9,2.9,0.5,0.1,0.4,0.7,0.6,3.1,,2020,2019-20
426.0,Jordan Bell,25.0,MEM,C,2.0,0.0,10.5,1.5,3.5,0.429,1.0,1.5,0.667,0.5,2.0,0.25,0.571,1.0,1.0,1.0,1.0,0.5,1.5,1.0,0.5,0.0,1.5,1.0,5.0,,2020,2019-20
427.0,Goga Bitadze,20.0,IND,C,54.0,2.0,8.7,1.3,2.8,0.467,0.1,0.8,0.19,1.1,2.0,0.574,0.493,0.4,0.6,0.727,0.5,1.5,2.0,0.4,0.2,0.7,0.5,1.2,3.2,,2020,2019-20
428.0,Amir Coffey,22.0,LAC,SG,18.0,1.0,8.8,1.3,3.0,0.426,0.3,1.1,0.316,0.9,1.9,0.486,0.481,0.3,0.6,0.545,0.2,0.7,0.9,0.8,0.3,0.1,0.4,1.1,3.2,,2020,2019-20
429.0,Chimezie Metu,22.0,SAS,C,18.0,0.0,5.8,1.3,2.3,0.571,0.0,0.1,0.0,1.3,2.2,0.6,0.571,0.6,0.7,0.769,0.7,1.2,1.8,0.6,0.2,0.3,0.6,0.4,3.2,,2020,2019-20
430.0,Paul Watson,25.0,2TM,SF,10.0,0.0,8.7,1.0,2.6,0.385,0.4,1.2,0.333,0.6,1.4,0.429,0.462,0.7,0.9,0.778,0.2,1.5,1.7,0.8,0.4,0.1,0.3,0.5,3.1,,2020,2019-20
430.0,Paul Watson,25.0,ATL,SF,2.0,0.0,8.5,0.0,3.5,0.0,0.0,1.5,0.0,0.0,2.0,0.0,0.0,0.0,0.0,,0.0,1.0,1.0,1.5,0.5,0.0,0.0,0.5,0.0,,2020,2019-20
430.0,Paul Watson,25.0,TOR,SF,8.0,0.0,8.8,1.3,2.4,0.526,0.5,1.1,0.444,0.8,1.3,0.6,0.632,0.9,1.1,0.778,0.3,1.6,1.9,0.6,0.4,0.1,0.4,0.5,3.9,,2020,2019-20
431.0,Matthew Dellavedova,29.0,CLE,PG,57.0,4.0,14.4,1.1,3.1,0.354,0.4,1.6,0.231,0.7,1.5,0.488,0.414,0.6,0.6,0.865,0.3,1.0,1.3,3.2,0.4,0.0,1.0,1.4,3.1,,2020,2019-20
432.0,Rayjon Tucker,22.0,UTA,SG,20.0,0.0,8.1,1.0,2.2,0.465,0.2,0.9,0.176,0.9,1.3,0.654,0.5,1.0,1.2,0.826,0.2,0.9,1.0,0.3,0.1,0.1,0.4,0.5,3.1,,2020,2019-20
433.0,Bruno Caboclo,24.0,2TM,C,30.0,0.0,8.1,1.3,3.0,0.427,0.2,1.1,0.182,1.1,1.9,0.571,0.461,0.3,0.3,0.889,0.8,1.2,2.0,0.4,0.5,0.6,0.4,1.0,3.0,,2020,2019-20
433.0,Bruno Caboclo,24.0,MEM,C,22.0,0.0,8.7,1.3,3.1,0.406,0.2,1.1,0.16,1.1,2.0,0.545,0.435,0.1,0.1,0.667,0.8,1.2,2.0,0.5,0.5,0.5,0.3,1.0,2.8,,2020,2019-20
433.0,Bruno Caboclo,24.0,HOU,C,8.0,0.0,6.5,1.3,2.5,0.5,0.3,1.0,0.25,1.0,1.5,0.667,0.55,0.8,0.8,1.0,0.8,1.3,2.0,0.3,0.6,0.6,0.8,1.0,3.5,,2020,2019-20
434.0,Zylan Cheatham,24.0,NOP,PF,4.0,0.0,12.8,1.5,2.3,0.667,0.0,0.3,0.0,1.5,2.0,0.75,0.667,0.0,0.0,,0.8,1.5,2.3,0.8,0.3,0.3,1.0,2.5,3.0,,2020,2019-20
435.0,Udonis Haslem,39.0,MIA,C,4.0,1.0,11.0,1.0,2.8,0.364,0.3,0.8,0.333,0.8,2.0,0.375,0.409,0.8,1.0,0.75,0.3,3.8,4.0,0.3,0.0,0.0,0.3,1.5,3.0,,2020,2019-20
436.0,B.J. Johnson,24.0,ORL,SF,10.0,0.0,8.3,0.9,3.2,0.281,0.3,0.9,0.333,0.6,2.3,0.261,0.328,0.9,1.0,0.9,0.3,1.2,1.5,0.3,0.3,0.0,0.6,0.3,3.0,,2020,2019-20
437.0,T.J. Leaf,22.0,IND,PF,28.0,1.0,7.9,1.3,3.1,0.419,0.2,0.6,0.278,1.1,2.4,0.456,0.448,0.3,0.6,0.438,0.8,1.7,2.5,0.3,0.4,0.1,0.3,0.8,3.0,,2020,2019-20
438.0,Admiral Schofield,22.0,WAS,PF,33.0,2.0,11.2,1.1,2.8,0.38,0.6,1.8,0.311,0.5,0.9,0.516,0.484,0.3,0.5,0.667,0.2,1.2,1.4,0.5,0.2,0.1,0.2,1.5,3.0,,2020,2019-20
439.0,Chris Silva,23.0,MIA,PF,44.0,0.0,7.9,1.1,1.8,0.615,0.0,0.1,0.0,1.1,1.7,0.64,0.615,0.8,1.3,0.673,1.4,1.5,2.9,0.5,0.2,0.5,0.7,1.9,3.0,,2020,2019-20
440.0,Johnathan Williams,24.0,WAS,PF,15.0,6.0,12.0,1.3,2.3,0.559,0.0,0.1,0.0,1.3,2.1,0.594,0.559,0.5,0.9,0.538,1.6,2.7,4.3,0.5,0.1,0.5,0.3,1.1,3.0,,2020,2019-20
441.0,Jaylen Hoard,20.0,POR,PF,13.0,0.0,7.9,1.2,2.5,0.469,0.0,0.2,0.0,1.2,2.2,0.517,0.469,0.6,1.0,0.615,1.1,1.4,2.5,0.3,0.4,0.0,0.3,0.9,2.9,,2020,2019-20
442.0,Adam Mokoka,21.0,CHI,SF,11.0,0.0,10.2,1.1,2.5,0.429,0.5,1.4,0.4,0.5,1.2,0.462,0.536,0.2,0.4,0.5,0.6,0.3,0.9,0.4,0.4,0.0,0.2,1.5,2.9,,2020,2019-20
443.0,Andre Roberson,28.0,OKC,SF,7.0,0.0,12.4,1.1,4.1,0.276,0.4,2.0,0.214,0.7,2.1,0.333,0.328,0.1,0.3,0.5,1.0,2.9,3.9,0.6,0.1,0.4,0.3,1.9,2.9,,2020,2019-20
444.0,Tyrone Wallace,25.0,ATL,SG,14.0,0.0,11.4,1.0,3.1,0.318,0.1,1.1,0.067,0.9,2.1,0.448,0.33,0.8,1.2,0.647,0.2,1.4,1.6,0.9,0.5,0.1,0.7,1.4,2.9,,2020,2019-20
445.0,Justin Anderson,26.0,BRK,SG,10.0,1.0,10.7,1.0,3.8,0.263,0.6,2.9,0.207,0.4,0.9,0.444,0.342,0.2,0.4,0.5,0.1,2.0,2.1,0.8,0.0,0.6,0.4,1.3,2.8,,2020,2019-20
446.0,Thanasis Antetokounmpo,27.0,MIL,SF,20.0,2.0,6.5,1.2,2.4,0.5,0.0,0.5,0.0,1.2,1.9,0.632,0.5,0.4,0.9,0.412,0.6,0.6,1.2,0.8,0.4,0.1,0.6,0.9,2.8,,2020,2019-20
447.0,John Konchar,23.0,MEM,SG,19.0,0.0,9.5,1.3,1.9,0.649,0.3,0.5,0.5,1.0,1.4,0.704,0.716,0.1,0.1,0.5,0.9,1.5,2.5,1.2,0.4,0.2,0.4,0.4,2.8,,2020,2019-20
448.0,Naz Mitrou-Long,26.0,IND,SG,5.0,0.0,9.4,1.2,3.4,0.353,0.4,2.4,0.167,0.8,1.0,0.8,0.412,0.0,0.0,,0.0,1.4,1.4,1.6,0.2,0.2,0.6,0.4,2.8,,2020,2019-20
449.0,Joakim Noah,34.0,LAC,C,5.0,0.0,10.0,0.8,1.6,0.5,0.0,0.0,,0.8,1.6,0.5,0.5,1.2,1.6,0.75,1.0,2.2,3.2,1.4,0.2,0.2,1.2,1.8,2.8,,2020,2019-20
450.0,Chandler Parsons,31.0,ATL,PF,5.0,0.0,10.8,1.0,3.6,0.278,0.8,2.8,0.286,0.2,0.8,0.25,0.389,0.0,0.0,,0.2,1.2,1.4,0.6,0.8,0.2,0.6,0.6,2.8,,2020,2019-20
451.0,Marial Shayok,24.0,PHI,SG,4.0,0.0,7.0,0.8,3.0,0.25,0.5,1.5,0.333,0.3,1.5,0.167,0.333,0.8,1.0,0.75,0.3,1.5,1.8,0.3,0.0,0.3,0.8,1.0,2.8,,2020,2019-20
452.0,J.R. Smith,34.0,LAL,SG,6.0,0.0,13.2,1.2,3.7,0.318,0.2,1.8,0.091,1.0,1.8,0.545,0.341,0.3,0.3,1.0,0.0,0.8,0.8,0.5,0.2,0.0,0.7,0.8,2.8,,2020,2019-20
453.0,Jarrod Uthoff,26.0,2TM,PF,7.0,0.0,7.6,1.0,2.6,0.389,0.4,1.3,0.333,0.6,1.3,0.444,0.472,0.3,0.3,1.0,0.3,0.6,0.9,0.0,0.1,0.0,0.0,0.3,2.7,,2020,2019-20
453.0,Jarrod Uthoff,26.0,MEM,PF,4.0,0.0,3.5,0.3,1.8,0.143,0.0,1.0,0.0,0.3,0.8,0.333,0.143,0.5,0.5,1.0,0.3,0.0,0.3,0.0,0.3,0.0,0.0,0.3,1.0,,2020,2019-20
453.0,Jarrod Uthoff,26.0,WAS,PF,3.0,0.0,13.0,2.0,3.7,0.545,1.0,1.7,0.6,1.0,2.0,0.5,0.682,0.0,0.0,,0.3,1.3,1.7,0.0,0.0,0.0,0.0,0.3,5.0,,2020,2019-20
454.0,Jarrell Brantley,23.0,UTA,PF,9.0,0.0,10.7,1.1,3.1,0.357,0.3,1.4,0.231,0.8,1.7,0.467,0.411,0.1,0.2,0.5,0.2,2.0,2.2,1.2,0.3,0.6,0.8,0.8,2.7,,2020,2019-20
455.0,Deonte Burton,26.0,OKC,SF,39.0,0.0,9.1,1.1,3.2,0.344,0.3,1.4,0.189,0.8,1.8,0.458,0.384,0.2,0.4,0.571,0.2,1.3,1.5,0.4,0.2,0.3,0.5,0.9,2.7,,2020,2019-20
456.0,Ryan Anderson,31.0,HOU,C,2.0,0.0,7.0,1.0,3.5,0.286,0.5,2.5,0.2,0.5,1.0,0.5,0.357,0.0,0.0,,0.0,3.5,3.5,1.0,0.5,0.0,0.5,0.5,2.5,,2020,2019-20
457.0,Justin James,23.0,SAC,SF,36.0,0.0,6.4,1.0,2.3,0.417,0.3,0.8,0.31,0.7,1.5,0.473,0.47,0.3,0.6,0.476,0.2,0.7,0.9,0.5,0.2,0.3,0.2,0.5,2.5,,2020,2019-20
458.0,Romeo Langford,20.0,BOS,SG,32.0,2.0,11.6,0.9,2.5,0.35,0.2,0.8,0.185,0.7,1.7,0.434,0.381,0.6,0.8,0.72,0.5,0.8,1.3,0.4,0.3,0.3,0.3,1.0,2.5,,2020,2019-20
459.0,Max Strus,23.0,CHI,SF,2.0,0.0,3.0,1.0,1.5,0.667,0.0,0.5,0.0,1.0,1.0,1.0,0.667,0.5,0.5,1.0,0.5,0.0,0.5,0.0,0.0,0.0,0.0,0.5,2.5,,2020,2019-20
460.0,Michael Kidd-Gilchrist,26.0,2TM,PF,25.0,0.0,11.2,0.9,2.6,0.333,0.2,0.8,0.25,0.7,1.8,0.37,0.371,0.4,0.6,0.786,0.6,2.1,2.7,0.6,0.1,0.2,0.6,1.5,2.4,,2020,2019-20
460.0,Michael Kidd-Gilchrist,26.0,CHO,PF,12.0,0.0,13.3,1.5,4.4,0.34,0.4,1.4,0.294,1.1,3.0,0.361,0.387,0.6,0.8,0.778,0.8,2.2,2.9,0.8,0.0,0.3,0.6,1.5,4.0,,2020,2019-20
460.0,Michael Kidd-Gilchrist,26.0,DAL,PF,13.0,0.0,9.3,0.3,1.0,0.308,0.0,0.2,0.0,0.3,0.8,0.4,0.308,0.3,0.4,0.8,0.4,2.1,2.5,0.3,0.2,0.2,0.7,1.5,0.9,,2020,2019-20
461.0,Caleb Swanigan,22.0,2TM,PF,27.0,1.0,10.7,1.0,1.7,0.596,0.0,0.1,0.0,1.0,1.7,0.622,0.596,0.3,0.6,0.529,1.0,2.7,3.7,1.1,0.1,0.3,1.4,2.3,2.4,,2020,2019-20
461.0,Caleb Swanigan,22.0,SAC,C,7.0,0.0,3.3,0.3,0.6,0.5,0.0,0.0,,0.3,0.6,0.5,0.5,0.1,0.3,0.5,0.3,0.7,1.0,0.3,0.1,0.3,0.9,1.1,0.7,,2020,2019-20
461.0,Caleb Swanigan,22.0,POR,PF,20.0,1.0,13.3,1.3,2.2,0.605,0.0,0.1,0.0,1.3,2.1,0.634,0.605,0.4,0.8,0.533,1.3,3.4,4.7,1.5,0.1,0.3,1.6,2.7,3.0,,2020,2019-20
462.0,Stanley Johnson,23.0,TOR,PF,25.0,0.0,6.0,0.9,2.4,0.373,0.3,1.0,0.292,0.6,1.4,0.429,0.432,0.4,0.6,0.563,0.3,1.2,1.5,0.8,0.2,0.2,0.6,0.6,2.4,,2020,2019-20
463.0,Terance Mann,23.0,LAC,SF,41.0,6.0,8.8,0.9,1.9,0.468,0.2,0.5,0.35,0.7,1.4,0.508,0.513,0.4,0.7,0.667,0.2,1.1,1.3,1.3,0.3,0.1,0.4,1.1,2.4,,2020,2019-20
464.0,Norvel Pelle,26.0,PHI,C,24.0,0.0,9.7,1.0,2.0,0.521,0.0,0.0,0.0,1.0,2.0,0.532,0.521,0.3,0.6,0.5,0.8,2.2,3.0,0.3,0.1,1.3,0.8,2.3,2.4,,2020,2019-20
465.0,Gabe Vincent,23.0,MIA,PG,9.0,0.0,9.2,0.9,4.1,0.216,0.7,3.0,0.222,0.2,1.1,0.2,0.297,0.0,0.0,,0.0,0.6,0.6,0.7,0.6,0.0,0.1,0.7,2.4,,2020,2019-20
466.0,Dewan Hernandez,23.0,TOR,C,6.0,0.0,4.7,0.8,2.3,0.357,0.2,0.3,0.5,0.7,2.0,0.333,0.393,0.5,0.8,0.6,0.8,1.5,2.3,0.5,0.2,0.0,0.5,1.0,2.3,,2020,2019-20
467.0,Shamorie Ponds,21.0,TOR,PG,4.0,0.0,2.8,0.8,1.3,0.6,0.3,0.5,0.5,0.5,0.8,0.667,0.7,0.5,0.5,1.0,0.0,0.3,0.3,0.5,0.0,0.3,0.0,0.5,2.3,,2020,2019-20
468.0,Johnathan Motley,24.0,LAC,PF,13.0,0.0,3.2,0.8,1.2,0.733,0.1,0.1,1.0,0.8,1.1,0.714,0.767,0.4,0.5,0.714,0.2,0.5,0.8,0.6,0.2,0.0,0.4,0.5,2.2,,2020,2019-20
469.0,Thabo Sefolosha,35.0,HOU,PF,41.0,0.0,10.6,0.9,2.2,0.407,0.4,1.3,0.278,0.5,0.9,0.595,0.489,0.1,0.2,0.375,0.5,1.8,2.3,0.6,0.6,0.3,0.4,1.0,2.2,,2020,2019-20
470.0,Wenyen Gabriel,22.0,2TM,PF,30.0,1.0,7.8,0.7,1.6,0.438,0.2,0.7,0.3,0.5,0.9,0.536,0.5,0.5,0.7,0.682,0.7,1.0,1.7,0.3,0.4,0.2,0.5,1.3,2.1,,2020,2019-20
470.0,Wenyen Gabriel,22.0,SAC,PF,11.0,0.0,5.5,0.5,1.5,0.353,0.1,0.7,0.125,0.5,0.8,0.556,0.382,0.5,0.9,0.6,0.4,0.5,0.9,0.3,0.3,0.2,0.5,0.6,1.7,,2020,2019-20
470.0,Wenyen Gabriel,22.0,POR,PF,19.0,1.0,9.2,0.8,1.6,0.484,0.3,0.6,0.417,0.5,1.0,0.526,0.565,0.5,0.6,0.75,0.9,1.3,2.2,0.3,0.4,0.3,0.6,1.7,2.3,,2020,2019-20
471.0,Melvin Frazier,23.0,ORL,SG,19.0,0.0,6.6,0.8,1.8,0.441,0.4,0.8,0.5,0.4,0.9,0.389,0.559,0.1,0.2,0.5,0.1,0.4,0.5,0.2,0.5,0.1,0.3,0.6,2.1,,2020,2019-20
472.0,Michael Frazier,25.0,HOU,SG,13.0,0.0,11.2,0.5,2.2,0.241,0.3,1.8,0.174,0.2,0.5,0.5,0.31,0.7,1.1,0.643,0.1,0.7,0.8,0.2,0.2,0.0,0.4,1.7,2.1,,2020,2019-20
473.0,Khyri Thomas,23.0,DET,SG,8.0,0.0,7.6,0.6,2.1,0.294,0.6,1.8,0.357,0.0,0.4,0.0,0.441,0.3,0.5,0.5,0.1,0.0,0.1,0.4,0.4,0.0,0.4,1.1,2.1,,2020,2019-20
474.0,Zach Norvell,22.0,2TM,SG,5.0,0.0,8.2,0.6,2.4,0.25,0.6,1.6,0.375,0.0,0.8,0.0,0.375,0.2,0.2,1.0,0.0,1.2,1.2,0.6,0.4,0.0,0.6,0.8,2.0,,2020,2019-20
474.0,Zach Norvell,22.0,LAL,SG,2.0,0.0,2.5,0.0,0.5,0.0,0.0,0.0,,0.0,0.5,0.0,0.0,0.0,0.0,,0.0,0.5,0.5,0.0,0.0,0.0,0.0,0.0,0.0,,2020,2019-20
474.0,Zach Norvell,22.0,GSW,SG,3.0,0.0,12.0,1.0,3.7,0.273,1.0,2.7,0.375,0.0,1.0,0.0,0.409,0.3,0.3,1.0,0.0,1.7,1.7,1.0,0.7,0.0,1.0,1.3,3.3,,2020,2019-20
475.0,Derrick Walton,24.0,2TM,PG,26.0,1.0,9.5,0.7,1.5,0.462,0.4,0.9,0.417,0.3,0.6,0.533,0.59,0.3,0.3,0.778,0.1,0.5,0.6,1.0,0.3,0.0,0.2,0.8,2.0,,2020,2019-20
475.0,Derrick Walton,24.0,LAC,PG,23.0,1.0,9.7,0.7,1.6,0.472,0.4,0.9,0.429,0.3,0.7,0.533,0.597,0.3,0.4,0.778,0.1,0.6,0.7,1.0,0.2,0.0,0.2,0.8,2.2,,2020,2019-20
475.0,Derrick Walton,24.0,DET,PG,3.0,0.0,8.7,0.3,1.0,0.333,0.3,1.0,0.333,0.0,0.0,,0.5,0.0,0.0,,0.0,0.3,0.3,1.7,1.0,0.0,0.3,0.7,1.0,,2020,2019-20
476.0,Charlie Brown Jr.,22.0,ATL,SG,10.0,0.0,4.0,0.6,1.9,0.316,0.3,0.9,0.333,0.3,1.0,0.3,0.395,0.5,0.5,1.0,0.2,0.2,0.4,0.2,0.2,0.2,0.3,0.3,2.0,,2020,2019-20
477.0,Alize Johnson,23.0,IND,PF,17.0,1.0,6.9,0.7,1.7,0.414,0.2,0.5,0.375,0.5,1.2,0.429,0.466,0.4,0.6,0.7,0.9,1.9,2.8,0.4,0.2,0.1,0.4,0.7,2.0,,2020,2019-20
478.0,Louis King,20.0,DET,SF,10.0,0.0,6.2,0.8,2.1,0.381,0.4,1.1,0.364,0.4,1.0,0.4,0.476,0.0,0.3,0.0,0.1,0.9,1.0,0.5,0.2,0.0,0.2,1.0,2.0,,2020,2019-20
479.0,Jalen Lecque,19.0,PHO,SG,5.0,0.0,6.4,0.8,2.0,0.4,0.0,0.8,0.0,0.8,1.2,0.667,0.4,0.4,0.4,1.0,0.0,0.4,0.4,0.4,0.0,0.0,0.4,0.6,2.0,,2020,2019-20
480.0,Malik Newman,22.0,CLE,SG,1.0,0.0,4.0,0.0,2.0,0.0,0.0,1.0,0.0,0.0,1.0,0.0,0.0,2.0,2.0,1.0,0.0,0.0,0.0,0.0,0.0,0.0,1.0,0.0,2.0,,2020,2019-20
481.0,Josh Reaves,22.0,DAL,SF,4.0,0.0,7.0,0.8,2.3,0.333,0.0,0.5,0.0,0.8,1.8,0.429,0.333,0.5,0.5,1.0,0.3,0.5,0.8,0.8,0.0,0.0,0.0,1.3,2.0,,2020,2019-20
482.0,Yuta Watanabe,25.0,MEM,SF,18.0,0.0,5.8,0.8,1.9,0.441,0.2,0.4,0.375,0.7,1.4,0.462,0.485,0.2,0.4,0.375,0.4,0.7,1.1,0.3,0.3,0.1,0.1,0.5,2.0,,2020,2019-20
483.0,Ignas Brazdeikis,21.0,NYK,SF,9.0,0.0,5.9,0.7,2.4,0.273,0.1,1.0,0.111,0.6,1.4,0.385,0.295,0.4,0.6,0.8,0.2,0.3,0.6,0.4,0.0,0.1,0.2,0.3,1.9,,2020,2019-20
484.0,Oshae Brissett,21.0,TOR,SF,19.0,0.0,7.1,0.7,1.9,0.361,0.2,0.8,0.2,0.5,1.1,0.476,0.403,0.4,0.5,0.8,0.5,0.9,1.4,0.4,0.2,0.1,0.4,0.9,1.9,,2020,2019-20
485.0,Vic Law,24.0,ORL,PF,8.0,0.0,7.8,0.8,2.3,0.333,0.1,0.9,0.143,0.6,1.4,0.455,0.361,0.3,0.8,0.333,0.3,1.1,1.4,0.4,0.3,0.0,0.3,0.8,1.9,,2020,2019-20
486.0,Vincent Poirier,26.0,BOS,C,22.0,0.0,5.9,0.8,1.6,0.472,0.0,0.1,0.5,0.7,1.5,0.471,0.486,0.3,0.3,0.857,0.6,1.4,2.0,0.4,0.1,0.4,0.4,1.1,1.9,,2020,2019-20
487.0,Tyler Cook,22.0,2TM,PF,13.0,0.0,4.2,0.6,0.9,0.667,0.0,0.0,,0.6,0.9,0.667,0.667,0.5,0.6,0.875,0.5,0.6,1.1,0.1,0.2,0.0,0.2,0.4,1.8,,2020,2019-20
487.0,Tyler Cook,22.0,CLE,PF,11.0,0.0,3.2,0.6,0.9,0.7,0.0,0.0,,0.6,0.9,0.7,0.7,0.5,0.5,0.833,0.4,0.5,0.9,0.1,0.1,0.0,0.1,0.4,1.7,,2020,2019-20
487.0,Tyler Cook,22.0,DEN,SF,2.0,0.0,9.5,0.5,1.0,0.5,0.0,0.0,,0.5,1.0,0.5,0.5,1.0,1.0,1.0,1.0,1.0,2.0,0.0,1.0,0.0,1.0,0.5,2.0,,2020,2019-20
488.0,Ed Davis,30.0,UTA,C,28.0,1.0,10.8,0.8,1.6,0.478,0.0,0.0,,0.8,1.6,0.478,0.478,0.3,0.5,0.5,1.3,2.5,3.8,0.4,0.4,0.3,0.5,2.2,1.8,,2020,2019-20
489.0,Devon Hall,24.0,OKC,PG,11.0,0.0,7.4,0.5,2.7,0.2,0.4,1.5,0.235,0.2,1.2,0.154,0.267,0.4,0.7,0.5,0.2,0.5,0.6,1.2,0.4,0.1,0.5,0.5,1.8,,2020,2019-20
490.0,Justin Patton,22.0,OKC,C,5.0,0.0,4.8,0.8,2.0,0.4,0.2,0.8,0.25,0.6,1.2,0.5,0.45,0.0,0.0,,0.2,0.8,1.0,0.4,0.0,0.0,0.4,0.8,1.8,,2020,2019-20
491.0,Kevin Hervey,23.0,OKC,PF,10.0,0.0,5.2,0.7,2.7,0.259,0.3,2.0,0.15,0.4,0.7,0.571,0.315,0.0,0.0,,0.1,1.1,1.2,0.5,0.1,0.1,0.0,0.4,1.7,,2020,2019-20
492.0,Luc Mbah a Moute,33.0,HOU,PF,3.0,0.0,8.3,0.7,1.7,0.4,0.0,0.7,0.0,0.7,1.0,0.667,0.4,0.3,0.7,0.5,0.3,0.3,0.7,0.0,0.7,0.0,0.3,0.0,1.7,,2020,2019-20
493.0,Juwan Morgan,22.0,UTA,PF,21.0,0.0,6.4,0.7,1.2,0.577,0.1,0.4,0.375,0.6,0.9,0.667,0.635,0.1,0.2,0.75,0.5,0.9,1.4,0.3,0.0,0.1,0.3,0.9,1.7,,2020,2019-20
494.0,Chasson Randle,26.0,GSW,PG,3.0,0.0,13.3,0.0,1.3,0.0,0.0,0.7,0.0,0.0,0.7,0.0,0.0,1.7,2.0,0.833,0.0,0.7,0.7,1.7,0.7,0.0,0.0,1.0,1.7,,2020,2019-20
495.0,Dean Wade,23.0,CLE,PF,12.0,0.0,5.9,0.8,1.1,0.692,0.2,0.3,0.5,0.6,0.8,0.778,0.769,0.0,0.1,0.0,0.3,1.3,1.6,0.2,0.2,0.3,0.3,0.7,1.7,,2020,2019-20
496.0,Jared Dudley,34.0,LAL,PF,45.0,1.0,8.1,0.5,1.3,0.4,0.4,0.9,0.429,0.1,0.4,0.333,0.55,0.0,0.0,1.0,0.1,1.0,1.2,0.6,0.3,0.1,0.2,0.9,1.5,,2020,2019-20
497.0,Josh Magette,30.0,ORL,PG,8.0,0.0,4.8,0.6,1.9,0.333,0.1,0.5,0.25,0.5,1.4,0.364,0.367,0.1,0.3,0.5,0.1,0.6,0.8,0.6,0.4,0.1,0.6,0.5,1.5,,2020,2019-20
498.0,Jonah Bolden,24.0,2TM,C,7.0,0.0,6.7,0.6,1.6,0.364,0.0,0.6,0.0,0.6,1.0,0.571,0.364,0.3,0.6,0.5,0.4,0.9,1.3,0.0,0.4,0.3,0.3,1.4,1.4,,2020,2019-20
498.0,Jonah Bolden,24.0,PHI,C,4.0,0.0,3.5,0.5,0.8,0.667,0.0,0.3,0.0,0.5,0.5,1.0,0.667,0.0,0.5,0.0,0.0,0.3,0.3,0.0,0.3,0.0,0.5,1.0,1.0,,2020,2019-20
498.0,Jonah Bolden,24.0,PHO,C,3.0,0.0,11.0,0.7,2.7,0.25,0.0,1.0,0.0,0.7,1.7,0.4,0.25,0.7,0.7,1.0,1.0,1.7,2.7,0.0,0.7,0.7,0.0,2.0,2.0,,2020,2019-20
499.0,Kostas Antetokounmpo,22.0,LAL,PF,5.0,0.0,4.0,0.6,0.6,1.0,0.0,0.0,,0.6,0.6,1.0,1.0,0.2,0.4,0.5,0.4,0.2,0.6,0.4,0.0,0.0,0.2,0.4,1.4,,2020,2019-20
500.0,KZ Okpala,20.0,MIA,PF,5.0,0.0,5.2,0.6,1.0,0.6,0.0,0.2,0.0,0.6,0.8,0.75,0.6,0.2,0.4,0.5,0.2,0.8,1.0,0.2,0.4,0.2,0.2,0.4,1.4,,2020,2019-20
501.0,Justin Robinson,22.0,WAS,PG,9.0,0.0,5.4,0.6,1.3,0.417,0.3,0.6,0.6,0.2,0.8,0.286,0.542,0.0,0.0,,0.1,0.4,0.6,0.8,0.0,0.1,0.3,0.2,1.4,,2020,2019-20
502.0,Nigel Williams-Goss,25.0,UTA,PG,10.0,0.0,5.0,0.5,1.6,0.313,0.2,0.7,0.286,0.3,0.9,0.333,0.375,0.2,0.2,1.0,0.2,0.4,0.6,0.6,0.3,0.1,0.3,0.6,1.4,,2020,2019-20
503.0,Tyson Chandler,37.0,HOU,C,26.0,5.0,8.4,0.5,0.7,0.778,0.0,0.0,,0.5,0.7,0.778,0.778,0.2,0.5,0.462,1.0,1.6,2.5,0.2,0.2,0.3,0.3,1.2,1.3,,2020,2019-20
504.0,Kyle Guy,22.0,SAC,SG,3.0,0.0,3.3,0.7,1.7,0.4,0.0,1.0,0.0,0.7,0.7,1.0,0.4,0.0,0.0,,0.0,0.3,0.3,0.3,0.0,0.0,0.0,0.3,1.3,,2020,2019-20
505.0,Malcolm Miller,26.0,TOR,SF,28.0,1.0,5.8,0.4,1.0,0.414,0.3,0.8,0.364,0.1,0.3,0.571,0.552,0.1,0.3,0.375,0.1,0.5,0.6,0.4,0.2,0.1,0.1,0.6,1.3,,2020,2019-20
506.0,Tariq Owens,24.0,PHO,PF,3.0,0.0,5.0,0.3,1.7,0.2,0.0,0.7,0.0,0.3,1.0,0.333,0.2,0.7,0.7,1.0,0.7,0.3,1.0,0.0,0.3,0.0,0.0,0.3,1.3,,2020,2019-20
507.0,Jordan Bone,22.0,DET,PG,10.0,0.0,5.3,0.5,2.0,0.25,0.2,1.0,0.2,0.3,1.0,0.3,0.3,0.0,0.0,,0.0,0.4,0.4,0.8,0.1,0.0,0.2,0.6,1.2,,2020,2019-20
508.0,Moses Brown,20.0,POR,C,9.0,0.0,3.7,0.4,1.1,0.4,0.0,0.0,,0.4,1.1,0.4,0.4,0.3,0.9,0.375,0.3,1.2,1.6,0.1,0.1,0.1,0.3,0.8,1.2,,2020,2019-20
509.0,Vlatko Čančar,22.0,DEN,PF,14.0,0.0,3.2,0.4,1.1,0.4,0.1,0.4,0.167,0.4,0.6,0.556,0.433,0.3,0.3,1.0,0.4,0.4,0.7,0.2,0.1,0.1,0.2,0.5,1.2,,2020,2019-20
510.0,Zhaire Smith,20.0,PHI,SF,7.0,0.0,4.6,0.4,1.6,0.273,0.0,0.4,0.0,0.4,1.1,0.375,0.273,0.3,0.6,0.5,0.0,0.3,0.3,0.3,0.4,0.0,0.3,0.6,1.1,,2020,2019-20
511.0,Jarred Vanderbilt,20.0,2TM,PF,11.0,0.0,4.2,0.5,0.7,0.625,0.0,0.1,0.0,0.5,0.6,0.714,0.625,0.2,0.2,1.0,0.3,0.5,0.8,0.2,0.3,0.1,0.6,0.5,1.1,,2020,2019-20
511.0,Jarred Vanderbilt,20.0,DEN,PF,9.0,0.0,4.6,0.6,0.8,0.714,0.0,0.0,,0.6,0.8,0.714,0.714,0.0,0.0,,0.3,0.6,0.9,0.2,0.3,0.1,0.8,0.7,1.1,,2020,2019-20
511.0,Jarred Vanderbilt,20.0,MIN,PF,2.0,0.0,2.5,0.0,0.5,0.0,0.0,0.5,0.0,0.0,0.0,,0.0,1.0,1.0,1.0,0.0,0.5,0.5,0.0,0.0,0.0,0.0,0.0,1.0,,2020,2019-20
512.0,Quinndary Weatherspoon,23.0,SAS,SG,11.0,0.0,7.1,0.5,1.5,0.294,0.1,0.5,0.2,0.4,1.1,0.333,0.324,0.1,0.2,0.5,0.1,0.5,0.6,1.0,0.3,0.1,0.5,0.7,1.1,,2020,2019-20
513.0,Kyle Alexander,23.0,MIA,C,2.0,0.0,6.5,0.5,1.0,0.5,0.0,0.0,,0.5,1.0,0.5,0.5,0.0,0.0,,1.0,0.5,1.5,0.0,0.0,0.0,0.5,0.5,1.0,,2020,2019-20
514.0,Brian Bowen,21.0,IND,SF,6.0,1.0,5.2,0.5,1.7,0.3,0.0,0.3,0.0,0.5,1.3,0.375,0.3,0.0,0.0,,0.2,1.0,1.2,0.0,0.0,0.2,0.2,0.5,1.0,,2020,2019-20
515.0,Corey Brewer,33.0,SAC,PF,5.0,0.0,6.6,0.4,0.8,0.5,0.0,0.2,0.0,0.4,0.6,0.667,0.5,0.2,0.6,0.333,0.4,1.2,1.6,0.4,0.8,0.0,0.4,1.4,1.0,,2020,2019-20
516.0,Antonius Cleveland,25.0,DAL,SG,11.0,0.0,4.2,0.4,1.3,0.286,0.0,0.3,0.0,0.4,1.0,0.364,0.286,0.3,0.5,0.6,0.2,0.5,0.6,0.1,0.1,0.3,0.2,0.7,1.0,,2020,2019-20
517.0,Josh Gray,26.0,NOP,PG,2.0,0.0,11.5,0.5,1.0,0.5,0.0,0.0,,0.5,1.0,0.5,0.5,0.0,0.0,,0.5,0.5,1.0,1.0,0.0,0.0,2.5,0.5,1.0,,2020,2019-20
518.0,Tyler Zeller,30.0,SAS,C,2.0,0.0,2.0,0.5,2.0,0.25,0.0,0.0,,0.5,2.0,0.25,0.25,0.0,0.0,,1.5,0.5,2.0,0.0,0.0,0.0,0.0,0.0,1.0,,2020,2019-20
519.0,Amile Jefferson,26.0,ORL,PF,18.0,0.0,4.1,0.3,0.8,0.357,0.0,0.0,,0.3,0.8,0.357,0.357,0.3,0.8,0.357,0.6,0.7,1.3,0.2,0.1,0.2,0.2,0.4,0.8,,2020,2019-20
520.0,Daryl Macon,24.0,MIA,PG,4.0,0.0,3.5,0.3,0.8,0.333,0.3,0.5,0.5,0.0,0.3,0.0,0.5,0.0,0.0,,0.0,0.0,0.0,0.3,0.0,0.0,0.5,0.3,0.8,,2020,2019-20
521.0,Jared Harper,22.0,PHO,PG,3.0,0.0,2.7,0.3,1.3,0.25,0.0,0.7,0.0,0.3,0.7,0.5,0.25,0.0,0.0,,0.0,0.0,0.0,0.0,0.0,0.0,0.0,0.0,0.7,,2020,2019-20
522.0,Joe Chealey,24.0,CHO,PG,4.0,0.0,8.3,0.0,1.8,0.0,0.0,1.0,0.0,0.0,0.8,0.0,0.0,0.5,0.5,1.0,0.0,0.0,0.0,0.3,1.0,0.0,0.5,0.5,0.5,,2020,2019-20
523.0,Matt Mooney,23.0,CLE,SG,4.0,0.0,4.8,0.3,1.0,0.25,0.0,0.5,0.0,0.3,0.5,0.5,0.25,0.0,0.0,,0.0,0.8,0.8,0.3,0.5,0.3,0.0,0.3,0.5,,2020,2019-20
524.0,Henry Ellenson,23.0,BRK,C,5.0,0.0,3.0,0.2,1.4,0.143,0.0,0.8,0.0,0.2,0.6,0.333,0.143,0.0,0.0,,0.4,0.8,1.2,0.2,0.0,0.0,0.0,0.2,0.4,,2020,2019-20
525.0,Marques Bolden,21.0,CLE,C,1.0,0.0,3.0,0.0,0.0,,0.0,0.0,,0.0,0.0,,,0.0,0.0,,0.0,2.0,2.0,0.0,1.0,0.0,0.0,1.0,0.0,,2020,2019-20
526.0,William Howard,26.0,HOU,PF,2.0,0.0,6.5,0.0,2.0,0.0,0.0,2.0,0.0,0.0,0.0,,0.0,0.0,0.0,,0.0,1.0,1.0,0.5,0.0,0.0,0.5,0.5,0.0,,2020,2019-20
527.0,Stanton Kidd,27.0,UTA,SG,4.0,0.0,3.8,0.0,0.8,0.0,0.0,0.3,0.0,0.0,0.5,0.0,0.0,0.0,0.0,,0.0,0.8,0.8,0.3,0.0,0.0,0.5,0.8,0.0,,2020,2019-20
528.0,J.P. Macura,24.0,CLE,SG,1.0,0.0,1.0,0.0,0.0,,0.0,0.0,,0.0,0.0,,,0.0,0.0,,0.0,0.0,0.0,0.0,0.0,0.0,0.0,0.0,0.0,,2020,2019-20
529.0,Isaiah Roby,21.0,OKC,PF,3.0,0.0,3.7,0.0,0.3,0.0,0.0,0.0,,0.0,0.3,0.0,0.0,0.0,0.0,,0.0,0.7,0.7,0.0,0.0,0.0,0.3,0.3,0.0,,2020,2019-20
,League Average,,,,,,,,,0.46,,,0.358,,,0.524,0.529,,,0.773,,,,,,,,,,,2020,2019-20
