Rk,Player,Age,Team,Pos,G,GS,MP,FG,FGA,FG%,3P,3PA,3P%,2P,2PA,2P%,eFG%,FT,FTA,FT%,ORB,DRB,TRB,AST,STL,BLK,TOV,PF,PTS,Trp-Dbl,Awards,season_end_year,season
1.0,LeBron James,33.0,CLE,PF,82.0,82.0,3026.0,857.0,1580.0,0.542,149.0,406.0,0.367,708.0,1174.0,0.603,0.59,388.0,531.0,0.731,97.0,612.0,709.0,747.0,116.0,71.0,347.0,136.0,2251.0,18.0,"MVP-2,AS,NBA1",2018,2017-18
2.0,James Harden,28.0,HOU,SG,72.0,72.0,2551.0,651.0,1449.0,0.449,265.0,722.0,0.367,386.0,727.0,0.531,0.541,624.0,727.0,0.858,41.0,348.0,389.0,630.0,126.0,50.0,315.0,169.0,2191.0,4.0,"MVP-1,AS,NBA1",2018,2017-18
3.0,Anthony Davis,24.0,NOP,PF,75.0,75.0,2727.0,780.0,1462.0,0.534,55.0,162.0,0.34,725.0,1300.0,0.558,0.552,495.0,598.0,0.828,187.0,645.0,832.0,174.0,115.0,193.0,162.0,159.0,2110.0,1.0,"MVP-3,DPOY-3,AS,NBA1,DEF1",2018,2017-18
4.0,Russell Westbrook,29.0,OKC,PG,80.0,80.0,2914.0,757.0,1687.0,0.449,97.0,326.0,0.298,660.0,1361.0,0.485,0.477,417.0,566.0,0.737,152.0,652.0,804.0,820.0,147.0,20.0,381.0,200.0,2028.0,25.0,"MVP-5,AS,NBA2",2018,2017-18
5.0,Giannis Antetokounmpo,23.0,MIL,PF,75.0,75.0,2756.0,742.0,1402.0,0.529,43.0,140.0,0.307,699.0,1262.0,0.554,0.545,487.0,641.0,0.76,156.0,597.0,753.0,361.0,109.0,106.0,223.0,231.0,2014.0,1.0,"MVP-6,AS,NBA2",2018,2017-18
6.0,Damian Lillard,27.0,POR,PG,73.0,73.0,2670.0,621.0,1415.0,0.439,227.0,629.0,0.361,394.0,786.0,0.501,0.519,493.0,538.0,0.916,62.0,263.0,325.0,481.0,77.0,27.0,206.0,117.0,1962.0,0.0,"MVP-4,AS,NBA1",2018,2017-18
7.0,Bradley Beal,24.0,WAS,SG,82.0,82.0,2977.0,683.0,1484.0,0.46,199.0,530.0,0.375,484.0,954.0,0.507,0.527,292.0,369.0,0.791,61.0,302.0,363.0,373.0,96.0,36.0,214.0,160.0,1857.0,0.0,AS,2018,2017-18
8.0,DeMar DeRozan,28.0,TOR,SG,80.0,80.0,2711.0,645.0,1413.0,0.456,89.0,287.0,0.31,556.0,1126.0,0.494,0.488,461.0,559.0,0.825,59.0,256.0,315.0,417.0,85.0,22.0,175.0,151.0,1840.0,0.0,"MVP-8,AS,NBA2",2018,2017-18
9.0,Kevin Durant,29.0,GSW,SF,68.0,68.0,2325.0,630.0,1222.0,0.516,173.0,413.0,0.419,457.0,809.0,0.565,0.586,359.0,404.0,0.889,31.0,433.0,464.0,366.0,50.0,119.0,207.0,133.0,1792.0,2.0,"MVP-7,DPOY-9,AS,NBA1",2018,2017-18
10.0,Lou Williams,31.0,LAC,SG,79.0,19.0,2589.0,582.0,1337.0,0.435,186.0,518.0,0.359,396.0,819.0,0.484,0.505,432.0,491.0,0.88,40.0,158.0,198.0,417.0,85.0,19.0,234.0,106.0,1782.0,0.0,6MOY-1,2018,2017-18
11.0,Kemba Walker,27.0,CHO,PG,80.0,80.0,2736.0,588.0,1363.0,0.431,231.0,601.0,0.384,357.0,762.0,0.469,0.516,363.0,420.0,0.864,32.0,216.0,248.0,444.0,91.0,24.0,179.0,98.0,1770.0,0.0,AS,2018,2017-18
12.0,Karl-Anthony Towns,22.0,MIN,C,82.0,82.0,2918.0,639.0,1172.0,0.545,120.0,285.0,0.421,519.0,887.0,0.585,0.596,345.0,402.0,0.858,238.0,774.0,1012.0,199.0,64.0,115.0,159.0,285.0,1743.0,0.0,"AS,NBA3",2018,2017-18
13.0,LaMarcus Aldridge,32.0,SAS,C,75.0,75.0,2509.0,687.0,1347.0,0.51,27.0,92.0,0.293,660.0,1255.0,0.526,0.52,334.0,399.0,0.837,246.0,389.0,635.0,152.0,43.0,90.0,111.0,161.0,1735.0,0.0,"MVP-9,AS,NBA2",2018,2017-18
14.0,Victor Oladipo,25.0,IND,SG,75.0,75.0,2552.0,640.0,1342.0,0.477,161.0,434.0,0.371,479.0,908.0,0.528,0.537,294.0,368.0,0.799,47.0,343.0,390.0,323.0,177.0,57.0,219.0,175.0,1735.0,0.0,"MVP-13,DPOY-15,MIP-1,AS,NBA3,DEF1",2018,2017-18
15.0,Paul George,27.0,OKC,SF,79.0,79.0,2891.0,576.0,1340.0,0.43,244.0,609.0,0.401,332.0,731.0,0.454,0.521,338.0,411.0,0.822,72.0,375.0,447.0,263.0,161.0,39.0,212.0,233.0,1734.0,0.0,"DPOY-4,AS,NBA3",2018,2017-18
16.0,CJ McCollum,26.0,POR,SG,81.0,81.0,2923.0,667.0,1505.0,0.443,189.0,476.0,0.397,478.0,1029.0,0.465,0.506,209.0,250.0,0.836,53.0,268.0,321.0,272.0,77.0,35.0,151.0,168.0,1732.0,0.0,,2018,2017-18
17.0,Khris Middleton,26.0,MIL,SF,82.0,82.0,2982.0,593.0,1272.0,0.466,146.0,407.0,0.359,447.0,865.0,0.517,0.524,320.0,362.0,0.884,45.0,384.0,429.0,328.0,119.0,21.0,191.0,270.0,1652.0,1.0,,2018,2017-18
18.0,Donovan Mitchell,21.0,UTA,SG,79.0,71.0,2638.0,595.0,1362.0,0.437,187.0,550.0,0.34,408.0,812.0,0.502,0.506,239.0,297.0,0.805,52.0,244.0,296.0,291.0,118.0,27.0,215.0,213.0,1616.0,0.0,ROY-2,2018,2017-18
19.0,Jrue Holiday,27.0,NOP,SG,81.0,81.0,2927.0,615.0,1244.0,0.494,120.0,356.0,0.337,495.0,888.0,0.557,0.543,187.0,238.0,0.786,62.0,303.0,365.0,486.0,123.0,64.0,213.0,201.0,1537.0,1.0,"DPOY-7,DEF1",2018,2017-18
20.0,Tobias Harris,25.0,2TM,PF,80.0,80.0,2668.0,562.0,1221.0,0.46,183.0,445.0,0.411,379.0,776.0,0.488,0.535,179.0,216.0,0.829,58.0,379.0,437.0,192.0,71.0,35.0,105.0,164.0,1486.0,0.0,,2018,2017-18
20.0,Tobias Harris,25.0,DET,PF,48.0,48.0,1563.0,320.0,709.0,0.451,113.0,276.0,0.409,207.0,433.0,0.478,0.531,115.0,136.0,0.846,36.0,208.0,244.0,94.0,34.0,15.0,51.0,91.0,868.0,0.0,,2018,2017-18
20.0,Tobias Harris,25.0,LAC,PF,32.0,32.0,1105.0,242.0,512.0,0.473,70.0,169.0,0.414,172.0,343.0,0.501,0.541,64.0,80.0,0.8,22.0,171.0,193.0,98.0,37.0,20.0,54.0,73.0,618.0,0.0,,2018,2017-18
21.0,Kyrie Irving,25.0,BOS,PG,60.0,60.0,1931.0,534.0,1087.0,0.491,166.0,407.0,0.408,368.0,680.0,0.541,0.568,232.0,261.0,0.889,33.0,194.0,227.0,306.0,65.0,17.0,140.0,122.0,1466.0,0.0,AS,2018,2017-18
22.0,Klay Thompson,27.0,GSW,SG,73.0,73.0,2506.0,575.0,1179.0,0.488,229.0,520.0,0.44,346.0,659.0,0.525,0.585,82.0,98.0,0.837,31.0,246.0,277.0,185.0,55.0,34.0,128.0,117.0,1461.0,0.0,"DPOY-11,AS",2018,2017-18
23.0,Harrison Barnes,25.0,DAL,PF,77.0,77.0,2634.0,537.0,1208.0,0.445,119.0,333.0,0.357,418.0,875.0,0.478,0.494,259.0,313.0,0.827,77.0,391.0,468.0,152.0,49.0,14.0,118.0,94.0,1452.0,0.0,,2018,2017-18
24.0,Andrew Wiggins,22.0,MIN,SF,82.0,82.0,2979.0,569.0,1300.0,0.438,112.0,338.0,0.331,457.0,962.0,0.475,0.481,202.0,314.0,0.643,82.0,276.0,358.0,160.0,91.0,51.0,138.0,163.0,1452.0,0.0,,2018,2017-18
25.0,Joel Embiid,23.0,PHI,C,63.0,63.0,1912.0,510.0,1056.0,0.483,66.0,214.0,0.308,444.0,842.0,0.527,0.514,359.0,467.0,0.769,143.0,547.0,690.0,199.0,40.0,111.0,234.0,209.0,1445.0,0.0,"MVP-12,DPOY-2,AS,NBA2,DEF2",2018,2017-18
26.0,Nikola Jokić,22.0,DEN,C,75.0,73.0,2443.0,504.0,1010.0,0.499,111.0,280.0,0.396,393.0,730.0,0.538,0.554,266.0,313.0,0.85,195.0,608.0,803.0,458.0,90.0,61.0,210.0,212.0,1385.0,10.0,,2018,2017-18
27.0,Jamal Murray,20.0,DEN,PG,81.0,80.0,2565.0,479.0,1062.0,0.451,165.0,436.0,0.378,314.0,626.0,0.502,0.529,229.0,253.0,0.905,82.0,215.0,297.0,274.0,79.0,28.0,172.0,173.0,1352.0,0.0,,2018,2017-18
28.0,Dwight Howard,32.0,CHO,C,81.0,81.0,2463.0,506.0,911.0,0.555,1.0,7.0,0.143,505.0,904.0,0.559,0.556,334.0,582.0,0.574,255.0,757.0,1012.0,105.0,48.0,131.0,208.0,249.0,1347.0,0.0,,2018,2017-18
29.0,Devin Booker,21.0,PHO,SG,54.0,54.0,1865.0,455.0,1054.0,0.432,147.0,384.0,0.383,308.0,670.0,0.46,0.501,289.0,329.0,0.878,26.0,218.0,244.0,253.0,47.0,14.0,194.0,168.0,1346.0,0.0,,2018,2017-18
30.0,Stephen Curry,29.0,GSW,PG,51.0,51.0,1631.0,428.0,864.0,0.495,212.0,501.0,0.423,216.0,363.0,0.595,0.618,278.0,302.0,0.921,36.0,225.0,261.0,310.0,80.0,8.0,153.0,114.0,1346.0,0.0,"MVP-10,AS,NBA3",2018,2017-18
31.0,Julius Randle,23.0,LAL,C,82.0,49.0,2190.0,504.0,904.0,0.558,10.0,45.0,0.222,494.0,859.0,0.575,0.563,305.0,425.0,0.718,181.0,473.0,654.0,210.0,43.0,45.0,213.0,274.0,1323.0,1.0,,2018,2017-18
32.0,Eric Bledsoe,28.0,2TM,PG,74.0,74.0,2322.0,468.0,989.0,0.473,125.0,360.0,0.347,343.0,629.0,0.545,0.536,252.0,317.0,0.795,51.0,233.0,284.0,370.0,149.0,42.0,216.0,185.0,1313.0,1.0,,2018,2017-18
32.0,Eric Bledsoe,28.0,PHO,PG,3.0,3.0,83.0,16.0,40.0,0.4,4.0,13.0,0.308,12.0,27.0,0.444,0.45,11.0,14.0,0.786,3.0,4.0,7.0,9.0,4.0,2.0,10.0,6.0,47.0,0.0,,2018,2017-18
32.0,Eric Bledsoe,28.0,MIL,PG,71.0,71.0,2239.0,452.0,949.0,0.476,121.0,347.0,0.349,331.0,602.0,0.55,0.54,241.0,303.0,0.795,48.0,229.0,277.0,361.0,145.0,40.0,206.0,179.0,1266.0,1.0,,2018,2017-18
33.0,Jimmy Butler,28.0,MIN,SG,59.0,59.0,2164.0,437.0,921.0,0.474,70.0,200.0,0.35,367.0,721.0,0.509,0.512,363.0,425.0,0.854,79.0,235.0,314.0,288.0,116.0,24.0,108.0,78.0,1307.0,0.0,"MVP-10,DPOY-12,AS,NBA3,DEF2",2018,2017-18
34.0,Dennis Schröder,24.0,ATL,PG,67.0,67.0,2078.0,500.0,1146.0,0.436,76.0,262.0,0.29,424.0,884.0,0.48,0.469,225.0,265.0,0.849,44.0,164.0,208.0,417.0,72.0,6.0,183.0,147.0,1301.0,0.0,,2018,2017-18
35.0,Goran Dragić,31.0,MIA,PG,75.0,75.0,2378.0,484.0,1075.0,0.45,111.0,300.0,0.37,373.0,775.0,0.481,0.502,217.0,271.0,0.801,54.0,252.0,306.0,359.0,63.0,12.0,166.0,180.0,1296.0,0.0,AS,2018,2017-18
36.0,Ben Simmons,21.0,PHI,PG,81.0,81.0,2732.0,544.0,998.0,0.545,0.0,11.0,0.0,544.0,987.0,0.551,0.545,191.0,341.0,0.56,145.0,514.0,659.0,661.0,140.0,70.0,278.0,211.0,1279.0,12.0,ROY-1,2018,2017-18
37.0,T.J. Warren,24.0,PHO,SF,65.0,65.0,2142.0,529.0,1063.0,0.498,20.0,90.0,0.222,509.0,973.0,0.523,0.507,193.0,255.0,0.757,125.0,208.0,333.0,85.0,65.0,41.0,85.0,149.0,1271.0,0.0,,2018,2017-18
38.0,Will Barton,27.0,DEN,SG,81.0,40.0,2683.0,465.0,1028.0,0.452,156.0,422.0,0.37,309.0,606.0,0.51,0.528,182.0,226.0,0.805,70.0,339.0,409.0,331.0,82.0,52.0,149.0,168.0,1268.0,0.0,6MOY-4,2018,2017-18
39.0,Kyle Lowry,31.0,TOR,PG,78.0,78.0,2510.0,403.0,944.0,0.427,238.0,596.0,0.399,165.0,348.0,0.474,0.553,223.0,261.0,0.854,66.0,368.0,434.0,537.0,85.0,19.0,183.0,192.0,1267.0,3.0,AS,2018,2017-18
40.0,Carmelo Anthony,33.0,OKC,PF,78.0,78.0,2501.0,472.0,1168.0,0.404,169.0,474.0,0.357,303.0,694.0,0.437,0.476,148.0,193.0,0.767,67.0,386.0,453.0,103.0,47.0,49.0,99.0,197.0,1261.0,0.0,,2018,2017-18
41.0,Marc Gasol,33.0,MEM,C,73.0,73.0,2408.0,434.0,1033.0,0.42,109.0,320.0,0.341,325.0,713.0,0.456,0.473,281.0,337.0,0.834,78.0,514.0,592.0,305.0,54.0,101.0,194.0,185.0,1258.0,1.0,,2018,2017-18
42.0,Eric Gordon,29.0,HOU,SG,69.0,30.0,2154.0,415.0,970.0,0.428,218.0,608.0,0.359,197.0,362.0,0.544,0.54,195.0,241.0,0.809,25.0,145.0,170.0,154.0,44.0,27.0,130.0,116.0,1243.0,0.0,6MOY-2,2018,2017-18
43.0,Kyle Kuzma,22.0,LAL,PF,77.0,37.0,2401.0,468.0,1039.0,0.45,159.0,434.0,0.366,309.0,605.0,0.511,0.527,147.0,208.0,0.707,88.0,395.0,483.0,141.0,49.0,34.0,140.0,160.0,1242.0,0.0,"ROY-4,6MOY-9",2018,2017-18
44.0,Blake Griffin,28.0,2TM,PF,58.0,58.0,1970.0,436.0,996.0,0.438,111.0,322.0,0.345,325.0,674.0,0.482,0.493,259.0,330.0,0.785,73.0,355.0,428.0,334.0,41.0,18.0,165.0,139.0,1242.0,3.0,,2018,2017-18
44.0,Blake Griffin,28.0,LAC,PF,33.0,33.0,1139.0,255.0,578.0,0.441,64.0,187.0,0.342,191.0,391.0,0.488,0.497,172.0,219.0,0.785,46.0,216.0,262.0,179.0,30.0,9.0,99.0,78.0,746.0,2.0,,2018,2017-18
44.0,Blake Griffin,28.0,DET,PF,25.0,25.0,831.0,181.0,418.0,0.433,47.0,135.0,0.348,134.0,283.0,0.473,0.489,87.0,111.0,0.784,27.0,139.0,166.0,155.0,11.0,9.0,66.0,61.0,496.0,1.0,,2018,2017-18
45.0,DeMarcus Cousins,27.0,NOP,C,48.0,48.0,1737.0,406.0,864.0,0.47,104.0,294.0,0.354,302.0,570.0,0.53,0.53,294.0,394.0,0.746,105.0,512.0,617.0,257.0,79.0,76.0,242.0,183.0,1210.0,3.0,AS,2018,2017-18
46.0,JJ Redick,33.0,PHI,SG,70.0,70.0,2116.0,404.0,879.0,0.46,193.0,460.0,0.42,211.0,419.0,0.504,0.569,197.0,218.0,0.904,9.0,169.0,178.0,210.0,35.0,6.0,103.0,123.0,1198.0,0.0,,2018,2017-18
47.0,Andre Drummond,24.0,DET,C,78.0,78.0,2625.0,466.0,881.0,0.529,0.0,11.0,0.0,466.0,870.0,0.536,0.529,239.0,395.0,0.605,399.0,848.0,1247.0,237.0,114.0,127.0,200.0,250.0,1171.0,0.0,"DPOY-15,AS",2018,2017-18
48.0,Gary Harris,23.0,DEN,SG,67.0,65.0,2304.0,440.0,908.0,0.485,156.0,394.0,0.396,284.0,514.0,0.553,0.57,134.0,162.0,0.827,37.0,139.0,176.0,194.0,122.0,15.0,119.0,119.0,1170.0,0.0,,2018,2017-18
49.0,Taurean Prince,23.0,ATL,SF,82.0,82.0,2464.0,415.0,975.0,0.426,176.0,457.0,0.385,239.0,518.0,0.461,0.516,152.0,180.0,0.844,50.0,339.0,389.0,214.0,85.0,42.0,191.0,168.0,1158.0,0.0,,2018,2017-18
50.0,Bojan Bogdanović,28.0,IND,SF,80.0,80.0,2464.0,404.0,852.0,0.474,155.0,386.0,0.402,249.0,466.0,0.534,0.565,178.0,205.0,0.868,30.0,240.0,270.0,119.0,55.0,8.0,106.0,129.0,1141.0,0.0,,2018,2017-18
51.0,Dario Šarić,23.0,PHI,PF,78.0,73.0,2310.0,403.0,890.0,0.453,157.0,399.0,0.393,246.0,491.0,0.501,0.541,178.0,207.0,0.86,154.0,366.0,520.0,202.0,51.0,20.0,148.0,160.0,1141.0,0.0,,2018,2017-18
52.0,Otto Porter Jr.,24.0,WAS,SF,77.0,77.0,2432.0,445.0,885.0,0.503,138.0,313.0,0.441,307.0,572.0,0.537,0.581,106.0,128.0,0.828,103.0,389.0,492.0,157.0,116.0,41.0,75.0,151.0,1134.0,0.0,,2018,2017-18
53.0,Jusuf Nurkić,23.0,POR,C,79.0,79.0,2088.0,480.0,951.0,0.505,0.0,7.0,0.0,480.0,944.0,0.508,0.505,172.0,273.0,0.63,189.0,519.0,708.0,143.0,64.0,111.0,183.0,247.0,1132.0,0.0,DPOY-15,2018,2017-18
54.0,Jordan Clarkson,25.0,2TM,SG,81.0,2.0,1888.0,430.0,954.0,0.451,112.0,318.0,0.352,318.0,636.0,0.5,0.509,152.0,190.0,0.8,57.0,160.0,217.0,221.0,58.0,6.0,127.0,107.0,1124.0,0.0,6MOY-7,2018,2017-18
54.0,Jordan Clarkson,25.0,LAL,SG,53.0,2.0,1256.0,299.0,667.0,0.448,68.0,210.0,0.324,231.0,457.0,0.505,0.499,105.0,132.0,0.795,44.0,115.0,159.0,173.0,39.0,3.0,95.0,63.0,771.0,0.0,,2018,2017-18
54.0,Jordan Clarkson,25.0,CLE,SG,28.0,0.0,632.0,131.0,287.0,0.456,44.0,108.0,0.407,87.0,179.0,0.486,0.533,47.0,58.0,0.81,13.0,45.0,58.0,48.0,19.0,3.0,32.0,44.0,353.0,0.0,,2018,2017-18
55.0,Jayson Tatum,19.0,BOS,SF,80.0,80.0,2443.0,397.0,835.0,0.475,105.0,242.0,0.434,292.0,593.0,0.492,0.538,213.0,258.0,0.826,50.0,352.0,402.0,128.0,83.0,58.0,114.0,170.0,1112.0,0.0,ROY-3,2018,2017-18
56.0,Kristaps Porziņģis,22.0,NYK,PF,48.0,48.0,1553.0,390.0,889.0,0.439,90.0,228.0,0.395,300.0,661.0,0.454,0.489,218.0,275.0,0.793,62.0,254.0,316.0,57.0,36.0,115.0,93.0,141.0,1088.0,0.0,AS,2018,2017-18
57.0,Chris Paul,32.0,HOU,PG,58.0,58.0,1847.0,367.0,798.0,0.46,144.0,379.0,0.38,223.0,419.0,0.532,0.55,203.0,221.0,0.919,37.0,276.0,313.0,457.0,96.0,14.0,128.0,141.0,1081.0,1.0,,2018,2017-18
58.0,Buddy Hield,25.0,SAC,SG,80.0,13.0,2024.0,416.0,933.0,0.446,176.0,408.0,0.431,240.0,525.0,0.457,0.54,71.0,81.0,0.877,55.0,252.0,307.0,155.0,85.0,22.0,124.0,148.0,1079.0,0.0,,2018,2017-18
59.0,Steven Adams,24.0,OKC,C,76.0,76.0,2487.0,448.0,712.0,0.629,0.0,2.0,0.0,448.0,710.0,0.631,0.629,160.0,286.0,0.559,384.0,301.0,685.0,88.0,92.0,78.0,128.0,215.0,1056.0,0.0,DPOY-12,2018,2017-18
60.0,Dennis Smith Jr.,20.0,DAL,PG,69.0,69.0,2049.0,404.0,1024.0,0.395,106.0,339.0,0.313,298.0,685.0,0.435,0.446,134.0,193.0,0.694,50.0,210.0,260.0,358.0,71.0,18.0,194.0,152.0,1048.0,1.0,ROY-5,2018,2017-18
61.0,Josh Richardson,24.0,MIA,SF,81.0,81.0,2689.0,399.0,885.0,0.451,127.0,336.0,0.378,272.0,549.0,0.495,0.523,120.0,142.0,0.845,69.0,216.0,285.0,231.0,121.0,75.0,140.0,199.0,1045.0,0.0,,2018,2017-18
62.0,Kevin Love,29.0,CLE,C,59.0,59.0,1651.0,334.0,729.0,0.458,137.0,330.0,0.415,197.0,399.0,0.494,0.552,234.0,266.0,0.88,101.0,445.0,546.0,103.0,43.0,24.0,90.0,120.0,1039.0,0.0,AS,2018,2017-18
63.0,Jeremy Lamb,25.0,CHO,SG,80.0,18.0,1967.0,380.0,832.0,0.457,94.0,254.0,0.37,286.0,578.0,0.495,0.513,179.0,208.0,0.861,49.0,275.0,324.0,186.0,61.0,32.0,93.0,138.0,1033.0,0.0,,2018,2017-18
64.0,Lauri Markkanen,20.0,CHI,PF,68.0,68.0,2020.0,374.0,862.0,0.434,145.0,401.0,0.362,229.0,461.0,0.497,0.518,140.0,166.0,0.843,79.0,429.0,508.0,79.0,39.0,40.0,83.0,103.0,1033.0,0.0,,2018,2017-18
65.0,Clint Capela,23.0,HOU,C,74.0,74.0,2034.0,441.0,676.0,0.652,0.0,1.0,0.0,441.0,675.0,0.653,0.652,144.0,257.0,0.56,241.0,561.0,802.0,68.0,58.0,137.0,103.0,185.0,1026.0,0.0,DPOY-14,2018,2017-18
66.0,Aaron Gordon,22.0,ORL,PF,58.0,57.0,1909.0,375.0,865.0,0.434,115.0,342.0,0.336,260.0,523.0,0.497,0.5,157.0,225.0,0.698,87.0,370.0,457.0,136.0,59.0,45.0,107.0,111.0,1022.0,0.0,,2018,2017-18
67.0,E'Twaun Moore,28.0,NOP,SG,82.0,80.0,2586.0,423.0,832.0,0.508,128.0,301.0,0.425,295.0,531.0,0.556,0.585,48.0,68.0,0.706,57.0,181.0,238.0,187.0,79.0,12.0,102.0,182.0,1022.0,0.0,,2018,2017-18
68.0,Jaylen Brown,21.0,BOS,SG,70.0,70.0,2152.0,373.0,803.0,0.465,121.0,306.0,0.395,252.0,497.0,0.507,0.54,150.0,233.0,0.644,66.0,280.0,346.0,114.0,70.0,26.0,124.0,181.0,1017.0,0.0,DPOY-10,2018,2017-18
69.0,Evan Fournier,25.0,ORL,SF,57.0,57.0,1837.0,368.0,802.0,0.459,127.0,335.0,0.379,241.0,467.0,0.516,0.538,150.0,173.0,0.867,23.0,157.0,180.0,165.0,47.0,16.0,95.0,138.0,1013.0,0.0,,2018,2017-18
70.0,Josh Jackson,20.0,PHO,SF,77.0,35.0,1959.0,389.0,932.0,0.417,57.0,217.0,0.263,332.0,715.0,0.464,0.448,177.0,279.0,0.634,95.0,256.0,351.0,119.0,80.0,35.0,146.0,218.0,1012.0,0.0,,2018,2017-18
71.0,Tyreke Evans,28.0,MEM,PG,52.0,32.0,1607.0,366.0,809.0,0.452,114.0,286.0,0.399,252.0,523.0,0.482,0.523,164.0,209.0,0.785,44.0,221.0,265.0,269.0,57.0,17.0,117.0,96.0,1010.0,0.0,,2018,2017-18
72.0,Robert Covington,27.0,PHI,SF,80.0,80.0,2532.0,345.0,836.0,0.413,203.0,550.0,0.369,142.0,286.0,0.497,0.534,116.0,136.0,0.853,55.0,378.0,433.0,156.0,137.0,72.0,126.0,238.0,1009.0,0.0,"DPOY-8,DEF1",2018,2017-18
73.0,Ricky Rubio,27.0,UTA,PG,77.0,77.0,2254.0,346.0,827.0,0.418,96.0,273.0,0.352,250.0,554.0,0.451,0.476,220.0,254.0,0.866,44.0,307.0,351.0,410.0,121.0,11.0,207.0,206.0,1008.0,0.0,,2018,2017-18
74.0,Spencer Dinwiddie,24.0,BRK,PG,80.0,58.0,2306.0,324.0,838.0,0.387,141.0,433.0,0.326,183.0,405.0,0.452,0.471,218.0,268.0,0.813,40.0,219.0,259.0,524.0,68.0,23.0,128.0,186.0,1007.0,0.0,,2018,2017-18
75.0,Enes Freedom,25.0,NYK,C,71.0,71.0,1830.0,422.0,713.0,0.592,0.0,2.0,0.0,422.0,711.0,0.594,0.592,156.0,184.0,0.848,273.0,507.0,780.0,105.0,36.0,37.0,122.0,187.0,1000.0,0.0,,2018,2017-18
76.0,Taj Gibson,32.0,MIN,PF,82.0,82.0,2726.0,425.0,737.0,0.577,7.0,35.0,0.2,418.0,702.0,0.595,0.581,142.0,185.0,0.768,194.0,390.0,584.0,99.0,62.0,59.0,89.0,218.0,999.0,0.0,,2018,2017-18
77.0,Tim Hardaway Jr.,25.0,NYK,SG,57.0,54.0,1885.0,360.0,856.0,0.421,130.0,410.0,0.317,230.0,446.0,0.516,0.496,146.0,179.0,0.816,32.0,192.0,224.0,155.0,62.0,10.0,92.0,123.0,996.0,0.0,,2018,2017-18
78.0,Jeff Teague,29.0,MIN,PG,70.0,70.0,2311.0,354.0,794.0,0.446,84.0,228.0,0.368,270.0,566.0,0.477,0.499,202.0,239.0,0.845,24.0,185.0,209.0,492.0,102.0,23.0,177.0,171.0,994.0,0.0,,2018,2017-18
79.0,Kentavious Caldwell-Pope,24.0,LAL,SG,74.0,74.0,2458.0,340.0,798.0,0.426,159.0,415.0,0.383,181.0,383.0,0.473,0.526,153.0,194.0,0.789,60.0,327.0,387.0,162.0,106.0,16.0,97.0,145.0,992.0,0.0,,2018,2017-18
80.0,Allen Crabbe,25.0,BRK,SG,75.0,68.0,2197.0,337.0,827.0,0.407,201.0,532.0,0.378,136.0,295.0,0.461,0.529,115.0,135.0,0.852,28.0,296.0,324.0,117.0,47.0,35.0,78.0,168.0,990.0,0.0,,2018,2017-18
81.0,DeMarre Carroll,31.0,BRK,PF,73.0,73.0,2180.0,325.0,785.0,0.414,145.0,391.0,0.371,180.0,394.0,0.457,0.506,188.0,246.0,0.764,105.0,374.0,479.0,147.0,59.0,30.0,103.0,165.0,983.0,0.0,,2018,2017-18
82.0,Jonas Valančiūnas,25.0,TOR,C,77.0,77.0,1727.0,390.0,687.0,0.568,30.0,74.0,0.405,360.0,613.0,0.587,0.59,170.0,211.0,0.806,183.0,477.0,660.0,81.0,29.0,69.0,115.0,192.0,980.0,0.0,,2018,2017-18
83.0,Michael Beasley,29.0,NYK,PF,74.0,30.0,1653.0,409.0,807.0,0.507,34.0,86.0,0.395,375.0,721.0,0.52,0.528,124.0,159.0,0.78,97.0,317.0,414.0,123.0,36.0,43.0,143.0,145.0,976.0,0.0,,2018,2017-18
84.0,Marco Belinelli,31.0,2TM,SG,80.0,2.0,1947.0,337.0,764.0,0.441,149.0,395.0,0.377,188.0,369.0,0.509,0.539,148.0,163.0,0.908,20.0,131.0,151.0,148.0,66.0,12.0,94.0,91.0,971.0,0.0,6MOY-12,2018,2017-18
84.0,Marco Belinelli,31.0,ATL,SG,52.0,1.0,1210.0,199.0,485.0,0.41,92.0,247.0,0.372,107.0,238.0,0.45,0.505,101.0,109.0,0.927,14.0,86.0,100.0,103.0,46.0,3.0,54.0,41.0,591.0,0.0,,2018,2017-18
84.0,Marco Belinelli,31.0,PHI,SG,28.0,1.0,737.0,138.0,279.0,0.495,57.0,148.0,0.385,81.0,131.0,0.618,0.597,47.0,54.0,0.87,6.0,45.0,51.0,45.0,20.0,9.0,40.0,50.0,380.0,0.0,,2018,2017-18
85.0,Bobby Portis,22.0,CHI,PF,73.0,4.0,1643.0,382.0,811.0,0.471,80.0,223.0,0.359,302.0,588.0,0.514,0.52,120.0,156.0,0.769,159.0,339.0,498.0,123.0,50.0,23.0,103.0,130.0,964.0,0.0,,2018,2017-18
86.0,Jonathon Simmons,28.0,ORL,SG,69.0,50.0,2029.0,354.0,761.0,0.465,69.0,204.0,0.338,285.0,557.0,0.512,0.511,185.0,241.0,0.768,61.0,178.0,239.0,171.0,58.0,16.0,146.0,175.0,962.0,0.0,,2018,2017-18
87.0,Brook Lopez,29.0,LAL,C,74.0,72.0,1735.0,369.0,793.0,0.465,112.0,325.0,0.345,257.0,468.0,0.549,0.536,111.0,158.0,0.703,74.0,220.0,294.0,126.0,30.0,98.0,98.0,195.0,961.0,0.0,,2018,2017-18
88.0,Serge Ibaka,28.0,TOR,PF,76.0,76.0,2093.0,379.0,784.0,0.483,107.0,297.0,0.36,272.0,487.0,0.559,0.552,94.0,118.0,0.797,78.0,400.0,478.0,62.0,29.0,99.0,90.0,209.0,959.0,0.0,,2018,2017-18
89.0,Thaddeus Young,29.0,IND,PF,81.0,81.0,2607.0,421.0,864.0,0.487,58.0,181.0,0.32,363.0,683.0,0.531,0.521,55.0,92.0,0.598,184.0,328.0,512.0,152.0,135.0,36.0,105.0,175.0,955.0,0.0,,2018,2017-18
90.0,Kelly Oubre Jr.,22.0,WAS,SF,81.0,11.0,2231.0,318.0,790.0,0.403,126.0,369.0,0.341,192.0,421.0,0.456,0.482,191.0,233.0,0.82,59.0,304.0,363.0,98.0,80.0,35.0,90.0,234.0,953.0,0.0,,2018,2017-18
91.0,Brandon Ingram,20.0,LAL,SF,59.0,59.0,1975.0,358.0,761.0,0.47,41.0,105.0,0.39,317.0,656.0,0.483,0.497,192.0,282.0,0.681,57.0,257.0,314.0,230.0,45.0,43.0,149.0,163.0,949.0,0.0,,2018,2017-18
92.0,Rondae Hollis-Jefferson,23.0,BRK,SF,68.0,59.0,1920.0,342.0,724.0,0.472,13.0,54.0,0.241,329.0,670.0,0.491,0.481,249.0,316.0,0.788,101.0,358.0,459.0,167.0,65.0,48.0,121.0,145.0,946.0,0.0,,2018,2017-18
93.0,Derrick Favors,26.0,UTA,C,77.0,77.0,2153.0,395.0,702.0,0.563,14.0,63.0,0.222,381.0,639.0,0.596,0.573,140.0,215.0,0.651,198.0,354.0,552.0,102.0,54.0,82.0,88.0,164.0,944.0,0.0,,2018,2017-18
94.0,Joe Ingles,30.0,UTA,SF,82.0,81.0,2578.0,335.0,718.0,0.467,204.0,464.0,0.44,131.0,254.0,0.516,0.609,66.0,83.0,0.795,24.0,320.0,344.0,392.0,90.0,20.0,159.0,178.0,940.0,0.0,,2018,2017-18
95.0,Nikola Vučević,27.0,ORL,C,57.0,57.0,1683.0,399.0,840.0,0.475,64.0,204.0,0.314,335.0,636.0,0.527,0.513,77.0,94.0,0.819,101.0,422.0,523.0,191.0,56.0,62.0,109.0,144.0,939.0,1.0,,2018,2017-18
96.0,Willie Cauley-Stein,24.0,SAC,C,73.0,57.0,2044.0,388.0,773.0,0.502,3.0,12.0,0.25,385.0,761.0,0.506,0.504,153.0,247.0,0.619,131.0,379.0,510.0,172.0,77.0,67.0,109.0,185.0,932.0,0.0,,2018,2017-18
97.0,Al Horford,31.0,BOS,C,72.0,72.0,2277.0,368.0,753.0,0.489,97.0,226.0,0.429,271.0,527.0,0.514,0.553,94.0,120.0,0.783,103.0,427.0,530.0,339.0,43.0,78.0,132.0,138.0,927.0,0.0,"DPOY-5,AS,DEF2",2018,2017-18
98.0,DeAndre Jordan,29.0,LAC,C,77.0,77.0,2424.0,373.0,578.0,0.645,0.0,0.0,,373.0,578.0,0.645,0.645,181.0,312.0,0.58,329.0,842.0,1171.0,117.0,39.0,71.0,137.0,203.0,927.0,0.0,,2018,2017-18
99.0,Dirk Nowitzki,39.0,DAL,C,77.0,77.0,1900.0,346.0,758.0,0.456,138.0,337.0,0.409,208.0,421.0,0.494,0.547,97.0,108.0,0.898,22.0,416.0,438.0,120.0,43.0,45.0,51.0,146.0,927.0,0.0,,2018,2017-18
100.0,Austin Rivers,25.0,LAC,SG,61.0,59.0,2057.0,341.0,805.0,0.424,136.0,360.0,0.378,205.0,445.0,0.461,0.508,102.0,159.0,0.642,27.0,118.0,145.0,242.0,74.0,16.0,109.0,152.0,920.0,0.0,,2018,2017-18
101.0,Bogdan Bogdanović,25.0,SAC,SG,78.0,52.0,2175.0,344.0,772.0,0.446,129.0,329.0,0.392,215.0,443.0,0.485,0.529,100.0,119.0,0.84,31.0,192.0,223.0,258.0,72.0,16.0,125.0,172.0,917.0,0.0,,2018,2017-18
102.0,Courtney Lee,32.0,NYK,SG,76.0,69.0,2310.0,343.0,755.0,0.454,113.0,278.0,0.406,230.0,477.0,0.482,0.529,114.0,124.0,0.919,30.0,194.0,224.0,180.0,80.0,17.0,84.0,109.0,913.0,0.0,,2018,2017-18
103.0,Terry Rozier,23.0,BOS,PG,80.0,16.0,2068.0,316.0,800.0,0.395,153.0,402.0,0.381,163.0,398.0,0.41,0.491,115.0,149.0,0.772,63.0,313.0,376.0,232.0,80.0,19.0,80.0,123.0,900.0,1.0,6MOY-10,2018,2017-18
104.0,Dillon Brooks,22.0,MEM,SF,82.0,74.0,2350.0,340.0,772.0,0.44,94.0,264.0,0.356,246.0,508.0,0.484,0.501,124.0,166.0,0.747,49.0,208.0,257.0,135.0,73.0,17.0,124.0,233.0,898.0,0.0,,2018,2017-18
105.0,Ish Smith,29.0,DET,PG,82.0,35.0,2043.0,389.0,801.0,0.486,35.0,101.0,0.347,354.0,700.0,0.506,0.507,81.0,116.0,0.698,27.0,197.0,224.0,360.0,64.0,20.0,108.0,140.0,894.0,0.0,,2018,2017-18
106.0,Rodney Hood,25.0,2TM,SG,60.0,23.0,1616.0,322.0,751.0,0.429,127.0,333.0,0.381,195.0,418.0,0.467,0.513,111.0,129.0,0.86,22.0,143.0,165.0,95.0,45.0,12.0,70.0,105.0,882.0,0.0,6MOY-12,2018,2017-18
106.0,Rodney Hood,25.0,UTA,SG,39.0,12.0,1084.0,234.0,552.0,0.424,102.0,262.0,0.389,132.0,290.0,0.455,0.516,85.0,97.0,0.876,14.0,97.0,111.0,65.0,30.0,7.0,63.0,64.0,655.0,0.0,,2018,2017-18
106.0,Rodney Hood,25.0,CLE,SG,21.0,11.0,532.0,88.0,199.0,0.442,25.0,71.0,0.352,63.0,128.0,0.492,0.505,26.0,32.0,0.813,8.0,46.0,54.0,30.0,15.0,5.0,7.0,41.0,227.0,0.0,,2018,2017-18
107.0,Justin Holiday,28.0,CHI,SG,72.0,72.0,2265.0,290.0,782.0,0.371,161.0,449.0,0.359,129.0,333.0,0.387,0.474,135.0,164.0,0.823,31.0,260.0,291.0,153.0,80.0,31.0,93.0,134.0,876.0,0.0,,2018,2017-18
108.0,Frank Kaminsky,24.0,CHO,PF,79.0,4.0,1835.0,307.0,716.0,0.429,104.0,274.0,0.38,203.0,442.0,0.459,0.501,155.0,194.0,0.799,46.0,242.0,288.0,129.0,36.0,19.0,66.0,95.0,873.0,0.0,,2018,2017-18
109.0,Kelly Olynyk,26.0,MIA,PF,76.0,22.0,1779.0,316.0,636.0,0.497,106.0,280.0,0.379,210.0,356.0,0.59,0.58,134.0,174.0,0.77,89.0,342.0,431.0,207.0,62.0,35.0,147.0,222.0,872.0,0.0,6MOY-6,2018,2017-18
110.0,Wayne Ellington,30.0,MIA,SG,77.0,2.0,2041.0,285.0,700.0,0.407,227.0,579.0,0.392,58.0,121.0,0.479,0.569,67.0,78.0,0.859,23.0,195.0,218.0,79.0,53.0,8.0,52.0,94.0,864.0,0.0,6MOY-5,2018,2017-18
111.0,Domantas Sabonis,21.0,IND,C,74.0,19.0,1810.0,340.0,661.0,0.514,13.0,37.0,0.351,327.0,624.0,0.524,0.524,168.0,224.0,0.75,165.0,407.0,572.0,151.0,40.0,32.0,137.0,220.0,861.0,0.0,,2018,2017-18
112.0,Nikola Mirotić,26.0,2TM,PF,55.0,14.0,1494.0,306.0,684.0,0.447,135.0,358.0,0.377,171.0,326.0,0.525,0.546,112.0,137.0,0.818,59.0,346.0,405.0,80.0,44.0,39.0,62.0,108.0,859.0,0.0,6MOY-7,2018,2017-18
112.0,Nikola Mirotić,26.0,CHI,PF,25.0,3.0,622.0,143.0,302.0,0.474,69.0,161.0,0.429,74.0,141.0,0.525,0.588,65.0,79.0,0.823,18.0,141.0,159.0,39.0,15.0,13.0,31.0,45.0,420.0,0.0,,2018,2017-18
112.0,Nikola Mirotić,26.0,NOP,PF,30.0,11.0,872.0,163.0,382.0,0.427,66.0,197.0,0.335,97.0,185.0,0.524,0.513,47.0,58.0,0.81,41.0,205.0,246.0,41.0,29.0,26.0,31.0,63.0,439.0,0.0,,2018,2017-18
113.0,Caris LeVert,23.0,BRK,SF,71.0,10.0,1864.0,320.0,735.0,0.435,85.0,245.0,0.347,235.0,490.0,0.48,0.493,133.0,187.0,0.711,53.0,207.0,260.0,299.0,82.0,22.0,153.0,159.0,858.0,0.0,,2018,2017-18
114.0,Zach Randolph,36.0,SAC,PF,59.0,58.0,1508.0,361.0,763.0,0.473,51.0,147.0,0.347,310.0,616.0,0.503,0.507,84.0,107.0,0.785,97.0,300.0,397.0,127.0,42.0,10.0,116.0,119.0,857.0,0.0,,2018,2017-18
115.0,Darren Collison,30.0,IND,PG,69.0,64.0,2018.0,316.0,638.0,0.495,96.0,205.0,0.468,220.0,433.0,0.508,0.571,127.0,144.0,0.882,37.0,141.0,178.0,368.0,92.0,15.0,86.0,122.0,855.0,0.0,,2018,2017-18
116.0,Jeff Green,31.0,CLE,PF,78.0,14.0,1828.0,295.0,618.0,0.477,53.0,170.0,0.312,242.0,448.0,0.54,0.52,203.0,234.0,0.868,60.0,186.0,246.0,99.0,41.0,34.0,75.0,149.0,846.0,0.0,,2018,2017-18
117.0,Joe Harris,26.0,BRK,SG,78.0,14.0,1975.0,305.0,621.0,0.491,150.0,358.0,0.419,155.0,263.0,0.589,0.612,86.0,104.0,0.827,51.0,209.0,260.0,128.0,35.0,20.0,91.0,153.0,846.0,0.0,,2018,2017-18
118.0,De'Aaron Fox,20.0,SAC,PG,73.0,61.0,2026.0,328.0,797.0,0.412,47.0,153.0,0.307,281.0,644.0,0.436,0.441,141.0,195.0,0.723,33.0,171.0,204.0,320.0,70.0,20.0,173.0,163.0,844.0,0.0,,2018,2017-18
119.0,Tyler Johnson,25.0,MIA,PG,72.0,39.0,2052.0,309.0,711.0,0.435,119.0,324.0,0.367,190.0,387.0,0.491,0.518,106.0,129.0,0.822,34.0,214.0,248.0,165.0,60.0,34.0,81.0,148.0,843.0,0.0,,2018,2017-18
120.0,Markieff Morris,28.0,WAS,PF,73.0,73.0,1968.0,330.0,687.0,0.48,76.0,207.0,0.367,254.0,480.0,0.529,0.536,105.0,128.0,0.82,75.0,334.0,409.0,142.0,56.0,38.0,127.0,216.0,841.0,0.0,,2018,2017-18
121.0,Yogi Ferrell,24.0,DAL,SG,82.0,21.0,2282.0,311.0,730.0,0.426,134.0,359.0,0.373,177.0,371.0,0.477,0.518,82.0,103.0,0.796,26.0,223.0,249.0,201.0,64.0,9.0,78.0,153.0,838.0,0.0,,2018,2017-18
122.0,Kent Bazemore,28.0,ATL,SG,65.0,65.0,1789.0,284.0,676.0,0.42,108.0,274.0,0.394,176.0,402.0,0.438,0.5,160.0,201.0,0.796,25.0,223.0,248.0,228.0,100.0,45.0,157.0,147.0,836.0,0.0,,2018,2017-18
123.0,Montrezl Harrell,24.0,LAC,C,76.0,3.0,1293.0,348.0,548.0,0.635,1.0,7.0,0.143,347.0,541.0,0.641,0.636,139.0,222.0,0.626,103.0,203.0,306.0,74.0,36.0,52.0,68.0,143.0,836.0,0.0,,2018,2017-18
124.0,Myles Turner,21.0,IND,C,65.0,62.0,1836.0,306.0,639.0,0.479,56.0,157.0,0.357,250.0,482.0,0.519,0.523,160.0,206.0,0.777,93.0,324.0,417.0,87.0,38.0,118.0,96.0,186.0,828.0,0.0,,2018,2017-18
125.0,Jamal Crawford,37.0,MIN,SG,80.0,0.0,1653.0,308.0,742.0,0.415,104.0,314.0,0.331,204.0,428.0,0.477,0.485,102.0,113.0,0.903,21.0,78.0,99.0,185.0,40.0,9.0,95.0,85.0,822.0,0.0,,2018,2017-18
126.0,Patty Mills,29.0,SAS,PG,82.0,36.0,2107.0,280.0,682.0,0.411,154.0,414.0,0.372,126.0,268.0,0.47,0.523,105.0,118.0,0.89,26.0,128.0,154.0,229.0,55.0,11.0,106.0,128.0,819.0,0.0,,2018,2017-18
127.0,Wesley Matthews,31.0,DAL,SF,63.0,63.0,2131.0,283.0,697.0,0.406,153.0,402.0,0.381,130.0,295.0,0.441,0.516,83.0,101.0,0.822,28.0,170.0,198.0,172.0,76.0,16.0,83.0,140.0,802.0,0.0,,2018,2017-18
128.0,J.J. Barea,33.0,DAL,PG,69.0,11.0,1603.0,303.0,690.0,0.439,115.0,313.0,0.367,188.0,377.0,0.499,0.522,80.0,102.0,0.784,15.0,186.0,201.0,434.0,35.0,3.0,143.0,83.0,801.0,0.0,6MOY-12,2018,2017-18
129.0,John Wall,27.0,WAS,PG,41.0,41.0,1410.0,280.0,667.0,0.42,62.0,167.0,0.371,218.0,500.0,0.436,0.466,175.0,241.0,0.726,22.0,128.0,150.0,393.0,57.0,45.0,158.0,80.0,797.0,0.0,AS,2018,2017-18
130.0,Elfrid Payton,23.0,2TM,PG,63.0,63.0,1808.0,329.0,667.0,0.493,30.0,92.0,0.326,299.0,575.0,0.52,0.516,109.0,168.0,0.649,64.0,210.0,274.0,393.0,83.0,22.0,168.0,147.0,797.0,2.0,,2018,2017-18
130.0,Elfrid Payton,23.0,ORL,PG,44.0,44.0,1257.0,238.0,458.0,0.52,25.0,67.0,0.373,213.0,391.0,0.545,0.547,72.0,114.0,0.632,47.0,127.0,174.0,275.0,64.0,16.0,114.0,97.0,573.0,0.0,,2018,2017-18
130.0,Elfrid Payton,23.0,PHO,PG,19.0,19.0,551.0,91.0,209.0,0.435,5.0,25.0,0.2,86.0,184.0,0.467,0.447,37.0,54.0,0.685,17.0,83.0,100.0,118.0,19.0,6.0,54.0,50.0,224.0,2.0,,2018,2017-18
131.0,James Johnson,30.0,MIA,PF,73.0,41.0,1943.0,309.0,614.0,0.503,57.0,185.0,0.308,252.0,429.0,0.587,0.55,113.0,162.0,0.698,61.0,297.0,358.0,280.0,70.0,51.0,141.0,192.0,788.0,0.0,,2018,2017-18
132.0,Denzel Valentine,24.0,CHI,SG,77.0,37.0,2095.0,301.0,721.0,0.417,143.0,370.0,0.386,158.0,351.0,0.45,0.517,38.0,51.0,0.745,48.0,345.0,393.0,244.0,65.0,11.0,99.0,185.0,783.0,0.0,,2018,2017-18
133.0,Trevor Ariza,32.0,HOU,SF,67.0,67.0,2269.0,268.0,651.0,0.412,170.0,462.0,0.368,98.0,189.0,0.519,0.542,76.0,89.0,0.854,33.0,261.0,294.0,105.0,98.0,13.0,52.0,132.0,782.0,0.0,,2018,2017-18
134.0,John Collins,20.0,ATL,PF,74.0,26.0,1785.0,314.0,545.0,0.576,16.0,47.0,0.34,298.0,498.0,0.598,0.591,133.0,186.0,0.715,176.0,365.0,541.0,98.0,47.0,80.0,105.0,215.0,777.0,0.0,,2018,2017-18
135.0,Pau Gasol,37.0,SAS,C,77.0,63.0,1812.0,287.0,627.0,0.458,43.0,120.0,0.358,244.0,507.0,0.481,0.492,158.0,209.0,0.756,129.0,490.0,619.0,238.0,24.0,79.0,108.0,121.0,775.0,1.0,,2018,2017-18
136.0,Draymond Green,27.0,GSW,PF,70.0,70.0,2287.0,281.0,619.0,0.454,77.0,256.0,0.301,204.0,363.0,0.562,0.516,134.0,173.0,0.775,75.0,460.0,535.0,508.0,95.0,91.0,202.0,185.0,773.0,3.0,"DPOY-6,AS,DEF2",2018,2017-18
137.0,Jae Crowder,27.0,2TM,SF,80.0,47.0,2090.0,271.0,671.0,0.404,110.0,341.0,0.323,161.0,330.0,0.488,0.486,121.0,148.0,0.818,59.0,216.0,275.0,99.0,64.0,21.0,74.0,187.0,773.0,0.0,,2018,2017-18
137.0,Jae Crowder,27.0,CLE,SF,53.0,47.0,1346.0,157.0,376.0,0.418,62.0,189.0,0.328,95.0,187.0,0.508,0.5,78.0,92.0,0.848,41.0,132.0,173.0,58.0,41.0,12.0,42.0,124.0,454.0,0.0,,2018,2017-18
137.0,Jae Crowder,27.0,UTA,SF,27.0,0.0,744.0,114.0,295.0,0.386,48.0,152.0,0.316,66.0,143.0,0.462,0.468,43.0,56.0,0.768,18.0,84.0,102.0,41.0,23.0,9.0,32.0,63.0,319.0,0.0,,2018,2017-18
138.0,D.J. Augustin,30.0,ORL,PG,75.0,36.0,1760.0,244.0,540.0,0.452,114.0,272.0,0.419,130.0,268.0,0.485,0.557,164.0,189.0,0.868,30.0,130.0,160.0,287.0,54.0,0.0,123.0,94.0,766.0,0.0,,2018,2017-18
139.0,Dwyane Wade,36.0,2TM,SG,67.0,3.0,1536.0,299.0,682.0,0.438,32.0,111.0,0.288,267.0,571.0,0.468,0.462,135.0,189.0,0.714,50.0,202.0,252.0,228.0,61.0,47.0,140.0,124.0,765.0,0.0,6MOY-10,2018,2017-18
139.0,Dwyane Wade,36.0,CLE,SG,46.0,3.0,1069.0,198.0,435.0,0.455,23.0,70.0,0.329,175.0,365.0,0.479,0.482,94.0,134.0,0.701,39.0,142.0,181.0,163.0,42.0,32.0,92.0,84.0,513.0,0.0,,2018,2017-18
139.0,Dwyane Wade,36.0,MIA,SG,21.0,0.0,467.0,101.0,247.0,0.409,9.0,41.0,0.22,92.0,206.0,0.447,0.427,41.0,55.0,0.745,11.0,60.0,71.0,65.0,19.0,15.0,48.0,40.0,252.0,0.0,,2018,2017-18
140.0,Lance Stephenson,27.0,IND,SG,82.0,7.0,1850.0,303.0,709.0,0.427,67.0,232.0,0.289,236.0,477.0,0.495,0.475,84.0,127.0,0.661,62.0,362.0,424.0,235.0,46.0,17.0,131.0,177.0,757.0,0.0,,2018,2017-18
141.0,Rudy Gobert,25.0,UTA,C,56.0,56.0,1816.0,276.0,444.0,0.622,0.0,0.0,,276.0,444.0,0.622,0.622,204.0,299.0,0.682,165.0,436.0,601.0,80.0,44.0,129.0,107.0,153.0,756.0,0.0,"DPOY-1,DEF1",2018,2017-18
142.0,Robin Lopez,29.0,CHI,C,64.0,64.0,1690.0,342.0,645.0,0.53,4.0,14.0,0.286,338.0,631.0,0.536,0.533,68.0,90.0,0.756,134.0,156.0,290.0,124.0,14.0,53.0,107.0,109.0,756.0,0.0,,2018,2017-18
143.0,Hassan Whiteside,28.0,MIA,C,54.0,54.0,1364.0,312.0,578.0,0.54,2.0,2.0,1.0,310.0,576.0,0.538,0.542,128.0,182.0,0.703,174.0,444.0,618.0,54.0,37.0,94.0,92.0,131.0,754.0,0.0,,2018,2017-18
144.0,Ersan İlyasova,30.0,2TM,PF,69.0,43.0,1729.0,277.0,613.0,0.452,91.0,253.0,0.36,186.0,360.0,0.517,0.526,105.0,135.0,0.778,118.0,287.0,405.0,90.0,61.0,26.0,72.0,157.0,750.0,0.0,,2018,2017-18
144.0,Ersan İlyasova,30.0,ATL,PF,46.0,40.0,1175.0,184.0,401.0,0.459,61.0,170.0,0.359,123.0,231.0,0.532,0.535,72.0,90.0,0.8,74.0,177.0,251.0,51.0,44.0,17.0,43.0,92.0,501.0,0.0,,2018,2017-18
144.0,Ersan İlyasova,30.0,PHI,PF,23.0,3.0,554.0,93.0,212.0,0.439,30.0,83.0,0.361,63.0,129.0,0.488,0.509,33.0,45.0,0.733,44.0,110.0,154.0,39.0,17.0,9.0,29.0,65.0,249.0,0.0,,2018,2017-18
145.0,Marvin Williams,31.0,CHO,PF,78.0,78.0,2006.0,258.0,563.0,0.458,126.0,305.0,0.413,132.0,258.0,0.512,0.57,102.0,123.0,0.829,74.0,296.0,370.0,96.0,56.0,38.0,66.0,116.0,744.0,0.0,,2018,2017-18
146.0,D'Angelo Russell,21.0,BRK,PG,48.0,35.0,1234.0,278.0,672.0,0.414,90.0,278.0,0.324,188.0,394.0,0.477,0.481,97.0,131.0,0.74,30.0,159.0,189.0,249.0,36.0,17.0,147.0,93.0,743.0,1.0,,2018,2017-18
147.0,Nicolas Batum,29.0,CHO,SG,64.0,64.0,1981.0,270.0,650.0,0.415,92.0,274.0,0.336,178.0,376.0,0.473,0.486,108.0,130.0,0.831,57.0,249.0,306.0,349.0,65.0,23.0,131.0,72.0,740.0,2.0,,2018,2017-18
148.0,Wilson Chandler,30.0,DEN,SF,74.0,71.0,2346.0,281.0,631.0,0.445,88.0,246.0,0.358,193.0,385.0,0.501,0.515,88.0,114.0,0.772,102.0,296.0,398.0,159.0,43.0,39.0,92.0,156.0,738.0,0.0,,2018,2017-18
149.0,Marcus Morris,28.0,BOS,PF,54.0,21.0,1442.0,262.0,611.0,0.429,86.0,234.0,0.368,176.0,377.0,0.467,0.499,124.0,154.0,0.805,43.0,246.0,289.0,72.0,35.0,12.0,65.0,100.0,734.0,0.0,,2018,2017-18
150.0,Trey Lyles,22.0,DEN,PF,73.0,2.0,1391.0,270.0,550.0,0.491,83.0,218.0,0.381,187.0,332.0,0.563,0.566,101.0,143.0,0.706,55.0,292.0,347.0,91.0,30.0,34.0,61.0,111.0,724.0,0.0,,2018,2017-18
151.0,Mario Hezonja,22.0,ORL,SF,75.0,30.0,1657.0,273.0,617.0,0.442,90.0,267.0,0.337,183.0,350.0,0.523,0.515,86.0,105.0,0.819,41.0,240.0,281.0,106.0,81.0,31.0,86.0,134.0,722.0,0.0,,2018,2017-18
152.0,Troy Daniels,26.0,PHO,SG,79.0,15.0,1622.0,232.0,575.0,0.403,183.0,458.0,0.4,49.0,117.0,0.419,0.563,56.0,64.0,0.875,12.0,115.0,127.0,48.0,26.0,5.0,56.0,137.0,703.0,0.0,,2018,2017-18
153.0,Anthony Tolliver,32.0,DET,PF,79.0,14.0,1757.0,219.0,472.0,0.464,159.0,365.0,0.436,60.0,107.0,0.561,0.632,106.0,133.0,0.797,50.0,191.0,241.0,90.0,32.0,21.0,58.0,144.0,703.0,0.0,,2018,2017-18
154.0,Kris Dunn,23.0,CHI,PG,52.0,43.0,1525.0,286.0,666.0,0.429,43.0,134.0,0.321,243.0,532.0,0.457,0.462,84.0,114.0,0.737,24.0,197.0,221.0,310.0,104.0,27.0,150.0,174.0,699.0,0.0,,2018,2017-18
155.0,C.J. Miles,30.0,TOR,SF,70.0,3.0,1337.0,227.0,599.0,0.379,164.0,454.0,0.361,63.0,145.0,0.434,0.516,81.0,97.0,0.835,18.0,134.0,152.0,55.0,37.0,21.0,39.0,134.0,699.0,0.0,,2018,2017-18
156.0,Reggie Bullock,26.0,DET,SF,62.0,52.0,1732.0,267.0,546.0,0.489,125.0,281.0,0.445,142.0,265.0,0.536,0.603,39.0,49.0,0.796,27.0,127.0,154.0,95.0,47.0,13.0,47.0,70.0,698.0,0.0,,2018,2017-18
157.0,Marcin Gortat,33.0,WAS,C,82.0,82.0,2075.0,290.0,560.0,0.518,0.0,0.0,,290.0,560.0,0.518,0.518,110.0,163.0,0.675,181.0,442.0,623.0,151.0,40.0,61.0,99.0,175.0,690.0,0.0,,2018,2017-18
158.0,Jerami Grant,23.0,OKC,PF,81.0,1.0,1647.0,244.0,456.0,0.535,32.0,110.0,0.291,212.0,346.0,0.613,0.57,162.0,240.0,0.675,86.0,233.0,319.0,57.0,31.0,77.0,54.0,155.0,682.0,0.0,,2018,2017-18
159.0,Michael Kidd-Gilchrist,24.0,CHO,SF,74.0,74.0,1850.0,282.0,560.0,0.504,0.0,2.0,0.0,282.0,558.0,0.505,0.504,117.0,171.0,0.684,84.0,218.0,302.0,71.0,51.0,32.0,53.0,143.0,681.0,0.0,,2018,2017-18
160.0,Kyle Korver,36.0,CLE,SG,73.0,4.0,1574.0,222.0,484.0,0.459,164.0,376.0,0.436,58.0,108.0,0.537,0.628,64.0,72.0,0.889,9.0,156.0,165.0,88.0,31.0,27.0,55.0,130.0,672.0,0.0,,2018,2017-18
161.0,Dwight Powell,26.0,DAL,C,79.0,24.0,1672.0,255.0,430.0,0.593,28.0,84.0,0.333,227.0,346.0,0.656,0.626,133.0,185.0,0.719,135.0,309.0,444.0,91.0,67.0,32.0,59.0,186.0,671.0,0.0,,2018,2017-18
162.0,Mike Scott,29.0,WAS,PF,76.0,1.0,1406.0,276.0,524.0,0.527,66.0,163.0,0.405,210.0,361.0,0.582,0.59,50.0,76.0,0.658,50.0,197.0,247.0,80.0,23.0,10.0,79.0,148.0,668.0,0.0,,2018,2017-18
163.0,George Hill,31.0,2TM,PG,67.0,60.0,1812.0,236.0,513.0,0.46,85.0,205.0,0.415,151.0,308.0,0.49,0.543,110.0,140.0,0.786,42.0,139.0,181.0,186.0,61.0,27.0,88.0,128.0,667.0,0.0,,2018,2017-18
163.0,George Hill,31.0,SAC,PG,43.0,36.0,1143.0,153.0,326.0,0.469,58.0,128.0,0.453,95.0,198.0,0.48,0.558,77.0,99.0,0.778,22.0,95.0,117.0,119.0,39.0,12.0,60.0,75.0,441.0,0.0,,2018,2017-18
163.0,George Hill,31.0,CLE,PG,24.0,24.0,669.0,83.0,187.0,0.444,27.0,77.0,0.351,56.0,110.0,0.509,0.516,33.0,41.0,0.805,20.0,44.0,64.0,67.0,22.0,15.0,28.0,53.0,226.0,0.0,,2018,2017-18
164.0,John Henson,27.0,MIL,C,76.0,69.0,1970.0,287.0,502.0,0.572,1.0,7.0,0.143,286.0,495.0,0.578,0.573,90.0,158.0,0.57,150.0,363.0,513.0,114.0,45.0,109.0,84.0,202.0,665.0,0.0,,2018,2017-18
165.0,J.R. Smith,32.0,CLE,SG,80.0,61.0,2244.0,240.0,595.0,0.403,143.0,381.0,0.375,97.0,214.0,0.453,0.524,39.0,56.0,0.696,29.0,206.0,235.0,141.0,68.0,11.0,81.0,161.0,662.0,0.0,,2018,2017-18
166.0,Reggie Jackson,27.0,DET,PG,45.0,45.0,1201.0,246.0,577.0,0.426,52.0,169.0,0.308,194.0,408.0,0.475,0.471,112.0,134.0,0.836,29.0,96.0,125.0,238.0,27.0,4.0,99.0,87.0,656.0,0.0,,2018,2017-18
167.0,Fred VanVleet,23.0,TOR,PG,76.0,0.0,1520.0,232.0,545.0,0.426,108.0,261.0,0.414,124.0,284.0,0.437,0.525,84.0,101.0,0.832,25.0,159.0,184.0,243.0,68.0,19.0,74.0,130.0,656.0,0.0,6MOY-3,2018,2017-18
168.0,Avery Bradley,27.0,2TM,SG,46.0,46.0,1433.0,259.0,625.0,0.414,75.0,203.0,0.369,184.0,422.0,0.436,0.474,63.0,82.0,0.768,22.0,94.0,116.0,94.0,51.0,8.0,101.0,92.0,656.0,0.0,,2018,2017-18
168.0,Avery Bradley,27.0,DET,SG,40.0,40.0,1268.0,233.0,570.0,0.409,74.0,194.0,0.381,159.0,376.0,0.423,0.474,61.0,80.0,0.763,19.0,75.0,94.0,83.0,46.0,7.0,93.0,80.0,601.0,0.0,,2018,2017-18
168.0,Avery Bradley,27.0,LAC,SG,6.0,6.0,165.0,26.0,55.0,0.473,1.0,9.0,0.111,25.0,46.0,0.543,0.482,2.0,2.0,1.0,3.0,19.0,22.0,11.0,5.0,1.0,8.0,12.0,55.0,0.0,,2018,2017-18
169.0,Rudy Gay,31.0,SAS,PF,57.0,6.0,1231.0,253.0,537.0,0.471,37.0,118.0,0.314,216.0,419.0,0.516,0.506,112.0,145.0,0.772,76.0,215.0,291.0,73.0,46.0,38.0,78.0,98.0,655.0,0.0,,2018,2017-18
170.0,Dejounte Murray,21.0,SAS,PG,81.0,48.0,1743.0,270.0,609.0,0.443,9.0,34.0,0.265,261.0,575.0,0.454,0.451,105.0,148.0,0.709,110.0,349.0,459.0,231.0,97.0,31.0,134.0,151.0,654.0,0.0,DEF2,2018,2017-18
171.0,Cory Joseph,26.0,IND,PG,82.0,17.0,2210.0,256.0,604.0,0.424,67.0,190.0,0.353,189.0,414.0,0.457,0.479,70.0,94.0,0.745,39.0,224.0,263.0,260.0,80.0,18.0,87.0,141.0,649.0,0.0,,2018,2017-18
172.0,Evan Turner,29.0,POR,SF,79.0,40.0,2034.0,258.0,577.0,0.447,42.0,132.0,0.318,216.0,445.0,0.485,0.484,91.0,107.0,0.85,30.0,214.0,244.0,173.0,47.0,29.0,99.0,163.0,649.0,0.0,,2018,2017-18
173.0,Al-Farouq Aminu,27.0,POR,PF,69.0,67.0,2072.0,230.0,582.0,0.395,125.0,339.0,0.369,105.0,243.0,0.432,0.503,59.0,80.0,0.738,97.0,428.0,525.0,84.0,79.0,40.0,79.0,136.0,644.0,0.0,,2018,2017-18
174.0,Shabazz Napier,26.0,POR,PG,74.0,9.0,1535.0,223.0,531.0,0.42,82.0,218.0,0.376,141.0,313.0,0.45,0.497,116.0,138.0,0.841,26.0,144.0,170.0,150.0,81.0,14.0,90.0,84.0,644.0,0.0,,2018,2017-18
175.0,Darius Miller,27.0,NOP,SF,82.0,3.0,1944.0,216.0,487.0,0.444,147.0,358.0,0.411,69.0,129.0,0.535,0.594,58.0,67.0,0.866,18.0,146.0,164.0,111.0,28.0,17.0,58.0,160.0,637.0,0.0,,2018,2017-18
176.0,Doug McDermott,26.0,2TM,SF,81.0,4.0,1768.0,237.0,508.0,0.467,92.0,216.0,0.426,145.0,292.0,0.497,0.557,64.0,81.0,0.79,40.0,160.0,200.0,79.0,19.0,16.0,56.0,122.0,630.0,0.0,,2018,2017-18
176.0,Doug McDermott,26.0,NYK,SF,55.0,1.0,1172.0,151.0,328.0,0.46,53.0,137.0,0.387,98.0,191.0,0.513,0.541,40.0,53.0,0.755,33.0,101.0,134.0,50.0,10.0,12.0,34.0,73.0,395.0,0.0,,2018,2017-18
176.0,Doug McDermott,26.0,DAL,SF,26.0,3.0,596.0,86.0,180.0,0.478,39.0,79.0,0.494,47.0,101.0,0.465,0.586,24.0,28.0,0.857,7.0,59.0,66.0,29.0,9.0,4.0,22.0,49.0,235.0,0.0,,2018,2017-18
177.0,Malcolm Brogdon,25.0,MIL,PG,48.0,20.0,1436.0,244.0,503.0,0.485,62.0,161.0,0.385,182.0,342.0,0.532,0.547,75.0,85.0,0.882,23.0,133.0,156.0,152.0,41.0,13.0,66.0,128.0,625.0,0.0,,2018,2017-18
178.0,Jerian Grant,25.0,CHI,PG,74.0,26.0,1686.0,209.0,503.0,0.416,61.0,187.0,0.326,148.0,316.0,0.468,0.476,140.0,188.0,0.745,31.0,141.0,172.0,342.0,63.0,8.0,89.0,132.0,619.0,0.0,,2018,2017-18
179.0,Ryan Anderson,29.0,HOU,PF,66.0,50.0,1725.0,207.0,480.0,0.431,131.0,339.0,0.386,76.0,141.0,0.539,0.568,72.0,93.0,0.774,94.0,237.0,331.0,60.0,24.0,21.0,42.0,126.0,617.0,0.0,,2018,2017-18
180.0,Dewayne Dedmon,28.0,ATL,C,62.0,46.0,1542.0,250.0,477.0,0.524,50.0,141.0,0.355,200.0,336.0,0.595,0.577,67.0,86.0,0.779,100.0,389.0,489.0,90.0,40.0,51.0,86.0,162.0,617.0,0.0,,2018,2017-18
181.0,Danny Green,30.0,SAS,SG,70.0,60.0,1791.0,217.0,561.0,0.387,116.0,320.0,0.363,101.0,241.0,0.419,0.49,50.0,65.0,0.769,41.0,208.0,249.0,110.0,63.0,80.0,74.0,122.0,600.0,0.0,,2018,2017-18
182.0,Stanley Johnson,21.0,DET,SF,69.0,50.0,1894.0,210.0,560.0,0.375,67.0,234.0,0.286,143.0,326.0,0.439,0.435,112.0,145.0,0.772,33.0,219.0,252.0,112.0,95.0,14.0,77.0,169.0,599.0,0.0,,2018,2017-18
183.0,Devin Harris,34.0,2TM,PG,71.0,1.0,1340.0,187.0,454.0,0.412,79.0,227.0,0.348,108.0,227.0,0.476,0.499,142.0,170.0,0.835,12.0,115.0,127.0,152.0,47.0,12.0,76.0,158.0,595.0,0.0,,2018,2017-18
183.0,Devin Harris,34.0,DAL,PG,44.0,1.0,807.0,118.0,284.0,0.415,44.0,125.0,0.352,74.0,159.0,0.465,0.493,93.0,112.0,0.83,9.0,76.0,85.0,85.0,33.0,8.0,49.0,103.0,373.0,0.0,,2018,2017-18
183.0,Devin Harris,34.0,DEN,PG,27.0,0.0,533.0,69.0,170.0,0.406,35.0,102.0,0.343,34.0,68.0,0.5,0.509,49.0,58.0,0.845,3.0,39.0,42.0,67.0,14.0,4.0,27.0,55.0,222.0,0.0,,2018,2017-18
184.0,Pascal Siakam,23.0,TOR,PF,81.0,5.0,1679.0,253.0,498.0,0.508,29.0,132.0,0.22,224.0,366.0,0.612,0.537,54.0,87.0,0.621,79.0,285.0,364.0,159.0,62.0,42.0,67.0,166.0,589.0,0.0,,2018,2017-18
185.0,Jarrett Allen,19.0,BRK,C,72.0,31.0,1441.0,234.0,397.0,0.589,5.0,15.0,0.333,229.0,382.0,0.599,0.596,114.0,147.0,0.776,144.0,244.0,388.0,49.0,28.0,88.0,82.0,147.0,587.0,0.0,,2018,2017-18
186.0,Alex Len,24.0,PHO,C,69.0,13.0,1395.0,214.0,378.0,0.566,1.0,3.0,0.333,213.0,375.0,0.568,0.567,158.0,231.0,0.684,175.0,343.0,518.0,82.0,27.0,61.0,78.0,158.0,587.0,0.0,,2018,2017-18
187.0,Kyle Anderson,24.0,SAS,SF,74.0,67.0,1978.0,231.0,438.0,0.527,19.0,57.0,0.333,212.0,381.0,0.556,0.549,104.0,146.0,0.712,84.0,312.0,396.0,202.0,115.0,60.0,94.0,114.0,585.0,0.0,,2018,2017-18
188.0,Nick Young,32.0,GSW,SG,80.0,8.0,1393.0,201.0,488.0,0.412,123.0,326.0,0.377,78.0,162.0,0.481,0.538,56.0,65.0,0.862,20.0,105.0,125.0,36.0,38.0,7.0,39.0,100.0,581.0,0.0,,2018,2017-18
189.0,Manu Ginóbili,40.0,SAS,SG,65.0,0.0,1299.0,201.0,463.0,0.434,64.0,192.0,0.333,137.0,271.0,0.506,0.503,110.0,131.0,0.84,19.0,123.0,142.0,163.0,43.0,16.0,105.0,126.0,576.0,0.0,,2018,2017-18
190.0,Larry Nance Jr.,25.0,2TM,C,66.0,26.0,1421.0,240.0,413.0,0.581,2.0,12.0,0.167,238.0,401.0,0.594,0.584,91.0,137.0,0.664,161.0,291.0,452.0,82.0,88.0,38.0,51.0,172.0,573.0,0.0,,2018,2017-18
190.0,Larry Nance Jr.,25.0,LAL,C,42.0,17.0,922.0,152.0,253.0,0.601,1.0,4.0,0.25,151.0,249.0,0.606,0.603,55.0,87.0,0.632,108.0,176.0,284.0,57.0,59.0,20.0,41.0,113.0,360.0,0.0,,2018,2017-18
190.0,Larry Nance Jr.,25.0,CLE,C,24.0,9.0,499.0,88.0,160.0,0.55,1.0,8.0,0.125,87.0,152.0,0.572,0.553,36.0,50.0,0.72,53.0,115.0,168.0,25.0,29.0,18.0,10.0,59.0,213.0,0.0,,2018,2017-18
191.0,JaMychal Green,27.0,MEM,PF,55.0,54.0,1542.0,223.0,488.0,0.457,43.0,127.0,0.339,180.0,361.0,0.499,0.501,80.0,111.0,0.721,147.0,317.0,464.0,79.0,32.0,25.0,76.0,153.0,569.0,0.0,,2018,2017-18
192.0,Jakob Poeltl,22.0,TOR,C,82.0,0.0,1524.0,253.0,384.0,0.659,1.0,2.0,0.5,252.0,382.0,0.66,0.66,60.0,101.0,0.594,165.0,228.0,393.0,57.0,39.0,100.0,85.0,212.0,567.0,0.0,6MOY-12,2018,2017-18
193.0,Raymond Felton,33.0,OKC,PG,82.0,2.0,1365.0,224.0,552.0,0.406,81.0,230.0,0.352,143.0,322.0,0.444,0.479,36.0,44.0,0.818,25.0,131.0,156.0,203.0,49.0,16.0,76.0,91.0,565.0,0.0,,2018,2017-18
194.0,Jarell Martin,23.0,MEM,PF,73.0,36.0,1661.0,221.0,496.0,0.446,34.0,98.0,0.347,187.0,398.0,0.47,0.48,89.0,116.0,0.767,97.0,221.0,318.0,73.0,39.0,49.0,86.0,211.0,565.0,0.0,,2018,2017-18
195.0,Luke Kennard,21.0,DET,SG,73.0,9.0,1463.0,206.0,465.0,0.443,81.0,195.0,0.415,125.0,270.0,0.463,0.53,65.0,76.0,0.855,21.0,155.0,176.0,124.0,44.0,13.0,69.0,86.0,558.0,0.0,,2018,2017-18
196.0,Marquese Chriss,20.0,PHO,PF,72.0,49.0,1527.0,202.0,477.0,0.423,56.0,190.0,0.295,146.0,287.0,0.509,0.482,96.0,158.0,0.608,76.0,319.0,395.0,83.0,51.0,70.0,107.0,205.0,556.0,0.0,,2018,2017-18
197.0,Bryn Forbes,24.0,SAS,SG,80.0,12.0,1517.0,209.0,497.0,0.421,89.0,228.0,0.39,120.0,269.0,0.446,0.51,48.0,72.0,0.667,12.0,98.0,110.0,80.0,28.0,2.0,37.0,108.0,555.0,0.0,,2018,2017-18
198.0,Paul Millsap,32.0,DEN,PF,38.0,37.0,1143.0,202.0,435.0,0.464,39.0,113.0,0.345,163.0,322.0,0.506,0.509,112.0,161.0,0.696,65.0,180.0,245.0,105.0,39.0,44.0,73.0,99.0,555.0,0.0,,2018,2017-18
199.0,David Nwaba,25.0,CHI,SG,70.0,21.0,1646.0,202.0,423.0,0.478,18.0,52.0,0.346,184.0,371.0,0.496,0.499,133.0,203.0,0.655,89.0,237.0,326.0,104.0,59.0,29.0,77.0,158.0,555.0,0.0,,2018,2017-18
200.0,Delon Wright,25.0,TOR,PG,69.0,4.0,1433.0,201.0,432.0,0.465,56.0,153.0,0.366,145.0,279.0,0.52,0.53,97.0,117.0,0.829,45.0,153.0,198.0,200.0,72.0,33.0,78.0,81.0,555.0,0.0,,2018,2017-18
201.0,Tyler Ulis,22.0,PHO,PG,71.0,43.0,1658.0,214.0,551.0,0.388,42.0,146.0,0.288,172.0,405.0,0.425,0.426,84.0,101.0,0.832,24.0,104.0,128.0,311.0,70.0,7.0,127.0,120.0,554.0,0.0,,2018,2017-18
202.0,Emmanuel Mudiay,21.0,2TM,PG,64.0,14.0,1245.0,204.0,526.0,0.388,47.0,148.0,0.318,157.0,378.0,0.415,0.433,98.0,129.0,0.76,26.0,126.0,152.0,206.0,41.0,11.0,113.0,80.0,553.0,0.0,,2018,2017-18
202.0,Emmanuel Mudiay,21.0,DEN,PG,42.0,0.0,752.0,129.0,322.0,0.401,38.0,102.0,0.373,91.0,220.0,0.414,0.46,63.0,78.0,0.808,16.0,78.0,94.0,121.0,21.0,4.0,72.0,47.0,359.0,0.0,,2018,2017-18
202.0,Emmanuel Mudiay,21.0,NYK,PG,22.0,14.0,493.0,75.0,204.0,0.368,9.0,46.0,0.196,66.0,158.0,0.418,0.39,35.0,51.0,0.686,10.0,48.0,58.0,85.0,20.0,7.0,41.0,33.0,194.0,0.0,,2018,2017-18
203.0,Ian Clark,26.0,NOP,SG,74.0,2.0,1455.0,222.0,495.0,0.448,62.0,195.0,0.318,160.0,300.0,0.533,0.511,45.0,59.0,0.763,10.0,117.0,127.0,110.0,33.0,10.0,57.0,120.0,551.0,0.0,,2018,2017-18
204.0,Kyle O'Quinn,27.0,NYK,C,77.0,10.0,1387.0,224.0,384.0,0.583,4.0,17.0,0.235,220.0,367.0,0.599,0.589,98.0,127.0,0.772,121.0,349.0,470.0,158.0,36.0,98.0,100.0,192.0,550.0,0.0,,2018,2017-18
205.0,Marcus Smart,23.0,BOS,SG,54.0,11.0,1614.0,189.0,515.0,0.367,75.0,249.0,0.301,114.0,266.0,0.429,0.44,97.0,133.0,0.729,43.0,146.0,189.0,259.0,71.0,23.0,129.0,133.0,550.0,0.0,,2018,2017-18
206.0,Garrett Temple,31.0,SAC,SG,65.0,35.0,1615.0,199.0,476.0,0.418,89.0,227.0,0.392,110.0,249.0,0.442,0.512,60.0,78.0,0.769,22.0,130.0,152.0,124.0,57.0,27.0,79.0,135.0,547.0,0.0,,2018,2017-18
207.0,Rajon Rondo,31.0,NOP,PG,65.0,63.0,1705.0,231.0,494.0,0.468,50.0,150.0,0.333,181.0,344.0,0.526,0.518,25.0,46.0,0.543,31.0,232.0,263.0,533.0,70.0,10.0,151.0,119.0,537.0,2.0,,2018,2017-18
208.0,Andrew Harrison,23.0,MEM,PG,56.0,46.0,1326.0,181.0,429.0,0.422,47.0,142.0,0.331,134.0,287.0,0.467,0.477,124.0,159.0,0.78,23.0,108.0,131.0,177.0,38.0,26.0,81.0,138.0,533.0,0.0,,2018,2017-18
209.0,Dragan Bender,20.0,PHO,PF,82.0,37.0,2069.0,187.0,484.0,0.386,118.0,322.0,0.366,69.0,162.0,0.426,0.508,39.0,51.0,0.765,40.0,321.0,361.0,130.0,22.0,53.0,112.0,166.0,531.0,0.0,,2018,2017-18
210.0,Justise Winslow,21.0,MIA,PF,68.0,25.0,1680.0,207.0,488.0,0.424,49.0,129.0,0.38,158.0,359.0,0.44,0.474,66.0,104.0,0.635,64.0,306.0,370.0,148.0,54.0,33.0,77.0,140.0,529.0,0.0,,2018,2017-18
211.0,Lonzo Ball,20.0,LAL,PG,52.0,50.0,1780.0,203.0,564.0,0.36,90.0,295.0,0.305,113.0,269.0,0.42,0.44,32.0,71.0,0.451,69.0,291.0,360.0,376.0,88.0,43.0,136.0,117.0,528.0,2.0,,2018,2017-18
212.0,Mason Plumlee,27.0,DEN,C,74.0,26.0,1439.0,221.0,368.0,0.601,0.0,1.0,0.0,221.0,367.0,0.602,0.601,82.0,179.0,0.458,132.0,268.0,400.0,142.0,49.0,81.0,103.0,184.0,524.0,0.0,,2018,2017-18
213.0,Tomáš Satoranský,26.0,WAS,SG,73.0,30.0,1643.0,201.0,384.0,0.523,47.0,101.0,0.465,154.0,283.0,0.544,0.585,75.0,96.0,0.781,72.0,161.0,233.0,286.0,52.0,15.0,83.0,131.0,524.0,0.0,6MOY-12,2018,2017-18
214.0,Greg Monroe,27.0,3TM,C,51.0,14.0,1040.0,218.0,386.0,0.565,0.0,0.0,,218.0,386.0,0.565,0.565,88.0,119.0,0.739,109.0,241.0,350.0,114.0,44.0,23.0,94.0,95.0,524.0,1.0,,2018,2017-18
214.0,Greg Monroe,27.0,MIL,C,5.0,0.0,79.0,16.0,33.0,0.485,0.0,0.0,,16.0,33.0,0.485,0.485,2.0,4.0,0.5,6.0,19.0,25.0,5.0,0.0,0.0,6.0,7.0,34.0,0.0,,2018,2017-18
214.0,Greg Monroe,27.0,PHO,C,20.0,14.0,465.0,97.0,155.0,0.626,0.0,0.0,,97.0,155.0,0.626,0.626,31.0,46.0,0.674,50.0,110.0,160.0,50.0,16.0,6.0,40.0,40.0,225.0,0.0,,2018,2017-18
214.0,Greg Monroe,27.0,BOS,C,26.0,0.0,496.0,105.0,198.0,0.53,0.0,0.0,,105.0,198.0,0.53,0.53,55.0,69.0,0.797,53.0,112.0,165.0,59.0,28.0,17.0,48.0,48.0,265.0,1.0,,2018,2017-18
215.0,Skal Labissière,21.0,SAC,PF,60.0,29.0,1240.0,205.0,458.0,0.448,18.0,51.0,0.353,187.0,407.0,0.459,0.467,95.0,118.0,0.805,99.0,189.0,288.0,72.0,25.0,49.0,73.0,132.0,523.0,0.0,,2018,2017-18
216.0,Tony Snell,26.0,MIL,SG,75.0,59.0,2053.0,185.0,425.0,0.435,108.0,268.0,0.403,77.0,157.0,0.49,0.562,38.0,48.0,0.792,9.0,132.0,141.0,98.0,47.0,28.0,36.0,115.0,516.0,0.0,,2018,2017-18
217.0,James Ennis III,27.0,2TM,SF,72.0,22.0,1604.0,182.0,384.0,0.474,51.0,153.0,0.333,131.0,231.0,0.567,0.54,97.0,116.0,0.836,73.0,151.0,224.0,71.0,47.0,18.0,56.0,134.0,512.0,0.0,,2018,2017-18
217.0,James Ennis III,27.0,MEM,SF,45.0,14.0,1053.0,108.0,222.0,0.486,30.0,84.0,0.357,78.0,138.0,0.565,0.554,64.0,73.0,0.877,53.0,104.0,157.0,49.0,32.0,12.0,38.0,81.0,310.0,0.0,,2018,2017-18
217.0,James Ennis III,27.0,DET,SF,27.0,8.0,551.0,74.0,162.0,0.457,21.0,69.0,0.304,53.0,93.0,0.57,0.522,33.0,43.0,0.767,20.0,47.0,67.0,22.0,15.0,6.0,18.0,53.0,202.0,0.0,,2018,2017-18
218.0,Mario Chalmers,31.0,MEM,PG,66.0,10.0,1421.0,168.0,443.0,0.379,53.0,191.0,0.277,115.0,252.0,0.456,0.439,118.0,138.0,0.855,13.0,144.0,157.0,197.0,79.0,14.0,117.0,179.0,507.0,0.0,,2018,2017-18
219.0,P.J. Tucker,32.0,HOU,PF,82.0,34.0,2281.0,172.0,441.0,0.39,115.0,310.0,0.371,57.0,131.0,0.435,0.52,43.0,60.0,0.717,93.0,364.0,457.0,77.0,78.0,26.0,74.0,205.0,502.0,0.0,,2018,2017-18
220.0,Gerald Green,32.0,HOU,SG,41.0,2.0,929.0,168.0,413.0,0.407,110.0,298.0,0.369,58.0,115.0,0.504,0.54,51.0,60.0,0.85,15.0,118.0,133.0,25.0,24.0,15.0,31.0,87.0,497.0,0.0,,2018,2017-18
221.0,Josh Hart,22.0,LAL,SG,63.0,23.0,1461.0,176.0,375.0,0.469,78.0,197.0,0.396,98.0,178.0,0.551,0.573,66.0,94.0,0.702,42.0,221.0,263.0,80.0,47.0,16.0,47.0,107.0,496.0,0.0,,2018,2017-18
222.0,David West,37.0,GSW,C,73.0,0.0,999.0,216.0,378.0,0.571,3.0,8.0,0.375,213.0,370.0,0.576,0.575,60.0,79.0,0.759,64.0,174.0,238.0,138.0,47.0,75.0,80.0,120.0,495.0,0.0,,2018,2017-18
223.0,Alec Burks,26.0,UTA,SG,64.0,1.0,1059.0,170.0,414.0,0.411,47.0,142.0,0.331,123.0,272.0,0.452,0.467,107.0,124.0,0.863,19.0,173.0,192.0,67.0,37.0,8.0,60.0,75.0,494.0,0.0,,2018,2017-18
224.0,Jodie Meeks,30.0,WAS,SG,77.0,0.0,1119.0,157.0,393.0,0.399,72.0,210.0,0.343,85.0,183.0,0.464,0.491,101.0,117.0,0.863,15.0,111.0,126.0,70.0,29.0,4.0,37.0,55.0,487.0,0.0,,2018,2017-18
225.0,Isaiah Thomas,28.0,2TM,PG,32.0,15.0,862.0,157.0,421.0,0.373,55.0,188.0,0.293,102.0,233.0,0.438,0.438,117.0,131.0,0.893,17.0,50.0,67.0,153.0,15.0,3.0,95.0,58.0,486.0,0.0,,2018,2017-18
225.0,Isaiah Thomas,28.0,CLE,PG,15.0,14.0,406.0,70.0,194.0,0.361,22.0,87.0,0.253,48.0,107.0,0.449,0.418,59.0,68.0,0.868,7.0,24.0,31.0,68.0,9.0,2.0,41.0,25.0,221.0,0.0,,2018,2017-18
225.0,Isaiah Thomas,28.0,LAL,PG,17.0,1.0,456.0,87.0,227.0,0.383,33.0,101.0,0.327,54.0,126.0,0.429,0.456,58.0,63.0,0.921,10.0,26.0,36.0,85.0,6.0,1.0,54.0,33.0,265.0,0.0,,2018,2017-18
226.0,Aron Baynes,31.0,BOS,C,81.0,67.0,1485.0,210.0,446.0,0.471,3.0,21.0,0.143,207.0,425.0,0.487,0.474,59.0,78.0,0.756,130.0,304.0,434.0,93.0,22.0,51.0,80.0,200.0,482.0,0.0,,2018,2017-18
227.0,T.J. McConnell,25.0,PHI,PG,76.0,1.0,1706.0,210.0,421.0,0.499,27.0,62.0,0.435,183.0,359.0,0.51,0.531,31.0,39.0,0.795,37.0,189.0,226.0,303.0,92.0,13.0,112.0,122.0,478.0,1.0,,2018,2017-18
228.0,Bam Adebayo,20.0,MIA,C,69.0,19.0,1368.0,174.0,340.0,0.512,0.0,7.0,0.0,174.0,333.0,0.523,0.512,129.0,179.0,0.721,118.0,263.0,381.0,101.0,32.0,41.0,66.0,138.0,477.0,0.0,,2018,2017-18
229.0,Kosta Koufos,28.0,SAC,C,71.0,12.0,1391.0,222.0,389.0,0.571,0.0,0.0,,222.0,389.0,0.571,0.571,33.0,74.0,0.446,149.0,323.0,472.0,87.0,47.0,32.0,49.0,146.0,477.0,0.0,,2018,2017-18
230.0,Shelvin Mack,27.0,ORL,PG,69.0,3.0,1365.0,178.0,414.0,0.43,48.0,139.0,0.345,130.0,275.0,0.473,0.488,69.0,97.0,0.711,23.0,143.0,166.0,272.0,54.0,8.0,89.0,91.0,473.0,0.0,,2018,2017-18
231.0,Gorgui Dieng,28.0,MIN,C,79.0,0.0,1333.0,186.0,388.0,0.479,19.0,61.0,0.311,167.0,327.0,0.511,0.504,79.0,102.0,0.775,106.0,254.0,360.0,71.0,45.0,39.0,59.0,147.0,470.0,0.0,,2018,2017-18
232.0,Bismack Biyombo,25.0,ORL,C,82.0,25.0,1495.0,183.0,352.0,0.52,0.0,1.0,0.0,183.0,351.0,0.521,0.52,102.0,157.0,0.65,144.0,324.0,468.0,66.0,21.0,95.0,84.0,158.0,468.0,0.0,,2018,2017-18
233.0,Jarrett Jack,34.0,NYK,PG,62.0,56.0,1548.0,189.0,443.0,0.427,25.0,86.0,0.291,164.0,357.0,0.459,0.455,63.0,75.0,0.84,22.0,169.0,191.0,348.0,35.0,4.0,115.0,98.0,466.0,1.0,,2018,2017-18
234.0,Frank Ntilikina,19.0,NYK,PG,78.0,9.0,1706.0,182.0,500.0,0.364,50.0,157.0,0.318,132.0,343.0,0.385,0.414,49.0,68.0,0.721,37.0,140.0,177.0,250.0,65.0,18.0,131.0,181.0,463.0,0.0,,2018,2017-18
235.0,Trey Burke,25.0,NYK,PG,36.0,9.0,785.0,193.0,384.0,0.503,38.0,105.0,0.362,155.0,279.0,0.556,0.552,37.0,57.0,0.649,13.0,58.0,71.0,170.0,24.0,4.0,43.0,43.0,461.0,0.0,,2018,2017-18
236.0,Luc Mbah a Moute,31.0,HOU,PF,61.0,15.0,1564.0,166.0,345.0,0.481,63.0,173.0,0.364,103.0,172.0,0.599,0.572,65.0,95.0,0.684,22.0,164.0,186.0,55.0,72.0,25.0,68.0,100.0,460.0,0.0,6MOY-12,2018,2017-18
237.0,Dāvis Bertāns,25.0,SAS,PF,77.0,10.0,1086.0,161.0,366.0,0.44,94.0,252.0,0.373,67.0,114.0,0.588,0.568,40.0,49.0,0.816,18.0,135.0,153.0,74.0,26.0,28.0,36.0,93.0,456.0,0.0,,2018,2017-18
238.0,Nemanja Bjelica,29.0,MIN,PF,67.0,21.0,1371.0,171.0,371.0,0.461,76.0,183.0,0.415,95.0,188.0,0.505,0.563,36.0,45.0,0.8,53.0,221.0,274.0,86.0,50.0,16.0,52.0,141.0,454.0,0.0,,2018,2017-18
239.0,Justin Jackson,22.0,SAC,SF,68.0,41.0,1506.0,185.0,419.0,0.442,57.0,185.0,0.308,128.0,234.0,0.547,0.51,26.0,36.0,0.722,27.0,160.0,187.0,74.0,28.0,13.0,40.0,81.0,453.0,0.0,,2018,2017-18
240.0,Isaiah Taylor,23.0,ATL,PG,67.0,9.0,1167.0,163.0,390.0,0.418,20.0,80.0,0.25,143.0,310.0,0.461,0.444,99.0,141.0,0.702,22.0,72.0,94.0,206.0,34.0,10.0,84.0,116.0,445.0,0.0,,2018,2017-18
241.0,Pat Connaughton,25.0,POR,SG,82.0,5.0,1488.0,165.0,390.0,0.423,74.0,210.0,0.352,91.0,180.0,0.506,0.518,37.0,44.0,0.841,36.0,125.0,161.0,91.0,23.0,22.0,43.0,120.0,441.0,0.0,,2018,2017-18
242.0,Tyler Zeller,28.0,2TM,C,66.0,34.0,1109.0,187.0,334.0,0.56,10.0,28.0,0.357,177.0,306.0,0.578,0.575,57.0,79.0,0.722,110.0,195.0,305.0,47.0,15.0,35.0,47.0,126.0,441.0,0.0,,2018,2017-18
242.0,Tyler Zeller,28.0,BRK,C,42.0,33.0,703.0,125.0,229.0,0.546,10.0,26.0,0.385,115.0,203.0,0.567,0.568,40.0,60.0,0.667,63.0,131.0,194.0,28.0,8.0,21.0,35.0,78.0,300.0,0.0,,2018,2017-18
242.0,Tyler Zeller,28.0,MIL,C,24.0,1.0,406.0,62.0,105.0,0.59,0.0,2.0,0.0,62.0,103.0,0.602,0.59,17.0,19.0,0.895,47.0,64.0,111.0,19.0,7.0,14.0,12.0,48.0,141.0,0.0,,2018,2017-18
243.0,OG Anunoby,20.0,TOR,SF,74.0,62.0,1481.0,163.0,346.0,0.471,73.0,197.0,0.371,90.0,149.0,0.604,0.577,39.0,62.0,0.629,44.0,140.0,184.0,55.0,52.0,14.0,45.0,130.0,438.0,0.0,,2018,2017-18
244.0,Jonas Jerebko,30.0,UTA,PF,74.0,19.0,1134.0,159.0,341.0,0.466,65.0,157.0,0.414,94.0,184.0,0.511,0.562,46.0,57.0,0.807,53.0,193.0,246.0,42.0,24.0,12.0,27.0,127.0,429.0,0.0,,2018,2017-18
245.0,Miloš Teodosić,30.0,LAC,PG,45.0,36.0,1134.0,151.0,360.0,0.419,88.0,232.0,0.379,63.0,128.0,0.492,0.542,39.0,46.0,0.848,16.0,110.0,126.0,209.0,23.0,5.0,97.0,103.0,429.0,0.0,,2018,2017-18
246.0,Dion Waiters,26.0,MIA,SG,30.0,30.0,918.0,163.0,410.0,0.398,52.0,170.0,0.306,111.0,240.0,0.463,0.461,51.0,69.0,0.739,8.0,69.0,77.0,113.0,23.0,9.0,70.0,61.0,429.0,0.0,,2018,2017-18
247.0,Trevor Booker,30.0,3TM,PF,68.0,7.0,1158.0,177.0,343.0,0.516,8.0,33.0,0.242,169.0,310.0,0.545,0.528,66.0,93.0,0.71,117.0,201.0,318.0,82.0,28.0,21.0,59.0,119.0,428.0,0.0,,2018,2017-18
247.0,Trevor Booker,30.0,BRK,PF,18.0,6.0,395.0,77.0,150.0,0.513,3.0,12.0,0.25,74.0,138.0,0.536,0.523,24.0,43.0,0.558,38.0,81.0,119.0,38.0,8.0,5.0,30.0,43.0,181.0,0.0,,2018,2017-18
247.0,Trevor Booker,30.0,PHI,PF,33.0,0.0,494.0,61.0,109.0,0.56,2.0,7.0,0.286,59.0,102.0,0.578,0.569,32.0,39.0,0.821,47.0,75.0,122.0,27.0,16.0,11.0,20.0,50.0,156.0,0.0,,2018,2017-18
247.0,Trevor Booker,30.0,IND,PF,17.0,1.0,269.0,39.0,84.0,0.464,3.0,14.0,0.214,36.0,70.0,0.514,0.482,10.0,11.0,0.909,32.0,45.0,77.0,17.0,4.0,5.0,9.0,26.0,91.0,0.0,,2018,2017-18
248.0,Ben McLemore,24.0,MEM,SG,56.0,17.0,1091.0,157.0,373.0,0.421,55.0,159.0,0.346,102.0,214.0,0.477,0.495,53.0,64.0,0.828,34.0,105.0,139.0,51.0,38.0,15.0,61.0,139.0,422.0,0.0,,2018,2017-18
249.0,Malik Monk,19.0,CHO,SG,63.0,0.0,854.0,153.0,425.0,0.36,83.0,243.0,0.342,70.0,182.0,0.385,0.458,32.0,38.0,0.842,8.0,58.0,66.0,91.0,20.0,9.0,49.0,60.0,421.0,0.0,,2018,2017-18
250.0,Tony Parker,35.0,SAS,PG,55.0,21.0,1071.0,178.0,388.0,0.459,10.0,37.0,0.27,168.0,351.0,0.479,0.472,55.0,78.0,0.705,7.0,88.0,95.0,195.0,28.0,1.0,68.0,52.0,421.0,0.0,,2018,2017-18
251.0,Dante Cunningham,30.0,2TM,SF,73.0,25.0,1562.0,164.0,364.0,0.451,58.0,168.0,0.345,106.0,196.0,0.541,0.53,31.0,52.0,0.596,78.0,220.0,298.0,48.0,39.0,30.0,33.0,111.0,417.0,0.0,,2018,2017-18
251.0,Dante Cunningham,30.0,NOP,SF,51.0,24.0,1115.0,99.0,225.0,0.44,35.0,108.0,0.324,64.0,117.0,0.547,0.518,20.0,36.0,0.556,50.0,143.0,193.0,26.0,27.0,16.0,16.0,75.0,253.0,0.0,,2018,2017-18
251.0,Dante Cunningham,30.0,BRK,SF,22.0,1.0,447.0,65.0,139.0,0.468,23.0,60.0,0.383,42.0,79.0,0.532,0.55,11.0,16.0,0.688,28.0,77.0,105.0,22.0,12.0,14.0,17.0,36.0,164.0,0.0,,2018,2017-18
252.0,Tyus Jones,21.0,MIN,PG,82.0,11.0,1467.0,150.0,328.0,0.457,45.0,129.0,0.349,105.0,199.0,0.528,0.526,71.0,81.0,0.877,16.0,116.0,132.0,232.0,95.0,6.0,59.0,110.0,416.0,0.0,,2018,2017-18
253.0,Ed Davis,28.0,POR,C,78.0,0.0,1471.0,170.0,292.0,0.582,0.0,1.0,0.0,170.0,291.0,0.584,0.582,74.0,111.0,0.667,183.0,392.0,575.0,40.0,32.0,52.0,66.0,188.0,414.0,0.0,,2018,2017-18
254.0,Frank Mason III,23.0,SAC,PG,52.0,2.0,984.0,144.0,380.0,0.379,31.0,86.0,0.36,113.0,294.0,0.384,0.42,94.0,115.0,0.817,30.0,100.0,130.0,147.0,34.0,10.0,65.0,72.0,413.0,0.0,,2018,2017-18
255.0,Quincy Acy,27.0,BRK,PF,70.0,8.0,1359.0,130.0,365.0,0.356,102.0,292.0,0.349,28.0,73.0,0.384,0.496,49.0,60.0,0.817,40.0,217.0,257.0,57.0,33.0,29.0,60.0,149.0,411.0,0.0,,2018,2017-18
256.0,Tyler Dorsey,21.0,ATL,SG,56.0,5.0,974.0,144.0,382.0,0.377,72.0,199.0,0.362,72.0,183.0,0.393,0.471,45.0,63.0,0.714,17.0,113.0,130.0,79.0,17.0,5.0,37.0,63.0,405.0,0.0,,2018,2017-18
257.0,Mike Muscala,26.0,ATL,C,53.0,7.0,1060.0,143.0,312.0,0.458,62.0,167.0,0.371,81.0,145.0,0.559,0.558,57.0,62.0,0.919,56.0,174.0,230.0,51.0,31.0,27.0,42.0,80.0,405.0,0.0,,2018,2017-18
258.0,Wesley Johnson,30.0,LAC,SF,74.0,40.0,1486.0,150.0,368.0,0.408,60.0,177.0,0.339,90.0,191.0,0.471,0.489,43.0,58.0,0.741,29.0,187.0,216.0,61.0,76.0,62.0,55.0,146.0,403.0,0.0,,2018,2017-18
259.0,Marreese Speights,30.0,ORL,C,52.0,3.0,675.0,138.0,349.0,0.395,86.0,233.0,0.369,52.0,116.0,0.448,0.519,40.0,55.0,0.727,21.0,112.0,133.0,40.0,8.0,22.0,40.0,106.0,402.0,0.0,,2018,2017-18
260.0,Zach LaVine,22.0,CHI,SG,24.0,24.0,656.0,136.0,355.0,0.383,42.0,123.0,0.341,94.0,232.0,0.405,0.442,87.0,107.0,0.813,9.0,85.0,94.0,72.0,24.0,4.0,43.0,55.0,401.0,0.0,,2018,2017-18
261.0,Shaun Livingston,32.0,GSW,PG,71.0,7.0,1129.0,172.0,343.0,0.501,0.0,5.0,0.0,172.0,338.0,0.509,0.501,50.0,61.0,0.82,32.0,99.0,131.0,140.0,35.0,21.0,58.0,117.0,394.0,0.0,,2018,2017-18
262.0,Jabari Parker,22.0,MIL,PF,31.0,3.0,743.0,160.0,332.0,0.482,31.0,81.0,0.383,129.0,251.0,0.514,0.529,40.0,54.0,0.741,42.0,109.0,151.0,59.0,25.0,10.0,45.0,50.0,391.0,0.0,,2018,2017-18
263.0,Maxi Kleber,26.0,DAL,PF,72.0,35.0,1206.0,151.0,309.0,0.489,40.0,128.0,0.313,111.0,181.0,0.613,0.553,44.0,59.0,0.746,71.0,163.0,234.0,51.0,26.0,47.0,30.0,114.0,386.0,0.0,,2018,2017-18
264.0,Maurice Harkless,24.0,POR,SF,59.0,37.0,1264.0,147.0,297.0,0.495,49.0,118.0,0.415,98.0,179.0,0.547,0.577,42.0,59.0,0.712,46.0,116.0,162.0,53.0,48.0,43.0,40.0,103.0,385.0,0.0,,2018,2017-18
265.0,Norman Powell,24.0,TOR,SG,70.0,18.0,1062.0,150.0,374.0,0.401,53.0,186.0,0.285,97.0,188.0,0.516,0.472,32.0,39.0,0.821,14.0,105.0,119.0,89.0,37.0,16.0,66.0,111.0,385.0,0.0,,2018,2017-18
266.0,Andre Iguodala,34.0,GSW,SF,64.0,7.0,1622.0,148.0,320.0,0.463,33.0,117.0,0.282,115.0,203.0,0.567,0.514,55.0,87.0,0.632,50.0,196.0,246.0,210.0,54.0,38.0,67.0,99.0,384.0,0.0,,2018,2017-18
267.0,Corey Brewer,31.0,2TM,SG,72.0,18.0,1208.0,142.0,316.0,0.449,31.0,110.0,0.282,111.0,206.0,0.539,0.498,65.0,90.0,0.722,43.0,111.0,154.0,65.0,79.0,14.0,49.0,139.0,380.0,0.0,,2018,2017-18
267.0,Corey Brewer,31.0,LAL,SF,54.0,2.0,694.0,78.0,172.0,0.453,8.0,43.0,0.186,70.0,129.0,0.543,0.477,34.0,51.0,0.667,23.0,70.0,93.0,41.0,41.0,8.0,38.0,83.0,198.0,0.0,,2018,2017-18
267.0,Corey Brewer,31.0,OKC,SG,18.0,16.0,514.0,64.0,144.0,0.444,23.0,67.0,0.343,41.0,77.0,0.532,0.524,31.0,39.0,0.795,20.0,41.0,61.0,24.0,38.0,6.0,11.0,56.0,182.0,0.0,,2018,2017-18
268.0,Zaza Pachulia,33.0,GSW,C,69.0,57.0,972.0,149.0,264.0,0.564,0.0,1.0,0.0,149.0,263.0,0.567,0.564,75.0,93.0,0.806,89.0,232.0,321.0,109.0,38.0,17.0,72.0,122.0,373.0,0.0,,2018,2017-18
269.0,Joe Johnson,36.0,2TM,SF,55.0,4.0,1205.0,146.0,360.0,0.406,40.0,145.0,0.276,106.0,215.0,0.493,0.461,40.0,45.0,0.889,14.0,158.0,172.0,83.0,18.0,7.0,49.0,67.0,372.0,0.0,,2018,2017-18
269.0,Joe Johnson,36.0,UTA,SF,32.0,3.0,700.0,95.0,226.0,0.42,23.0,84.0,0.274,72.0,142.0,0.507,0.471,20.0,24.0,0.833,12.0,95.0,107.0,45.0,12.0,6.0,31.0,32.0,233.0,0.0,,2018,2017-18
269.0,Joe Johnson,36.0,HOU,SF,23.0,1.0,505.0,51.0,134.0,0.381,17.0,61.0,0.279,34.0,73.0,0.466,0.444,20.0,21.0,0.952,2.0,63.0,65.0,38.0,6.0,1.0,18.0,35.0,139.0,0.0,,2018,2017-18
270.0,Ian Mahinmi,31.0,WAS,C,77.0,0.0,1145.0,138.0,248.0,0.556,0.0,2.0,0.0,138.0,246.0,0.561,0.556,90.0,128.0,0.703,135.0,177.0,312.0,53.0,38.0,42.0,100.0,230.0,366.0,0.0,,2018,2017-18
271.0,Deyonta Davis,21.0,MEM,C,62.0,6.0,943.0,161.0,265.0,0.608,0.0,0.0,,161.0,265.0,0.608,0.608,38.0,57.0,0.667,75.0,175.0,250.0,40.0,15.0,39.0,32.0,125.0,360.0,0.0,,2018,2017-18
272.0,Langston Galloway,26.0,DET,SG,58.0,2.0,863.0,126.0,340.0,0.371,75.0,218.0,0.344,51.0,122.0,0.418,0.481,33.0,41.0,0.805,13.0,79.0,92.0,58.0,35.0,5.0,18.0,39.0,360.0,0.0,,2018,2017-18
273.0,Thon Maker,20.0,MIL,C,74.0,12.0,1238.0,130.0,316.0,0.411,31.0,104.0,0.298,99.0,212.0,0.467,0.46,65.0,93.0,0.699,75.0,150.0,225.0,46.0,38.0,53.0,44.0,162.0,356.0,0.0,,2018,2017-18
274.0,Álex Abrines,24.0,OKC,SG,75.0,8.0,1134.0,115.0,291.0,0.395,84.0,221.0,0.38,31.0,70.0,0.443,0.54,39.0,46.0,0.848,26.0,88.0,114.0,28.0,38.0,8.0,25.0,124.0,353.0,0.0,,2018,2017-18
275.0,Royce O'Neale,24.0,UTA,SF,69.0,4.0,1150.0,120.0,284.0,0.423,42.0,118.0,0.356,78.0,166.0,0.47,0.496,61.0,76.0,0.803,25.0,211.0,236.0,95.0,36.0,16.0,55.0,105.0,343.0,0.0,,2018,2017-18
276.0,Amir Johnson,30.0,PHI,C,74.0,18.0,1171.0,140.0,260.0,0.538,10.0,32.0,0.313,130.0,228.0,0.57,0.558,52.0,85.0,0.612,123.0,207.0,330.0,118.0,45.0,44.0,55.0,192.0,342.0,0.0,,2018,2017-18
277.0,Nenê,35.0,HOU,C,52.0,4.0,758.0,136.0,239.0,0.569,0.0,2.0,0.0,136.0,237.0,0.574,0.569,68.0,107.0,0.636,54.0,122.0,176.0,45.0,28.0,14.0,38.0,123.0,340.0,0.0,,2018,2017-18
278.0,Malcolm Delaney,28.0,ATL,PG,54.0,3.0,1014.0,109.0,285.0,0.382,46.0,124.0,0.371,63.0,161.0,0.391,0.463,74.0,92.0,0.804,9.0,91.0,100.0,163.0,35.0,6.0,66.0,82.0,338.0,0.0,,2018,2017-18
279.0,Mike James,27.0,2TM,PG,36.0,10.0,687.0,123.0,321.0,0.383,26.0,98.0,0.265,97.0,223.0,0.435,0.424,64.0,84.0,0.762,13.0,77.0,90.0,126.0,28.0,7.0,49.0,48.0,336.0,0.0,,2018,2017-18
279.0,Mike James,27.0,PHO,PG,32.0,10.0,669.0,121.0,312.0,0.388,26.0,97.0,0.268,95.0,215.0,0.442,0.429,64.0,84.0,0.762,12.0,77.0,89.0,120.0,27.0,7.0,48.0,45.0,332.0,0.0,,2018,2017-18
279.0,Mike James,27.0,NOP,PG,4.0,0.0,18.0,2.0,9.0,0.222,0.0,1.0,0.0,2.0,8.0,0.25,0.222,0.0,0.0,,1.0,0.0,1.0,6.0,1.0,0.0,1.0,3.0,4.0,0.0,,2018,2017-18
280.0,Daniel Theis,25.0,BOS,C,63.0,3.0,936.0,126.0,233.0,0.541,18.0,58.0,0.31,108.0,175.0,0.617,0.579,61.0,81.0,0.753,90.0,184.0,274.0,56.0,30.0,48.0,56.0,157.0,331.0,0.0,,2018,2017-18
281.0,Sean Kilpatrick,28.0,4TM,SG,52.0,1.0,640.0,110.0,294.0,0.374,46.0,144.0,0.319,64.0,150.0,0.427,0.452,64.0,72.0,0.889,5.0,82.0,87.0,46.0,13.0,5.0,38.0,33.0,330.0,0.0,,2018,2017-18
281.0,Sean Kilpatrick,28.0,BRK,SG,16.0,0.0,183.0,25.0,87.0,0.287,11.0,43.0,0.256,14.0,44.0,0.318,0.351,18.0,19.0,0.947,1.0,34.0,35.0,15.0,2.0,1.0,16.0,8.0,79.0,0.0,,2018,2017-18
281.0,Sean Kilpatrick,28.0,MIL,SG,23.0,0.0,205.0,31.0,82.0,0.378,13.0,46.0,0.283,18.0,36.0,0.5,0.457,18.0,19.0,0.947,1.0,24.0,25.0,15.0,5.0,1.0,9.0,15.0,93.0,0.0,,2018,2017-18
281.0,Sean Kilpatrick,28.0,LAC,SG,4.0,0.0,38.0,7.0,18.0,0.389,3.0,7.0,0.429,4.0,11.0,0.364,0.472,2.0,2.0,1.0,0.0,2.0,2.0,3.0,0.0,0.0,1.0,2.0,19.0,0.0,,2018,2017-18
281.0,Sean Kilpatrick,28.0,CHI,SG,9.0,1.0,214.0,47.0,107.0,0.439,19.0,48.0,0.396,28.0,59.0,0.475,0.528,26.0,32.0,0.813,3.0,22.0,25.0,13.0,6.0,3.0,12.0,8.0,139.0,0.0,,2018,2017-18
282.0,Wayne Selden,23.0,MEM,SG,35.0,9.0,692.0,116.0,269.0,0.431,49.0,122.0,0.402,67.0,147.0,0.456,0.522,44.0,59.0,0.746,16.0,40.0,56.0,66.0,18.0,5.0,54.0,59.0,325.0,0.0,,2018,2017-18
283.0,Danilo Gallinari,29.0,LAC,SF,21.0,21.0,671.0,102.0,256.0,0.398,36.0,111.0,0.324,66.0,145.0,0.455,0.469,81.0,87.0,0.931,9.0,92.0,101.0,41.0,12.0,10.0,26.0,30.0,321.0,0.0,,2018,2017-18
284.0,Patrick Patterson,28.0,OKC,PF,82.0,3.0,1270.0,106.0,266.0,0.398,66.0,171.0,0.386,40.0,95.0,0.421,0.523,40.0,46.0,0.87,32.0,161.0,193.0,57.0,48.0,23.0,33.0,87.0,318.0,0.0,,2018,2017-18
285.0,Vince Carter,41.0,SAC,SF,58.0,4.0,1026.0,114.0,283.0,0.403,57.0,165.0,0.345,57.0,118.0,0.483,0.504,28.0,37.0,0.757,18.0,130.0,148.0,69.0,42.0,26.0,36.0,96.0,313.0,0.0,,2018,2017-18
286.0,Quinn Cook,24.0,GSW,PG,33.0,18.0,740.0,122.0,252.0,0.484,46.0,104.0,0.442,76.0,148.0,0.514,0.575,22.0,25.0,0.88,10.0,72.0,82.0,89.0,12.0,1.0,32.0,59.0,312.0,0.0,,2018,2017-18
287.0,Thabo Sefolosha,33.0,UTA,SF,38.0,6.0,806.0,118.0,240.0,0.492,32.0,84.0,0.381,86.0,156.0,0.551,0.558,44.0,54.0,0.815,29.0,132.0,161.0,33.0,52.0,12.0,30.0,59.0,312.0,0.0,,2018,2017-18
288.0,Richaun Holmes,24.0,PHI,C,48.0,2.0,746.0,135.0,241.0,0.56,4.0,31.0,0.129,131.0,210.0,0.624,0.568,37.0,56.0,0.661,57.0,154.0,211.0,61.0,20.0,29.0,25.0,97.0,311.0,0.0,,2018,2017-18
289.0,JaVale McGee,30.0,GSW,C,65.0,17.0,615.0,136.0,219.0,0.621,0.0,6.0,0.0,136.0,213.0,0.638,0.621,38.0,52.0,0.731,59.0,110.0,169.0,33.0,21.0,57.0,27.0,91.0,310.0,0.0,,2018,2017-18
290.0,Cristiano Felício,25.0,CHI,C,55.0,16.0,977.0,127.0,215.0,0.591,0.0,2.0,0.0,127.0,213.0,0.596,0.591,54.0,81.0,0.667,83.0,150.0,233.0,55.0,16.0,11.0,54.0,104.0,308.0,0.0,,2018,2017-18
291.0,Jerryd Bayless,29.0,PHI,SG,39.0,11.0,925.0,109.0,262.0,0.416,54.0,146.0,0.37,55.0,116.0,0.474,0.519,35.0,44.0,0.795,15.0,65.0,80.0,54.0,23.0,6.0,46.0,91.0,307.0,0.0,,2018,2017-18
292.0,Tristan Thompson,26.0,CLE,C,53.0,22.0,1072.0,132.0,235.0,0.562,0.0,0.0,,132.0,235.0,0.562,0.562,43.0,79.0,0.544,126.0,226.0,352.0,33.0,16.0,17.0,36.0,102.0,307.0,0.0,,2018,2017-18
293.0,Sam Dekker,23.0,LAC,PF,73.0,1.0,883.0,128.0,259.0,0.494,10.0,60.0,0.167,118.0,199.0,0.593,0.514,37.0,56.0,0.661,44.0,130.0,174.0,38.0,24.0,9.0,33.0,71.0,303.0,0.0,,2018,2017-18
294.0,Omri Casspi,29.0,GSW,SF,53.0,7.0,740.0,120.0,207.0,0.58,10.0,22.0,0.455,110.0,185.0,0.595,0.604,50.0,69.0,0.725,30.0,170.0,200.0,51.0,18.0,19.0,37.0,71.0,300.0,0.0,,2018,2017-18
295.0,Tyson Chandler,35.0,PHO,C,46.0,46.0,1151.0,121.0,187.0,0.647,0.0,0.0,,121.0,187.0,0.647,0.647,58.0,93.0,0.624,134.0,284.0,418.0,53.0,16.0,27.0,59.0,106.0,300.0,0.0,,2018,2017-18
296.0,Timothé Luwawu-Cabarrot,22.0,PHI,SF,52.0,7.0,807.0,100.0,267.0,0.375,53.0,158.0,0.335,47.0,109.0,0.431,0.474,46.0,58.0,0.793,14.0,58.0,72.0,54.0,12.0,5.0,38.0,97.0,299.0,0.0,,2018,2017-18
297.0,Lance Thomas,29.0,NYK,PF,73.0,31.0,1353.0,102.0,267.0,0.382,50.0,124.0,0.403,52.0,143.0,0.364,0.476,44.0,53.0,0.83,44.0,131.0,175.0,44.0,30.0,14.0,40.0,134.0,298.0,0.0,,2018,2017-18
298.0,Zach Collins,20.0,POR,C,66.0,1.0,1045.0,115.0,289.0,0.398,35.0,113.0,0.31,80.0,176.0,0.455,0.458,27.0,42.0,0.643,45.0,176.0,221.0,52.0,17.0,31.0,58.0,133.0,292.0,0.0,,2018,2017-18
299.0,Tyrone Wallace,23.0,LAC,PG,30.0,19.0,851.0,110.0,247.0,0.445,10.0,40.0,0.25,100.0,207.0,0.483,0.466,61.0,78.0,0.782,21.0,84.0,105.0,71.0,27.0,13.0,46.0,83.0,291.0,0.0,,2018,2017-18
300.0,Chandler Parsons,29.0,MEM,SF,36.0,8.0,691.0,108.0,234.0,0.462,51.0,121.0,0.421,57.0,113.0,0.504,0.571,17.0,27.0,0.63,14.0,76.0,90.0,69.0,18.0,11.0,35.0,53.0,284.0,0.0,,2018,2017-18
301.0,Sindarius Thornwell,23.0,LAC,SG,73.0,16.0,1156.0,100.0,233.0,0.429,23.0,61.0,0.377,77.0,172.0,0.448,0.479,59.0,88.0,0.67,33.0,107.0,140.0,68.0,48.0,25.0,53.0,125.0,282.0,0.0,,2018,2017-18
302.0,Treveon Graham,24.0,CHO,SG,63.0,2.0,1050.0,96.0,221.0,0.434,40.0,97.0,0.412,56.0,124.0,0.452,0.525,41.0,59.0,0.695,42.0,79.0,121.0,59.0,33.0,2.0,27.0,109.0,273.0,0.0,,2018,2017-18
303.0,Kevon Looney,21.0,GSW,C,66.0,4.0,910.0,112.0,193.0,0.58,1.0,5.0,0.2,111.0,188.0,0.59,0.583,42.0,77.0,0.545,83.0,132.0,215.0,42.0,34.0,56.0,31.0,106.0,267.0,0.0,,2018,2017-18
304.0,Channing Frye,34.0,2TM,C,53.0,1.0,695.0,104.0,212.0,0.491,39.0,115.0,0.339,65.0,97.0,0.67,0.583,17.0,19.0,0.895,12.0,123.0,135.0,38.0,18.0,13.0,21.0,69.0,264.0,0.0,,2018,2017-18
304.0,Channing Frye,34.0,CLE,C,44.0,1.0,545.0,84.0,169.0,0.497,30.0,90.0,0.333,54.0,79.0,0.684,0.586,14.0,15.0,0.933,10.0,100.0,110.0,28.0,17.0,12.0,17.0,54.0,212.0,0.0,,2018,2017-18
304.0,Channing Frye,34.0,LAL,C,9.0,0.0,150.0,20.0,43.0,0.465,9.0,25.0,0.36,11.0,18.0,0.611,0.57,3.0,4.0,0.75,2.0,23.0,25.0,10.0,1.0,1.0,4.0,15.0,52.0,0.0,,2018,2017-18
305.0,Noah Vonleh,22.0,2TM,PF,54.0,16.0,875.0,104.0,234.0,0.444,20.0,66.0,0.303,84.0,168.0,0.5,0.487,36.0,58.0,0.621,70.0,241.0,311.0,34.0,19.0,17.0,31.0,68.0,264.0,0.0,,2018,2017-18
305.0,Noah Vonleh,22.0,POR,PF,33.0,12.0,476.0,47.0,96.0,0.49,2.0,6.0,0.333,45.0,90.0,0.5,0.5,23.0,31.0,0.742,35.0,132.0,167.0,13.0,6.0,11.0,15.0,42.0,119.0,0.0,,2018,2017-18
305.0,Noah Vonleh,22.0,CHI,PF,21.0,4.0,399.0,57.0,138.0,0.413,18.0,60.0,0.3,39.0,78.0,0.5,0.478,13.0,27.0,0.481,35.0,109.0,144.0,21.0,13.0,6.0,16.0,26.0,145.0,0.0,,2018,2017-18
306.0,Jordan Bell,23.0,GSW,C,57.0,13.0,809.0,116.0,185.0,0.627,0.0,4.0,0.0,116.0,181.0,0.641,0.627,30.0,44.0,0.682,60.0,147.0,207.0,102.0,35.0,56.0,51.0,92.0,262.0,0.0,,2018,2017-18
307.0,Luke Babbitt,28.0,2TM,SF,50.0,14.0,715.0,91.0,215.0,0.423,60.0,156.0,0.385,31.0,59.0,0.525,0.563,17.0,22.0,0.773,7.0,89.0,96.0,31.0,8.0,7.0,19.0,54.0,259.0,0.0,,2018,2017-18
307.0,Luke Babbitt,28.0,ATL,SF,37.0,9.0,570.0,80.0,168.0,0.476,49.0,111.0,0.441,31.0,57.0,0.544,0.622,17.0,22.0,0.773,5.0,76.0,81.0,26.0,7.0,5.0,15.0,47.0,226.0,0.0,,2018,2017-18
307.0,Luke Babbitt,28.0,MIA,SF,13.0,5.0,145.0,11.0,47.0,0.234,11.0,45.0,0.244,0.0,2.0,0.0,0.351,0.0,0.0,,2.0,13.0,15.0,5.0,1.0,2.0,4.0,7.0,33.0,0.0,,2018,2017-18
308.0,José Calderón,36.0,CLE,PG,57.0,32.0,914.0,93.0,185.0,0.503,45.0,97.0,0.464,48.0,88.0,0.545,0.624,24.0,30.0,0.8,14.0,70.0,84.0,117.0,27.0,2.0,41.0,81.0,255.0,0.0,,2018,2017-18
309.0,Cheick Diallo,21.0,NOP,PF,52.0,0.0,581.0,102.0,176.0,0.58,0.0,0.0,,102.0,176.0,0.58,0.58,50.0,66.0,0.758,47.0,164.0,211.0,19.0,11.0,21.0,28.0,82.0,254.0,0.0,,2018,2017-18
310.0,Al Jefferson,33.0,IND,C,36.0,1.0,484.0,111.0,208.0,0.534,0.0,3.0,0.0,111.0,205.0,0.541,0.534,30.0,36.0,0.833,30.0,113.0,143.0,30.0,16.0,23.0,21.0,66.0,252.0,0.0,,2018,2017-18
311.0,Jameer Nelson,35.0,2TM,PG,50.0,0.0,1013.0,95.0,244.0,0.389,41.0,124.0,0.331,54.0,120.0,0.45,0.473,16.0,20.0,0.8,13.0,91.0,104.0,179.0,27.0,4.0,67.0,81.0,247.0,0.0,,2018,2017-18
311.0,Jameer Nelson,35.0,NOP,PG,43.0,0.0,897.0,84.0,205.0,0.41,40.0,110.0,0.364,44.0,95.0,0.463,0.507,13.0,17.0,0.765,11.0,85.0,96.0,156.0,23.0,3.0,56.0,67.0,221.0,0.0,,2018,2017-18
311.0,Jameer Nelson,35.0,DET,PG,7.0,0.0,116.0,11.0,39.0,0.282,1.0,14.0,0.071,10.0,25.0,0.4,0.295,3.0,3.0,1.0,2.0,6.0,8.0,23.0,4.0,1.0,11.0,14.0,26.0,0.0,,2018,2017-18
312.0,Willy Hernangómez,23.0,2TM,C,48.0,1.0,495.0,91.0,164.0,0.555,5.0,12.0,0.417,86.0,152.0,0.566,0.57,59.0,90.0,0.656,61.0,122.0,183.0,33.0,18.0,16.0,35.0,64.0,246.0,0.0,,2018,2017-18
312.0,Willy Hernangómez,23.0,NYK,C,26.0,0.0,233.0,49.0,81.0,0.605,1.0,5.0,0.2,48.0,76.0,0.632,0.611,12.0,28.0,0.429,22.0,45.0,67.0,21.0,8.0,7.0,26.0,32.0,111.0,0.0,,2018,2017-18
312.0,Willy Hernangómez,23.0,CHO,C,22.0,1.0,262.0,42.0,83.0,0.506,4.0,7.0,0.571,38.0,76.0,0.5,0.53,47.0,62.0,0.758,39.0,77.0,116.0,12.0,10.0,9.0,9.0,32.0,135.0,0.0,,2018,2017-18
313.0,Michael Carter-Williams,26.0,CHO,PG,52.0,2.0,835.0,76.0,229.0,0.332,14.0,59.0,0.237,62.0,170.0,0.365,0.362,73.0,89.0,0.82,37.0,101.0,138.0,116.0,44.0,23.0,52.0,99.0,239.0,0.0,,2018,2017-18
314.0,Cedi Osman,22.0,CLE,SF,61.0,12.0,672.0,90.0,186.0,0.484,32.0,87.0,0.368,58.0,99.0,0.586,0.57,26.0,46.0,0.565,19.0,101.0,120.0,41.0,22.0,3.0,32.0,78.0,238.0,0.0,,2018,2017-18
315.0,Miles Plumlee,29.0,ATL,C,55.0,35.0,918.0,105.0,180.0,0.583,0.0,0.0,,105.0,180.0,0.583,0.583,27.0,60.0,0.45,77.0,151.0,228.0,45.0,17.0,30.0,63.0,79.0,237.0,0.0,,2018,2017-18
316.0,Justin Anderson,24.0,PHI,SF,38.0,0.0,519.0,87.0,202.0,0.431,34.0,103.0,0.33,53.0,99.0,0.535,0.515,28.0,38.0,0.737,25.0,68.0,93.0,25.0,15.0,7.0,16.0,54.0,236.0,0.0,,2018,2017-18
317.0,Boban Marjanović,29.0,2TM,C,39.0,1.0,337.0,79.0,148.0,0.534,0.0,0.0,,79.0,148.0,0.534,0.534,77.0,97.0,0.794,48.0,96.0,144.0,22.0,10.0,11.0,36.0,51.0,235.0,0.0,,2018,2017-18
317.0,Boban Marjanović,29.0,DET,C,19.0,1.0,171.0,41.0,79.0,0.519,0.0,0.0,,41.0,79.0,0.519,0.519,36.0,45.0,0.8,15.0,42.0,57.0,14.0,4.0,6.0,22.0,28.0,118.0,0.0,,2018,2017-18
317.0,Boban Marjanović,29.0,LAC,C,20.0,0.0,166.0,38.0,69.0,0.551,0.0,0.0,,38.0,69.0,0.551,0.551,41.0,52.0,0.788,33.0,54.0,87.0,8.0,6.0,5.0,14.0,23.0,117.0,0.0,,2018,2017-18
318.0,Cody Zeller,25.0,CHO,C,33.0,0.0,627.0,85.0,156.0,0.545,2.0,3.0,0.667,83.0,153.0,0.542,0.551,61.0,85.0,0.718,67.0,110.0,177.0,31.0,14.0,21.0,33.0,81.0,233.0,0.0,,2018,2017-18
319.0,Jawun Evans,21.0,LAC,PG,48.0,4.0,778.0,89.0,253.0,0.352,15.0,54.0,0.278,74.0,199.0,0.372,0.381,38.0,49.0,0.776,9.0,75.0,84.0,100.0,36.0,6.0,44.0,97.0,231.0,0.0,,2018,2017-18
320.0,Shane Larkin,25.0,BOS,PG,54.0,2.0,775.0,84.0,219.0,0.384,31.0,86.0,0.36,53.0,133.0,0.398,0.454,32.0,37.0,0.865,15.0,77.0,92.0,98.0,29.0,2.0,33.0,58.0,231.0,0.0,,2018,2017-18
321.0,Wes Iwundu,23.0,ORL,SF,62.0,12.0,1020.0,93.0,218.0,0.427,9.0,46.0,0.196,84.0,172.0,0.488,0.447,34.0,47.0,0.723,36.0,101.0,137.0,57.0,33.0,12.0,30.0,81.0,229.0,0.0,,2018,2017-18
322.0,Patrick McCaw,22.0,GSW,SG,57.0,10.0,961.0,92.0,225.0,0.409,19.0,80.0,0.238,73.0,145.0,0.503,0.451,26.0,34.0,0.765,16.0,66.0,82.0,81.0,43.0,10.0,41.0,67.0,229.0,0.0,,2018,2017-18
323.0,Joffrey Lauvergne,26.0,SAS,C,55.0,1.0,534.0,98.0,190.0,0.516,0.0,5.0,0.0,98.0,185.0,0.53,0.516,30.0,47.0,0.638,63.0,108.0,171.0,41.0,9.0,3.0,33.0,45.0,226.0,0.0,,2018,2017-18
324.0,Tyler Ennis,23.0,LAL,PG,54.0,11.0,683.0,94.0,224.0,0.42,14.0,56.0,0.25,80.0,168.0,0.476,0.451,22.0,29.0,0.759,19.0,76.0,95.0,105.0,30.0,10.0,38.0,75.0,224.0,0.0,,2018,2017-18
325.0,Cameron Payne,23.0,CHI,PG,25.0,14.0,582.0,87.0,215.0,0.405,35.0,91.0,0.385,52.0,124.0,0.419,0.486,12.0,16.0,0.75,18.0,51.0,69.0,113.0,26.0,9.0,36.0,44.0,221.0,0.0,,2018,2017-18
326.0,Paul Zipser,23.0,CHI,SF,54.0,12.0,824.0,81.0,234.0,0.346,37.0,110.0,0.336,44.0,124.0,0.355,0.425,19.0,25.0,0.76,13.0,118.0,131.0,46.0,20.0,15.0,43.0,86.0,218.0,0.0,,2018,2017-18
327.0,Sterling Brown,22.0,MIL,SG,54.0,4.0,776.0,82.0,205.0,0.4,32.0,91.0,0.352,50.0,114.0,0.439,0.478,21.0,24.0,0.875,27.0,116.0,143.0,25.0,31.0,13.0,25.0,80.0,217.0,0.0,,2018,2017-18
328.0,Dwight Buycks,28.0,DET,PG,29.0,0.0,427.0,82.0,198.0,0.414,15.0,45.0,0.333,67.0,153.0,0.438,0.452,36.0,41.0,0.878,12.0,29.0,41.0,59.0,19.0,2.0,39.0,39.0,215.0,0.0,,2018,2017-18
329.0,Salah Mejri,31.0,DAL,C,61.0,1.0,729.0,88.0,137.0,0.642,0.0,3.0,0.0,88.0,134.0,0.657,0.642,38.0,66.0,0.576,85.0,161.0,246.0,35.0,22.0,67.0,39.0,121.0,214.0,0.0,,2018,2017-18
330.0,Shabazz Muhammad,25.0,2TM,SG,43.0,2.0,418.0,84.0,188.0,0.447,7.0,27.0,0.259,77.0,161.0,0.478,0.465,39.0,50.0,0.78,23.0,53.0,76.0,14.0,9.0,3.0,6.0,30.0,214.0,0.0,,2018,2017-18
330.0,Shabazz Muhammad,25.0,MIN,SF,32.0,2.0,301.0,47.0,121.0,0.388,4.0,19.0,0.211,43.0,102.0,0.422,0.405,22.0,31.0,0.71,15.0,30.0,45.0,7.0,5.0,2.0,5.0,23.0,120.0,0.0,,2018,2017-18
330.0,Shabazz Muhammad,25.0,MIL,SG,11.0,0.0,117.0,37.0,67.0,0.552,3.0,8.0,0.375,34.0,59.0,0.576,0.575,17.0,19.0,0.895,8.0,23.0,31.0,7.0,4.0,1.0,1.0,7.0,94.0,0.0,,2018,2017-18
331.0,Terrence Ross,26.0,ORL,SG,24.0,20.0,600.0,76.0,191.0,0.398,30.0,93.0,0.323,46.0,98.0,0.469,0.476,27.0,36.0,0.75,10.0,63.0,73.0,38.0,27.0,11.0,29.0,45.0,209.0,0.0,,2018,2017-18
332.0,C.J. Williams,27.0,LAC,SG,38.0,18.0,707.0,87.0,197.0,0.442,22.0,78.0,0.282,65.0,119.0,0.546,0.497,13.0,16.0,0.813,12.0,44.0,56.0,43.0,31.0,13.0,20.0,63.0,209.0,0.0,,2018,2017-18
333.0,Derrick Rose,29.0,2TM,PG,25.0,7.0,420.0,81.0,186.0,0.435,7.0,30.0,0.233,74.0,156.0,0.474,0.454,40.0,46.0,0.87,13.0,22.0,35.0,37.0,7.0,4.0,35.0,16.0,209.0,0.0,,2018,2017-18
333.0,Derrick Rose,29.0,CLE,PG,16.0,7.0,308.0,58.0,132.0,0.439,6.0,24.0,0.25,52.0,108.0,0.481,0.462,35.0,41.0,0.854,10.0,19.0,29.0,26.0,3.0,4.0,28.0,14.0,157.0,0.0,,2018,2017-18
333.0,Derrick Rose,29.0,MIN,PG,9.0,0.0,112.0,23.0,54.0,0.426,1.0,6.0,0.167,22.0,48.0,0.458,0.435,5.0,5.0,1.0,3.0,3.0,6.0,11.0,4.0,0.0,7.0,2.0,52.0,0.0,,2018,2017-18
334.0,Joe Young,25.0,IND,PG,53.0,1.0,558.0,80.0,186.0,0.43,25.0,66.0,0.379,55.0,120.0,0.458,0.497,22.0,29.0,0.759,12.0,51.0,63.0,39.0,14.0,1.0,26.0,39.0,207.0,0.0,,2018,2017-18
335.0,Mike Conley,30.0,MEM,PG,12.0,12.0,373.0,64.0,168.0,0.381,24.0,77.0,0.312,40.0,91.0,0.44,0.452,53.0,66.0,0.803,0.0,27.0,27.0,49.0,12.0,3.0,18.0,24.0,205.0,0.0,,2018,2017-18
336.0,Ivan Rabb,20.0,MEM,PF,36.0,5.0,516.0,86.0,152.0,0.566,0.0,0.0,,86.0,152.0,0.566,0.566,29.0,36.0,0.806,53.0,105.0,158.0,32.0,12.0,13.0,35.0,55.0,201.0,0.0,,2018,2017-18
337.0,Malik Beasley,21.0,DEN,SG,62.0,0.0,583.0,73.0,178.0,0.41,28.0,82.0,0.341,45.0,96.0,0.469,0.489,22.0,33.0,0.667,14.0,57.0,71.0,31.0,15.0,7.0,24.0,36.0,196.0,0.0,,2018,2017-18
338.0,Kobi Simmons,20.0,MEM,PG,32.0,12.0,643.0,80.0,189.0,0.423,11.0,39.0,0.282,69.0,150.0,0.46,0.452,25.0,25.0,1.0,14.0,36.0,50.0,68.0,18.0,5.0,44.0,61.0,196.0,0.0,,2018,2017-18
339.0,Semi Ojeleye,23.0,BOS,PF,73.0,0.0,1150.0,65.0,188.0,0.346,40.0,125.0,0.32,25.0,63.0,0.397,0.452,25.0,41.0,0.61,37.0,124.0,161.0,20.0,21.0,4.0,25.0,91.0,195.0,0.0,,2018,2017-18
340.0,Willie Reed,27.0,2TM,C,42.0,5.0,428.0,81.0,121.0,0.669,1.0,2.0,0.5,80.0,119.0,0.672,0.674,32.0,55.0,0.582,35.0,86.0,121.0,10.0,9.0,22.0,19.0,56.0,195.0,0.0,,2018,2017-18
340.0,Willie Reed,27.0,LAC,C,39.0,5.0,419.0,80.0,120.0,0.667,1.0,2.0,0.5,79.0,118.0,0.669,0.671,32.0,55.0,0.582,35.0,85.0,120.0,9.0,9.0,22.0,19.0,53.0,193.0,0.0,,2018,2017-18
340.0,Willie Reed,27.0,DET,C,3.0,0.0,9.0,1.0,1.0,1.0,0.0,0.0,,1.0,1.0,1.0,1.0,0.0,0.0,,0.0,1.0,1.0,1.0,0.0,0.0,0.0,3.0,2.0,0.0,,2018,2017-18
341.0,Andre Roberson,26.0,OKC,SG,39.0,39.0,1037.0,87.0,162.0,0.537,8.0,36.0,0.222,79.0,126.0,0.627,0.562,12.0,38.0,0.316,75.0,110.0,185.0,46.0,45.0,35.0,30.0,89.0,194.0,0.0,,2018,2017-18
342.0,Terrance Ferguson,19.0,OKC,SG,61.0,12.0,763.0,70.0,169.0,0.414,40.0,120.0,0.333,30.0,49.0,0.612,0.533,9.0,10.0,0.9,19.0,28.0,47.0,19.0,24.0,10.0,11.0,83.0,189.0,0.0,,2018,2017-18
343.0,Kenneth Faried,28.0,DEN,PF,32.0,7.0,461.0,76.0,148.0,0.514,0.0,1.0,0.0,76.0,147.0,0.517,0.514,36.0,51.0,0.706,68.0,85.0,153.0,18.0,12.0,13.0,23.0,51.0,188.0,0.0,,2018,2017-18
344.0,Tyler Cavanaugh,23.0,ATL,PF,39.0,1.0,518.0,67.0,152.0,0.441,32.0,89.0,0.36,35.0,63.0,0.556,0.546,17.0,21.0,0.81,45.0,82.0,127.0,27.0,9.0,4.0,14.0,61.0,183.0,0.0,,2018,2017-18
345.0,Raul Neto,25.0,UTA,PG,41.0,0.0,498.0,69.0,151.0,0.457,19.0,47.0,0.404,50.0,104.0,0.481,0.52,26.0,35.0,0.743,7.0,42.0,49.0,75.0,13.0,4.0,36.0,38.0,183.0,0.0,,2018,2017-18
346.0,Damyean Dotson,23.0,NYK,SG,44.0,2.0,474.0,72.0,161.0,0.447,22.0,68.0,0.324,50.0,93.0,0.538,0.516,16.0,23.0,0.696,9.0,75.0,84.0,31.0,12.0,2.0,17.0,34.0,182.0,0.0,,2018,2017-18
347.0,Nik Stauskas,24.0,2TM,SG,41.0,0.0,523.0,60.0,154.0,0.39,40.0,100.0,0.4,20.0,54.0,0.37,0.519,21.0,29.0,0.724,4.0,60.0,64.0,39.0,9.0,4.0,26.0,24.0,181.0,0.0,,2018,2017-18
347.0,Nik Stauskas,24.0,PHI,SG,6.0,0.0,45.0,1.0,4.0,0.25,0.0,1.0,0.0,1.0,3.0,0.333,0.25,2.0,2.0,1.0,0.0,1.0,1.0,1.0,4.0,0.0,4.0,3.0,4.0,0.0,,2018,2017-18
347.0,Nik Stauskas,24.0,BRK,SG,35.0,0.0,478.0,59.0,150.0,0.393,40.0,99.0,0.404,19.0,51.0,0.373,0.527,19.0,27.0,0.704,4.0,59.0,63.0,38.0,5.0,4.0,22.0,21.0,177.0,0.0,,2018,2017-18
348.0,Tarik Black,26.0,HOU,C,51.0,2.0,536.0,75.0,127.0,0.591,1.0,11.0,0.091,74.0,116.0,0.638,0.594,29.0,63.0,0.46,63.0,100.0,163.0,13.0,21.0,30.0,35.0,107.0,180.0,0.0,,2018,2017-18
349.0,Arron Afflalo,32.0,ORL,SG,53.0,3.0,682.0,65.0,162.0,0.401,27.0,70.0,0.386,38.0,92.0,0.413,0.485,22.0,26.0,0.846,4.0,62.0,66.0,30.0,4.0,9.0,21.0,56.0,179.0,0.0,,2018,2017-18
350.0,Khem Birch,25.0,ORL,C,42.0,0.0,578.0,68.0,126.0,0.54,0.0,0.0,,68.0,126.0,0.54,0.54,42.0,61.0,0.689,70.0,110.0,180.0,34.0,15.0,21.0,21.0,56.0,178.0,0.0,,2018,2017-18
351.0,Tim Frazier,27.0,WAS,PG,59.0,11.0,838.0,68.0,172.0,0.395,17.0,56.0,0.304,51.0,116.0,0.44,0.445,23.0,30.0,0.767,18.0,97.0,115.0,194.0,47.0,7.0,57.0,97.0,176.0,0.0,,2018,2017-18
352.0,Jahlil Okafor,22.0,2TM,C,28.0,0.0,353.0,77.0,138.0,0.558,1.0,4.0,0.25,76.0,134.0,0.567,0.562,21.0,29.0,0.724,21.0,64.0,85.0,12.0,3.0,18.0,21.0,51.0,176.0,0.0,,2018,2017-18
352.0,Jahlil Okafor,22.0,PHI,C,2.0,0.0,25.0,4.0,9.0,0.444,0.0,0.0,,4.0,9.0,0.444,0.444,2.0,4.0,0.5,4.0,5.0,9.0,1.0,0.0,2.0,3.0,7.0,10.0,0.0,,2018,2017-18
352.0,Jahlil Okafor,22.0,BRK,C,26.0,0.0,328.0,73.0,129.0,0.566,1.0,4.0,0.25,72.0,125.0,0.576,0.57,19.0,25.0,0.76,17.0,59.0,76.0,11.0,3.0,16.0,18.0,44.0,166.0,0.0,,2018,2017-18
353.0,Dwayne Bacon,22.0,CHO,SG,53.0,6.0,713.0,72.0,192.0,0.375,11.0,43.0,0.256,61.0,149.0,0.409,0.404,20.0,25.0,0.8,4.0,120.0,124.0,38.0,16.0,2.0,23.0,46.0,175.0,0.0,,2018,2017-18
354.0,Isaiah Canaan,26.0,2TM,SG,20.0,1.0,422.0,52.0,137.0,0.38,22.0,66.0,0.333,30.0,71.0,0.423,0.46,46.0,51.0,0.902,6.0,39.0,45.0,76.0,16.0,1.0,29.0,36.0,172.0,0.0,,2018,2017-18
354.0,Isaiah Canaan,26.0,HOU,SG,1.0,0.0,4.0,0.0,1.0,0.0,0.0,0.0,,0.0,1.0,0.0,0.0,0.0,0.0,,0.0,1.0,1.0,0.0,0.0,0.0,0.0,0.0,0.0,0.0,,2018,2017-18
354.0,Isaiah Canaan,26.0,PHO,PG,19.0,1.0,418.0,52.0,136.0,0.382,22.0,66.0,0.333,30.0,70.0,0.429,0.463,46.0,51.0,0.902,6.0,38.0,44.0,76.0,16.0,1.0,29.0,36.0,172.0,0.0,,2018,2017-18
355.0,Johnny O'Bryant,24.0,CHO,PF,36.0,0.0,379.0,68.0,171.0,0.398,14.0,43.0,0.326,54.0,128.0,0.422,0.439,21.0,25.0,0.84,29.0,64.0,93.0,14.0,9.0,6.0,15.0,45.0,171.0,0.0,,2018,2017-18
356.0,Jason Terry,40.0,MIL,SG,51.0,4.0,814.0,59.0,154.0,0.383,40.0,115.0,0.348,19.0,39.0,0.487,0.513,8.0,9.0,0.889,5.0,43.0,48.0,59.0,42.0,13.0,25.0,52.0,166.0,0.0,,2018,2017-18
357.0,Matthew Dellavedova,27.0,MIL,PG,38.0,3.0,712.0,55.0,152.0,0.362,29.0,78.0,0.372,26.0,74.0,0.351,0.457,25.0,27.0,0.926,14.0,50.0,64.0,145.0,14.0,0.0,49.0,67.0,164.0,0.0,,2018,2017-18
358.0,Torrey Craig,27.0,DEN,SF,39.0,5.0,629.0,62.0,137.0,0.453,17.0,58.0,0.293,45.0,79.0,0.57,0.515,22.0,35.0,0.629,40.0,87.0,127.0,25.0,12.0,15.0,20.0,63.0,163.0,0.0,,2018,2017-18
359.0,Ekpe Udoh,30.0,UTA,C,63.0,3.0,810.0,60.0,120.0,0.5,0.0,1.0,0.0,60.0,119.0,0.504,0.5,42.0,56.0,0.75,68.0,82.0,150.0,53.0,43.0,74.0,20.0,105.0,162.0,0.0,,2018,2017-18
360.0,Damion Lee,25.0,ATL,SG,15.0,11.0,404.0,62.0,152.0,0.408,15.0,60.0,0.25,47.0,92.0,0.511,0.457,22.0,29.0,0.759,11.0,60.0,71.0,29.0,19.0,1.0,14.0,25.0,161.0,0.0,,2018,2017-18
361.0,Ivica Zubac,20.0,LAL,C,43.0,0.0,410.0,61.0,122.0,0.5,0.0,1.0,0.0,61.0,121.0,0.504,0.5,39.0,51.0,0.765,45.0,78.0,123.0,25.0,8.0,15.0,26.0,47.0,161.0,0.0,,2018,2017-18
362.0,Josh Huestis,26.0,OKC,PF,69.0,10.0,982.0,60.0,182.0,0.33,33.0,115.0,0.287,27.0,67.0,0.403,0.42,6.0,20.0,0.3,42.0,119.0,161.0,20.0,15.0,43.0,26.0,82.0,159.0,0.0,,2018,2017-18
363.0,T.J. Leaf,20.0,IND,PF,53.0,0.0,459.0,64.0,136.0,0.471,18.0,42.0,0.429,46.0,94.0,0.489,0.537,10.0,16.0,0.625,29.0,53.0,82.0,9.0,5.0,4.0,10.0,45.0,156.0,0.0,,2018,2017-18
364.0,Jared Dudley,32.0,PHO,PF,48.0,0.0,686.0,48.0,122.0,0.393,29.0,80.0,0.363,19.0,42.0,0.452,0.512,27.0,35.0,0.771,8.0,86.0,94.0,78.0,24.0,11.0,28.0,85.0,152.0,0.0,,2018,2017-18
365.0,Shaquille Harrison,24.0,PHO,PG,23.0,2.0,384.0,59.0,124.0,0.476,6.0,26.0,0.231,53.0,98.0,0.541,0.5,28.0,38.0,0.737,9.0,52.0,61.0,55.0,26.0,7.0,22.0,42.0,152.0,0.0,,2018,2017-18
366.0,Danuel House Jr.,24.0,PHO,SG,23.0,3.0,403.0,56.0,129.0,0.434,15.0,58.0,0.259,41.0,71.0,0.577,0.492,25.0,31.0,0.806,13.0,63.0,76.0,25.0,7.0,6.0,11.0,23.0,152.0,0.0,,2018,2017-18
367.0,Antonio Blakeney,21.0,CHI,SG,19.0,0.0,314.0,53.0,143.0,0.371,15.0,52.0,0.288,38.0,91.0,0.418,0.423,30.0,39.0,0.769,4.0,29.0,33.0,20.0,7.0,1.0,11.0,19.0,151.0,0.0,,2018,2017-18
368.0,Henry Ellenson,21.0,DET,PF,38.0,0.0,329.0,53.0,146.0,0.363,20.0,60.0,0.333,33.0,86.0,0.384,0.432,25.0,29.0,0.862,10.0,71.0,81.0,20.0,5.0,0.0,18.0,22.0,151.0,0.0,,2018,2017-18
369.0,Brandon Paul,26.0,SAS,SG,64.0,2.0,576.0,55.0,127.0,0.433,15.0,54.0,0.278,40.0,73.0,0.548,0.492,22.0,43.0,0.512,6.0,62.0,68.0,37.0,25.0,7.0,29.0,58.0,147.0,0.0,,2018,2017-18
370.0,Kawhi Leonard,26.0,SAS,SF,9.0,9.0,210.0,52.0,111.0,0.468,11.0,35.0,0.314,41.0,76.0,0.539,0.518,31.0,38.0,0.816,6.0,36.0,42.0,21.0,18.0,9.0,16.0,9.0,146.0,0.0,,2018,2017-18
371.0,Abdel Nader,24.0,BOS,SF,48.0,1.0,522.0,50.0,149.0,0.336,23.0,65.0,0.354,27.0,84.0,0.321,0.413,23.0,39.0,0.59,13.0,58.0,71.0,26.0,15.0,10.0,34.0,45.0,146.0,0.0,,2018,2017-18
372.0,Jonathan Isaac,20.0,ORL,PF,27.0,10.0,536.0,55.0,145.0,0.379,16.0,46.0,0.348,39.0,99.0,0.394,0.434,19.0,25.0,0.76,16.0,83.0,99.0,18.0,33.0,30.0,27.0,48.0,145.0,0.0,,2018,2017-18
373.0,Eric Moreland,26.0,DET,PF,67.0,3.0,805.0,66.0,122.0,0.541,0.0,0.0,,66.0,122.0,0.541,0.541,11.0,29.0,0.379,81.0,197.0,278.0,78.0,31.0,51.0,42.0,116.0,143.0,0.0,,2018,2017-18
374.0,MarShon Brooks,29.0,MEM,SG,7.0,1.0,193.0,51.0,102.0,0.5,19.0,32.0,0.594,32.0,70.0,0.457,0.593,20.0,23.0,0.87,8.0,13.0,21.0,25.0,11.0,3.0,16.0,6.0,141.0,0.0,,2018,2017-18
375.0,Brandan Wright,30.0,2TM,PF,28.0,1.0,381.0,59.0,102.0,0.578,0.0,0.0,,59.0,102.0,0.578,0.578,21.0,33.0,0.636,33.0,62.0,95.0,13.0,13.0,26.0,8.0,32.0,139.0,0.0,,2018,2017-18
375.0,Brandan Wright,30.0,MEM,PF,27.0,1.0,366.0,57.0,99.0,0.576,0.0,0.0,,57.0,99.0,0.576,0.576,21.0,33.0,0.636,32.0,61.0,93.0,13.0,13.0,25.0,8.0,29.0,135.0,0.0,,2018,2017-18
375.0,Brandan Wright,30.0,HOU,PF,1.0,0.0,15.0,2.0,3.0,0.667,0.0,0.0,,2.0,3.0,0.667,0.667,0.0,0.0,,1.0,1.0,2.0,0.0,0.0,1.0,0.0,3.0,4.0,0.0,,2018,2017-18
376.0,DeAndre' Bembry,23.0,ATL,SF,26.0,3.0,455.0,53.0,128.0,0.414,11.0,30.0,0.367,42.0,98.0,0.429,0.457,19.0,33.0,0.576,8.0,64.0,72.0,49.0,21.0,12.0,47.0,38.0,136.0,0.0,,2018,2017-18
377.0,Ramon Sessions,31.0,2TM,PG,28.0,3.0,392.0,42.0,117.0,0.359,8.0,26.0,0.308,34.0,91.0,0.374,0.393,44.0,57.0,0.772,6.0,32.0,38.0,77.0,14.0,2.0,30.0,29.0,136.0,0.0,,2018,2017-18
377.0,Ramon Sessions,31.0,NYK,PG,13.0,3.0,167.0,17.0,53.0,0.321,2.0,11.0,0.182,15.0,42.0,0.357,0.34,12.0,15.0,0.8,1.0,17.0,18.0,27.0,7.0,1.0,15.0,14.0,48.0,0.0,,2018,2017-18
377.0,Ramon Sessions,31.0,WAS,PG,15.0,0.0,225.0,25.0,64.0,0.391,6.0,15.0,0.4,19.0,49.0,0.388,0.438,32.0,42.0,0.762,5.0,15.0,20.0,50.0,7.0,1.0,15.0,15.0,88.0,0.0,,2018,2017-18
378.0,Patrick Beverley,29.0,LAC,SG,11.0,11.0,334.0,48.0,119.0,0.403,24.0,60.0,0.4,24.0,59.0,0.407,0.504,14.0,17.0,0.824,16.0,29.0,45.0,32.0,19.0,5.0,25.0,34.0,134.0,0.0,,2018,2017-18
379.0,Alex Caruso,23.0,LAL,PG,37.0,7.0,562.0,50.0,116.0,0.431,13.0,43.0,0.302,37.0,73.0,0.507,0.487,21.0,30.0,0.7,15.0,50.0,65.0,75.0,23.0,10.0,42.0,52.0,134.0,0.0,,2018,2017-18
380.0,Luke Kornet,22.0,NYK,C,20.0,1.0,326.0,49.0,125.0,0.392,28.0,79.0,0.354,21.0,46.0,0.457,0.504,8.0,11.0,0.727,11.0,53.0,64.0,26.0,6.0,16.0,12.0,28.0,134.0,0.0,,2018,2017-18
381.0,Troy Williams,23.0,2TM,SF,21.0,1.0,307.0,51.0,109.0,0.468,11.0,38.0,0.289,40.0,71.0,0.563,0.518,20.0,30.0,0.667,22.0,41.0,63.0,16.0,20.0,4.0,19.0,34.0,133.0,0.0,,2018,2017-18
381.0,Troy Williams,23.0,HOU,SF,4.0,0.0,17.0,2.0,9.0,0.222,0.0,5.0,0.0,2.0,4.0,0.5,0.222,1.0,3.0,0.333,1.0,3.0,4.0,1.0,1.0,0.0,1.0,2.0,5.0,0.0,,2018,2017-18
381.0,Troy Williams,23.0,NYK,SF,17.0,1.0,290.0,49.0,100.0,0.49,11.0,33.0,0.333,38.0,67.0,0.567,0.545,19.0,27.0,0.704,21.0,38.0,59.0,15.0,19.0,4.0,18.0,32.0,128.0,0.0,,2018,2017-18
382.0,Timofey Mozgov,31.0,BRK,C,31.0,13.0,359.0,52.0,93.0,0.559,4.0,18.0,0.222,48.0,75.0,0.64,0.581,23.0,30.0,0.767,32.0,66.0,98.0,11.0,5.0,13.0,33.0,39.0,131.0,0.0,,2018,2017-18
383.0,Nerlens Noel,23.0,DAL,C,30.0,6.0,472.0,55.0,105.0,0.524,0.0,1.0,0.0,55.0,104.0,0.529,0.524,21.0,28.0,0.75,48.0,120.0,168.0,20.0,31.0,22.0,26.0,59.0,131.0,0.0,,2018,2017-18
384.0,Dorian Finney-Smith,24.0,DAL,PF,21.0,13.0,448.0,46.0,121.0,0.38,20.0,67.0,0.299,26.0,54.0,0.481,0.463,11.0,15.0,0.733,22.0,53.0,75.0,26.0,10.0,4.0,21.0,43.0,123.0,0.0,,2018,2017-18
385.0,Lucas Nogueira,25.0,TOR,C,49.0,3.0,418.0,49.0,80.0,0.613,5.0,19.0,0.263,44.0,61.0,0.721,0.644,19.0,28.0,0.679,18.0,69.0,87.0,22.0,23.0,43.0,16.0,49.0,122.0,0.0,,2018,2017-18
386.0,Ante Žižić,21.0,CLE,C,32.0,2.0,214.0,49.0,67.0,0.731,0.0,0.0,,49.0,67.0,0.731,0.731,21.0,29.0,0.724,24.0,36.0,60.0,5.0,2.0,13.0,11.0,30.0,119.0,0.0,,2018,2017-18
387.0,Dante Exum,22.0,UTA,PG,14.0,0.0,235.0,42.0,87.0,0.483,5.0,18.0,0.278,37.0,69.0,0.536,0.511,25.0,31.0,0.806,4.0,22.0,26.0,43.0,8.0,3.0,20.0,20.0,114.0,0.0,,2018,2017-18
388.0,Emeka Okafor,35.0,NOP,C,26.0,19.0,353.0,48.0,95.0,0.505,0.0,0.0,,48.0,95.0,0.505,0.505,18.0,22.0,0.818,47.0,73.0,120.0,8.0,8.0,25.0,13.0,30.0,114.0,0.0,,2018,2017-18
389.0,Jason Smith,31.0,WAS,C,33.0,2.0,285.0,45.0,115.0,0.391,4.0,32.0,0.125,41.0,83.0,0.494,0.409,19.0,21.0,0.905,18.0,35.0,53.0,14.0,3.0,13.0,16.0,44.0,113.0,0.0,,2018,2017-18
390.0,Meyers Leonard,25.0,POR,C,33.0,2.0,254.0,46.0,78.0,0.59,11.0,26.0,0.423,35.0,52.0,0.673,0.66,9.0,11.0,0.818,12.0,58.0,70.0,17.0,7.0,0.0,10.0,36.0,112.0,0.0,,2018,2017-18
391.0,Myke Henry,25.0,MEM,SF,20.0,0.0,378.0,41.0,109.0,0.376,19.0,58.0,0.328,22.0,51.0,0.431,0.463,6.0,10.0,0.6,10.0,28.0,38.0,22.0,31.0,6.0,19.0,28.0,107.0,0.0,,2018,2017-18
392.0,Jamil Wilson,27.0,LAC,SF,15.0,10.0,274.0,38.0,81.0,0.469,27.0,63.0,0.429,11.0,18.0,0.611,0.636,2.0,4.0,0.5,3.0,29.0,32.0,10.0,5.0,8.0,8.0,34.0,105.0,0.0,,2018,2017-18
393.0,Tony Allen,36.0,NOP,SF,22.0,0.0,273.0,44.0,91.0,0.484,4.0,12.0,0.333,40.0,79.0,0.506,0.505,11.0,21.0,0.524,20.0,27.0,47.0,9.0,11.0,3.0,19.0,49.0,103.0,0.0,,2018,2017-18
394.0,JaKarr Sampson,24.0,SAC,SF,22.0,6.0,344.0,44.0,81.0,0.543,5.0,10.0,0.5,39.0,71.0,0.549,0.574,10.0,16.0,0.625,21.0,57.0,78.0,9.0,8.0,22.0,8.0,48.0,103.0,0.0,,2018,2017-18
395.0,Kyle Collinsworth,26.0,DAL,SF,32.0,2.0,480.0,38.0,99.0,0.384,4.0,17.0,0.235,34.0,82.0,0.415,0.404,21.0,40.0,0.525,32.0,75.0,107.0,56.0,17.0,9.0,24.0,44.0,101.0,0.0,,2018,2017-18
396.0,DeAndre Liggins,29.0,2TM,SG,58.0,4.0,724.0,40.0,106.0,0.377,19.0,53.0,0.358,21.0,53.0,0.396,0.467,2.0,5.0,0.4,7.0,68.0,75.0,48.0,37.0,14.0,20.0,81.0,101.0,0.0,,2018,2017-18
396.0,DeAndre Liggins,29.0,MIL,SG,31.0,1.0,480.0,22.0,65.0,0.338,11.0,36.0,0.306,11.0,29.0,0.379,0.423,2.0,5.0,0.4,5.0,44.0,49.0,27.0,27.0,10.0,13.0,61.0,57.0,0.0,,2018,2017-18
396.0,DeAndre Liggins,29.0,NOP,SG,27.0,3.0,244.0,18.0,41.0,0.439,8.0,17.0,0.471,10.0,24.0,0.417,0.537,0.0,0.0,,2.0,24.0,26.0,21.0,10.0,4.0,7.0,20.0,44.0,0.0,,2018,2017-18
397.0,Markelle Fultz,19.0,PHI,SG,14.0,0.0,253.0,45.0,111.0,0.405,0.0,1.0,0.0,45.0,110.0,0.409,0.405,10.0,21.0,0.476,11.0,32.0,43.0,53.0,12.0,4.0,17.0,22.0,100.0,1.0,,2018,2017-18
398.0,Isaiah Whitehead,22.0,BRK,PG,16.0,0.0,180.0,40.0,86.0,0.465,7.0,18.0,0.389,33.0,68.0,0.485,0.506,13.0,19.0,0.684,4.0,22.0,26.0,20.0,8.0,2.0,24.0,23.0,100.0,0.0,,2018,2017-18
399.0,Johnathan Motley,22.0,DAL,PF,11.0,4.0,176.0,40.0,75.0,0.533,1.0,6.0,0.167,39.0,69.0,0.565,0.54,15.0,28.0,0.536,14.0,35.0,49.0,7.0,3.0,2.0,9.0,18.0,96.0,0.0,,2018,2017-18
400.0,Rodney Purvis,23.0,ORL,SG,16.0,2.0,290.0,35.0,107.0,0.327,13.0,52.0,0.25,22.0,55.0,0.4,0.388,13.0,15.0,0.867,1.0,26.0,27.0,17.0,3.0,3.0,10.0,26.0,96.0,0.0,,2018,2017-18
401.0,Glenn Robinson III,24.0,IND,SF,23.0,1.0,338.0,36.0,85.0,0.424,14.0,34.0,0.412,22.0,51.0,0.431,0.506,9.0,11.0,0.818,11.0,26.0,37.0,17.0,13.0,1.0,5.0,14.0,95.0,0.0,,2018,2017-18
402.0,Jordan Mickey,23.0,MIA,PF,23.0,3.0,284.0,39.0,82.0,0.476,2.0,16.0,0.125,37.0,66.0,0.561,0.488,13.0,19.0,0.684,18.0,63.0,81.0,9.0,6.0,10.0,18.0,36.0,93.0,0.0,,2018,2017-18
403.0,Rodney McGruder,26.0,MIA,SG,18.0,2.0,299.0,36.0,73.0,0.493,15.0,35.0,0.429,21.0,38.0,0.553,0.596,4.0,8.0,0.5,11.0,22.0,33.0,17.0,8.0,3.0,4.0,21.0,91.0,0.0,,2018,2017-18
404.0,Malachi Richardson,22.0,2TM,SG,26.0,4.0,324.0,30.0,90.0,0.333,12.0,40.0,0.3,18.0,50.0,0.36,0.4,17.0,22.0,0.773,5.0,29.0,34.0,13.0,10.0,1.0,10.0,27.0,89.0,0.0,,2018,2017-18
404.0,Malachi Richardson,22.0,SAC,SG,25.0,4.0,319.0,29.0,88.0,0.33,12.0,39.0,0.308,17.0,49.0,0.347,0.398,17.0,22.0,0.773,5.0,28.0,33.0,13.0,10.0,1.0,10.0,27.0,87.0,0.0,,2018,2017-18
404.0,Malachi Richardson,22.0,TOR,SG,1.0,0.0,5.0,1.0,2.0,0.5,0.0,1.0,0.0,1.0,1.0,1.0,0.5,0.0,0.0,,0.0,1.0,1.0,0.0,0.0,0.0,0.0,0.0,2.0,0.0,,2018,2017-18
405.0,Juancho Hernangómez,22.0,DEN,PF,25.0,3.0,277.0,29.0,75.0,0.387,14.0,50.0,0.28,15.0,25.0,0.6,0.48,10.0,12.0,0.833,18.0,36.0,54.0,12.0,6.0,3.0,9.0,25.0,82.0,0.0,,2018,2017-18
406.0,Alec Peters,22.0,PHO,PF,20.0,0.0,225.0,28.0,74.0,0.378,18.0,58.0,0.31,10.0,16.0,0.625,0.5,8.0,10.0,0.8,8.0,29.0,37.0,12.0,2.0,2.0,4.0,13.0,82.0,0.0,,2018,2017-18
407.0,Isaiah Hicks,23.0,NYK,PF,18.0,0.0,240.0,33.0,72.0,0.458,2.0,9.0,0.222,31.0,63.0,0.492,0.472,12.0,18.0,0.667,10.0,31.0,41.0,16.0,2.0,4.0,16.0,45.0,80.0,0.0,,2018,2017-18
408.0,Guerschon Yabusele,22.0,BOS,PF,33.0,4.0,235.0,26.0,61.0,0.426,12.0,37.0,0.324,14.0,24.0,0.583,0.525,15.0,22.0,0.682,17.0,35.0,52.0,16.0,4.0,5.0,12.0,23.0,79.0,0.0,,2018,2017-18
409.0,Jamel Artis,25.0,ORL,SG,15.0,1.0,279.0,31.0,79.0,0.392,8.0,29.0,0.276,23.0,50.0,0.46,0.443,7.0,12.0,0.583,4.0,34.0,38.0,18.0,2.0,3.0,8.0,11.0,77.0,0.0,,2018,2017-18
410.0,Aaron Brooks,33.0,MIN,PG,32.0,1.0,189.0,28.0,69.0,0.406,11.0,31.0,0.355,17.0,38.0,0.447,0.486,8.0,11.0,0.727,7.0,10.0,17.0,20.0,6.0,0.0,11.0,28.0,75.0,0.0,,2018,2017-18
411.0,Travis Wear,27.0,LAL,SF,17.0,0.0,228.0,25.0,72.0,0.347,17.0,47.0,0.362,8.0,25.0,0.32,0.465,8.0,8.0,1.0,0.0,38.0,38.0,7.0,4.0,5.0,6.0,30.0,75.0,0.0,,2018,2017-18
412.0,Jalen Jones,24.0,2TM,SF,16.0,0.0,181.0,26.0,68.0,0.382,10.0,26.0,0.385,16.0,42.0,0.381,0.456,12.0,19.0,0.632,13.0,25.0,38.0,4.0,5.0,1.0,7.0,22.0,74.0,0.0,,2018,2017-18
412.0,Jalen Jones,24.0,NOP,SF,4.0,0.0,19.0,1.0,4.0,0.25,1.0,1.0,1.0,0.0,3.0,0.0,0.375,2.0,2.0,1.0,0.0,3.0,3.0,0.0,0.0,0.0,0.0,2.0,5.0,0.0,,2018,2017-18
412.0,Jalen Jones,24.0,DAL,SF,12.0,0.0,162.0,25.0,64.0,0.391,9.0,25.0,0.36,16.0,39.0,0.41,0.461,10.0,17.0,0.588,13.0,22.0,35.0,4.0,5.0,1.0,7.0,20.0,69.0,0.0,,2018,2017-18
413.0,Brandon Jennings,28.0,MIL,PG,14.0,0.0,205.0,27.0,72.0,0.375,9.0,33.0,0.273,18.0,39.0,0.462,0.438,10.0,10.0,1.0,5.0,26.0,31.0,44.0,6.0,4.0,18.0,11.0,73.0,0.0,,2018,2017-18
414.0,Ron Baker,24.0,NYK,SG,29.0,1.0,385.0,20.0,59.0,0.339,11.0,33.0,0.333,9.0,26.0,0.346,0.432,20.0,26.0,0.769,5.0,25.0,30.0,47.0,26.0,6.0,18.0,33.0,71.0,0.0,,2018,2017-18
415.0,Mirza Teletović,32.0,MIL,PF,10.0,0.0,159.0,25.0,57.0,0.439,21.0,45.0,0.467,4.0,12.0,0.333,0.623,0.0,0.0,,3.0,20.0,23.0,10.0,4.0,1.0,7.0,14.0,71.0,0.0,,2018,2017-18
416.0,Andrew White,24.0,ATL,SF,15.0,0.0,209.0,25.0,73.0,0.342,18.0,49.0,0.367,7.0,24.0,0.292,0.466,1.0,4.0,0.25,4.0,30.0,34.0,6.0,3.0,1.0,8.0,12.0,69.0,0.0,,2018,2017-18
417.0,Gary Payton II,25.0,2TM,PG,23.0,6.0,221.0,30.0,74.0,0.405,6.0,25.0,0.24,24.0,49.0,0.49,0.446,3.0,9.0,0.333,13.0,31.0,44.0,21.0,7.0,3.0,7.0,30.0,69.0,0.0,,2018,2017-18
417.0,Gary Payton II,25.0,MIL,PG,12.0,6.0,106.0,13.0,33.0,0.394,2.0,12.0,0.167,11.0,21.0,0.524,0.424,2.0,3.0,0.667,4.0,13.0,17.0,9.0,3.0,1.0,3.0,17.0,30.0,0.0,,2018,2017-18
417.0,Gary Payton II,25.0,LAL,PG,11.0,0.0,115.0,17.0,41.0,0.415,4.0,13.0,0.308,13.0,28.0,0.464,0.463,1.0,6.0,0.167,9.0,18.0,27.0,12.0,4.0,2.0,4.0,13.0,39.0,0.0,,2018,2017-18
418.0,Rashad Vaughn,21.0,3TM,SG,28.0,0.0,212.0,23.0,56.0,0.411,14.0,37.0,0.378,9.0,19.0,0.474,0.536,4.0,6.0,0.667,3.0,18.0,21.0,13.0,5.0,3.0,6.0,15.0,64.0,0.0,,2018,2017-18
418.0,Rashad Vaughn,21.0,MIL,SG,22.0,0.0,173.0,21.0,50.0,0.42,13.0,35.0,0.371,8.0,15.0,0.533,0.55,4.0,6.0,0.667,2.0,15.0,17.0,12.0,4.0,3.0,4.0,12.0,59.0,0.0,,2018,2017-18
418.0,Rashad Vaughn,21.0,BRK,SG,1.0,0.0,4.0,0.0,0.0,,0.0,0.0,,0.0,0.0,,,0.0,0.0,,0.0,0.0,0.0,1.0,0.0,0.0,0.0,1.0,0.0,0.0,,2018,2017-18
418.0,Rashad Vaughn,21.0,ORL,SG,5.0,0.0,35.0,2.0,6.0,0.333,1.0,2.0,0.5,1.0,4.0,0.25,0.417,0.0,0.0,,1.0,3.0,4.0,0.0,1.0,0.0,2.0,2.0,5.0,0.0,,2018,2017-18
419.0,Davon Reed,22.0,PHO,SG,21.0,1.0,242.0,22.0,76.0,0.289,11.0,38.0,0.289,11.0,38.0,0.289,0.362,8.0,12.0,0.667,2.0,37.0,39.0,13.0,10.0,2.0,10.0,17.0,63.0,0.0,,2018,2017-18
420.0,Iman Shumpert,27.0,CLE,SG,14.0,6.0,276.0,22.0,58.0,0.379,7.0,26.0,0.269,15.0,32.0,0.469,0.44,11.0,15.0,0.733,7.0,34.0,41.0,17.0,9.0,4.0,16.0,22.0,62.0,0.0,,2018,2017-18
421.0,Caleb Swanigan,20.0,POR,PF,27.0,3.0,189.0,24.0,60.0,0.4,1.0,8.0,0.125,23.0,52.0,0.442,0.408,12.0,18.0,0.667,15.0,39.0,54.0,14.0,5.0,3.0,18.0,37.0,61.0,0.0,,2018,2017-18
422.0,Derrick Jones Jr.,20.0,2TM,SF,20.0,8.0,245.0,21.0,53.0,0.396,3.0,18.0,0.167,18.0,35.0,0.514,0.425,16.0,24.0,0.667,21.0,17.0,38.0,9.0,4.0,13.0,7.0,24.0,61.0,0.0,,2018,2017-18
422.0,Derrick Jones Jr.,20.0,PHO,SF,6.0,0.0,33.0,2.0,4.0,0.5,0.0,2.0,0.0,2.0,2.0,1.0,0.5,5.0,6.0,0.833,2.0,2.0,4.0,3.0,1.0,4.0,1.0,2.0,9.0,0.0,,2018,2017-18
422.0,Derrick Jones Jr.,20.0,MIA,SF,14.0,8.0,212.0,19.0,49.0,0.388,3.0,16.0,0.188,16.0,33.0,0.485,0.418,11.0,18.0,0.611,19.0,15.0,34.0,6.0,3.0,9.0,6.0,22.0,52.0,0.0,,2018,2017-18
423.0,Aaron Harrison,23.0,DAL,SG,9.0,3.0,233.0,19.0,69.0,0.275,9.0,43.0,0.209,10.0,26.0,0.385,0.341,13.0,17.0,0.765,4.0,20.0,24.0,11.0,9.0,2.0,3.0,27.0,60.0,0.0,,2018,2017-18
424.0,Marcus Georges-Hunt,23.0,MIN,SG,42.0,0.0,224.0,21.0,48.0,0.438,4.0,15.0,0.267,17.0,33.0,0.515,0.479,13.0,21.0,0.619,7.0,9.0,16.0,7.0,6.0,0.0,3.0,32.0,59.0,0.0,,2018,2017-18
425.0,Kay Felder,22.0,2TM,PG,16.0,0.0,140.0,21.0,70.0,0.3,4.0,19.0,0.211,17.0,51.0,0.333,0.329,11.0,12.0,0.917,3.0,15.0,18.0,20.0,3.0,1.0,16.0,11.0,57.0,0.0,,2018,2017-18
425.0,Kay Felder,22.0,CHI,PG,14.0,0.0,134.0,20.0,66.0,0.303,4.0,18.0,0.222,16.0,48.0,0.333,0.333,11.0,12.0,0.917,1.0,13.0,14.0,20.0,3.0,1.0,15.0,11.0,55.0,0.0,,2018,2017-18
425.0,Kay Felder,22.0,DET,PG,2.0,0.0,6.0,1.0,4.0,0.25,0.0,1.0,0.0,1.0,3.0,0.333,0.25,0.0,0.0,,2.0,2.0,4.0,0.0,0.0,0.0,1.0,0.0,2.0,0.0,,2018,2017-18
426.0,Dakari Johnson,22.0,OKC,C,31.0,6.0,161.0,22.0,39.0,0.564,0.0,0.0,,22.0,39.0,0.564,0.564,11.0,20.0,0.55,16.0,18.0,34.0,8.0,6.0,8.0,3.0,27.0,55.0,0.0,,2018,2017-18
427.0,Darrell Arthur,29.0,DEN,PF,19.0,1.0,141.0,22.0,47.0,0.468,8.0,23.0,0.348,14.0,24.0,0.583,0.553,2.0,3.0,0.667,3.0,12.0,15.0,9.0,8.0,3.0,15.0,22.0,54.0,0.0,,2018,2017-18
428.0,John Holland,29.0,CLE,SF,24.0,0.0,174.0,17.0,59.0,0.288,11.0,36.0,0.306,6.0,23.0,0.261,0.381,9.0,13.0,0.692,6.0,18.0,24.0,5.0,7.0,2.0,8.0,10.0,54.0,0.0,,2018,2017-18
429.0,Derrick White,23.0,SAS,PG,17.0,0.0,139.0,16.0,33.0,0.485,8.0,13.0,0.615,8.0,20.0,0.4,0.606,14.0,20.0,0.7,5.0,21.0,26.0,9.0,4.0,3.0,6.0,8.0,54.0,0.0,,2018,2017-18
430.0,Bobby Brown,33.0,HOU,PG,20.0,0.0,115.0,19.0,58.0,0.328,11.0,40.0,0.275,8.0,18.0,0.444,0.422,1.0,2.0,0.5,0.0,7.0,7.0,11.0,4.0,0.0,9.0,6.0,50.0,0.0,,2018,2017-18
431.0,Briante Weber,25.0,2TM,PG,18.0,0.0,237.0,19.0,43.0,0.442,4.0,11.0,0.364,15.0,32.0,0.469,0.488,8.0,10.0,0.8,8.0,27.0,35.0,22.0,18.0,5.0,15.0,28.0,50.0,0.0,,2018,2017-18
431.0,Briante Weber,25.0,HOU,PG,13.0,0.0,118.0,9.0,22.0,0.409,4.0,9.0,0.444,5.0,13.0,0.385,0.5,4.0,4.0,1.0,3.0,15.0,18.0,13.0,10.0,3.0,7.0,18.0,26.0,0.0,,2018,2017-18
431.0,Briante Weber,25.0,MEM,PG,5.0,0.0,119.0,10.0,21.0,0.476,0.0,2.0,0.0,10.0,19.0,0.526,0.476,4.0,6.0,0.667,5.0,12.0,17.0,9.0,8.0,2.0,8.0,10.0,24.0,0.0,,2018,2017-18
432.0,Ryan Arcidiacono,23.0,CHI,PG,24.0,0.0,304.0,17.0,41.0,0.415,9.0,31.0,0.29,8.0,10.0,0.8,0.524,5.0,6.0,0.833,1.0,24.0,25.0,35.0,13.0,0.0,13.0,18.0,48.0,0.0,,2018,2017-18
433.0,Josh Magette,28.0,ATL,PG,18.0,0.0,216.0,15.0,46.0,0.326,8.0,22.0,0.364,7.0,24.0,0.292,0.413,8.0,8.0,1.0,2.0,17.0,19.0,57.0,8.0,1.0,9.0,16.0,46.0,0.0,,2018,2017-18
434.0,Chris McCullough,22.0,WAS,PF,19.0,0.0,90.0,18.0,42.0,0.429,1.0,8.0,0.125,17.0,34.0,0.5,0.44,9.0,14.0,0.643,7.0,18.0,25.0,4.0,0.0,5.0,2.0,8.0,46.0,0.0,,2018,2017-18
435.0,Quincy Pondexter,29.0,CHI,SF,23.0,1.0,196.0,14.0,49.0,0.286,3.0,22.0,0.136,11.0,27.0,0.407,0.316,14.0,17.0,0.824,8.0,19.0,27.0,9.0,8.0,2.0,11.0,24.0,45.0,0.0,,2018,2017-18
436.0,Jon Leuer,28.0,DET,PF,8.0,0.0,136.0,15.0,36.0,0.417,0.0,3.0,0.0,15.0,33.0,0.455,0.417,13.0,15.0,0.867,7.0,25.0,32.0,5.0,1.0,3.0,7.0,16.0,43.0,0.0,,2018,2017-18
437.0,Brice Johnson,23.0,2TM,PF,18.0,0.0,98.0,20.0,42.0,0.476,0.0,1.0,0.0,20.0,41.0,0.488,0.476,3.0,5.0,0.6,9.0,22.0,31.0,2.0,9.0,6.0,5.0,13.0,43.0,0.0,,2018,2017-18
437.0,Brice Johnson,23.0,LAC,PF,9.0,0.0,38.0,7.0,11.0,0.636,0.0,1.0,0.0,7.0,10.0,0.7,0.636,2.0,2.0,1.0,2.0,11.0,13.0,1.0,6.0,2.0,4.0,7.0,16.0,0.0,,2018,2017-18
437.0,Brice Johnson,23.0,MEM,PF,9.0,0.0,60.0,13.0,31.0,0.419,0.0,0.0,,13.0,31.0,0.419,0.419,1.0,3.0,0.333,7.0,11.0,18.0,1.0,3.0,4.0,1.0,6.0,27.0,0.0,,2018,2017-18
438.0,Jack Cooley,26.0,SAC,PF,7.0,0.0,87.0,13.0,27.0,0.481,0.0,0.0,,13.0,27.0,0.481,0.481,14.0,19.0,0.737,14.0,16.0,30.0,6.0,1.0,0.0,3.0,13.0,40.0,0.0,,2018,2017-18
439.0,Jabari Bird,23.0,BOS,SG,13.0,1.0,115.0,15.0,26.0,0.577,3.0,7.0,0.429,12.0,19.0,0.632,0.635,6.0,13.0,0.462,6.0,13.0,19.0,8.0,3.0,1.0,8.0,7.0,39.0,0.0,,2018,2017-18
440.0,Wade Baldwin,21.0,POR,PG,7.0,0.0,80.0,14.0,21.0,0.667,4.0,5.0,0.8,10.0,16.0,0.625,0.762,6.0,10.0,0.6,1.0,7.0,8.0,5.0,2.0,1.0,4.0,12.0,38.0,0.0,,2018,2017-18
441.0,Malcolm Miller,24.0,TOR,SF,15.0,4.0,126.0,13.0,28.0,0.464,8.0,21.0,0.381,5.0,7.0,0.714,0.607,4.0,4.0,1.0,4.0,11.0,15.0,3.0,1.0,2.0,5.0,10.0,38.0,0.0,,2018,2017-18
442.0,Andrew Bogut,33.0,LAL,C,24.0,5.0,216.0,17.0,25.0,0.68,0.0,0.0,,17.0,25.0,0.68,0.68,2.0,2.0,1.0,26.0,52.0,78.0,15.0,4.0,13.0,19.0,40.0,36.0,0.0,,2018,2017-18
443.0,Georgios Papagiannis,20.0,2TM,C,17.0,0.0,122.0,18.0,42.0,0.429,0.0,0.0,,18.0,42.0,0.429,0.429,0.0,0.0,,13.0,24.0,37.0,9.0,4.0,6.0,8.0,12.0,36.0,0.0,,2018,2017-18
443.0,Georgios Papagiannis,20.0,SAC,C,16.0,0.0,118.0,17.0,41.0,0.415,0.0,0.0,,17.0,41.0,0.415,0.415,0.0,0.0,,12.0,24.0,36.0,9.0,2.0,6.0,8.0,12.0,34.0,0.0,,2018,2017-18
443.0,Georgios Papagiannis,20.0,POR,C,1.0,0.0,4.0,1.0,1.0,1.0,0.0,0.0,,1.0,1.0,1.0,1.0,0.0,0.0,,1.0,0.0,1.0,0.0,2.0,0.0,0.0,0.0,2.0,0.0,,2018,2017-18
444.0,Milton Doyle,24.0,BRK,SG,10.0,0.0,125.0,13.0,47.0,0.277,4.0,23.0,0.174,9.0,24.0,0.375,0.319,4.0,8.0,0.5,3.0,15.0,18.0,10.0,6.0,2.0,2.0,13.0,34.0,0.0,,2018,2017-18
445.0,Jonathan Gibson,30.0,BOS,PG,4.0,0.0,40.0,14.0,23.0,0.609,6.0,12.0,0.5,8.0,11.0,0.727,0.739,0.0,0.0,,0.0,3.0,3.0,4.0,0.0,0.0,3.0,5.0,34.0,0.0,,2018,2017-18
446.0,Jake Layman,23.0,POR,SF,35.0,1.0,160.0,14.0,47.0,0.298,4.0,20.0,0.2,10.0,27.0,0.37,0.34,2.0,3.0,0.667,4.0,12.0,16.0,11.0,6.0,4.0,5.0,13.0,34.0,0.0,,2018,2017-18
447.0,Jordan Crawford,29.0,NOP,SG,5.0,0.0,53.0,12.0,27.0,0.444,8.0,14.0,0.571,4.0,13.0,0.308,0.593,1.0,1.0,1.0,2.0,2.0,4.0,13.0,1.0,1.0,5.0,7.0,33.0,0.0,,2018,2017-18
448.0,Damien Wilkins,38.0,IND,SF,19.0,1.0,152.0,13.0,39.0,0.333,4.0,18.0,0.222,9.0,21.0,0.429,0.385,3.0,4.0,0.75,5.0,11.0,16.0,9.0,2.0,1.0,5.0,7.0,33.0,0.0,,2018,2017-18
449.0,Lorenzo Brown,27.0,TOR,PG,14.0,0.0,139.0,14.0,34.0,0.412,2.0,12.0,0.167,12.0,22.0,0.545,0.441,2.0,2.0,1.0,1.0,14.0,15.0,13.0,5.0,0.0,3.0,7.0,32.0,0.0,,2018,2017-18
450.0,Josh Gray,24.0,PHO,PG,5.0,0.0,86.0,11.0,41.0,0.268,3.0,13.0,0.231,8.0,28.0,0.286,0.305,7.0,11.0,0.636,2.0,8.0,10.0,12.0,8.0,2.0,7.0,8.0,32.0,0.0,,2018,2017-18
451.0,Nick Collison,37.0,OKC,PF,15.0,0.0,75.0,13.0,19.0,0.684,0.0,0.0,,13.0,19.0,0.684,0.684,5.0,13.0,0.385,7.0,13.0,20.0,4.0,0.0,0.0,7.0,7.0,31.0,0.0,,2018,2017-18
452.0,Richard Jefferson,37.0,DEN,SF,20.0,0.0,163.0,12.0,27.0,0.444,2.0,7.0,0.286,10.0,20.0,0.5,0.481,4.0,7.0,0.571,2.0,15.0,17.0,15.0,2.0,1.0,5.0,11.0,30.0,0.0,,2018,2017-18
453.0,Solomon Hill,26.0,NOP,SF,12.0,1.0,187.0,11.0,41.0,0.268,4.0,21.0,0.19,7.0,20.0,0.35,0.317,3.0,6.0,0.5,9.0,27.0,36.0,22.0,7.0,1.0,9.0,22.0,29.0,0.0,,2018,2017-18
454.0,Xavier Rathan-Mayes,23.0,MEM,SG,5.0,0.0,118.0,12.0,42.0,0.286,1.0,14.0,0.071,11.0,28.0,0.393,0.298,4.0,9.0,0.444,0.0,5.0,5.0,18.0,6.0,3.0,11.0,18.0,29.0,0.0,,2018,2017-18
455.0,Derrick Walton,22.0,MIA,PG,16.0,0.0,147.0,8.0,25.0,0.32,7.0,17.0,0.412,1.0,8.0,0.125,0.46,6.0,6.0,1.0,2.0,14.0,16.0,16.0,7.0,3.0,2.0,7.0,29.0,0.0,,2018,2017-18
456.0,Jaylen Morris,22.0,ATL,SG,6.0,0.0,98.0,13.0,32.0,0.406,2.0,10.0,0.2,11.0,22.0,0.5,0.438,0.0,0.0,,2.0,14.0,16.0,7.0,2.0,1.0,6.0,2.0,28.0,0.0,,2018,2017-18
457.0,Nigel Hayes-Davis,23.0,3TM,SF,9.0,0.0,122.0,11.0,33.0,0.333,4.0,16.0,0.25,7.0,17.0,0.412,0.394,1.0,3.0,0.333,4.0,18.0,22.0,6.0,2.0,3.0,2.0,8.0,27.0,0.0,,2018,2017-18
457.0,Nigel Hayes-Davis,23.0,LAL,SF,2.0,0.0,11.0,1.0,3.0,0.333,0.0,2.0,0.0,1.0,1.0,1.0,0.333,1.0,1.0,1.0,0.0,0.0,0.0,2.0,0.0,0.0,0.0,0.0,3.0,0.0,,2018,2017-18
457.0,Nigel Hayes-Davis,23.0,TOR,SF,2.0,0.0,6.0,2.0,2.0,1.0,2.0,2.0,1.0,0.0,0.0,,1.5,0.0,0.0,,0.0,0.0,0.0,0.0,0.0,0.0,1.0,0.0,6.0,0.0,,2018,2017-18
457.0,Nigel Hayes-Davis,23.0,SAC,SF,5.0,0.0,105.0,8.0,28.0,0.286,2.0,12.0,0.167,6.0,16.0,0.375,0.321,0.0,2.0,0.0,4.0,18.0,22.0,4.0,2.0,3.0,1.0,8.0,18.0,0.0,,2018,2017-18
458.0,Bruno Caboclo,22.0,2TM,SF,12.0,0.0,107.0,9.0,31.0,0.29,3.0,17.0,0.176,6.0,14.0,0.429,0.339,5.0,6.0,0.833,7.0,15.0,22.0,4.0,3.0,4.0,4.0,8.0,26.0,0.0,,2018,2017-18
458.0,Bruno Caboclo,22.0,TOR,SF,2.0,0.0,7.0,0.0,2.0,0.0,0.0,2.0,0.0,0.0,0.0,,0.0,0.0,0.0,,0.0,1.0,1.0,1.0,1.0,0.0,0.0,1.0,0.0,0.0,,2018,2017-18
458.0,Bruno Caboclo,22.0,SAC,SF,10.0,0.0,100.0,9.0,29.0,0.31,3.0,15.0,0.2,6.0,14.0,0.429,0.362,5.0,6.0,0.833,7.0,14.0,21.0,3.0,2.0,4.0,4.0,7.0,26.0,0.0,,2018,2017-18
459.0,Alex Poythress,24.0,IND,PF,25.0,0.0,104.0,11.0,26.0,0.423,4.0,11.0,0.364,7.0,15.0,0.467,0.5,0.0,0.0,,7.0,10.0,17.0,2.0,3.0,1.0,2.0,16.0,26.0,0.0,,2018,2017-18
460.0,Damian Jones,22.0,GSW,C,15.0,0.0,89.0,11.0,22.0,0.5,0.0,0.0,,11.0,22.0,0.5,0.5,3.0,5.0,0.6,5.0,9.0,14.0,2.0,1.0,3.0,4.0,14.0,25.0,0.0,,2018,2017-18
461.0,Andre Ingram,32.0,LAL,SG,2.0,0.0,64.0,8.0,17.0,0.471,5.0,9.0,0.556,3.0,8.0,0.375,0.618,3.0,3.0,1.0,1.0,5.0,6.0,7.0,3.0,3.0,3.0,3.0,24.0,0.0,,2018,2017-18
462.0,Furkan Korkmaz,20.0,PHI,SG,14.0,0.0,80.0,8.0,28.0,0.286,5.0,17.0,0.294,3.0,11.0,0.273,0.375,2.0,4.0,0.5,2.0,9.0,11.0,4.0,2.0,1.0,2.0,12.0,23.0,0.0,,2018,2017-18
463.0,Kyle Singler,29.0,OKC,SF,12.0,0.0,59.0,7.0,21.0,0.333,2.0,5.0,0.4,5.0,16.0,0.313,0.381,7.0,13.0,0.538,1.0,9.0,10.0,2.0,1.0,0.0,3.0,4.0,23.0,0.0,,2018,2017-18
464.0,Antonius Cleveland,23.0,2TM,SG,17.0,0.0,123.0,8.0,21.0,0.381,3.0,4.0,0.75,5.0,17.0,0.294,0.452,4.0,6.0,0.667,3.0,11.0,14.0,2.0,7.0,5.0,7.0,23.0,23.0,0.0,,2018,2017-18
464.0,Antonius Cleveland,23.0,DAL,SG,13.0,0.0,81.0,4.0,14.0,0.286,0.0,1.0,0.0,4.0,13.0,0.308,0.286,2.0,4.0,0.5,2.0,8.0,10.0,2.0,6.0,4.0,2.0,11.0,10.0,0.0,,2018,2017-18
464.0,Antonius Cleveland,23.0,ATL,SG,4.0,0.0,42.0,4.0,7.0,0.571,3.0,3.0,1.0,1.0,4.0,0.25,0.786,2.0,2.0,1.0,1.0,3.0,4.0,0.0,1.0,1.0,5.0,12.0,13.0,0.0,,2018,2017-18
465.0,Thomas Bryant,20.0,LAL,C,15.0,0.0,72.0,8.0,21.0,0.381,1.0,10.0,0.1,7.0,11.0,0.636,0.405,5.0,9.0,0.556,3.0,14.0,17.0,6.0,1.0,2.0,2.0,6.0,22.0,0.0,,2018,2017-18
466.0,Omari Johnson,28.0,MEM,PF,4.0,0.0,75.0,9.0,21.0,0.429,4.0,12.0,0.333,5.0,9.0,0.556,0.524,0.0,0.0,,4.0,7.0,11.0,7.0,2.0,0.0,3.0,6.0,22.0,0.0,,2018,2017-18
467.0,Zhou Qi,22.0,HOU,C,18.0,0.0,124.0,6.0,32.0,0.188,2.0,19.0,0.105,4.0,13.0,0.308,0.219,8.0,12.0,0.667,6.0,16.0,22.0,2.0,2.0,14.0,10.0,14.0,22.0,0.0,,2018,2017-18
468.0,Ömer Aşık,31.0,2TM,C,18.0,0.0,182.0,9.0,22.0,0.409,0.0,0.0,,9.0,22.0,0.409,0.409,4.0,13.0,0.308,9.0,38.0,47.0,3.0,2.0,4.0,9.0,20.0,22.0,0.0,,2018,2017-18
468.0,Ömer Aşık,31.0,NOP,C,14.0,0.0,121.0,7.0,16.0,0.438,0.0,0.0,,7.0,16.0,0.438,0.438,4.0,12.0,0.333,7.0,30.0,37.0,2.0,1.0,2.0,5.0,14.0,18.0,0.0,,2018,2017-18
468.0,Ömer Aşık,31.0,CHI,C,4.0,0.0,61.0,2.0,6.0,0.333,0.0,0.0,,2.0,6.0,0.333,0.333,0.0,1.0,0.0,2.0,8.0,10.0,1.0,1.0,2.0,4.0,6.0,4.0,0.0,,2018,2017-18
469.0,Alfonzo McKinnie,25.0,TOR,SF,14.0,0.0,53.0,8.0,15.0,0.533,3.0,9.0,0.333,5.0,6.0,0.833,0.633,2.0,3.0,0.667,1.0,6.0,7.0,1.0,1.0,1.0,3.0,8.0,21.0,0.0,,2018,2017-18
470.0,Adreian Payne,26.0,ORL,PF,5.0,0.0,43.0,7.0,10.0,0.7,2.0,3.0,0.667,5.0,7.0,0.714,0.8,5.0,6.0,0.833,2.0,7.0,9.0,0.0,2.0,0.0,2.0,6.0,21.0,0.0,,2018,2017-18
471.0,D.J. Wilson,21.0,MIL,PF,22.0,0.0,71.0,9.0,16.0,0.563,2.0,5.0,0.4,7.0,11.0,0.636,0.625,1.0,2.0,0.5,2.0,8.0,10.0,3.0,3.0,1.0,4.0,7.0,21.0,0.0,,2018,2017-18
472.0,Gian Clavell,24.0,DAL,SG,7.0,0.0,64.0,6.0,18.0,0.333,6.0,15.0,0.4,0.0,3.0,0.0,0.5,2.0,2.0,1.0,1.0,6.0,7.0,3.0,2.0,0.0,2.0,8.0,20.0,0.0,,2018,2017-18
473.0,Okaro White,25.0,MIA,PF,6.0,4.0,80.0,7.0,16.0,0.438,4.0,11.0,0.364,3.0,5.0,0.6,0.563,2.0,3.0,0.667,3.0,8.0,11.0,2.0,1.0,1.0,1.0,6.0,20.0,0.0,,2018,2017-18
474.0,Alan Williams,25.0,PHO,PF,5.0,0.0,70.0,7.0,18.0,0.389,0.0,0.0,,7.0,18.0,0.389,0.389,6.0,9.0,0.667,3.0,19.0,22.0,8.0,5.0,1.0,7.0,13.0,20.0,0.0,,2018,2017-18
475.0,Kadeem Allen,25.0,BOS,PG,18.0,1.0,107.0,6.0,22.0,0.273,0.0,11.0,0.0,6.0,11.0,0.545,0.273,7.0,9.0,0.778,4.0,7.0,11.0,12.0,3.0,2.0,9.0,15.0,19.0,0.0,,2018,2017-18
476.0,R.J. Hunter,24.0,HOU,SG,5.0,1.0,45.0,7.0,20.0,0.35,3.0,14.0,0.214,4.0,6.0,0.667,0.425,2.0,2.0,1.0,0.0,5.0,5.0,3.0,3.0,0.0,2.0,7.0,19.0,0.0,,2018,2017-18
477.0,Julyan Stone,29.0,CHO,SG,23.0,0.0,175.0,6.0,13.0,0.462,6.0,13.0,0.462,0.0,0.0,,0.692,1.0,2.0,0.5,1.0,28.0,29.0,26.0,4.0,2.0,7.0,21.0,19.0,0.0,,2018,2017-18
478.0,Jeremy Lin,29.0,BRK,PG,1.0,1.0,25.0,5.0,12.0,0.417,1.0,2.0,0.5,4.0,10.0,0.4,0.458,7.0,7.0,1.0,0.0,0.0,0.0,4.0,0.0,0.0,3.0,3.0,18.0,0.0,,2018,2017-18
479.0,Walt Lemon Jr.,25.0,NOP,PG,5.0,0.0,35.0,7.0,16.0,0.438,1.0,1.0,1.0,6.0,15.0,0.4,0.469,2.0,3.0,0.667,0.0,2.0,2.0,5.0,0.0,1.0,4.0,5.0,17.0,0.0,,2018,2017-18
480.0,Jameel Warney,24.0,DAL,PF,3.0,0.0,27.0,7.0,12.0,0.583,0.0,0.0,,7.0,12.0,0.583,0.583,3.0,5.0,0.6,4.0,5.0,9.0,0.0,0.0,0.0,1.0,2.0,17.0,0.0,,2018,2017-18
481.0,James Young,22.0,PHI,SG,6.0,0.0,61.0,5.0,14.0,0.357,3.0,10.0,0.3,2.0,4.0,0.5,0.464,4.0,6.0,0.667,0.0,2.0,2.0,2.0,0.0,0.0,1.0,4.0,17.0,0.0,,2018,2017-18
482.0,Larry Drew II,27.0,2TM,PG,10.0,0.0,70.0,7.0,24.0,0.292,3.0,9.0,0.333,4.0,15.0,0.267,0.354,0.0,0.0,,3.0,0.0,3.0,10.0,0.0,0.0,3.0,6.0,17.0,0.0,,2018,2017-18
482.0,Larry Drew II,27.0,PHI,PG,3.0,0.0,15.0,1.0,7.0,0.143,0.0,3.0,0.0,1.0,4.0,0.25,0.143,0.0,0.0,,1.0,0.0,1.0,2.0,0.0,0.0,1.0,2.0,2.0,0.0,,2018,2017-18
482.0,Larry Drew II,27.0,NOP,PG,7.0,0.0,55.0,6.0,17.0,0.353,3.0,6.0,0.5,3.0,11.0,0.273,0.441,0.0,0.0,,2.0,0.0,2.0,8.0,0.0,0.0,2.0,4.0,15.0,0.0,,2018,2017-18
483.0,Darrun Hilliard,24.0,SAS,SG,14.0,0.0,95.0,5.0,19.0,0.263,0.0,6.0,0.0,5.0,13.0,0.385,0.263,6.0,7.0,0.857,0.0,7.0,7.0,11.0,2.0,0.0,4.0,7.0,16.0,0.0,,2018,2017-18
484.0,James Webb III,24.0,BRK,SF,10.0,0.0,120.0,6.0,24.0,0.25,4.0,19.0,0.211,2.0,5.0,0.4,0.333,0.0,0.0,,8.0,16.0,24.0,4.0,1.0,0.0,4.0,10.0,16.0,0.0,,2018,2017-18
485.0,Demetrius Jackson,23.0,2TM,PG,15.0,0.0,80.0,7.0,18.0,0.389,1.0,7.0,0.143,6.0,11.0,0.545,0.417,1.0,2.0,0.5,5.0,7.0,12.0,9.0,5.0,1.0,10.0,7.0,16.0,0.0,,2018,2017-18
485.0,Demetrius Jackson,23.0,HOU,PG,12.0,0.0,63.0,4.0,14.0,0.286,0.0,6.0,0.0,4.0,8.0,0.5,0.286,0.0,0.0,,4.0,7.0,11.0,5.0,4.0,1.0,9.0,6.0,8.0,0.0,,2018,2017-18
485.0,Demetrius Jackson,23.0,PHI,PG,3.0,0.0,17.0,3.0,4.0,0.75,1.0,1.0,1.0,2.0,3.0,0.667,0.875,1.0,2.0,0.5,1.0,0.0,1.0,4.0,1.0,0.0,1.0,1.0,8.0,0.0,,2018,2017-18
486.0,Jeff Withey,27.0,DAL,C,10.0,0.0,39.0,6.0,16.0,0.375,2.0,10.0,0.2,4.0,6.0,0.667,0.438,1.0,2.0,0.5,1.0,9.0,10.0,0.0,0.0,3.0,2.0,3.0,15.0,0.0,,2018,2017-18
487.0,Marshall Plumlee,25.0,MIL,C,8.0,0.0,52.0,1.0,3.0,0.333,0.0,0.0,,1.0,3.0,0.333,0.333,12.0,16.0,0.75,4.0,13.0,17.0,2.0,0.0,1.0,3.0,10.0,14.0,0.0,,2018,2017-18
488.0,Ike Anigbogu,19.0,IND,C,11.0,0.0,30.0,4.0,9.0,0.444,0.0,0.0,,4.0,9.0,0.444,0.444,5.0,6.0,0.833,5.0,4.0,9.0,0.0,1.0,3.0,2.0,1.0,13.0,0.0,,2018,2017-18
489.0,Cole Aldrich,29.0,MIN,C,21.0,0.0,49.0,5.0,15.0,0.333,0.0,0.0,,5.0,15.0,0.333,0.333,2.0,6.0,0.333,3.0,12.0,15.0,3.0,2.0,1.0,1.0,11.0,12.0,0.0,,2018,2017-18
490.0,Daniel Hamilton,22.0,OKC,SG,6.0,0.0,28.0,5.0,11.0,0.455,2.0,5.0,0.4,3.0,6.0,0.5,0.545,0.0,0.0,,0.0,5.0,5.0,8.0,1.0,0.0,2.0,2.0,12.0,0.0,,2018,2017-18
491.0,Joakim Noah,32.0,NYK,C,7.0,0.0,40.0,5.0,10.0,0.5,0.0,0.0,,5.0,10.0,0.5,0.5,2.0,4.0,0.5,6.0,8.0,14.0,4.0,2.0,2.0,4.0,5.0,12.0,0.0,,2018,2017-18
492.0,Marcus Paige,24.0,CHO,PG,5.0,0.0,28.0,4.0,14.0,0.286,2.0,8.0,0.25,2.0,6.0,0.333,0.357,2.0,2.0,1.0,0.0,4.0,4.0,3.0,0.0,0.0,0.0,0.0,12.0,0.0,,2018,2017-18
493.0,Marquis Teague,24.0,MEM,PG,3.0,0.0,74.0,4.0,16.0,0.25,1.0,4.0,0.25,3.0,12.0,0.25,0.281,2.0,5.0,0.4,1.0,5.0,6.0,13.0,4.0,0.0,3.0,5.0,11.0,0.0,,2018,2017-18
494.0,Monte Morris,22.0,DEN,PG,3.0,0.0,25.0,4.0,6.0,0.667,0.0,1.0,0.0,4.0,5.0,0.8,0.667,2.0,2.0,1.0,0.0,2.0,2.0,7.0,3.0,0.0,1.0,1.0,10.0,0.0,,2018,2017-18
495.0,David Stockton,26.0,UTA,PG,3.0,0.0,9.0,2.0,3.0,0.667,2.0,3.0,0.667,0.0,0.0,,1.0,4.0,4.0,1.0,0.0,0.0,0.0,0.0,0.0,0.0,1.0,3.0,10.0,0.0,,2018,2017-18
496.0,Joel Bolomboy,24.0,MIL,PF,6.0,0.0,38.0,3.0,6.0,0.5,0.0,1.0,0.0,3.0,5.0,0.6,0.5,3.0,6.0,0.5,6.0,4.0,10.0,0.0,2.0,0.0,2.0,3.0,9.0,0.0,,2018,2017-18
497.0,Georges Niang,24.0,UTA,PF,9.0,0.0,32.0,4.0,11.0,0.364,0.0,4.0,0.0,4.0,7.0,0.571,0.364,1.0,2.0,0.5,3.0,6.0,9.0,3.0,2.0,0.0,3.0,1.0,9.0,0.0,,2018,2017-18
498.0,Tony Bradley,20.0,UTA,C,9.0,0.0,29.0,3.0,11.0,0.273,0.0,1.0,0.0,3.0,10.0,0.3,0.273,2.0,2.0,1.0,4.0,7.0,11.0,1.0,0.0,0.0,0.0,1.0,8.0,0.0,,2018,2017-18
499.0,Udonis Haslem,37.0,MIA,C,14.0,0.0,72.0,3.0,15.0,0.2,1.0,8.0,0.125,2.0,7.0,0.286,0.233,1.0,2.0,0.5,3.0,7.0,10.0,5.0,0.0,2.0,2.0,3.0,8.0,0.0,,2018,2017-18
500.0,Aaron Jackson,31.0,HOU,PG,1.0,0.0,35.0,3.0,9.0,0.333,1.0,4.0,0.25,2.0,5.0,0.4,0.389,1.0,2.0,0.5,2.0,1.0,3.0,1.0,0.0,0.0,1.0,4.0,8.0,0.0,,2018,2017-18
501.0,Mangok Mathiang,25.0,CHO,C,4.0,0.0,20.0,4.0,7.0,0.571,0.0,0.0,,4.0,7.0,0.571,0.571,0.0,1.0,0.0,3.0,7.0,10.0,0.0,1.0,0.0,0.0,5.0,8.0,0.0,,2018,2017-18
502.0,James Michael McAdoo,25.0,PHI,PF,3.0,0.0,18.0,2.0,7.0,0.286,2.0,7.0,0.286,0.0,0.0,,0.429,2.0,2.0,1.0,0.0,2.0,2.0,0.0,0.0,1.0,1.0,1.0,8.0,0.0,,2018,2017-18
503.0,London Perrantes,23.0,CLE,PG,14.0,0.0,66.0,2.0,13.0,0.154,0.0,3.0,0.0,2.0,10.0,0.2,0.154,3.0,5.0,0.6,1.0,3.0,4.0,5.0,2.0,1.0,1.0,6.0,7.0,0.0,,2018,2017-18
504.0,Charles Cooke,23.0,NOP,SG,13.0,0.0,38.0,2.0,14.0,0.143,1.0,8.0,0.125,1.0,6.0,0.167,0.179,1.0,2.0,0.5,0.0,2.0,2.0,1.0,1.0,0.0,1.0,0.0,6.0,0.0,,2018,2017-18
505.0,Vince Hunter,23.0,MEM,PF,4.0,0.0,7.0,3.0,5.0,0.6,0.0,0.0,,3.0,5.0,0.6,0.6,0.0,0.0,,2.0,1.0,3.0,0.0,0.0,1.0,1.0,0.0,6.0,0.0,,2018,2017-18
506.0,Markel Brown,26.0,HOU,SG,4.0,0.0,31.0,2.0,7.0,0.286,1.0,5.0,0.2,1.0,2.0,0.5,0.357,0.0,0.0,,1.0,4.0,5.0,2.0,0.0,0.0,2.0,6.0,5.0,0.0,,2018,2017-18
507.0,Matt Williams,24.0,MIA,SG,3.0,0.0,11.0,2.0,6.0,0.333,1.0,5.0,0.2,1.0,1.0,1.0,0.417,0.0,0.0,,0.0,1.0,1.0,0.0,0.0,0.0,1.0,1.0,5.0,0.0,,2018,2017-18
508.0,Matt Costello,24.0,SAS,C,4.0,0.0,32.0,2.0,4.0,0.5,0.0,0.0,,2.0,4.0,0.5,0.5,0.0,0.0,,1.0,8.0,9.0,2.0,2.0,2.0,1.0,7.0,4.0,0.0,,2018,2017-18
509.0,Chinanu Onuaku,21.0,HOU,C,1.0,0.0,22.0,2.0,5.0,0.4,0.0,0.0,,2.0,5.0,0.4,0.4,0.0,0.0,,1.0,3.0,4.0,1.0,0.0,0.0,3.0,4.0,4.0,0.0,,2018,2017-18
510.0,Tim Quarterman,23.0,HOU,SG,3.0,0.0,13.0,1.0,3.0,0.333,0.0,2.0,0.0,1.0,1.0,1.0,0.333,2.0,2.0,1.0,0.0,3.0,3.0,1.0,0.0,0.0,2.0,1.0,4.0,0.0,,2018,2017-18
511.0,Jacob Wiley,23.0,BRK,PF,5.0,0.0,33.0,1.0,4.0,0.25,1.0,2.0,0.5,0.0,2.0,0.0,0.375,1.0,2.0,0.5,2.0,9.0,11.0,2.0,1.0,0.0,0.0,4.0,4.0,0.0,,2018,2017-18
512.0,Vander Blue,25.0,LAL,SG,5.0,0.0,45.0,1.0,5.0,0.2,0.0,2.0,0.0,1.0,3.0,0.333,0.2,1.0,2.0,0.5,0.0,1.0,1.0,3.0,1.0,0.0,3.0,2.0,3.0,0.0,,2018,2017-18
513.0,Anthony Brown,25.0,MIN,SF,1.0,0.0,4.0,1.0,1.0,1.0,1.0,1.0,1.0,0.0,0.0,,1.5,0.0,0.0,,0.0,0.0,0.0,1.0,0.0,0.0,0.0,0.0,3.0,0.0,,2018,2017-18
514.0,Reggie Hearn,26.0,DET,SG,3.0,0.0,7.0,1.0,2.0,0.5,1.0,2.0,0.5,0.0,0.0,,0.75,0.0,0.0,,0.0,0.0,0.0,0.0,0.0,0.0,0.0,0.0,3.0,0.0,,2018,2017-18
515.0,Naz Mitrou-Long,24.0,UTA,SG,1.0,0.0,1.0,1.0,1.0,1.0,1.0,1.0,1.0,0.0,0.0,,1.5,0.0,0.0,,0.0,0.0,0.0,0.0,0.0,0.0,0.0,0.0,3.0,0.0,,2018,2017-18
516.0,Xavier Munford,25.0,MIL,SG,6.0,0.0,21.0,1.0,6.0,0.167,0.0,2.0,0.0,1.0,4.0,0.25,0.167,1.0,2.0,0.5,1.0,0.0,1.0,4.0,1.0,0.0,2.0,4.0,3.0,0.0,,2018,2017-18
517.0,Kendrick Perkins,33.0,CLE,C,1.0,0.0,15.0,1.0,2.0,0.5,0.0,0.0,,1.0,2.0,0.5,0.5,1.0,2.0,0.5,0.0,1.0,1.0,2.0,1.0,0.0,1.0,1.0,3.0,0.0,,2018,2017-18
518.0,Luol Deng,32.0,LAL,SF,1.0,1.0,13.0,1.0,2.0,0.5,0.0,0.0,,1.0,2.0,0.5,0.5,0.0,0.0,,0.0,0.0,0.0,1.0,1.0,0.0,1.0,0.0,2.0,0.0,,2018,2017-18
519.0,PJ Dozier,21.0,OKC,PG,2.0,0.0,3.0,1.0,2.0,0.5,0.0,0.0,,1.0,2.0,0.5,0.5,0.0,0.0,,0.0,1.0,1.0,0.0,0.0,0.0,1.0,1.0,2.0,0.0,,2018,2017-18
520.0,Jeremy Evans,30.0,ATL,SF,1.0,0.0,5.0,1.0,1.0,1.0,0.0,0.0,,1.0,1.0,1.0,1.0,0.0,0.0,,1.0,0.0,1.0,0.0,0.0,0.0,1.0,1.0,2.0,0.0,,2018,2017-18
521.0,Gordon Hayward,27.0,BOS,SF,1.0,1.0,5.0,1.0,2.0,0.5,0.0,1.0,0.0,1.0,1.0,1.0,0.5,0.0,0.0,,0.0,1.0,1.0,0.0,0.0,0.0,0.0,1.0,2.0,0.0,,2018,2017-18
522.0,Justin Patton,20.0,MIN,C,1.0,0.0,4.0,1.0,2.0,0.5,0.0,0.0,,1.0,2.0,0.5,0.5,0.0,0.0,,0.0,0.0,0.0,0.0,1.0,0.0,0.0,1.0,2.0,0.0,,2018,2017-18
523.0,Jacob Pullen,28.0,PHI,PG,3.0,0.0,6.0,1.0,2.0,0.5,0.0,1.0,0.0,1.0,1.0,1.0,0.5,0.0,0.0,,0.0,0.0,0.0,0.0,0.0,0.0,1.0,0.0,2.0,0.0,,2018,2017-18
524.0,Devin Robinson,22.0,WAS,SF,1.0,0.0,13.0,1.0,3.0,0.333,0.0,0.0,,1.0,3.0,0.333,0.333,0.0,0.0,,2.0,3.0,5.0,0.0,1.0,0.0,0.0,2.0,2.0,0.0,,2018,2017-18
525.0,Josh Smith,32.0,NOP,PF,3.0,0.0,12.0,1.0,4.0,0.25,0.0,0.0,,1.0,4.0,0.25,0.25,0.0,0.0,,3.0,1.0,4.0,0.0,0.0,0.0,0.0,3.0,2.0,0.0,,2018,2017-18
526.0,Edmond Sumner,22.0,IND,PG,1.0,0.0,2.0,1.0,1.0,1.0,0.0,0.0,,1.0,1.0,1.0,1.0,0.0,0.0,,0.0,1.0,1.0,0.0,0.0,0.0,0.0,1.0,2.0,0.0,,2018,2017-18
527.0,Derrick Williams,26.0,LAL,PF,2.0,0.0,9.0,1.0,4.0,0.25,0.0,2.0,0.0,1.0,2.0,0.5,0.25,0.0,0.0,,0.0,1.0,1.0,0.0,0.0,0.0,0.0,0.0,2.0,0.0,,2018,2017-18
528.0,Nate Wolters,26.0,UTA,PG,5.0,0.0,19.0,1.0,6.0,0.167,0.0,0.0,,1.0,6.0,0.167,0.167,0.0,0.0,,1.0,1.0,2.0,1.0,0.0,0.0,0.0,1.0,2.0,0.0,,2018,2017-18
529.0,Scotty Hopson,28.0,DAL,SG,1.0,0.0,8.0,0.0,1.0,0.0,0.0,0.0,,0.0,1.0,0.0,0.0,1.0,2.0,0.5,0.0,0.0,0.0,1.0,0.0,0.0,1.0,0.0,1.0,0.0,,2018,2017-18
530.0,Chris Boucher,25.0,GSW,PF,1.0,0.0,1.0,0.0,1.0,0.0,0.0,1.0,0.0,0.0,0.0,,0.0,0.0,0.0,,0.0,1.0,1.0,0.0,0.0,0.0,0.0,0.0,0.0,0.0,,2018,2017-18
531.0,Nicolás Brussino,24.0,ATL,SF,4.0,0.0,10.0,0.0,2.0,0.0,0.0,2.0,0.0,0.0,0.0,,0.0,0.0,0.0,,0.0,3.0,3.0,0.0,0.0,0.0,0.0,0.0,0.0,0.0,,2018,2017-18
532.0,Jarell Eddie,26.0,2TM,SF,3.0,0.0,9.0,0.0,2.0,0.0,0.0,2.0,0.0,0.0,0.0,,0.0,0.0,0.0,,0.0,1.0,1.0,0.0,1.0,0.0,0.0,0.0,0.0,0.0,,2018,2017-18
532.0,Jarell Eddie,26.0,BOS,SF,2.0,0.0,6.0,0.0,1.0,0.0,0.0,1.0,0.0,0.0,0.0,,0.0,0.0,0.0,,0.0,1.0,1.0,0.0,1.0,0.0,0.0,0.0,0.0,0.0,,2018,2017-18
532.0,Jarell Eddie,26.0,CHI,SF,1.0,0.0,3.0,0.0,1.0,0.0,0.0,1.0,0.0,0.0,0.0,,0.0,0.0,0.0,,0.0,0.0,0.0,0.0,0.0,0.0,0.0,0.0,0.0,0.0,,2018,2017-18
533.0,Mindaugas Kuzminskas,28.0,NYK,SF,1.0,0.0,2.0,0.0,2.0,0.0,0.0,0.0,,0.0,2.0,0.0,0.0,0.0,0.0,,0.0,0.0,0.0,0.0,0.0,0.0,0.0,0.0,0.0,0.0,,2018,2017-18
534.0,Tyler Lydon,21.0,DEN,PF,1.0,0.0,2.0,0.0,0.0,,0.0,0.0,,0.0,0.0,,,0.0,0.0,,0.0,0.0,0.0,0.0,0.0,0.0,0.0,0.0,0.0,0.0,,2018,2017-18
535.0,Erik McCree,24.0,UTA,SF,4.0,0.0,8.0,0.0,2.0,0.0,0.0,1.0,0.0,0.0,1.0,0.0,0.0,0.0,0.0,,0.0,1.0,1.0,0.0,1.0,0.0,1.0,0.0,0.0,0.0,,2018,2017-18
536.0,Trey McKinney-Jones,27.0,IND,SG,1.0,0.0,1.0,0.0,0.0,,0.0,0.0,,0.0,0.0,,,0.0,0.0,,0.0,0.0,0.0,0.0,0.0,0.0,0.0,0.0,0.0,0.0,,2018,2017-18
537.0,Josh McRoberts,30.0,DAL,PF,2.0,0.0,6.0,0.0,1.0,0.0,0.0,1.0,0.0,0.0,0.0,,0.0,0.0,0.0,,0.0,0.0,0.0,0.0,0.0,0.0,0.0,2.0,0.0,0.0,,2018,2017-18
538.0,Luis Montero,24.0,DET,SG,2.0,0.0,8.0,0.0,1.0,0.0,0.0,0.0,,0.0,1.0,0.0,0.0,0.0,0.0,,0.0,2.0,2.0,0.0,0.0,0.0,2.0,0.0,0.0,0.0,,2018,2017-18
539.0,Ben Moore,22.0,IND,PF,2.0,0.0,9.0,0.0,0.0,,0.0,0.0,,0.0,0.0,,,0.0,0.0,,0.0,1.0,1.0,1.0,0.0,0.0,0.0,4.0,0.0,0.0,,2018,2017-18
540.0,Xavier Silas,30.0,BOS,SG,2.0,0.0,7.0,0.0,3.0,0.0,0.0,2.0,0.0,0.0,1.0,0.0,0.0,0.0,0.0,,1.0,1.0,2.0,0.0,1.0,0.0,0.0,1.0,0.0,0.0,,2018,2017-18
,League Average,,,,,,,,,0.46,,,0.362,,,0.51,0.521,,,0.767,,,,,,,,,,,,2018,2017-18
