Rk,Player,Age,Team,Pos,G,GS,MP,FG,FGA,FG%,3P,3PA,3P%,2P,2PA,2P%,eFG%,FT,FTA,FT%,ORB,DRB,TRB,AST,STL,BLK,TOV,PF,PTS,Awards,season_end_year,season
1.0,James Harden,28.0,HOU,SG,72.0,72.0,35.4,9.0,20.1,0.449,3.7,10.0,0.367,5.4,10.1,0.531,0.541,8.7,10.1,0.858,0.6,4.8,5.4,8.8,1.8,0.7,4.4,2.3,30.4,"MVP-1,AS,NBA1",2018,2017-18
2.0,Anthony Davis,24.0,NOP,PF,75.0,75.0,36.4,10.4,19.5,0.534,0.7,2.2,0.34,9.7,17.3,0.558,0.552,6.6,8.0,0.828,2.5,8.6,11.1,2.3,1.5,2.6,2.2,2.1,28.1,"MVP-3,DPOY-3,AS,NBA1,DEF1",2018,2017-18
3.0,LeBron James,33.0,CLE,PF,82.0,82.0,36.9,10.5,19.3,0.542,1.8,5.0,0.367,8.6,14.3,0.603,0.59,4.7,6.5,0.731,1.2,7.5,8.6,9.1,1.4,0.9,4.2,1.7,27.5,"MVP-2,AS,NBA1",2018,2017-18
4.0,Giannis Antetokounmpo,23.0,MIL,PF,75.0,75.0,36.7,9.9,18.7,0.529,0.6,1.9,0.307,9.3,16.8,0.554,0.545,6.5,8.5,0.76,2.1,8.0,10.0,4.8,1.5,1.4,3.0,3.1,26.9,"MVP-6,AS,NBA2",2018,2017-18
5.0,Damian Lillard,27.0,POR,PG,73.0,73.0,36.6,8.5,19.4,0.439,3.1,8.6,0.361,5.4,10.8,0.501,0.519,6.8,7.4,0.916,0.8,3.6,4.5,6.6,1.1,0.4,2.8,1.6,26.9,"MVP-4,AS,NBA1",2018,2017-18
6.0,Stephen Curry,29.0,GSW,PG,51.0,51.0,32.0,8.4,16.9,0.495,4.2,9.8,0.423,4.2,7.1,0.595,0.618,5.5,5.9,0.921,0.7,4.4,5.1,6.1,1.6,0.2,3.0,2.2,26.4,"MVP-10,AS,NBA3",2018,2017-18
7.0,Kevin Durant,29.0,GSW,SF,68.0,68.0,34.2,9.3,18.0,0.516,2.5,6.1,0.419,6.7,11.9,0.565,0.586,5.3,5.9,0.889,0.5,6.4,6.8,5.4,0.7,1.8,3.0,2.0,26.4,"MVP-7,DPOY-9,AS,NBA1",2018,2017-18
8.0,Russell Westbrook,29.0,OKC,PG,80.0,80.0,36.4,9.5,21.1,0.449,1.2,4.1,0.298,8.3,17.0,0.485,0.477,5.2,7.1,0.737,1.9,8.2,10.1,10.3,1.8,0.3,4.8,2.5,25.4,"MVP-5,AS,NBA2",2018,2017-18
9.0,DeMarcus Cousins,27.0,NOP,C,48.0,48.0,36.2,8.5,18.0,0.47,2.2,6.1,0.354,6.3,11.9,0.53,0.53,6.1,8.2,0.746,2.2,10.7,12.9,5.4,1.6,1.6,5.0,3.8,25.2,AS,2018,2017-18
10.0,Devin Booker,21.0,PHO,SG,54.0,54.0,34.5,8.4,19.5,0.432,2.7,7.1,0.383,5.7,12.4,0.46,0.501,5.4,6.1,0.878,0.5,4.0,4.5,4.7,0.9,0.3,3.6,3.1,24.9,,2018,2017-18
11.0,Kyrie Irving,25.0,BOS,PG,60.0,60.0,32.2,8.9,18.1,0.491,2.8,6.8,0.408,6.1,11.3,0.541,0.568,3.9,4.4,0.889,0.6,3.2,3.8,5.1,1.1,0.3,2.3,2.0,24.4,AS,2018,2017-18
12.0,LaMarcus Aldridge,32.0,SAS,C,75.0,75.0,33.5,9.2,18.0,0.51,0.4,1.2,0.293,8.8,16.7,0.526,0.52,4.5,5.3,0.837,3.3,5.2,8.5,2.0,0.6,1.2,1.5,2.1,23.1,"MVP-9,AS,NBA2",2018,2017-18
13.0,Victor Oladipo,25.0,IND,SG,75.0,75.0,34.0,8.5,17.9,0.477,2.1,5.8,0.371,6.4,12.1,0.528,0.537,3.9,4.9,0.799,0.6,4.6,5.2,4.3,2.4,0.8,2.9,2.3,23.1,"MVP-13,DPOY-15,MIP-1,AS,NBA3,DEF1",2018,2017-18
14.0,DeMar DeRozan,28.0,TOR,SG,80.0,80.0,33.9,8.1,17.7,0.456,1.1,3.6,0.31,7.0,14.1,0.494,0.488,5.8,7.0,0.825,0.7,3.2,3.9,5.2,1.1,0.3,2.2,1.9,23.0,"MVP-8,AS,NBA2",2018,2017-18
15.0,Joel Embiid,23.0,PHI,C,63.0,63.0,30.3,8.1,16.8,0.483,1.0,3.4,0.308,7.0,13.4,0.527,0.514,5.7,7.4,0.769,2.3,8.7,11.0,3.2,0.6,1.8,3.7,3.3,22.9,"MVP-12,DPOY-2,AS,NBA2,DEF2",2018,2017-18
16.0,Kristaps Porziņģis,22.0,NYK,PF,48.0,48.0,32.4,8.1,18.5,0.439,1.9,4.8,0.395,6.3,13.8,0.454,0.489,4.5,5.7,0.793,1.3,5.3,6.6,1.2,0.8,2.4,1.9,2.9,22.7,AS,2018,2017-18
17.0,Bradley Beal,24.0,WAS,SG,82.0,82.0,36.3,8.3,18.1,0.46,2.4,6.5,0.375,5.9,11.6,0.507,0.527,3.6,4.5,0.791,0.7,3.7,4.4,4.5,1.2,0.4,2.6,2.0,22.6,AS,2018,2017-18
18.0,Lou Williams,31.0,LAC,SG,79.0,19.0,32.8,7.4,16.9,0.435,2.4,6.6,0.359,5.0,10.4,0.484,0.505,5.5,6.2,0.88,0.5,2.0,2.5,5.3,1.1,0.2,3.0,1.3,22.6,6MOY-1,2018,2017-18
19.0,Jimmy Butler,28.0,MIN,SG,59.0,59.0,36.7,7.4,15.6,0.474,1.2,3.4,0.35,6.2,12.2,0.509,0.512,6.2,7.2,0.854,1.3,4.0,5.3,4.9,2.0,0.4,1.8,1.3,22.2,"MVP-10,DPOY-12,AS,NBA3,DEF2",2018,2017-18
20.0,Kemba Walker,27.0,CHO,PG,80.0,80.0,34.2,7.4,17.0,0.431,2.9,7.5,0.384,4.5,9.5,0.469,0.516,4.5,5.3,0.864,0.4,2.7,3.1,5.6,1.1,0.3,2.2,1.2,22.1,AS,2018,2017-18
21.0,Paul George,27.0,OKC,SF,79.0,79.0,36.6,7.3,17.0,0.43,3.1,7.7,0.401,4.2,9.3,0.454,0.521,4.3,5.2,0.822,0.9,4.7,5.7,3.3,2.0,0.5,2.7,2.9,21.9,"DPOY-4,AS,NBA3",2018,2017-18
22.0,Blake Griffin,28.0,2TM,PF,58.0,58.0,34.0,7.5,17.2,0.438,1.9,5.6,0.345,5.6,11.6,0.482,0.493,4.5,5.7,0.785,1.3,6.1,7.4,5.8,0.7,0.3,2.8,2.4,21.4,,2018,2017-18
22.0,Blake Griffin,28.0,LAC,PF,33.0,33.0,34.5,7.7,17.5,0.441,1.9,5.7,0.342,5.8,11.8,0.488,0.497,5.2,6.6,0.785,1.4,6.5,7.9,5.4,0.9,0.3,3.0,2.4,22.6,,2018,2017-18
22.0,Blake Griffin,28.0,DET,PF,25.0,25.0,33.2,7.2,16.7,0.433,1.9,5.4,0.348,5.4,11.3,0.473,0.489,3.5,4.4,0.784,1.1,5.6,6.6,6.2,0.4,0.4,2.6,2.4,19.8,,2018,2017-18
23.0,CJ McCollum,26.0,POR,SG,81.0,81.0,36.1,8.2,18.6,0.443,2.3,5.9,0.397,5.9,12.7,0.465,0.506,2.6,3.1,0.836,0.7,3.3,4.0,3.4,1.0,0.4,1.9,2.1,21.4,,2018,2017-18
24.0,Karl-Anthony Towns,22.0,MIN,C,82.0,82.0,35.6,7.8,14.3,0.545,1.5,3.5,0.421,6.3,10.8,0.585,0.596,4.2,4.9,0.858,2.9,9.4,12.3,2.4,0.8,1.4,1.9,3.5,21.3,"AS,NBA3",2018,2017-18
25.0,Donovan Mitchell,21.0,UTA,SG,79.0,71.0,33.4,7.5,17.2,0.437,2.4,7.0,0.34,5.2,10.3,0.502,0.506,3.0,3.8,0.805,0.7,3.1,3.7,3.7,1.5,0.3,2.7,2.7,20.5,ROY-2,2018,2017-18
26.0,MarShon Brooks,29.0,MEM,SG,7.0,1.0,27.6,7.3,14.6,0.5,2.7,4.6,0.594,4.6,10.0,0.457,0.593,2.9,3.3,0.87,1.1,1.9,3.0,3.6,1.6,0.4,2.3,0.9,20.1,,2018,2017-18
27.0,Khris Middleton,26.0,MIL,SF,82.0,82.0,36.4,7.2,15.5,0.466,1.8,5.0,0.359,5.5,10.5,0.517,0.524,3.9,4.4,0.884,0.5,4.7,5.2,4.0,1.5,0.3,2.3,3.3,20.1,,2018,2017-18
28.0,Klay Thompson,27.0,GSW,SG,73.0,73.0,34.3,7.9,16.2,0.488,3.1,7.1,0.44,4.7,9.0,0.525,0.585,1.1,1.3,0.837,0.4,3.4,3.8,2.5,0.8,0.5,1.8,1.6,20.0,"DPOY-11,AS",2018,2017-18
29.0,T.J. Warren,24.0,PHO,SF,65.0,65.0,33.0,8.1,16.4,0.498,0.3,1.4,0.222,7.8,15.0,0.523,0.507,3.0,3.9,0.757,1.9,3.2,5.1,1.3,1.0,0.6,1.3,2.3,19.6,,2018,2017-18
30.0,Tyreke Evans,28.0,MEM,PG,52.0,32.0,30.9,7.0,15.6,0.452,2.2,5.5,0.399,4.8,10.1,0.482,0.523,3.2,4.0,0.785,0.8,4.3,5.1,5.2,1.1,0.3,2.3,1.8,19.4,,2018,2017-18
31.0,Dennis Schröder,24.0,ATL,PG,67.0,67.0,31.0,7.5,17.1,0.436,1.1,3.9,0.29,6.3,13.2,0.48,0.469,3.4,4.0,0.849,0.7,2.4,3.1,6.2,1.1,0.1,2.7,2.2,19.4,,2018,2017-18
32.0,John Wall,27.0,WAS,PG,41.0,41.0,34.4,6.8,16.3,0.42,1.5,4.1,0.371,5.3,12.2,0.436,0.466,4.3,5.9,0.726,0.5,3.1,3.7,9.6,1.4,1.1,3.9,2.0,19.4,AS,2018,2017-18
33.0,Jrue Holiday,27.0,NOP,SG,81.0,81.0,36.1,7.6,15.4,0.494,1.5,4.4,0.337,6.1,11.0,0.557,0.543,2.3,2.9,0.786,0.8,3.7,4.5,6.0,1.5,0.8,2.6,2.5,19.0,"DPOY-7,DEF1",2018,2017-18
34.0,Harrison Barnes,25.0,DAL,PF,77.0,77.0,34.2,7.0,15.7,0.445,1.5,4.3,0.357,5.4,11.4,0.478,0.494,3.4,4.1,0.827,1.0,5.1,6.1,2.0,0.6,0.2,1.5,1.2,18.9,,2018,2017-18
35.0,Tobias Harris,25.0,2TM,PF,80.0,80.0,33.4,7.0,15.3,0.46,2.3,5.6,0.411,4.7,9.7,0.488,0.535,2.2,2.7,0.829,0.7,4.7,5.5,2.4,0.9,0.4,1.3,2.1,18.6,,2018,2017-18
35.0,Tobias Harris,25.0,DET,PF,48.0,48.0,32.6,6.7,14.8,0.451,2.4,5.8,0.409,4.3,9.0,0.478,0.531,2.4,2.8,0.846,0.8,4.3,5.1,2.0,0.7,0.3,1.1,1.9,18.1,,2018,2017-18
35.0,Tobias Harris,25.0,LAC,PF,32.0,32.0,34.5,7.6,16.0,0.473,2.2,5.3,0.414,5.4,10.7,0.501,0.541,2.0,2.5,0.8,0.7,5.3,6.0,3.1,1.2,0.6,1.7,2.3,19.3,,2018,2017-18
36.0,Chris Paul,32.0,HOU,PG,58.0,58.0,31.8,6.3,13.8,0.46,2.5,6.5,0.38,3.8,7.2,0.532,0.55,3.5,3.8,0.919,0.6,4.8,5.4,7.9,1.7,0.2,2.2,2.4,18.6,,2018,2017-18
37.0,Nikola Jokić,22.0,DEN,C,75.0,73.0,32.6,6.7,13.5,0.499,1.5,3.7,0.396,5.2,9.7,0.538,0.554,3.5,4.2,0.85,2.6,8.1,10.7,6.1,1.2,0.8,2.8,2.8,18.5,,2018,2017-18
38.0,Eric Gordon,29.0,HOU,SG,69.0,30.0,31.2,6.0,14.1,0.428,3.2,8.8,0.359,2.9,5.2,0.544,0.54,2.8,3.5,0.809,0.4,2.1,2.5,2.2,0.6,0.4,1.9,1.7,18.0,6MOY-2,2018,2017-18
39.0,Jeremy Lin,29.0,BRK,PG,1.0,1.0,25.0,5.0,12.0,0.417,1.0,2.0,0.5,4.0,10.0,0.4,0.458,7.0,7.0,1.0,0.0,0.0,0.0,4.0,0.0,0.0,3.0,3.0,18.0,,2018,2017-18
40.0,Evan Fournier,25.0,ORL,SF,57.0,57.0,32.2,6.5,14.1,0.459,2.2,5.9,0.379,4.2,8.2,0.516,0.538,2.6,3.0,0.867,0.4,2.8,3.2,2.9,0.8,0.3,1.7,2.4,17.8,,2018,2017-18
41.0,Eric Bledsoe,28.0,2TM,PG,74.0,74.0,31.4,6.3,13.4,0.473,1.7,4.9,0.347,4.6,8.5,0.545,0.536,3.4,4.3,0.795,0.7,3.1,3.8,5.0,2.0,0.6,2.9,2.5,17.7,,2018,2017-18
41.0,Eric Bledsoe,28.0,PHO,PG,3.0,3.0,27.7,5.3,13.3,0.4,1.3,4.3,0.308,4.0,9.0,0.444,0.45,3.7,4.7,0.786,1.0,1.3,2.3,3.0,1.3,0.7,3.3,2.0,15.7,,2018,2017-18
41.0,Eric Bledsoe,28.0,MIL,PG,71.0,71.0,31.5,6.4,13.4,0.476,1.7,4.9,0.349,4.7,8.5,0.55,0.54,3.4,4.3,0.795,0.7,3.2,3.9,5.1,2.0,0.6,2.9,2.5,17.8,,2018,2017-18
42.0,Andrew Wiggins,22.0,MIN,SF,82.0,82.0,36.3,6.9,15.9,0.438,1.4,4.1,0.331,5.6,11.7,0.475,0.481,2.5,3.8,0.643,1.0,3.4,4.4,2.0,1.1,0.6,1.7,2.0,17.7,,2018,2017-18
43.0,Aaron Gordon,22.0,ORL,PF,58.0,57.0,32.9,6.5,14.9,0.434,2.0,5.9,0.336,4.5,9.0,0.497,0.5,2.7,3.9,0.698,1.5,6.4,7.9,2.3,1.0,0.8,1.8,1.9,17.6,,2018,2017-18
44.0,Kevin Love,29.0,CLE,C,59.0,59.0,28.0,5.7,12.4,0.458,2.3,5.6,0.415,3.3,6.8,0.494,0.552,4.0,4.5,0.88,1.7,7.5,9.3,1.7,0.7,0.4,1.5,2.0,17.6,AS,2018,2017-18
45.0,Tim Hardaway Jr.,25.0,NYK,SG,57.0,54.0,33.1,6.3,15.0,0.421,2.3,7.2,0.317,4.0,7.8,0.516,0.496,2.6,3.1,0.816,0.6,3.4,3.9,2.7,1.1,0.2,1.6,2.2,17.5,,2018,2017-18
46.0,Gary Harris,23.0,DEN,SG,67.0,65.0,34.4,6.6,13.6,0.485,2.3,5.9,0.396,4.2,7.7,0.553,0.57,2.0,2.4,0.827,0.6,2.1,2.6,2.9,1.8,0.2,1.8,1.8,17.5,,2018,2017-18
47.0,Goran Dragić,31.0,MIA,PG,75.0,75.0,31.7,6.5,14.3,0.45,1.5,4.0,0.37,5.0,10.3,0.481,0.502,2.9,3.6,0.801,0.7,3.4,4.1,4.8,0.8,0.2,2.2,2.4,17.3,AS,2018,2017-18
48.0,Marc Gasol,33.0,MEM,C,73.0,73.0,33.0,5.9,14.2,0.42,1.5,4.4,0.341,4.5,9.8,0.456,0.473,3.8,4.6,0.834,1.1,7.0,8.1,4.2,0.7,1.4,2.7,2.5,17.2,,2018,2017-18
49.0,Mike Conley,30.0,MEM,PG,12.0,12.0,31.1,5.3,14.0,0.381,2.0,6.4,0.312,3.3,7.6,0.44,0.452,4.4,5.5,0.803,0.0,2.3,2.3,4.1,1.0,0.3,1.5,2.0,17.1,,2018,2017-18
50.0,JJ Redick,33.0,PHI,SG,70.0,70.0,30.2,5.8,12.6,0.46,2.8,6.6,0.42,3.0,6.0,0.504,0.569,2.8,3.1,0.904,0.1,2.4,2.5,3.0,0.5,0.1,1.5,1.8,17.1,,2018,2017-18
51.0,Zach LaVine,22.0,CHI,SG,24.0,24.0,27.3,5.7,14.8,0.383,1.8,5.1,0.341,3.9,9.7,0.405,0.442,3.6,4.5,0.813,0.4,3.5,3.9,3.0,1.0,0.2,1.8,2.3,16.7,,2018,2017-18
52.0,Jamal Murray,20.0,DEN,PG,81.0,80.0,31.7,5.9,13.1,0.451,2.0,5.4,0.378,3.9,7.7,0.502,0.529,2.8,3.1,0.905,1.0,2.7,3.7,3.4,1.0,0.3,2.1,2.1,16.7,,2018,2017-18
53.0,Dwight Howard,32.0,CHO,C,81.0,81.0,30.4,6.2,11.2,0.555,0.0,0.1,0.143,6.2,11.2,0.559,0.556,4.1,7.2,0.574,3.1,9.3,12.5,1.3,0.6,1.6,2.6,3.1,16.6,,2018,2017-18
54.0,Nikola Vučević,27.0,ORL,C,57.0,57.0,29.5,7.0,14.7,0.475,1.1,3.6,0.314,5.9,11.2,0.527,0.513,1.4,1.6,0.819,1.8,7.4,9.2,3.4,1.0,1.1,1.9,2.5,16.5,,2018,2017-18
55.0,Carmelo Anthony,33.0,OKC,PF,78.0,78.0,32.1,6.1,15.0,0.404,2.2,6.1,0.357,3.9,8.9,0.437,0.476,1.9,2.5,0.767,0.9,4.9,5.8,1.3,0.6,0.6,1.3,2.5,16.2,,2018,2017-18
56.0,Kawhi Leonard,26.0,SAS,SF,9.0,9.0,23.3,5.8,12.3,0.468,1.2,3.9,0.314,4.6,8.4,0.539,0.518,3.4,4.2,0.816,0.7,4.0,4.7,2.3,2.0,1.0,1.8,1.0,16.2,,2018,2017-18
57.0,Kyle Lowry,31.0,TOR,PG,78.0,78.0,32.2,5.2,12.1,0.427,3.1,7.6,0.399,2.1,4.5,0.474,0.553,2.9,3.3,0.854,0.8,4.7,5.6,6.9,1.1,0.2,2.3,2.5,16.2,AS,2018,2017-18
58.0,Brandon Ingram,20.0,LAL,SF,59.0,59.0,33.5,6.1,12.9,0.47,0.7,1.8,0.39,5.4,11.1,0.483,0.497,3.3,4.8,0.681,1.0,4.4,5.3,3.9,0.8,0.7,2.5,2.8,16.1,,2018,2017-18
59.0,Kyle Kuzma,22.0,LAL,PF,77.0,37.0,31.2,6.1,13.5,0.45,2.1,5.6,0.366,4.0,7.9,0.511,0.527,1.9,2.7,0.707,1.1,5.1,6.3,1.8,0.6,0.4,1.8,2.1,16.1,"ROY-4,6MOY-9",2018,2017-18
60.0,Julius Randle,23.0,LAL,C,82.0,49.0,26.7,6.1,11.0,0.558,0.1,0.5,0.222,6.0,10.5,0.575,0.563,3.7,5.2,0.718,2.2,5.8,8.0,2.6,0.5,0.5,2.6,3.3,16.1,,2018,2017-18
61.0,Ben Simmons,21.0,PHI,PG,81.0,81.0,33.7,6.7,12.3,0.545,0.0,0.1,0.0,6.7,12.2,0.551,0.545,2.4,4.2,0.56,1.8,6.3,8.1,8.2,1.7,0.9,3.4,2.6,15.8,ROY-1,2018,2017-18
62.0,Will Barton,27.0,DEN,SG,81.0,40.0,33.1,5.7,12.7,0.452,1.9,5.2,0.37,3.8,7.5,0.51,0.528,2.2,2.8,0.805,0.9,4.2,5.0,4.1,1.0,0.6,1.8,2.1,15.7,6MOY-4,2018,2017-18
63.0,Nikola Mirotić,26.0,2TM,PF,55.0,14.0,27.2,5.6,12.4,0.447,2.5,6.5,0.377,3.1,5.9,0.525,0.546,2.0,2.5,0.818,1.1,6.3,7.4,1.5,0.8,0.7,1.1,2.0,15.6,6MOY-7,2018,2017-18
63.0,Nikola Mirotić,26.0,CHI,PF,25.0,3.0,24.9,5.7,12.1,0.474,2.8,6.4,0.429,3.0,5.6,0.525,0.588,2.6,3.2,0.823,0.7,5.6,6.4,1.6,0.6,0.5,1.2,1.8,16.8,,2018,2017-18
63.0,Nikola Mirotić,26.0,NOP,PF,30.0,11.0,29.1,5.4,12.7,0.427,2.2,6.6,0.335,3.2,6.2,0.524,0.513,1.6,1.9,0.81,1.4,6.8,8.2,1.4,1.0,0.9,1.0,2.1,14.6,,2018,2017-18
64.0,D'Angelo Russell,21.0,BRK,PG,48.0,35.0,25.7,5.8,14.0,0.414,1.9,5.8,0.324,3.9,8.2,0.477,0.481,2.0,2.7,0.74,0.6,3.3,3.9,5.2,0.8,0.4,3.1,1.9,15.5,,2018,2017-18
65.0,Danilo Gallinari,29.0,LAC,SF,21.0,21.0,32.0,4.9,12.2,0.398,1.7,5.3,0.324,3.1,6.9,0.455,0.469,3.9,4.1,0.931,0.4,4.4,4.8,2.0,0.6,0.5,1.2,1.4,15.3,,2018,2017-18
66.0,Isaiah Thomas,28.0,2TM,PG,32.0,15.0,26.9,4.9,13.2,0.373,1.7,5.9,0.293,3.2,7.3,0.438,0.438,3.7,4.1,0.893,0.5,1.6,2.1,4.8,0.5,0.1,3.0,1.8,15.2,,2018,2017-18
66.0,Isaiah Thomas,28.0,CLE,PG,15.0,14.0,27.1,4.7,12.9,0.361,1.5,5.8,0.253,3.2,7.1,0.449,0.418,3.9,4.5,0.868,0.5,1.6,2.1,4.5,0.6,0.1,2.7,1.7,14.7,,2018,2017-18
66.0,Isaiah Thomas,28.0,LAL,PG,17.0,1.0,26.8,5.1,13.4,0.383,1.9,5.9,0.327,3.2,7.4,0.429,0.456,3.4,3.7,0.921,0.6,1.5,2.1,5.0,0.4,0.1,3.2,1.9,15.6,,2018,2017-18
67.0,Lauri Markkanen,20.0,CHI,PF,68.0,68.0,29.7,5.5,12.7,0.434,2.1,5.9,0.362,3.4,6.8,0.497,0.518,2.1,2.4,0.843,1.2,6.3,7.5,1.2,0.6,0.6,1.2,1.5,15.2,,2018,2017-18
68.0,Dennis Smith Jr.,20.0,DAL,PG,69.0,69.0,29.7,5.9,14.8,0.395,1.5,4.9,0.313,4.3,9.9,0.435,0.446,1.9,2.8,0.694,0.7,3.0,3.8,5.2,1.0,0.3,2.8,2.2,15.2,ROY-5,2018,2017-18
69.0,Austin Rivers,25.0,LAC,SG,61.0,59.0,33.7,5.6,13.2,0.424,2.2,5.9,0.378,3.4,7.3,0.461,0.508,1.7,2.6,0.642,0.4,1.9,2.4,4.0,1.2,0.3,1.8,2.5,15.1,,2018,2017-18
70.0,Andre Drummond,24.0,DET,C,78.0,78.0,33.7,6.0,11.3,0.529,0.0,0.1,0.0,6.0,11.2,0.536,0.529,3.1,5.1,0.605,5.1,10.9,16.0,3.0,1.5,1.6,2.6,3.2,15.0,"DPOY-15,AS",2018,2017-18
71.0,Rodney Hood,25.0,2TM,SG,60.0,23.0,26.9,5.4,12.5,0.429,2.1,5.6,0.381,3.3,7.0,0.467,0.513,1.9,2.2,0.86,0.4,2.4,2.8,1.6,0.8,0.2,1.2,1.8,14.7,6MOY-12,2018,2017-18
71.0,Rodney Hood,25.0,UTA,SG,39.0,12.0,27.8,6.0,14.2,0.424,2.6,6.7,0.389,3.4,7.4,0.455,0.516,2.2,2.5,0.876,0.4,2.5,2.8,1.7,0.8,0.2,1.6,1.6,16.8,,2018,2017-18
71.0,Rodney Hood,25.0,CLE,SG,21.0,11.0,25.3,4.2,9.5,0.442,1.2,3.4,0.352,3.0,6.1,0.492,0.505,1.2,1.5,0.813,0.4,2.2,2.6,1.4,0.7,0.2,0.3,2.0,10.8,,2018,2017-18
72.0,Otto Porter Jr.,24.0,WAS,SF,77.0,77.0,31.6,5.8,11.5,0.503,1.8,4.1,0.441,4.0,7.4,0.537,0.581,1.4,1.7,0.828,1.3,5.1,6.4,2.0,1.5,0.5,1.0,2.0,14.7,,2018,2017-18
73.0,Reggie Jackson,27.0,DET,PG,45.0,45.0,26.7,5.5,12.8,0.426,1.2,3.8,0.308,4.3,9.1,0.475,0.471,2.5,3.0,0.836,0.6,2.1,2.8,5.3,0.6,0.1,2.2,1.9,14.6,,2018,2017-18
74.0,Paul Millsap,32.0,DEN,PF,38.0,37.0,30.1,5.3,11.4,0.464,1.0,3.0,0.345,4.3,8.5,0.506,0.509,2.9,4.2,0.696,1.7,4.7,6.4,2.8,1.0,1.2,1.9,2.6,14.6,,2018,2017-18
75.0,Dario Šarić,23.0,PHI,PF,78.0,73.0,29.6,5.2,11.4,0.453,2.0,5.1,0.393,3.2,6.3,0.501,0.541,2.3,2.7,0.86,2.0,4.7,6.7,2.6,0.7,0.3,1.9,2.1,14.6,,2018,2017-18
76.0,Jaylen Brown,21.0,BOS,SG,70.0,70.0,30.7,5.3,11.5,0.465,1.7,4.4,0.395,3.6,7.1,0.507,0.54,2.1,3.3,0.644,0.9,4.0,4.9,1.6,1.0,0.4,1.8,2.6,14.5,DPOY-10,2018,2017-18
77.0,Zach Randolph,36.0,SAC,PF,59.0,58.0,25.6,6.1,12.9,0.473,0.9,2.5,0.347,5.3,10.4,0.503,0.507,1.4,1.8,0.785,1.6,5.1,6.7,2.2,0.7,0.2,2.0,2.0,14.5,,2018,2017-18
78.0,Avery Bradley,27.0,2TM,SG,46.0,46.0,31.2,5.6,13.6,0.414,1.6,4.4,0.369,4.0,9.2,0.436,0.474,1.4,1.8,0.768,0.5,2.0,2.5,2.0,1.1,0.2,2.2,2.0,14.3,,2018,2017-18
78.0,Avery Bradley,27.0,DET,SG,40.0,40.0,31.7,5.8,14.3,0.409,1.9,4.9,0.381,4.0,9.4,0.423,0.474,1.5,2.0,0.763,0.5,1.9,2.4,2.1,1.2,0.2,2.3,2.0,15.0,,2018,2017-18
78.0,Avery Bradley,27.0,LAC,SG,6.0,6.0,27.5,4.3,9.2,0.473,0.2,1.5,0.111,4.2,7.7,0.543,0.482,0.3,0.3,1.0,0.5,3.2,3.7,1.8,0.8,0.2,1.3,2.0,9.2,,2018,2017-18
79.0,Bojan Bogdanović,28.0,IND,SF,80.0,80.0,30.8,5.1,10.7,0.474,1.9,4.8,0.402,3.1,5.8,0.534,0.565,2.2,2.6,0.868,0.4,3.0,3.4,1.5,0.7,0.1,1.3,1.6,14.3,,2018,2017-18
80.0,Jusuf Nurkić,23.0,POR,C,79.0,79.0,26.4,6.1,12.0,0.505,0.0,0.1,0.0,6.1,11.9,0.508,0.505,2.2,3.5,0.63,2.4,6.6,9.0,1.8,0.8,1.4,2.3,3.1,14.3,DPOY-15,2018,2017-18
81.0,Dion Waiters,26.0,MIA,SG,30.0,30.0,30.6,5.4,13.7,0.398,1.7,5.7,0.306,3.7,8.0,0.463,0.461,1.7,2.3,0.739,0.3,2.3,2.6,3.8,0.8,0.3,2.3,2.0,14.3,,2018,2017-18
82.0,Jeff Teague,29.0,MIN,PG,70.0,70.0,33.0,5.1,11.3,0.446,1.2,3.3,0.368,3.9,8.1,0.477,0.499,2.9,3.4,0.845,0.3,2.6,3.0,7.0,1.5,0.3,2.5,2.4,14.2,,2018,2017-18
83.0,Enes Freedom,25.0,NYK,C,71.0,71.0,25.8,5.9,10.0,0.592,0.0,0.0,0.0,5.9,10.0,0.594,0.592,2.2,2.6,0.848,3.8,7.1,11.0,1.5,0.5,0.5,1.7,2.6,14.1,,2018,2017-18
84.0,Taurean Prince,23.0,ATL,SF,82.0,82.0,30.0,5.1,11.9,0.426,2.1,5.6,0.385,2.9,6.3,0.461,0.516,1.9,2.2,0.844,0.6,4.1,4.7,2.6,1.0,0.5,2.3,2.0,14.1,,2018,2017-18
85.0,Hassan Whiteside,28.0,MIA,C,54.0,54.0,25.3,5.8,10.7,0.54,0.0,0.0,1.0,5.7,10.7,0.538,0.542,2.4,3.4,0.703,3.2,8.2,11.4,1.0,0.7,1.7,1.7,2.4,14.0,,2018,2017-18
86.0,Jordan Clarkson,25.0,2TM,SG,81.0,2.0,23.3,5.3,11.8,0.451,1.4,3.9,0.352,3.9,7.9,0.5,0.509,1.9,2.3,0.8,0.7,2.0,2.7,2.7,0.7,0.1,1.6,1.3,13.9,6MOY-7,2018,2017-18
86.0,Jordan Clarkson,25.0,LAL,SG,53.0,2.0,23.7,5.6,12.6,0.448,1.3,4.0,0.324,4.4,8.6,0.505,0.499,2.0,2.5,0.795,0.8,2.2,3.0,3.3,0.7,0.1,1.8,1.2,14.5,,2018,2017-18
86.0,Jordan Clarkson,25.0,CLE,SG,28.0,0.0,22.6,4.7,10.3,0.456,1.6,3.9,0.407,3.1,6.4,0.486,0.533,1.7,2.1,0.81,0.5,1.6,2.1,1.7,0.7,0.1,1.1,1.6,12.6,,2018,2017-18
87.0,Steven Adams,24.0,OKC,C,76.0,76.0,32.7,5.9,9.4,0.629,0.0,0.0,0.0,5.9,9.3,0.631,0.629,2.1,3.8,0.559,5.1,4.0,9.0,1.2,1.2,1.0,1.7,2.8,13.9,DPOY-12,2018,2017-18
88.0,Clint Capela,23.0,HOU,C,74.0,74.0,27.5,6.0,9.1,0.652,0.0,0.0,0.0,6.0,9.1,0.653,0.652,1.9,3.5,0.56,3.3,7.6,10.8,0.9,0.8,1.9,1.4,2.5,13.9,DPOY-14,2018,2017-18
89.0,Rondae Hollis-Jefferson,23.0,BRK,SF,68.0,59.0,28.2,5.0,10.6,0.472,0.2,0.8,0.241,4.8,9.9,0.491,0.481,3.7,4.6,0.788,1.5,5.3,6.8,2.5,1.0,0.7,1.8,2.1,13.9,,2018,2017-18
90.0,Jonathon Simmons,28.0,ORL,SG,69.0,50.0,29.4,5.1,11.0,0.465,1.0,3.0,0.338,4.1,8.1,0.512,0.511,2.7,3.5,0.768,0.9,2.6,3.5,2.5,0.8,0.2,2.1,2.5,13.9,,2018,2017-18
91.0,Jayson Tatum,19.0,BOS,SF,80.0,80.0,30.5,5.0,10.4,0.475,1.3,3.0,0.434,3.7,7.4,0.492,0.538,2.7,3.2,0.826,0.6,4.4,5.0,1.6,1.0,0.7,1.4,2.1,13.9,ROY-3,2018,2017-18
92.0,Marcus Morris,28.0,BOS,PF,54.0,21.0,26.7,4.9,11.3,0.429,1.6,4.3,0.368,3.3,7.0,0.467,0.499,2.3,2.9,0.805,0.8,4.6,5.4,1.3,0.6,0.2,1.2,1.9,13.6,,2018,2017-18
93.0,DeMarre Carroll,31.0,BRK,PF,73.0,73.0,29.9,4.5,10.8,0.414,2.0,5.4,0.371,2.5,5.4,0.457,0.506,2.6,3.4,0.764,1.4,5.1,6.6,2.0,0.8,0.4,1.4,2.3,13.5,,2018,2017-18
94.0,Rudy Gobert,25.0,UTA,C,56.0,56.0,32.4,4.9,7.9,0.622,0.0,0.0,,4.9,7.9,0.622,0.622,3.6,5.3,0.682,2.9,7.8,10.7,1.4,0.8,2.3,1.9,2.7,13.5,"DPOY-1,DEF1",2018,2017-18
95.0,Buddy Hield,25.0,SAC,SG,80.0,13.0,25.3,5.2,11.7,0.446,2.2,5.1,0.431,3.0,6.6,0.457,0.54,0.9,1.0,0.877,0.7,3.2,3.8,1.9,1.1,0.3,1.6,1.9,13.5,,2018,2017-18
96.0,Kentavious Caldwell-Pope,24.0,LAL,SG,74.0,74.0,33.2,4.6,10.8,0.426,2.1,5.6,0.383,2.4,5.2,0.473,0.526,2.1,2.6,0.789,0.8,4.4,5.2,2.2,1.4,0.2,1.3,2.0,13.4,,2018,2017-18
97.0,Kris Dunn,23.0,CHI,PG,52.0,43.0,29.3,5.5,12.8,0.429,0.8,2.6,0.321,4.7,10.2,0.457,0.462,1.6,2.2,0.737,0.5,3.8,4.3,6.0,2.0,0.5,2.9,3.3,13.4,,2018,2017-18
98.0,Michael Beasley,29.0,NYK,PF,74.0,30.0,22.3,5.5,10.9,0.507,0.5,1.2,0.395,5.1,9.7,0.52,0.528,1.7,2.1,0.78,1.3,4.3,5.6,1.7,0.5,0.6,1.9,2.0,13.2,,2018,2017-18
99.0,Allen Crabbe,25.0,BRK,SG,75.0,68.0,29.3,4.5,11.0,0.407,2.7,7.1,0.378,1.8,3.9,0.461,0.529,1.5,1.8,0.852,0.4,3.9,4.3,1.6,0.6,0.5,1.0,2.2,13.2,,2018,2017-18
100.0,Bobby Portis,22.0,CHI,PF,73.0,4.0,22.5,5.2,11.1,0.471,1.1,3.1,0.359,4.1,8.1,0.514,0.52,1.6,2.1,0.769,2.2,4.6,6.8,1.7,0.7,0.3,1.4,1.8,13.2,,2018,2017-18
101.0,Josh Jackson,20.0,PHO,SF,77.0,35.0,25.4,5.1,12.1,0.417,0.7,2.8,0.263,4.3,9.3,0.464,0.448,2.3,3.6,0.634,1.2,3.3,4.6,1.5,1.0,0.5,1.9,2.8,13.1,,2018,2017-18
102.0,Ricky Rubio,27.0,UTA,PG,77.0,77.0,29.3,4.5,10.7,0.418,1.2,3.5,0.352,3.2,7.2,0.451,0.476,2.9,3.3,0.866,0.6,4.0,4.6,5.3,1.6,0.1,2.7,2.7,13.1,,2018,2017-18
103.0,Malcolm Brogdon,25.0,MIL,PG,48.0,20.0,29.9,5.1,10.5,0.485,1.3,3.4,0.385,3.8,7.1,0.532,0.547,1.6,1.8,0.882,0.5,2.8,3.3,3.2,0.9,0.3,1.4,2.7,13.0,,2018,2017-18
104.0,Brook Lopez,29.0,LAL,C,74.0,72.0,23.4,5.0,10.7,0.465,1.5,4.4,0.345,3.5,6.3,0.549,0.536,1.5,2.1,0.703,1.0,3.0,4.0,1.7,0.4,1.3,1.3,2.6,13.0,,2018,2017-18
105.0,Kent Bazemore,28.0,ATL,SG,65.0,65.0,27.5,4.4,10.4,0.42,1.7,4.2,0.394,2.7,6.2,0.438,0.5,2.5,3.1,0.796,0.4,3.4,3.8,3.5,1.5,0.7,2.4,2.3,12.9,,2018,2017-18
106.0,Al Horford,31.0,BOS,C,72.0,72.0,31.6,5.1,10.5,0.489,1.3,3.1,0.429,3.8,7.3,0.514,0.553,1.3,1.7,0.783,1.4,5.9,7.4,4.7,0.6,1.1,1.8,1.9,12.9,"DPOY-5,AS,DEF2",2018,2017-18
107.0,Jeremy Lamb,25.0,CHO,SG,80.0,18.0,24.6,4.8,10.4,0.457,1.2,3.2,0.37,3.6,7.2,0.495,0.513,2.2,2.6,0.861,0.6,3.4,4.1,2.3,0.8,0.4,1.2,1.7,12.9,,2018,2017-18
108.0,Josh Richardson,24.0,MIA,SF,81.0,81.0,33.2,4.9,10.9,0.451,1.6,4.1,0.378,3.4,6.8,0.495,0.523,1.5,1.8,0.845,0.9,2.7,3.5,2.9,1.5,0.9,1.7,2.5,12.9,,2018,2017-18
109.0,Trey Burke,25.0,NYK,PG,36.0,9.0,21.8,5.4,10.7,0.503,1.1,2.9,0.362,4.3,7.8,0.556,0.552,1.0,1.6,0.649,0.4,1.6,2.0,4.7,0.7,0.1,1.2,1.2,12.8,,2018,2017-18
110.0,Willie Cauley-Stein,24.0,SAC,C,73.0,57.0,28.0,5.3,10.6,0.502,0.0,0.2,0.25,5.3,10.4,0.506,0.504,2.1,3.4,0.619,1.8,5.2,7.0,2.4,1.1,0.9,1.5,2.5,12.8,,2018,2017-18
111.0,Elfrid Payton,23.0,2TM,PG,63.0,63.0,28.7,5.2,10.6,0.493,0.5,1.5,0.326,4.7,9.1,0.52,0.516,1.7,2.7,0.649,1.0,3.3,4.3,6.2,1.3,0.3,2.7,2.3,12.7,,2018,2017-18
111.0,Elfrid Payton,23.0,ORL,PG,44.0,44.0,28.6,5.4,10.4,0.52,0.6,1.5,0.373,4.8,8.9,0.545,0.547,1.6,2.6,0.632,1.1,2.9,4.0,6.3,1.5,0.4,2.6,2.2,13.0,,2018,2017-18
111.0,Elfrid Payton,23.0,PHO,PG,19.0,19.0,29.0,4.8,11.0,0.435,0.3,1.3,0.2,4.5,9.7,0.467,0.447,1.9,2.8,0.685,0.9,4.4,5.3,6.2,1.0,0.3,2.8,2.6,11.8,,2018,2017-18
112.0,Wesley Matthews,31.0,DAL,SF,63.0,63.0,33.8,4.5,11.1,0.406,2.4,6.4,0.381,2.1,4.7,0.441,0.516,1.3,1.6,0.822,0.4,2.7,3.1,2.7,1.2,0.3,1.3,2.2,12.7,,2018,2017-18
113.0,Myles Turner,21.0,IND,C,65.0,62.0,28.2,4.7,9.8,0.479,0.9,2.4,0.357,3.8,7.4,0.519,0.523,2.5,3.2,0.777,1.4,5.0,6.4,1.3,0.6,1.8,1.5,2.9,12.7,,2018,2017-18
114.0,Jonas Valančiūnas,25.0,TOR,C,77.0,77.0,22.4,5.1,8.9,0.568,0.4,1.0,0.405,4.7,8.0,0.587,0.59,2.2,2.7,0.806,2.4,6.2,8.6,1.1,0.4,0.9,1.5,2.5,12.7,,2018,2017-18
115.0,Robert Covington,27.0,PHI,SF,80.0,80.0,31.7,4.3,10.5,0.413,2.5,6.9,0.369,1.8,3.6,0.497,0.534,1.5,1.7,0.853,0.7,4.7,5.4,2.0,1.7,0.9,1.6,3.0,12.6,"DPOY-8,DEF1",2018,2017-18
116.0,Spencer Dinwiddie,24.0,BRK,PG,80.0,58.0,28.8,4.1,10.5,0.387,1.8,5.4,0.326,2.3,5.1,0.452,0.471,2.7,3.4,0.813,0.5,2.7,3.2,6.6,0.9,0.3,1.6,2.3,12.6,,2018,2017-18
117.0,Serge Ibaka,28.0,TOR,PF,76.0,76.0,27.5,5.0,10.3,0.483,1.4,3.9,0.36,3.6,6.4,0.559,0.552,1.2,1.6,0.797,1.0,5.3,6.3,0.8,0.4,1.3,1.2,2.8,12.6,,2018,2017-18
118.0,Jabari Parker,22.0,MIL,PF,31.0,3.0,24.0,5.2,10.7,0.482,1.0,2.6,0.383,4.2,8.1,0.514,0.529,1.3,1.7,0.741,1.4,3.5,4.9,1.9,0.8,0.3,1.5,1.6,12.6,,2018,2017-18
119.0,E'Twaun Moore,28.0,NOP,SG,82.0,80.0,31.5,5.2,10.1,0.508,1.6,3.7,0.425,3.6,6.5,0.556,0.585,0.6,0.8,0.706,0.7,2.2,2.9,2.3,1.0,0.1,1.2,2.2,12.5,,2018,2017-18
120.0,Darren Collison,30.0,IND,PG,69.0,64.0,29.2,4.6,9.2,0.495,1.4,3.0,0.468,3.2,6.3,0.508,0.571,1.8,2.1,0.882,0.5,2.0,2.6,5.3,1.3,0.2,1.2,1.8,12.4,,2018,2017-18
121.0,Derrick Favors,26.0,UTA,C,77.0,77.0,28.0,5.1,9.1,0.563,0.2,0.8,0.222,4.9,8.3,0.596,0.573,1.8,2.8,0.651,2.6,4.6,7.2,1.3,0.7,1.1,1.1,2.1,12.3,,2018,2017-18
122.0,Patrick Beverley,29.0,LAC,SG,11.0,11.0,30.4,4.4,10.8,0.403,2.2,5.5,0.4,2.2,5.4,0.407,0.504,1.3,1.5,0.824,1.5,2.6,4.1,2.9,1.7,0.5,2.3,3.1,12.2,,2018,2017-18
123.0,Taj Gibson,32.0,MIN,PF,82.0,82.0,33.2,5.2,9.0,0.577,0.1,0.4,0.2,5.1,8.6,0.595,0.581,1.7,2.3,0.768,2.4,4.8,7.1,1.2,0.8,0.7,1.1,2.7,12.2,,2018,2017-18
124.0,Justin Holiday,28.0,CHI,SG,72.0,72.0,31.5,4.0,10.9,0.371,2.2,6.2,0.359,1.8,4.6,0.387,0.474,1.9,2.3,0.823,0.4,3.6,4.0,2.1,1.1,0.4,1.3,1.9,12.2,,2018,2017-18
125.0,Marco Belinelli,31.0,2TM,SG,80.0,2.0,24.3,4.2,9.6,0.441,1.9,4.9,0.377,2.4,4.6,0.509,0.539,1.9,2.0,0.908,0.3,1.6,1.9,1.9,0.8,0.2,1.2,1.1,12.1,6MOY-12,2018,2017-18
125.0,Marco Belinelli,31.0,ATL,SG,52.0,1.0,23.3,3.8,9.3,0.41,1.8,4.8,0.372,2.1,4.6,0.45,0.505,1.9,2.1,0.927,0.3,1.7,1.9,2.0,0.9,0.1,1.0,0.8,11.4,,2018,2017-18
125.0,Marco Belinelli,31.0,PHI,SG,28.0,1.0,26.3,4.9,10.0,0.495,2.0,5.3,0.385,2.9,4.7,0.618,0.597,1.7,1.9,0.87,0.2,1.6,1.8,1.6,0.7,0.3,1.4,1.8,13.6,,2018,2017-18
126.0,Gerald Green,32.0,HOU,SG,41.0,2.0,22.7,4.1,10.1,0.407,2.7,7.3,0.369,1.4,2.8,0.504,0.54,1.2,1.5,0.85,0.4,2.9,3.2,0.6,0.6,0.4,0.8,2.1,12.1,,2018,2017-18
127.0,Caris LeVert,23.0,BRK,SF,71.0,10.0,26.3,4.5,10.4,0.435,1.2,3.5,0.347,3.3,6.9,0.48,0.493,1.9,2.6,0.711,0.7,2.9,3.7,4.2,1.2,0.3,2.2,2.2,12.1,,2018,2017-18
128.0,Andre Ingram,32.0,LAL,SG,2.0,0.0,32.0,4.0,8.5,0.471,2.5,4.5,0.556,1.5,4.0,0.375,0.618,1.5,1.5,1.0,0.5,2.5,3.0,3.5,1.5,1.5,1.5,1.5,12.0,,2018,2017-18
129.0,DeAndre Jordan,29.0,LAC,C,77.0,77.0,31.5,4.8,7.5,0.645,0.0,0.0,,4.8,7.5,0.645,0.645,2.4,4.1,0.58,4.3,10.9,15.2,1.5,0.5,0.9,1.8,2.6,12.0,,2018,2017-18
130.0,Courtney Lee,32.0,NYK,SG,76.0,69.0,30.4,4.5,9.9,0.454,1.5,3.7,0.406,3.0,6.3,0.482,0.529,1.5,1.6,0.919,0.4,2.6,2.9,2.4,1.1,0.2,1.1,1.4,12.0,,2018,2017-18
131.0,Dirk Nowitzki,39.0,DAL,C,77.0,77.0,24.7,4.5,9.8,0.456,1.8,4.4,0.409,2.7,5.5,0.494,0.547,1.3,1.4,0.898,0.3,5.4,5.7,1.6,0.6,0.6,0.7,1.9,12.0,,2018,2017-18
132.0,Bogdan Bogdanović,25.0,SAC,SG,78.0,52.0,27.9,4.4,9.9,0.446,1.7,4.2,0.392,2.8,5.7,0.485,0.529,1.3,1.5,0.84,0.4,2.5,2.9,3.3,0.9,0.2,1.6,2.2,11.8,,2018,2017-18
133.0,Robin Lopez,29.0,CHI,C,64.0,64.0,26.4,5.3,10.1,0.53,0.1,0.2,0.286,5.3,9.9,0.536,0.533,1.1,1.4,0.756,2.1,2.4,4.5,1.9,0.2,0.8,1.7,1.7,11.8,,2018,2017-18
134.0,Kelly Oubre Jr.,22.0,WAS,SF,81.0,11.0,27.5,3.9,9.8,0.403,1.6,4.6,0.341,2.4,5.2,0.456,0.482,2.4,2.9,0.82,0.7,3.8,4.5,1.2,1.0,0.4,1.1,2.9,11.8,,2018,2017-18
135.0,Thaddeus Young,29.0,IND,PF,81.0,81.0,32.2,5.2,10.7,0.487,0.7,2.2,0.32,4.5,8.4,0.531,0.521,0.7,1.1,0.598,2.3,4.0,6.3,1.9,1.7,0.4,1.3,2.2,11.8,,2018,2017-18
136.0,Trevor Ariza,32.0,HOU,SF,67.0,67.0,33.9,4.0,9.7,0.412,2.5,6.9,0.368,1.5,2.8,0.519,0.542,1.1,1.3,0.854,0.5,3.9,4.4,1.6,1.5,0.2,0.8,2.0,11.7,,2018,2017-18
137.0,Tyler Johnson,25.0,MIA,PG,72.0,39.0,28.5,4.3,9.9,0.435,1.7,4.5,0.367,2.6,5.4,0.491,0.518,1.5,1.8,0.822,0.5,3.0,3.4,2.3,0.8,0.5,1.1,2.1,11.7,,2018,2017-18
138.0,J.J. Barea,33.0,DAL,PG,69.0,11.0,23.2,4.4,10.0,0.439,1.7,4.5,0.367,2.7,5.5,0.499,0.522,1.2,1.5,0.784,0.2,2.7,2.9,6.3,0.5,0.0,2.1,1.2,11.6,6MOY-12,2018,2017-18
139.0,Nicolas Batum,29.0,CHO,SG,64.0,64.0,31.0,4.2,10.2,0.415,1.4,4.3,0.336,2.8,5.9,0.473,0.486,1.7,2.0,0.831,0.9,3.9,4.8,5.5,1.0,0.4,2.0,1.1,11.6,,2018,2017-18
140.0,De'Aaron Fox,20.0,SAC,PG,73.0,61.0,27.8,4.5,10.9,0.412,0.6,2.1,0.307,3.8,8.8,0.436,0.441,1.9,2.7,0.723,0.5,2.3,2.8,4.4,1.0,0.3,2.4,2.2,11.6,,2018,2017-18
141.0,Domantas Sabonis,21.0,IND,C,74.0,19.0,24.5,4.6,8.9,0.514,0.2,0.5,0.351,4.4,8.4,0.524,0.524,2.3,3.0,0.75,2.2,5.5,7.7,2.0,0.5,0.4,1.9,3.0,11.6,,2018,2017-18
142.0,Rudy Gay,31.0,SAS,PF,57.0,6.0,21.6,4.4,9.4,0.471,0.6,2.1,0.314,3.8,7.4,0.516,0.506,2.0,2.5,0.772,1.3,3.8,5.1,1.3,0.8,0.7,1.4,1.7,11.5,,2018,2017-18
143.0,Joe Ingles,30.0,UTA,SF,82.0,81.0,31.4,4.1,8.8,0.467,2.5,5.7,0.44,1.6,3.1,0.516,0.609,0.8,1.0,0.795,0.3,3.9,4.2,4.8,1.1,0.2,1.9,2.2,11.5,,2018,2017-18
144.0,Markieff Morris,28.0,WAS,PF,73.0,73.0,27.0,4.5,9.4,0.48,1.0,2.8,0.367,3.5,6.6,0.529,0.536,1.4,1.8,0.82,1.0,4.6,5.6,1.9,0.8,0.5,1.7,3.0,11.5,,2018,2017-18
145.0,Kelly Olynyk,26.0,MIA,PF,76.0,22.0,23.4,4.2,8.4,0.497,1.4,3.7,0.379,2.8,4.7,0.59,0.58,1.8,2.3,0.77,1.2,4.5,5.7,2.7,0.8,0.5,1.9,2.9,11.5,6MOY-6,2018,2017-18
146.0,Dwyane Wade,36.0,2TM,SG,67.0,3.0,22.9,4.5,10.2,0.438,0.5,1.7,0.288,4.0,8.5,0.468,0.462,2.0,2.8,0.714,0.7,3.0,3.8,3.4,0.9,0.7,2.1,1.9,11.4,6MOY-10,2018,2017-18
146.0,Dwyane Wade,36.0,CLE,SG,46.0,3.0,23.2,4.3,9.5,0.455,0.5,1.5,0.329,3.8,7.9,0.479,0.482,2.0,2.9,0.701,0.8,3.1,3.9,3.5,0.9,0.7,2.0,1.8,11.2,,2018,2017-18
146.0,Dwyane Wade,36.0,MIA,SG,21.0,0.0,22.2,4.8,11.8,0.409,0.4,2.0,0.22,4.4,9.8,0.447,0.427,2.0,2.6,0.745,0.5,2.9,3.4,3.1,0.9,0.7,2.3,1.9,12.0,,2018,2017-18
147.0,Reggie Bullock,26.0,DET,SF,62.0,52.0,27.9,4.3,8.8,0.489,2.0,4.5,0.445,2.3,4.3,0.536,0.603,0.6,0.8,0.796,0.4,2.0,2.5,1.5,0.8,0.2,0.8,1.1,11.3,,2018,2017-18
148.0,Terry Rozier,23.0,BOS,PG,80.0,16.0,25.9,4.0,10.0,0.395,1.9,5.0,0.381,2.0,5.0,0.41,0.491,1.4,1.9,0.772,0.8,3.9,4.7,2.9,1.0,0.2,1.0,1.5,11.3,6MOY-10,2018,2017-18
149.0,Wayne Ellington,30.0,MIA,SG,77.0,2.0,26.5,3.7,9.1,0.407,2.9,7.5,0.392,0.8,1.6,0.479,0.569,0.9,1.0,0.859,0.3,2.5,2.8,1.0,0.7,0.1,0.7,1.2,11.2,6MOY-5,2018,2017-18
150.0,Frank Kaminsky,24.0,CHO,PF,79.0,4.0,23.2,3.9,9.1,0.429,1.3,3.5,0.38,2.6,5.6,0.459,0.501,2.0,2.5,0.799,0.6,3.1,3.6,1.6,0.5,0.2,0.8,1.2,11.1,,2018,2017-18
151.0,Dillon Brooks,22.0,MEM,SF,82.0,74.0,28.7,4.1,9.4,0.44,1.1,3.2,0.356,3.0,6.2,0.484,0.501,1.5,2.0,0.747,0.6,2.5,3.1,1.6,0.9,0.2,1.5,2.8,11.0,,2018,2017-18
152.0,Draymond Green,27.0,GSW,PF,70.0,70.0,32.7,4.0,8.8,0.454,1.1,3.7,0.301,2.9,5.2,0.562,0.516,1.9,2.5,0.775,1.1,6.6,7.6,7.3,1.4,1.3,2.9,2.6,11.0,"DPOY-6,AS,DEF2",2018,2017-18
153.0,Montrezl Harrell,24.0,LAC,C,76.0,3.0,17.0,4.6,7.2,0.635,0.0,0.1,0.143,4.6,7.1,0.641,0.636,1.8,2.9,0.626,1.4,2.7,4.0,1.0,0.5,0.7,0.9,1.9,11.0,,2018,2017-18
154.0,Ersan İlyasova,30.0,2TM,PF,69.0,43.0,25.1,4.0,8.9,0.452,1.3,3.7,0.36,2.7,5.2,0.517,0.526,1.5,2.0,0.778,1.7,4.2,5.9,1.3,0.9,0.4,1.0,2.3,10.9,,2018,2017-18
154.0,Ersan İlyasova,30.0,ATL,PF,46.0,40.0,25.5,4.0,8.7,0.459,1.3,3.7,0.359,2.7,5.0,0.532,0.535,1.6,2.0,0.8,1.6,3.8,5.5,1.1,1.0,0.4,0.9,2.0,10.9,,2018,2017-18
154.0,Ersan İlyasova,30.0,PHI,PF,23.0,3.0,24.1,4.0,9.2,0.439,1.3,3.6,0.361,2.7,5.6,0.488,0.509,1.4,2.0,0.733,1.9,4.8,6.7,1.7,0.7,0.4,1.3,2.8,10.8,,2018,2017-18
155.0,Ish Smith,29.0,DET,PG,82.0,35.0,24.9,4.7,9.8,0.486,0.4,1.2,0.347,4.3,8.5,0.506,0.507,1.0,1.4,0.698,0.3,2.4,2.7,4.4,0.8,0.2,1.3,1.7,10.9,,2018,2017-18
156.0,Jeff Green,31.0,CLE,PF,78.0,14.0,23.4,3.8,7.9,0.477,0.7,2.2,0.312,3.1,5.7,0.54,0.52,2.6,3.0,0.868,0.8,2.4,3.2,1.3,0.5,0.4,1.0,1.9,10.8,,2018,2017-18
157.0,Joe Harris,26.0,BRK,SG,78.0,14.0,25.3,3.9,8.0,0.491,1.9,4.6,0.419,2.0,3.4,0.589,0.612,1.1,1.3,0.827,0.7,2.7,3.3,1.6,0.4,0.3,1.2,2.0,10.8,,2018,2017-18
158.0,James Johnson,30.0,MIA,PF,73.0,41.0,26.6,4.2,8.4,0.503,0.8,2.5,0.308,3.5,5.9,0.587,0.55,1.5,2.2,0.698,0.8,4.1,4.9,3.8,1.0,0.7,1.9,2.6,10.8,,2018,2017-18
159.0,Damion Lee,25.0,ATL,SG,15.0,11.0,26.9,4.1,10.1,0.408,1.0,4.0,0.25,3.1,6.1,0.511,0.457,1.5,1.9,0.759,0.7,4.0,4.7,1.9,1.3,0.1,0.9,1.7,10.7,,2018,2017-18
160.0,John Collins,20.0,ATL,PF,74.0,26.0,24.1,4.2,7.4,0.576,0.2,0.6,0.34,4.0,6.7,0.598,0.591,1.8,2.5,0.715,2.4,4.9,7.3,1.3,0.6,1.1,1.4,2.9,10.5,,2018,2017-18
161.0,Greg Monroe,27.0,3TM,C,51.0,14.0,20.4,4.3,7.6,0.565,0.0,0.0,,4.3,7.6,0.565,0.565,1.7,2.3,0.739,2.1,4.7,6.9,2.2,0.9,0.5,1.8,1.9,10.3,,2018,2017-18
161.0,Greg Monroe,27.0,MIL,C,5.0,0.0,15.8,3.2,6.6,0.485,0.0,0.0,,3.2,6.6,0.485,0.485,0.4,0.8,0.5,1.2,3.8,5.0,1.0,0.0,0.0,1.2,1.4,6.8,,2018,2017-18
161.0,Greg Monroe,27.0,PHO,C,20.0,14.0,23.3,4.9,7.8,0.626,0.0,0.0,,4.9,7.8,0.626,0.626,1.6,2.3,0.674,2.5,5.5,8.0,2.5,0.8,0.3,2.0,2.0,11.3,,2018,2017-18
161.0,Greg Monroe,27.0,BOS,C,26.0,0.0,19.1,4.0,7.6,0.53,0.0,0.0,,4.0,7.6,0.53,0.53,2.1,2.7,0.797,2.0,4.3,6.3,2.3,1.1,0.7,1.8,1.8,10.2,,2018,2017-18
162.0,Jamal Crawford,37.0,MIN,SG,80.0,0.0,20.7,3.9,9.3,0.415,1.3,3.9,0.331,2.6,5.4,0.477,0.485,1.3,1.4,0.903,0.3,1.0,1.2,2.3,0.5,0.1,1.2,1.1,10.3,,2018,2017-18
163.0,JaMychal Green,27.0,MEM,PF,55.0,54.0,28.0,4.1,8.9,0.457,0.8,2.3,0.339,3.3,6.6,0.499,0.501,1.5,2.0,0.721,2.7,5.8,8.4,1.4,0.6,0.5,1.4,2.8,10.3,,2018,2017-18
164.0,D.J. Augustin,30.0,ORL,PG,75.0,36.0,23.5,3.3,7.2,0.452,1.5,3.6,0.419,1.7,3.6,0.485,0.557,2.2,2.5,0.868,0.4,1.7,2.1,3.8,0.7,0.0,1.6,1.3,10.2,,2018,2017-18
165.0,Lonzo Ball,20.0,LAL,PG,52.0,50.0,34.2,3.9,10.8,0.36,1.7,5.7,0.305,2.2,5.2,0.42,0.44,0.6,1.4,0.451,1.3,5.6,6.9,7.2,1.7,0.8,2.6,2.3,10.2,,2018,2017-18
166.0,Yogi Ferrell,24.0,DAL,SG,82.0,21.0,27.8,3.8,8.9,0.426,1.6,4.4,0.373,2.2,4.5,0.477,0.518,1.0,1.3,0.796,0.3,2.7,3.0,2.5,0.8,0.1,1.0,1.9,10.2,,2018,2017-18
167.0,Marcus Smart,23.0,BOS,SG,54.0,11.0,29.9,3.5,9.5,0.367,1.4,4.6,0.301,2.1,4.9,0.429,0.44,1.8,2.5,0.729,0.8,2.7,3.5,4.8,1.3,0.4,2.4,2.5,10.2,,2018,2017-18
168.0,Denzel Valentine,24.0,CHI,SG,77.0,37.0,27.2,3.9,9.4,0.417,1.9,4.8,0.386,2.1,4.6,0.45,0.517,0.5,0.7,0.745,0.6,4.5,5.1,3.2,0.8,0.1,1.3,2.4,10.2,,2018,2017-18
169.0,Pau Gasol,37.0,SAS,C,77.0,63.0,23.5,3.7,8.1,0.458,0.6,1.6,0.358,3.2,6.6,0.481,0.492,2.1,2.7,0.756,1.7,6.4,8.0,3.1,0.3,1.0,1.4,1.6,10.1,,2018,2017-18
170.0,George Hill,31.0,2TM,PG,67.0,60.0,27.0,3.5,7.7,0.46,1.3,3.1,0.415,2.3,4.6,0.49,0.543,1.6,2.1,0.786,0.6,2.1,2.7,2.8,0.9,0.4,1.3,1.9,10.0,,2018,2017-18
170.0,George Hill,31.0,SAC,PG,43.0,36.0,26.6,3.6,7.6,0.469,1.3,3.0,0.453,2.2,4.6,0.48,0.558,1.8,2.3,0.778,0.5,2.2,2.7,2.8,0.9,0.3,1.4,1.7,10.3,,2018,2017-18
170.0,George Hill,31.0,CLE,PG,24.0,24.0,27.9,3.5,7.8,0.444,1.1,3.2,0.351,2.3,4.6,0.509,0.516,1.4,1.7,0.805,0.8,1.8,2.7,2.8,0.9,0.6,1.2,2.2,9.4,,2018,2017-18
171.0,Wilson Chandler,30.0,DEN,SF,74.0,71.0,31.7,3.8,8.5,0.445,1.2,3.3,0.358,2.6,5.2,0.501,0.515,1.2,1.5,0.772,1.4,4.0,5.4,2.1,0.6,0.5,1.2,2.1,10.0,,2018,2017-18
172.0,Dewayne Dedmon,28.0,ATL,C,62.0,46.0,24.9,4.0,7.7,0.524,0.8,2.3,0.355,3.2,5.4,0.595,0.577,1.1,1.4,0.779,1.6,6.3,7.9,1.5,0.6,0.8,1.4,2.6,10.0,,2018,2017-18
173.0,C.J. Miles,30.0,TOR,SF,70.0,3.0,19.1,3.2,8.6,0.379,2.3,6.5,0.361,0.9,2.1,0.434,0.516,1.2,1.4,0.835,0.3,1.9,2.2,0.8,0.5,0.3,0.6,1.9,10.0,,2018,2017-18
174.0,Patty Mills,29.0,SAS,PG,82.0,36.0,25.7,3.4,8.3,0.411,1.9,5.0,0.372,1.5,3.3,0.47,0.523,1.3,1.4,0.89,0.3,1.6,1.9,2.8,0.7,0.1,1.3,1.6,10.0,,2018,2017-18
175.0,Trey Lyles,22.0,DEN,PF,73.0,2.0,19.1,3.7,7.5,0.491,1.1,3.0,0.381,2.6,4.5,0.563,0.566,1.4,2.0,0.706,0.8,4.0,4.8,1.2,0.4,0.5,0.8,1.5,9.9,,2018,2017-18
176.0,Jae Crowder,27.0,2TM,SF,80.0,47.0,26.1,3.4,8.4,0.404,1.4,4.3,0.323,2.0,4.1,0.488,0.486,1.5,1.9,0.818,0.7,2.7,3.4,1.2,0.8,0.3,0.9,2.3,9.7,,2018,2017-18
176.0,Jae Crowder,27.0,CLE,SF,53.0,47.0,25.4,3.0,7.1,0.418,1.2,3.6,0.328,1.8,3.5,0.508,0.5,1.5,1.7,0.848,0.8,2.5,3.3,1.1,0.8,0.2,0.8,2.3,8.6,,2018,2017-18
176.0,Jae Crowder,27.0,UTA,SF,27.0,0.0,27.6,4.2,10.9,0.386,1.8,5.6,0.316,2.4,5.3,0.462,0.468,1.6,2.1,0.768,0.7,3.1,3.8,1.5,0.9,0.3,1.2,2.3,11.8,,2018,2017-18
177.0,Tyrone Wallace,23.0,LAC,PG,30.0,19.0,28.4,3.7,8.2,0.445,0.3,1.3,0.25,3.3,6.9,0.483,0.466,2.0,2.6,0.782,0.7,2.8,3.5,2.4,0.9,0.4,1.5,2.8,9.7,,2018,2017-18
178.0,Mario Hezonja,22.0,ORL,SF,75.0,30.0,22.1,3.6,8.2,0.442,1.2,3.6,0.337,2.4,4.7,0.523,0.515,1.1,1.4,0.819,0.5,3.2,3.7,1.4,1.1,0.4,1.1,1.8,9.6,,2018,2017-18
179.0,Quinn Cook,24.0,GSW,PG,33.0,18.0,22.4,3.7,7.6,0.484,1.4,3.2,0.442,2.3,4.5,0.514,0.575,0.7,0.8,0.88,0.3,2.2,2.5,2.7,0.4,0.0,1.0,1.8,9.5,,2018,2017-18
180.0,Andrew Harrison,23.0,MEM,PG,56.0,46.0,23.7,3.2,7.7,0.422,0.8,2.5,0.331,2.4,5.1,0.467,0.477,2.2,2.8,0.78,0.4,1.9,2.3,3.2,0.7,0.5,1.4,2.5,9.5,,2018,2017-18
181.0,Miloš Teodosić,30.0,LAC,PG,45.0,36.0,25.2,3.4,8.0,0.419,2.0,5.2,0.379,1.4,2.8,0.492,0.542,0.9,1.0,0.848,0.4,2.4,2.8,4.6,0.5,0.1,2.2,2.3,9.5,,2018,2017-18
182.0,Marvin Williams,31.0,CHO,PF,78.0,78.0,25.7,3.3,7.2,0.458,1.6,3.9,0.413,1.7,3.3,0.512,0.57,1.3,1.6,0.829,0.9,3.8,4.7,1.2,0.7,0.5,0.8,1.5,9.5,,2018,2017-18
183.0,Mike James,27.0,2TM,PG,36.0,10.0,19.1,3.4,8.9,0.383,0.7,2.7,0.265,2.7,6.2,0.435,0.424,1.8,2.3,0.762,0.4,2.1,2.5,3.5,0.8,0.2,1.4,1.3,9.3,,2018,2017-18
183.0,Mike James,27.0,PHO,PG,32.0,10.0,20.9,3.8,9.8,0.388,0.8,3.0,0.268,3.0,6.7,0.442,0.429,2.0,2.6,0.762,0.4,2.4,2.8,3.8,0.8,0.2,1.5,1.4,10.4,,2018,2017-18
183.0,Mike James,27.0,NOP,PG,4.0,0.0,4.5,0.5,2.3,0.222,0.0,0.3,0.0,0.5,2.0,0.25,0.222,0.0,0.0,,0.3,0.0,0.3,1.5,0.3,0.0,0.3,0.8,1.0,,2018,2017-18
184.0,Al-Farouq Aminu,27.0,POR,PF,69.0,67.0,30.0,3.3,8.4,0.395,1.8,4.9,0.369,1.5,3.5,0.432,0.503,0.9,1.2,0.738,1.4,6.2,7.6,1.2,1.1,0.6,1.1,2.0,9.3,,2018,2017-18
185.0,Ryan Anderson,29.0,HOU,PF,66.0,50.0,26.1,3.1,7.3,0.431,2.0,5.1,0.386,1.2,2.1,0.539,0.568,1.1,1.4,0.774,1.4,3.6,5.0,0.9,0.4,0.3,0.6,1.9,9.3,,2018,2017-18
186.0,Wayne Selden,23.0,MEM,SG,35.0,9.0,19.8,3.3,7.7,0.431,1.4,3.5,0.402,1.9,4.2,0.456,0.522,1.3,1.7,0.746,0.5,1.1,1.6,1.9,0.5,0.1,1.5,1.7,9.3,,2018,2017-18
187.0,Michael Kidd-Gilchrist,24.0,CHO,SF,74.0,74.0,25.0,3.8,7.6,0.504,0.0,0.0,0.0,3.8,7.5,0.505,0.504,1.6,2.3,0.684,1.1,2.9,4.1,1.0,0.7,0.4,0.7,1.9,9.2,,2018,2017-18
188.0,Kyle Korver,36.0,CLE,SG,73.0,4.0,21.6,3.0,6.6,0.459,2.2,5.2,0.436,0.8,1.5,0.537,0.628,0.9,1.0,0.889,0.1,2.1,2.3,1.2,0.4,0.4,0.8,1.8,9.2,,2018,2017-18
189.0,Lance Stephenson,27.0,IND,SG,82.0,7.0,22.6,3.7,8.6,0.427,0.8,2.8,0.289,2.9,5.8,0.495,0.475,1.0,1.5,0.661,0.8,4.4,5.2,2.9,0.6,0.2,1.6,2.2,9.2,,2018,2017-18
190.0,Troy Daniels,26.0,PHO,SG,79.0,15.0,20.5,2.9,7.3,0.403,2.3,5.8,0.4,0.6,1.5,0.419,0.563,0.7,0.8,0.875,0.2,1.5,1.6,0.6,0.3,0.1,0.7,1.7,8.9,,2018,2017-18
191.0,Manu Ginóbili,40.0,SAS,SG,65.0,0.0,20.0,3.1,7.1,0.434,1.0,3.0,0.333,2.1,4.2,0.506,0.503,1.7,2.0,0.84,0.3,1.9,2.2,2.5,0.7,0.2,1.6,1.9,8.9,,2018,2017-18
192.0,Anthony Tolliver,32.0,DET,PF,79.0,14.0,22.2,2.8,6.0,0.464,2.0,4.6,0.436,0.8,1.4,0.561,0.632,1.3,1.7,0.797,0.6,2.4,3.1,1.1,0.4,0.3,0.7,1.8,8.9,,2018,2017-18
193.0,John Henson,27.0,MIL,C,76.0,69.0,25.9,3.8,6.6,0.572,0.0,0.1,0.143,3.8,6.5,0.578,0.573,1.2,2.1,0.57,2.0,4.8,6.8,1.5,0.6,1.4,1.1,2.7,8.8,,2018,2017-18
194.0,Cameron Payne,23.0,CHI,PG,25.0,14.0,23.3,3.5,8.6,0.405,1.4,3.6,0.385,2.1,5.0,0.419,0.486,0.5,0.6,0.75,0.7,2.0,2.8,4.5,1.0,0.4,1.4,1.8,8.8,,2018,2017-18
195.0,Mike Scott,29.0,WAS,PF,76.0,1.0,18.5,3.6,6.9,0.527,0.9,2.1,0.405,2.8,4.8,0.582,0.59,0.7,1.0,0.658,0.7,2.6,3.3,1.1,0.3,0.1,1.0,1.9,8.8,,2018,2017-18
196.0,Larry Nance Jr.,25.0,2TM,C,66.0,26.0,21.5,3.6,6.3,0.581,0.0,0.2,0.167,3.6,6.1,0.594,0.584,1.4,2.1,0.664,2.4,4.4,6.8,1.2,1.3,0.6,0.8,2.6,8.7,,2018,2017-18
196.0,Larry Nance Jr.,25.0,LAL,C,42.0,17.0,22.0,3.6,6.0,0.601,0.0,0.1,0.25,3.6,5.9,0.606,0.603,1.3,2.1,0.632,2.6,4.2,6.8,1.4,1.4,0.5,1.0,2.7,8.6,,2018,2017-18
196.0,Larry Nance Jr.,25.0,CLE,C,24.0,9.0,20.8,3.7,6.7,0.55,0.0,0.3,0.125,3.6,6.3,0.572,0.553,1.5,2.1,0.72,2.2,4.8,7.0,1.0,1.2,0.8,0.4,2.5,8.9,,2018,2017-18
197.0,Stanley Johnson,21.0,DET,SF,69.0,50.0,27.4,3.0,8.1,0.375,1.0,3.4,0.286,2.1,4.7,0.439,0.435,1.6,2.1,0.772,0.5,3.2,3.7,1.6,1.4,0.2,1.1,2.4,8.7,,2018,2017-18
198.0,Skal Labissière,21.0,SAC,PF,60.0,29.0,20.7,3.4,7.6,0.448,0.3,0.9,0.353,3.1,6.8,0.459,0.467,1.6,2.0,0.805,1.7,3.2,4.8,1.2,0.4,0.8,1.2,2.2,8.7,,2018,2017-18
199.0,Johnathan Motley,22.0,DAL,PF,11.0,4.0,16.0,3.6,6.8,0.533,0.1,0.5,0.167,3.5,6.3,0.565,0.54,1.4,2.5,0.536,1.3,3.2,4.5,0.6,0.3,0.2,0.8,1.6,8.7,,2018,2017-18
200.0,Shabazz Napier,26.0,POR,PG,74.0,9.0,20.7,3.0,7.2,0.42,1.1,2.9,0.376,1.9,4.2,0.45,0.497,1.6,1.9,0.841,0.4,1.9,2.3,2.0,1.1,0.2,1.2,1.1,8.7,,2018,2017-18
201.0,Terrence Ross,26.0,ORL,SG,24.0,20.0,25.0,3.2,8.0,0.398,1.3,3.9,0.323,1.9,4.1,0.469,0.476,1.1,1.5,0.75,0.4,2.6,3.0,1.6,1.1,0.5,1.2,1.9,8.7,,2018,2017-18
202.0,Isaiah Canaan,26.0,2TM,SG,20.0,1.0,21.1,2.6,6.9,0.38,1.1,3.3,0.333,1.5,3.6,0.423,0.46,2.3,2.6,0.902,0.3,2.0,2.3,3.8,0.8,0.1,1.5,1.8,8.6,,2018,2017-18
202.0,Isaiah Canaan,26.0,HOU,SG,1.0,0.0,4.0,0.0,1.0,0.0,0.0,0.0,,0.0,1.0,0.0,0.0,0.0,0.0,,0.0,1.0,1.0,0.0,0.0,0.0,0.0,0.0,0.0,,2018,2017-18
202.0,Isaiah Canaan,26.0,PHO,PG,19.0,1.0,22.0,2.7,7.2,0.382,1.2,3.5,0.333,1.6,3.7,0.429,0.463,2.4,2.7,0.902,0.3,2.0,2.3,4.0,0.8,0.1,1.5,1.9,9.1,,2018,2017-18
203.0,Emmanuel Mudiay,21.0,2TM,PG,64.0,14.0,19.5,3.2,8.2,0.388,0.7,2.3,0.318,2.5,5.9,0.415,0.433,1.5,2.0,0.76,0.4,2.0,2.4,3.2,0.6,0.2,1.8,1.3,8.6,,2018,2017-18
203.0,Emmanuel Mudiay,21.0,DEN,PG,42.0,0.0,17.9,3.1,7.7,0.401,0.9,2.4,0.373,2.2,5.2,0.414,0.46,1.5,1.9,0.808,0.4,1.9,2.2,2.9,0.5,0.1,1.7,1.1,8.5,,2018,2017-18
203.0,Emmanuel Mudiay,21.0,NYK,PG,22.0,14.0,22.4,3.4,9.3,0.368,0.4,2.1,0.196,3.0,7.2,0.418,0.39,1.6,2.3,0.686,0.5,2.2,2.6,3.9,0.9,0.3,1.9,1.5,8.8,,2018,2017-18
204.0,Danny Green,30.0,SAS,SG,70.0,60.0,25.6,3.1,8.0,0.387,1.7,4.6,0.363,1.4,3.4,0.419,0.49,0.7,0.9,0.769,0.6,3.0,3.6,1.6,0.9,1.1,1.1,1.7,8.6,,2018,2017-18
205.0,Fred VanVleet,23.0,TOR,PG,76.0,0.0,20.0,3.1,7.2,0.426,1.4,3.4,0.414,1.6,3.7,0.437,0.525,1.1,1.3,0.832,0.3,2.1,2.4,3.2,0.9,0.3,1.0,1.7,8.6,6MOY-3,2018,2017-18
206.0,Jonathan Gibson,30.0,BOS,PG,4.0,0.0,10.0,3.5,5.8,0.609,1.5,3.0,0.5,2.0,2.8,0.727,0.739,0.0,0.0,,0.0,0.8,0.8,1.0,0.0,0.0,0.8,1.3,8.5,,2018,2017-18
207.0,Alex Len,24.0,PHO,C,69.0,13.0,20.2,3.1,5.5,0.566,0.0,0.0,0.333,3.1,5.4,0.568,0.567,2.3,3.3,0.684,2.5,5.0,7.5,1.2,0.4,0.9,1.1,2.3,8.5,,2018,2017-18
208.0,Dwight Powell,26.0,DAL,C,79.0,24.0,21.2,3.2,5.4,0.593,0.4,1.1,0.333,2.9,4.4,0.656,0.626,1.7,2.3,0.719,1.7,3.9,5.6,1.2,0.8,0.4,0.7,2.4,8.5,,2018,2017-18
209.0,Derrick Rose,29.0,2TM,PG,25.0,7.0,16.8,3.2,7.4,0.435,0.3,1.2,0.233,3.0,6.2,0.474,0.454,1.6,1.8,0.87,0.5,0.9,1.4,1.5,0.3,0.2,1.4,0.6,8.4,,2018,2017-18
209.0,Derrick Rose,29.0,CLE,PG,16.0,7.0,19.3,3.6,8.3,0.439,0.4,1.5,0.25,3.3,6.8,0.481,0.462,2.2,2.6,0.854,0.6,1.2,1.8,1.6,0.2,0.3,1.8,0.9,9.8,,2018,2017-18
209.0,Derrick Rose,29.0,MIN,PG,9.0,0.0,12.4,2.6,6.0,0.426,0.1,0.7,0.167,2.4,5.3,0.458,0.435,0.6,0.6,1.0,0.3,0.3,0.7,1.2,0.4,0.0,0.8,0.2,5.8,,2018,2017-18
210.0,Devin Harris,34.0,2TM,PG,71.0,1.0,18.9,2.6,6.4,0.412,1.1,3.2,0.348,1.5,3.2,0.476,0.499,2.0,2.4,0.835,0.2,1.6,1.8,2.1,0.7,0.2,1.1,2.2,8.4,,2018,2017-18
210.0,Devin Harris,34.0,DAL,PG,44.0,1.0,18.3,2.7,6.5,0.415,1.0,2.8,0.352,1.7,3.6,0.465,0.493,2.1,2.5,0.83,0.2,1.7,1.9,1.9,0.8,0.2,1.1,2.3,8.5,,2018,2017-18
210.0,Devin Harris,34.0,DEN,PG,27.0,0.0,19.7,2.6,6.3,0.406,1.3,3.8,0.343,1.3,2.5,0.5,0.509,1.8,2.1,0.845,0.1,1.4,1.6,2.5,0.5,0.1,1.0,2.0,8.2,,2018,2017-18
211.0,Marcin Gortat,33.0,WAS,C,82.0,82.0,25.3,3.5,6.8,0.518,0.0,0.0,,3.5,6.8,0.518,0.518,1.3,2.0,0.675,2.2,5.4,7.6,1.8,0.5,0.7,1.2,2.1,8.4,,2018,2017-18
212.0,Jerami Grant,23.0,OKC,PF,81.0,1.0,20.3,3.0,5.6,0.535,0.4,1.4,0.291,2.6,4.3,0.613,0.57,2.0,3.0,0.675,1.1,2.9,3.9,0.7,0.4,1.0,0.7,1.9,8.4,,2018,2017-18
213.0,Jerian Grant,25.0,CHI,PG,74.0,26.0,22.8,2.8,6.8,0.416,0.8,2.5,0.326,2.0,4.3,0.468,0.476,1.9,2.5,0.745,0.4,1.9,2.3,4.6,0.9,0.1,1.2,1.8,8.4,,2018,2017-18
214.0,Garrett Temple,31.0,SAC,SG,65.0,35.0,24.8,3.1,7.3,0.418,1.4,3.5,0.392,1.7,3.8,0.442,0.512,0.9,1.2,0.769,0.3,2.0,2.3,1.9,0.9,0.4,1.2,2.1,8.4,,2018,2017-18
215.0,Rajon Rondo,31.0,NOP,PG,65.0,63.0,26.2,3.6,7.6,0.468,0.8,2.3,0.333,2.8,5.3,0.526,0.518,0.4,0.7,0.543,0.5,3.6,4.0,8.2,1.1,0.2,2.3,1.8,8.3,,2018,2017-18
216.0,J.R. Smith,32.0,CLE,SG,80.0,61.0,28.1,3.0,7.4,0.403,1.8,4.8,0.375,1.2,2.7,0.453,0.524,0.5,0.7,0.696,0.4,2.6,2.9,1.8,0.9,0.1,1.0,2.0,8.3,,2018,2017-18
217.0,Jarrett Allen,19.0,BRK,C,72.0,31.0,20.0,3.3,5.5,0.589,0.1,0.2,0.333,3.2,5.3,0.599,0.596,1.6,2.0,0.776,2.0,3.4,5.4,0.7,0.4,1.2,1.1,2.0,8.2,,2018,2017-18
218.0,Thabo Sefolosha,33.0,UTA,SF,38.0,6.0,21.2,3.1,6.3,0.492,0.8,2.2,0.381,2.3,4.1,0.551,0.558,1.2,1.4,0.815,0.8,3.5,4.2,0.9,1.4,0.3,0.8,1.6,8.2,,2018,2017-18
219.0,Evan Turner,29.0,POR,SF,79.0,40.0,25.7,3.3,7.3,0.447,0.5,1.7,0.318,2.7,5.6,0.485,0.484,1.2,1.4,0.85,0.4,2.7,3.1,2.2,0.6,0.4,1.3,2.1,8.2,,2018,2017-18
220.0,Dante Exum,22.0,UTA,PG,14.0,0.0,16.8,3.0,6.2,0.483,0.4,1.3,0.278,2.6,4.9,0.536,0.511,1.8,2.2,0.806,0.3,1.6,1.9,3.1,0.6,0.2,1.4,1.4,8.1,,2018,2017-18
221.0,Dejounte Murray,21.0,SAS,PG,81.0,48.0,21.5,3.3,7.5,0.443,0.1,0.4,0.265,3.2,7.1,0.454,0.451,1.3,1.8,0.709,1.4,4.3,5.7,2.9,1.2,0.4,1.7,1.9,8.1,DEF2,2018,2017-18
222.0,Aaron Jackson,31.0,HOU,PG,1.0,0.0,35.0,3.0,9.0,0.333,1.0,4.0,0.25,2.0,5.0,0.4,0.389,1.0,2.0,0.5,2.0,1.0,3.0,1.0,0.0,0.0,1.0,4.0,8.0,,2018,2017-18
223.0,Delon Wright,25.0,TOR,PG,69.0,4.0,20.8,2.9,6.3,0.465,0.8,2.2,0.366,2.1,4.0,0.52,0.53,1.4,1.7,0.829,0.7,2.2,2.9,2.9,1.0,0.5,1.1,1.2,8.0,,2018,2017-18
224.0,Kyle Anderson,24.0,SAS,SF,74.0,67.0,26.7,3.1,5.9,0.527,0.3,0.8,0.333,2.9,5.1,0.556,0.549,1.4,2.0,0.712,1.1,4.2,5.4,2.7,1.6,0.8,1.3,1.5,7.9,,2018,2017-18
225.0,Jerryd Bayless,29.0,PHI,SG,39.0,11.0,23.7,2.8,6.7,0.416,1.4,3.7,0.37,1.4,3.0,0.474,0.519,0.9,1.1,0.795,0.4,1.7,2.1,1.4,0.6,0.2,1.2,2.3,7.9,,2018,2017-18
226.0,Antonio Blakeney,21.0,CHI,SG,19.0,0.0,16.5,2.8,7.5,0.371,0.8,2.7,0.288,2.0,4.8,0.418,0.423,1.6,2.1,0.769,0.2,1.5,1.7,1.1,0.4,0.1,0.6,1.0,7.9,,2018,2017-18
227.0,Josh Hart,22.0,LAL,SG,63.0,23.0,23.2,2.8,6.0,0.469,1.2,3.1,0.396,1.6,2.8,0.551,0.573,1.0,1.5,0.702,0.7,3.5,4.2,1.3,0.7,0.3,0.7,1.7,7.9,,2018,2017-18
228.0,Cory Joseph,26.0,IND,PG,82.0,17.0,27.0,3.1,7.4,0.424,0.8,2.3,0.353,2.3,5.0,0.457,0.479,0.9,1.1,0.745,0.5,2.7,3.2,3.2,1.0,0.2,1.1,1.7,7.9,,2018,2017-18
229.0,Frank Mason III,23.0,SAC,PG,52.0,2.0,18.9,2.8,7.3,0.379,0.6,1.7,0.36,2.2,5.7,0.384,0.42,1.8,2.2,0.817,0.6,1.9,2.5,2.8,0.7,0.2,1.3,1.4,7.9,,2018,2017-18
230.0,David Nwaba,25.0,CHI,SG,70.0,21.0,23.5,2.9,6.0,0.478,0.3,0.7,0.346,2.6,5.3,0.496,0.499,1.9,2.9,0.655,1.3,3.4,4.7,1.5,0.8,0.4,1.1,2.3,7.9,,2018,2017-18
231.0,Chandler Parsons,29.0,MEM,SF,36.0,8.0,19.2,3.0,6.5,0.462,1.4,3.4,0.421,1.6,3.1,0.504,0.571,0.5,0.8,0.63,0.4,2.1,2.5,1.9,0.5,0.3,1.0,1.5,7.9,,2018,2017-18
232.0,Doug McDermott,26.0,2TM,SF,81.0,4.0,21.8,2.9,6.3,0.467,1.1,2.7,0.426,1.8,3.6,0.497,0.557,0.8,1.0,0.79,0.5,2.0,2.5,1.0,0.2,0.2,0.7,1.5,7.8,,2018,2017-18
232.0,Doug McDermott,26.0,NYK,SF,55.0,1.0,21.3,2.7,6.0,0.46,1.0,2.5,0.387,1.8,3.5,0.513,0.541,0.7,1.0,0.755,0.6,1.8,2.4,0.9,0.2,0.2,0.6,1.3,7.2,,2018,2017-18
232.0,Doug McDermott,26.0,DAL,SF,26.0,3.0,22.9,3.3,6.9,0.478,1.5,3.0,0.494,1.8,3.9,0.465,0.586,0.9,1.1,0.857,0.3,2.3,2.5,1.1,0.3,0.2,0.8,1.9,9.0,,2018,2017-18
233.0,Darius Miller,27.0,NOP,SF,82.0,3.0,23.7,2.6,5.9,0.444,1.8,4.4,0.411,0.8,1.6,0.535,0.594,0.7,0.8,0.866,0.2,1.8,2.0,1.4,0.3,0.2,0.7,2.0,7.8,,2018,2017-18
234.0,Tyler Ulis,22.0,PHO,PG,71.0,43.0,23.4,3.0,7.8,0.388,0.6,2.1,0.288,2.4,5.7,0.425,0.426,1.2,1.4,0.832,0.3,1.5,1.8,4.4,1.0,0.1,1.8,1.7,7.8,,2018,2017-18
235.0,Justise Winslow,21.0,MIA,PF,68.0,25.0,24.7,3.0,7.2,0.424,0.7,1.9,0.38,2.3,5.3,0.44,0.474,1.0,1.5,0.635,0.9,4.5,5.4,2.2,0.8,0.5,1.1,2.1,7.8,,2018,2017-18
236.0,Alec Burks,26.0,UTA,SG,64.0,1.0,16.5,2.7,6.5,0.411,0.7,2.2,0.331,1.9,4.3,0.452,0.467,1.7,1.9,0.863,0.3,2.7,3.0,1.0,0.6,0.1,0.9,1.2,7.7,,2018,2017-18
237.0,Mario Chalmers,31.0,MEM,PG,66.0,10.0,21.5,2.5,6.7,0.379,0.8,2.9,0.277,1.7,3.8,0.456,0.439,1.8,2.1,0.855,0.2,2.2,2.4,3.0,1.2,0.2,1.8,2.7,7.7,,2018,2017-18
238.0,Marquese Chriss,20.0,PHO,PF,72.0,49.0,21.2,2.8,6.6,0.423,0.8,2.6,0.295,2.0,4.0,0.509,0.482,1.3,2.2,0.608,1.1,4.4,5.5,1.2,0.7,1.0,1.5,2.8,7.7,,2018,2017-18
239.0,Jarell Martin,23.0,MEM,PF,73.0,36.0,22.8,3.0,6.8,0.446,0.5,1.3,0.347,2.6,5.5,0.47,0.48,1.2,1.6,0.767,1.3,3.0,4.4,1.0,0.5,0.7,1.2,2.9,7.7,,2018,2017-18
240.0,Tony Parker,35.0,SAS,PG,55.0,21.0,19.5,3.2,7.1,0.459,0.2,0.7,0.27,3.1,6.4,0.479,0.472,1.0,1.4,0.705,0.1,1.6,1.7,3.5,0.5,0.0,1.2,0.9,7.7,,2018,2017-18
241.0,Marreese Speights,30.0,ORL,C,52.0,3.0,13.0,2.7,6.7,0.395,1.7,4.5,0.369,1.0,2.2,0.448,0.519,0.8,1.1,0.727,0.4,2.2,2.6,0.8,0.2,0.4,0.8,2.0,7.7,,2018,2017-18
242.0,Luke Kennard,21.0,DET,SG,73.0,9.0,20.0,2.8,6.4,0.443,1.1,2.7,0.415,1.7,3.7,0.463,0.53,0.9,1.0,0.855,0.3,2.1,2.4,1.7,0.6,0.2,0.9,1.2,7.6,,2018,2017-18
243.0,Mike Muscala,26.0,ATL,C,53.0,7.0,20.0,2.7,5.9,0.458,1.2,3.2,0.371,1.5,2.7,0.559,0.558,1.1,1.2,0.919,1.1,3.3,4.3,1.0,0.6,0.5,0.8,1.5,7.6,,2018,2017-18
244.0,Jarrett Jack,34.0,NYK,PG,62.0,56.0,25.0,3.0,7.1,0.427,0.4,1.4,0.291,2.6,5.8,0.459,0.455,1.0,1.2,0.84,0.4,2.7,3.1,5.6,0.6,0.1,1.9,1.6,7.5,,2018,2017-18
245.0,Luc Mbah a Moute,31.0,HOU,PF,61.0,15.0,25.6,2.7,5.7,0.481,1.0,2.8,0.364,1.7,2.8,0.599,0.572,1.1,1.6,0.684,0.4,2.7,3.0,0.9,1.2,0.4,1.1,1.6,7.5,6MOY-12,2018,2017-18
246.0,Ben McLemore,24.0,MEM,SG,56.0,17.0,19.5,2.8,6.7,0.421,1.0,2.8,0.346,1.8,3.8,0.477,0.495,0.9,1.1,0.828,0.6,1.9,2.5,0.9,0.7,0.3,1.1,2.5,7.5,,2018,2017-18
247.0,Dwight Buycks,28.0,DET,PG,29.0,0.0,14.7,2.8,6.8,0.414,0.5,1.6,0.333,2.3,5.3,0.438,0.452,1.2,1.4,0.878,0.4,1.0,1.4,2.0,0.7,0.1,1.3,1.3,7.4,,2018,2017-18
248.0,Ian Clark,26.0,NOP,SG,74.0,2.0,19.7,3.0,6.7,0.448,0.8,2.6,0.318,2.2,4.1,0.533,0.511,0.6,0.8,0.763,0.1,1.6,1.7,1.5,0.4,0.1,0.8,1.6,7.4,,2018,2017-18
249.0,Pascal Siakam,23.0,TOR,PF,81.0,5.0,20.7,3.1,6.1,0.508,0.4,1.6,0.22,2.8,4.5,0.612,0.537,0.7,1.1,0.621,1.0,3.5,4.5,2.0,0.8,0.5,0.8,2.0,7.3,,2018,2017-18
250.0,Nick Young,32.0,GSW,SG,80.0,8.0,17.4,2.5,6.1,0.412,1.5,4.1,0.377,1.0,2.0,0.481,0.538,0.7,0.8,0.862,0.3,1.3,1.6,0.5,0.5,0.1,0.5,1.3,7.3,,2018,2017-18
251.0,Tyler Dorsey,21.0,ATL,SG,56.0,5.0,17.4,2.6,6.8,0.377,1.3,3.6,0.362,1.3,3.3,0.393,0.471,0.8,1.1,0.714,0.3,2.0,2.3,1.4,0.3,0.1,0.7,1.1,7.2,,2018,2017-18
252.0,Tomáš Satoranský,26.0,WAS,SG,73.0,30.0,22.5,2.8,5.3,0.523,0.6,1.4,0.465,2.1,3.9,0.544,0.585,1.0,1.3,0.781,1.0,2.2,3.2,3.9,0.7,0.2,1.1,1.8,7.2,6MOY-12,2018,2017-18
253.0,James Ennis III,27.0,2TM,SF,72.0,22.0,22.3,2.5,5.3,0.474,0.7,2.1,0.333,1.8,3.2,0.567,0.54,1.3,1.6,0.836,1.0,2.1,3.1,1.0,0.7,0.3,0.8,1.9,7.1,,2018,2017-18
253.0,James Ennis III,27.0,MEM,SF,45.0,14.0,23.4,2.4,4.9,0.486,0.7,1.9,0.357,1.7,3.1,0.565,0.554,1.4,1.6,0.877,1.2,2.3,3.5,1.1,0.7,0.3,0.8,1.8,6.9,,2018,2017-18
253.0,James Ennis III,27.0,DET,SF,27.0,8.0,20.4,2.7,6.0,0.457,0.8,2.6,0.304,2.0,3.4,0.57,0.522,1.2,1.6,0.767,0.7,1.7,2.5,0.8,0.6,0.2,0.7,2.0,7.5,,2018,2017-18
254.0,Markelle Fultz,19.0,PHI,SG,14.0,0.0,18.1,3.2,7.9,0.405,0.0,0.1,0.0,3.2,7.9,0.409,0.405,0.7,1.5,0.476,0.8,2.3,3.1,3.8,0.9,0.3,1.2,1.6,7.1,,2018,2017-18
255.0,Kyle O'Quinn,27.0,NYK,C,77.0,10.0,18.0,2.9,5.0,0.583,0.1,0.2,0.235,2.9,4.8,0.599,0.589,1.3,1.6,0.772,1.6,4.5,6.1,2.1,0.5,1.3,1.3,2.5,7.1,,2018,2017-18
256.0,Mason Plumlee,27.0,DEN,C,74.0,26.0,19.4,3.0,5.0,0.601,0.0,0.0,0.0,3.0,5.0,0.602,0.601,1.1,2.4,0.458,1.8,3.6,5.4,1.9,0.7,1.1,1.4,2.5,7.1,,2018,2017-18
257.0,Mirza Teletović,32.0,MIL,PF,10.0,0.0,15.9,2.5,5.7,0.439,2.1,4.5,0.467,0.4,1.2,0.333,0.623,0.0,0.0,,0.3,2.0,2.3,1.0,0.4,0.1,0.7,1.4,7.1,,2018,2017-18
258.0,Cody Zeller,25.0,CHO,C,33.0,0.0,19.0,2.6,4.7,0.545,0.1,0.1,0.667,2.5,4.6,0.542,0.551,1.8,2.6,0.718,2.0,3.3,5.4,0.9,0.4,0.6,1.0,2.5,7.1,,2018,2017-18
259.0,Al Jefferson,33.0,IND,C,36.0,1.0,13.4,3.1,5.8,0.534,0.0,0.1,0.0,3.1,5.7,0.541,0.534,0.8,1.0,0.833,0.8,3.1,4.0,0.8,0.4,0.6,0.6,1.8,7.0,,2018,2017-18
260.0,Jamil Wilson,27.0,LAC,SF,15.0,10.0,18.3,2.5,5.4,0.469,1.8,4.2,0.429,0.7,1.2,0.611,0.636,0.1,0.3,0.5,0.2,1.9,2.1,0.7,0.3,0.5,0.5,2.3,7.0,,2018,2017-18
261.0,Bam Adebayo,20.0,MIA,C,69.0,19.0,19.8,2.5,4.9,0.512,0.0,0.1,0.0,2.5,4.8,0.523,0.512,1.9,2.6,0.721,1.7,3.8,5.5,1.5,0.5,0.6,1.0,2.0,6.9,,2018,2017-18
262.0,Raymond Felton,33.0,OKC,PG,82.0,2.0,16.6,2.7,6.7,0.406,1.0,2.8,0.352,1.7,3.9,0.444,0.479,0.4,0.5,0.818,0.3,1.6,1.9,2.5,0.6,0.2,0.9,1.1,6.9,,2018,2017-18
263.0,Bryn Forbes,24.0,SAS,SG,80.0,12.0,19.0,2.6,6.2,0.421,1.1,2.9,0.39,1.5,3.4,0.446,0.51,0.6,0.9,0.667,0.2,1.2,1.4,1.0,0.4,0.0,0.5,1.4,6.9,,2018,2017-18
264.0,Shelvin Mack,27.0,ORL,PG,69.0,3.0,19.8,2.6,6.0,0.43,0.7,2.0,0.345,1.9,4.0,0.473,0.488,1.0,1.4,0.711,0.3,2.1,2.4,3.9,0.8,0.1,1.3,1.3,6.9,,2018,2017-18
265.0,Jakob Poeltl,22.0,TOR,C,82.0,0.0,18.6,3.1,4.7,0.659,0.0,0.0,0.5,3.1,4.7,0.66,0.66,0.7,1.2,0.594,2.0,2.8,4.8,0.7,0.5,1.2,1.0,2.6,6.9,6MOY-12,2018,2017-18
266.0,Tony Snell,26.0,MIL,SG,75.0,59.0,27.4,2.5,5.7,0.435,1.4,3.6,0.403,1.0,2.1,0.49,0.562,0.5,0.6,0.792,0.1,1.8,1.9,1.3,0.6,0.4,0.5,1.5,6.9,,2018,2017-18
267.0,Joe Johnson,36.0,2TM,SF,55.0,4.0,21.9,2.7,6.5,0.406,0.7,2.6,0.276,1.9,3.9,0.493,0.461,0.7,0.8,0.889,0.3,2.9,3.1,1.5,0.3,0.1,0.9,1.2,6.8,,2018,2017-18
267.0,Joe Johnson,36.0,UTA,SF,32.0,3.0,21.9,3.0,7.1,0.42,0.7,2.6,0.274,2.3,4.4,0.507,0.471,0.6,0.8,0.833,0.4,3.0,3.3,1.4,0.4,0.2,1.0,1.0,7.3,,2018,2017-18
267.0,Joe Johnson,36.0,HOU,SF,23.0,1.0,22.0,2.2,5.8,0.381,0.7,2.7,0.279,1.5,3.2,0.466,0.444,0.9,0.9,0.952,0.1,2.7,2.8,1.7,0.3,0.0,0.8,1.5,6.0,,2018,2017-18
268.0,Nemanja Bjelica,29.0,MIN,PF,67.0,21.0,20.5,2.6,5.5,0.461,1.1,2.7,0.415,1.4,2.8,0.505,0.563,0.5,0.7,0.8,0.8,3.3,4.1,1.3,0.7,0.2,0.8,2.1,6.8,,2018,2017-18
269.0,David West,37.0,GSW,C,73.0,0.0,13.7,3.0,5.2,0.571,0.0,0.1,0.375,2.9,5.1,0.576,0.575,0.8,1.1,0.759,0.9,2.4,3.3,1.9,0.6,1.0,1.1,1.6,6.8,,2018,2017-18
270.0,Tyler Zeller,28.0,2TM,C,66.0,34.0,16.8,2.8,5.1,0.56,0.2,0.4,0.357,2.7,4.6,0.578,0.575,0.9,1.2,0.722,1.7,3.0,4.6,0.7,0.2,0.5,0.7,1.9,6.7,,2018,2017-18
270.0,Tyler Zeller,28.0,BRK,C,42.0,33.0,16.7,3.0,5.5,0.546,0.2,0.6,0.385,2.7,4.8,0.567,0.568,1.0,1.4,0.667,1.5,3.1,4.6,0.7,0.2,0.5,0.8,1.9,7.1,,2018,2017-18
270.0,Tyler Zeller,28.0,MIL,C,24.0,1.0,16.9,2.6,4.4,0.59,0.0,0.1,0.0,2.6,4.3,0.602,0.59,0.7,0.8,0.895,2.0,2.7,4.6,0.8,0.3,0.6,0.5,2.0,5.9,,2018,2017-18
271.0,Aaron Harrison,23.0,DAL,SG,9.0,3.0,25.9,2.1,7.7,0.275,1.0,4.8,0.209,1.1,2.9,0.385,0.341,1.4,1.9,0.765,0.4,2.2,2.7,1.2,1.0,0.2,0.3,3.0,6.7,,2018,2017-18
272.0,Justin Jackson,22.0,SAC,SF,68.0,41.0,22.1,2.7,6.2,0.442,0.8,2.7,0.308,1.9,3.4,0.547,0.51,0.4,0.5,0.722,0.4,2.4,2.8,1.1,0.4,0.2,0.6,1.2,6.7,,2018,2017-18
273.0,Luke Kornet,22.0,NYK,C,20.0,1.0,16.3,2.5,6.3,0.392,1.4,4.0,0.354,1.1,2.3,0.457,0.504,0.4,0.6,0.727,0.6,2.7,3.2,1.3,0.3,0.8,0.6,1.4,6.7,,2018,2017-18
274.0,Kosta Koufos,28.0,SAC,C,71.0,12.0,19.6,3.1,5.5,0.571,0.0,0.0,,3.1,5.5,0.571,0.571,0.5,1.0,0.446,2.1,4.5,6.6,1.2,0.7,0.5,0.7,2.1,6.7,,2018,2017-18
275.0,Malik Monk,19.0,CHO,SG,63.0,0.0,13.6,2.4,6.7,0.36,1.3,3.9,0.342,1.1,2.9,0.385,0.458,0.5,0.6,0.842,0.1,0.9,1.0,1.4,0.3,0.1,0.8,1.0,6.7,,2018,2017-18
276.0,Jordan Crawford,29.0,NOP,SG,5.0,0.0,10.6,2.4,5.4,0.444,1.6,2.8,0.571,0.8,2.6,0.308,0.593,0.2,0.2,1.0,0.4,0.4,0.8,2.6,0.2,0.2,1.0,1.4,6.6,,2018,2017-18
277.0,Shaquille Harrison,24.0,PHO,PG,23.0,2.0,16.7,2.6,5.4,0.476,0.3,1.1,0.231,2.3,4.3,0.541,0.5,1.2,1.7,0.737,0.4,2.3,2.7,2.4,1.1,0.3,1.0,1.8,6.6,,2018,2017-18
278.0,Danuel House Jr.,24.0,PHO,SG,23.0,3.0,17.5,2.4,5.6,0.434,0.7,2.5,0.259,1.8,3.1,0.577,0.492,1.1,1.3,0.806,0.6,2.7,3.3,1.1,0.3,0.3,0.5,1.0,6.6,,2018,2017-18
279.0,Isaiah Taylor,23.0,ATL,PG,67.0,9.0,17.4,2.4,5.8,0.418,0.3,1.2,0.25,2.1,4.6,0.461,0.444,1.5,2.1,0.702,0.3,1.1,1.4,3.1,0.5,0.1,1.3,1.7,6.6,,2018,2017-18
280.0,Dragan Bender,20.0,PHO,PF,82.0,37.0,25.2,2.3,5.9,0.386,1.4,3.9,0.366,0.8,2.0,0.426,0.508,0.5,0.6,0.765,0.5,3.9,4.4,1.6,0.3,0.6,1.4,2.0,6.5,,2018,2017-18
281.0,Tyson Chandler,35.0,PHO,C,46.0,46.0,25.0,2.6,4.1,0.647,0.0,0.0,,2.6,4.1,0.647,0.647,1.3,2.0,0.624,2.9,6.2,9.1,1.2,0.3,0.6,1.3,2.3,6.5,,2018,2017-18
282.0,Maurice Harkless,24.0,POR,SF,59.0,37.0,21.4,2.5,5.0,0.495,0.8,2.0,0.415,1.7,3.0,0.547,0.577,0.7,1.0,0.712,0.8,2.0,2.7,0.9,0.8,0.7,0.7,1.7,6.5,,2018,2017-18
283.0,Nenê,35.0,HOU,C,52.0,4.0,14.6,2.6,4.6,0.569,0.0,0.0,0.0,2.6,4.6,0.574,0.569,1.3,2.1,0.636,1.0,2.3,3.4,0.9,0.5,0.3,0.7,2.4,6.5,,2018,2017-18
284.0,Richaun Holmes,24.0,PHI,C,48.0,2.0,15.5,2.8,5.0,0.56,0.1,0.6,0.129,2.7,4.4,0.624,0.568,0.8,1.2,0.661,1.2,3.2,4.4,1.3,0.4,0.6,0.5,2.0,6.5,,2018,2017-18
285.0,Josh Gray,24.0,PHO,PG,5.0,0.0,17.2,2.2,8.2,0.268,0.6,2.6,0.231,1.6,5.6,0.286,0.305,1.4,2.2,0.636,0.4,1.6,2.0,2.4,1.6,0.4,1.4,1.6,6.4,,2018,2017-18
286.0,Sean Kilpatrick,28.0,4TM,SG,52.0,1.0,12.3,2.1,5.7,0.374,0.9,2.8,0.319,1.2,2.9,0.427,0.452,1.2,1.4,0.889,0.1,1.6,1.7,0.9,0.3,0.1,0.7,0.6,6.3,,2018,2017-18
286.0,Sean Kilpatrick,28.0,BRK,SG,16.0,0.0,11.4,1.6,5.4,0.287,0.7,2.7,0.256,0.9,2.8,0.318,0.351,1.1,1.2,0.947,0.1,2.1,2.2,0.9,0.1,0.1,1.0,0.5,4.9,,2018,2017-18
286.0,Sean Kilpatrick,28.0,MIL,SG,23.0,0.0,8.9,1.3,3.6,0.378,0.6,2.0,0.283,0.8,1.6,0.5,0.457,0.8,0.8,0.947,0.0,1.0,1.1,0.7,0.2,0.0,0.4,0.7,4.0,,2018,2017-18
286.0,Sean Kilpatrick,28.0,LAC,SG,4.0,0.0,9.5,1.8,4.5,0.389,0.8,1.8,0.429,1.0,2.8,0.364,0.472,0.5,0.5,1.0,0.0,0.5,0.5,0.8,0.0,0.0,0.3,0.5,4.8,,2018,2017-18
286.0,Sean Kilpatrick,28.0,CHI,SG,9.0,1.0,23.8,5.2,11.9,0.439,2.1,5.3,0.396,3.1,6.6,0.475,0.528,2.9,3.6,0.813,0.3,2.4,2.8,1.4,0.7,0.3,1.3,0.9,15.4,,2018,2017-18
287.0,Trevor Booker,30.0,3TM,PF,68.0,7.0,17.0,2.6,5.0,0.516,0.1,0.5,0.242,2.5,4.6,0.545,0.528,1.0,1.4,0.71,1.7,3.0,4.7,1.2,0.4,0.3,0.9,1.8,6.3,,2018,2017-18
287.0,Trevor Booker,30.0,BRK,PF,18.0,6.0,21.9,4.3,8.3,0.513,0.2,0.7,0.25,4.1,7.7,0.536,0.523,1.3,2.4,0.558,2.1,4.5,6.6,2.1,0.4,0.3,1.7,2.4,10.1,,2018,2017-18
287.0,Trevor Booker,30.0,PHI,PF,33.0,0.0,15.0,1.8,3.3,0.56,0.1,0.2,0.286,1.8,3.1,0.578,0.569,1.0,1.2,0.821,1.4,2.3,3.7,0.8,0.5,0.3,0.6,1.5,4.7,,2018,2017-18
287.0,Trevor Booker,30.0,IND,PF,17.0,1.0,15.8,2.3,4.9,0.464,0.2,0.8,0.214,2.1,4.1,0.514,0.482,0.6,0.6,0.909,1.9,2.6,4.5,1.0,0.2,0.3,0.5,1.5,5.4,,2018,2017-18
288.0,Troy Williams,23.0,2TM,SF,21.0,1.0,14.6,2.4,5.2,0.468,0.5,1.8,0.289,1.9,3.4,0.563,0.518,1.0,1.4,0.667,1.0,2.0,3.0,0.8,1.0,0.2,0.9,1.6,6.3,,2018,2017-18
288.0,Troy Williams,23.0,HOU,SF,4.0,0.0,4.3,0.5,2.3,0.222,0.0,1.3,0.0,0.5,1.0,0.5,0.222,0.3,0.8,0.333,0.3,0.8,1.0,0.3,0.3,0.0,0.3,0.5,1.3,,2018,2017-18
288.0,Troy Williams,23.0,NYK,SF,17.0,1.0,17.1,2.9,5.9,0.49,0.6,1.9,0.333,2.2,3.9,0.567,0.545,1.1,1.6,0.704,1.2,2.2,3.5,0.9,1.1,0.2,1.1,1.9,7.5,,2018,2017-18
289.0,Jahlil Okafor,22.0,2TM,C,28.0,0.0,12.6,2.8,4.9,0.558,0.0,0.1,0.25,2.7,4.8,0.567,0.562,0.8,1.0,0.724,0.8,2.3,3.0,0.4,0.1,0.6,0.8,1.8,6.3,,2018,2017-18
289.0,Jahlil Okafor,22.0,PHI,C,2.0,0.0,12.5,2.0,4.5,0.444,0.0,0.0,,2.0,4.5,0.444,0.444,1.0,2.0,0.5,2.0,2.5,4.5,0.5,0.0,1.0,1.5,3.5,5.0,,2018,2017-18
289.0,Jahlil Okafor,22.0,BRK,C,26.0,0.0,12.6,2.8,5.0,0.566,0.0,0.2,0.25,2.8,4.8,0.576,0.57,0.7,1.0,0.76,0.7,2.3,2.9,0.4,0.1,0.6,0.7,1.7,6.4,,2018,2017-18
290.0,Malcolm Delaney,28.0,ATL,PG,54.0,3.0,18.8,2.0,5.3,0.382,0.9,2.3,0.371,1.2,3.0,0.391,0.463,1.4,1.7,0.804,0.2,1.7,1.9,3.0,0.6,0.1,1.2,1.5,6.3,,2018,2017-18
291.0,T.J. McConnell,25.0,PHI,PG,76.0,1.0,22.4,2.8,5.5,0.499,0.4,0.8,0.435,2.4,4.7,0.51,0.531,0.4,0.5,0.795,0.5,2.5,3.0,4.0,1.2,0.2,1.5,1.6,6.3,,2018,2017-18
292.0,Jodie Meeks,30.0,WAS,SG,77.0,0.0,14.5,2.0,5.1,0.399,0.9,2.7,0.343,1.1,2.4,0.464,0.491,1.3,1.5,0.863,0.2,1.4,1.6,0.9,0.4,0.1,0.5,0.7,6.3,,2018,2017-18
293.0,Isaiah Whitehead,22.0,BRK,PG,16.0,0.0,11.3,2.5,5.4,0.465,0.4,1.1,0.389,2.1,4.3,0.485,0.506,0.8,1.2,0.684,0.3,1.4,1.6,1.3,0.5,0.1,1.5,1.4,6.3,,2018,2017-18
294.0,Justin Anderson,24.0,PHI,SF,38.0,0.0,13.7,2.3,5.3,0.431,0.9,2.7,0.33,1.4,2.6,0.535,0.515,0.7,1.0,0.737,0.7,1.8,2.4,0.7,0.4,0.2,0.4,1.4,6.2,,2018,2017-18
295.0,Langston Galloway,26.0,DET,SG,58.0,2.0,14.9,2.2,5.9,0.371,1.3,3.8,0.344,0.9,2.1,0.418,0.481,0.6,0.7,0.805,0.2,1.4,1.6,1.0,0.6,0.1,0.3,0.7,6.2,,2018,2017-18
296.0,Kobi Simmons,20.0,MEM,PG,32.0,12.0,20.1,2.5,5.9,0.423,0.3,1.2,0.282,2.2,4.7,0.46,0.452,0.8,0.8,1.0,0.4,1.1,1.6,2.1,0.6,0.2,1.4,1.9,6.1,,2018,2017-18
297.0,P.J. Tucker,32.0,HOU,PF,82.0,34.0,27.8,2.1,5.4,0.39,1.4,3.8,0.371,0.7,1.6,0.435,0.52,0.5,0.7,0.717,1.1,4.4,5.6,0.9,1.0,0.3,0.9,2.5,6.1,,2018,2017-18
298.0,Boban Marjanović,29.0,2TM,C,39.0,1.0,8.6,2.0,3.8,0.534,0.0,0.0,,2.0,3.8,0.534,0.534,2.0,2.5,0.794,1.2,2.5,3.7,0.6,0.3,0.3,0.9,1.3,6.0,,2018,2017-18
298.0,Boban Marjanović,29.0,DET,C,19.0,1.0,9.0,2.2,4.2,0.519,0.0,0.0,,2.2,4.2,0.519,0.519,1.9,2.4,0.8,0.8,2.2,3.0,0.7,0.2,0.3,1.2,1.5,6.2,,2018,2017-18
298.0,Boban Marjanović,29.0,LAC,C,20.0,0.0,8.3,1.9,3.5,0.551,0.0,0.0,,1.9,3.5,0.551,0.551,2.1,2.6,0.788,1.7,2.7,4.4,0.4,0.3,0.3,0.7,1.2,5.9,,2018,2017-18
299.0,Aron Baynes,31.0,BOS,C,81.0,67.0,18.3,2.6,5.5,0.471,0.0,0.3,0.143,2.6,5.2,0.487,0.474,0.7,1.0,0.756,1.6,3.8,5.4,1.1,0.3,0.6,1.0,2.5,6.0,,2018,2017-18
300.0,Andre Iguodala,34.0,GSW,SF,64.0,7.0,25.3,2.3,5.0,0.463,0.5,1.8,0.282,1.8,3.2,0.567,0.514,0.9,1.4,0.632,0.8,3.1,3.8,3.3,0.8,0.6,1.0,1.5,6.0,,2018,2017-18
301.0,Rodney Purvis,23.0,ORL,SG,16.0,2.0,18.1,2.2,6.7,0.327,0.8,3.3,0.25,1.4,3.4,0.4,0.388,0.8,0.9,0.867,0.1,1.6,1.7,1.1,0.2,0.2,0.6,1.6,6.0,,2018,2017-18
302.0,Quincy Acy,27.0,BRK,PF,70.0,8.0,19.4,1.9,5.2,0.356,1.5,4.2,0.349,0.4,1.0,0.384,0.496,0.7,0.9,0.817,0.6,3.1,3.7,0.8,0.5,0.4,0.9,2.1,5.9,,2018,2017-18
303.0,OG Anunoby,20.0,TOR,SF,74.0,62.0,20.0,2.2,4.7,0.471,1.0,2.7,0.371,1.2,2.0,0.604,0.577,0.5,0.8,0.629,0.6,1.9,2.5,0.7,0.7,0.2,0.6,1.8,5.9,,2018,2017-18
304.0,Dāvis Bertāns,25.0,SAS,PF,77.0,10.0,14.1,2.1,4.8,0.44,1.2,3.3,0.373,0.9,1.5,0.588,0.568,0.5,0.6,0.816,0.2,1.8,2.0,1.0,0.3,0.4,0.5,1.2,5.9,,2018,2017-18
305.0,Gorgui Dieng,28.0,MIN,C,79.0,0.0,16.9,2.4,4.9,0.479,0.2,0.8,0.311,2.1,4.1,0.511,0.504,1.0,1.3,0.775,1.3,3.2,4.6,0.9,0.6,0.5,0.7,1.9,5.9,,2018,2017-18
306.0,Kenneth Faried,28.0,DEN,PF,32.0,7.0,14.4,2.4,4.6,0.514,0.0,0.0,0.0,2.4,4.6,0.517,0.514,1.1,1.6,0.706,2.1,2.7,4.8,0.6,0.4,0.4,0.7,1.6,5.9,,2018,2017-18
307.0,Dorian Finney-Smith,24.0,DAL,PF,21.0,13.0,21.3,2.2,5.8,0.38,1.0,3.2,0.299,1.2,2.6,0.481,0.463,0.5,0.7,0.733,1.0,2.5,3.6,1.2,0.5,0.2,1.0,2.0,5.9,,2018,2017-18
308.0,Frank Ntilikina,19.0,NYK,PG,78.0,9.0,21.9,2.3,6.4,0.364,0.6,2.0,0.318,1.7,4.4,0.385,0.414,0.6,0.9,0.721,0.5,1.8,2.3,3.2,0.8,0.2,1.7,2.3,5.9,,2018,2017-18
309.0,Deyonta Davis,21.0,MEM,C,62.0,6.0,15.2,2.6,4.3,0.608,0.0,0.0,,2.6,4.3,0.608,0.608,0.6,0.9,0.667,1.2,2.8,4.0,0.6,0.2,0.6,0.5,2.0,5.8,,2018,2017-18
310.0,Jonas Jerebko,30.0,UTA,PF,74.0,19.0,15.3,2.1,4.6,0.466,0.9,2.1,0.414,1.3,2.5,0.511,0.562,0.6,0.8,0.807,0.7,2.6,3.3,0.6,0.3,0.2,0.4,1.7,5.8,,2018,2017-18
311.0,Timothé Luwawu-Cabarrot,22.0,PHI,SF,52.0,7.0,15.5,1.9,5.1,0.375,1.0,3.0,0.335,0.9,2.1,0.431,0.474,0.9,1.1,0.793,0.3,1.1,1.4,1.0,0.2,0.1,0.7,1.9,5.8,,2018,2017-18
312.0,Xavier Rathan-Mayes,23.0,MEM,SG,5.0,0.0,23.6,2.4,8.4,0.286,0.2,2.8,0.071,2.2,5.6,0.393,0.298,0.8,1.8,0.444,0.0,1.0,1.0,3.6,1.2,0.6,2.2,3.6,5.8,,2018,2017-18
313.0,Tristan Thompson,26.0,CLE,C,53.0,22.0,20.2,2.5,4.4,0.562,0.0,0.0,,2.5,4.4,0.562,0.562,0.8,1.5,0.544,2.4,4.3,6.6,0.6,0.3,0.3,0.7,1.9,5.8,,2018,2017-18
314.0,Dante Cunningham,30.0,2TM,SF,73.0,25.0,21.4,2.2,5.0,0.451,0.8,2.3,0.345,1.5,2.7,0.541,0.53,0.4,0.7,0.596,1.1,3.0,4.1,0.7,0.5,0.4,0.5,1.5,5.7,,2018,2017-18
314.0,Dante Cunningham,30.0,NOP,SF,51.0,24.0,21.9,1.9,4.4,0.44,0.7,2.1,0.324,1.3,2.3,0.547,0.518,0.4,0.7,0.556,1.0,2.8,3.8,0.5,0.5,0.3,0.3,1.5,5.0,,2018,2017-18
314.0,Dante Cunningham,30.0,BRK,SF,22.0,1.0,20.3,3.0,6.3,0.468,1.0,2.7,0.383,1.9,3.6,0.532,0.55,0.5,0.7,0.688,1.3,3.5,4.8,1.0,0.5,0.6,0.8,1.6,7.5,,2018,2017-18
315.0,Bismack Biyombo,25.0,ORL,C,82.0,25.0,18.2,2.2,4.3,0.52,0.0,0.0,0.0,2.2,4.3,0.521,0.52,1.2,1.9,0.65,1.8,4.0,5.7,0.8,0.3,1.2,1.0,1.9,5.7,,2018,2017-18
316.0,Omri Casspi,29.0,GSW,SF,53.0,7.0,14.0,2.3,3.9,0.58,0.2,0.4,0.455,2.1,3.5,0.595,0.604,0.9,1.3,0.725,0.6,3.2,3.8,1.0,0.3,0.4,0.7,1.3,5.7,,2018,2017-18
317.0,Jack Cooley,26.0,SAC,PF,7.0,0.0,12.4,1.9,3.9,0.481,0.0,0.0,,1.9,3.9,0.481,0.481,2.0,2.7,0.737,2.0,2.3,4.3,0.9,0.1,0.0,0.4,1.9,5.7,,2018,2017-18
318.0,Jameel Warney,24.0,DAL,PF,3.0,0.0,9.0,2.3,4.0,0.583,0.0,0.0,,2.3,4.0,0.583,0.583,1.0,1.7,0.6,1.3,1.7,3.0,0.0,0.0,0.0,0.3,0.7,5.7,,2018,2017-18
319.0,Cristiano Felício,25.0,CHI,C,55.0,16.0,17.8,2.3,3.9,0.591,0.0,0.0,0.0,2.3,3.9,0.596,0.591,1.0,1.5,0.667,1.5,2.7,4.2,1.0,0.3,0.2,1.0,1.9,5.6,,2018,2017-18
320.0,Ivan Rabb,20.0,MEM,PF,36.0,5.0,14.3,2.4,4.2,0.566,0.0,0.0,,2.4,4.2,0.566,0.566,0.8,1.0,0.806,1.5,2.9,4.4,0.9,0.3,0.4,1.0,1.5,5.6,,2018,2017-18
321.0,Omari Johnson,28.0,MEM,PF,4.0,0.0,18.8,2.3,5.3,0.429,1.0,3.0,0.333,1.3,2.3,0.556,0.524,0.0,0.0,,1.0,1.8,2.8,1.8,0.5,0.0,0.8,1.5,5.5,,2018,2017-18
322.0,Shaun Livingston,32.0,GSW,PG,71.0,7.0,15.9,2.4,4.8,0.501,0.0,0.1,0.0,2.4,4.8,0.509,0.501,0.7,0.9,0.82,0.5,1.4,1.8,2.0,0.5,0.3,0.8,1.6,5.5,,2018,2017-18
323.0,Norman Powell,24.0,TOR,SG,70.0,18.0,15.2,2.1,5.3,0.401,0.8,2.7,0.285,1.4,2.7,0.516,0.472,0.5,0.6,0.821,0.2,1.5,1.7,1.3,0.5,0.2,0.9,1.6,5.5,,2018,2017-18
324.0,C.J. Williams,27.0,LAC,SG,38.0,18.0,18.6,2.3,5.2,0.442,0.6,2.1,0.282,1.7,3.1,0.546,0.497,0.3,0.4,0.813,0.3,1.2,1.5,1.1,0.8,0.3,0.5,1.7,5.5,,2018,2017-18
325.0,Wade Baldwin,21.0,POR,PG,7.0,0.0,11.4,2.0,3.0,0.667,0.6,0.7,0.8,1.4,2.3,0.625,0.762,0.9,1.4,0.6,0.1,1.0,1.1,0.7,0.3,0.1,0.6,1.7,5.4,,2018,2017-18
326.0,Vince Carter,41.0,SAC,SF,58.0,4.0,17.7,2.0,4.9,0.403,1.0,2.8,0.345,1.0,2.0,0.483,0.504,0.5,0.6,0.757,0.3,2.2,2.6,1.2,0.7,0.4,0.6,1.7,5.4,,2018,2017-18
327.0,Pat Connaughton,25.0,POR,SG,82.0,5.0,18.1,2.0,4.8,0.423,0.9,2.6,0.352,1.1,2.2,0.506,0.518,0.5,0.5,0.841,0.4,1.5,2.0,1.1,0.3,0.3,0.5,1.5,5.4,,2018,2017-18
328.0,Myke Henry,25.0,MEM,SF,20.0,0.0,18.9,2.1,5.5,0.376,1.0,2.9,0.328,1.1,2.6,0.431,0.463,0.3,0.5,0.6,0.5,1.4,1.9,1.1,1.6,0.3,1.0,1.4,5.4,,2018,2017-18
329.0,Jonathan Isaac,20.0,ORL,PF,27.0,10.0,19.9,2.0,5.4,0.379,0.6,1.7,0.348,1.4,3.7,0.394,0.434,0.7,0.9,0.76,0.6,3.1,3.7,0.7,1.2,1.1,1.0,1.8,5.4,,2018,2017-18
330.0,Wesley Johnson,30.0,LAC,SF,74.0,40.0,20.1,2.0,5.0,0.408,0.8,2.4,0.339,1.2,2.6,0.471,0.489,0.6,0.8,0.741,0.4,2.5,2.9,0.8,1.0,0.8,0.7,2.0,5.4,,2018,2017-18
331.0,Maxi Kleber,26.0,DAL,PF,72.0,35.0,16.8,2.1,4.3,0.489,0.6,1.8,0.313,1.5,2.5,0.613,0.553,0.6,0.8,0.746,1.0,2.3,3.3,0.7,0.4,0.7,0.4,1.6,5.4,,2018,2017-18
332.0,Jon Leuer,28.0,DET,PF,8.0,0.0,17.0,1.9,4.5,0.417,0.0,0.4,0.0,1.9,4.1,0.455,0.417,1.6,1.9,0.867,0.9,3.1,4.0,0.6,0.1,0.4,0.9,2.0,5.4,,2018,2017-18
333.0,Zaza Pachulia,33.0,GSW,C,69.0,57.0,14.1,2.2,3.8,0.564,0.0,0.0,0.0,2.2,3.8,0.567,0.564,1.1,1.3,0.806,1.3,3.4,4.7,1.6,0.6,0.2,1.0,1.8,5.4,,2018,2017-18
334.0,Corey Brewer,31.0,2TM,SG,72.0,18.0,16.8,2.0,4.4,0.449,0.4,1.5,0.282,1.5,2.9,0.539,0.498,0.9,1.3,0.722,0.6,1.5,2.1,0.9,1.1,0.2,0.7,1.9,5.3,,2018,2017-18
334.0,Corey Brewer,31.0,LAL,SF,54.0,2.0,12.9,1.4,3.2,0.453,0.1,0.8,0.186,1.3,2.4,0.543,0.477,0.6,0.9,0.667,0.4,1.3,1.7,0.8,0.8,0.1,0.7,1.5,3.7,,2018,2017-18
334.0,Corey Brewer,31.0,OKC,SG,18.0,16.0,28.6,3.6,8.0,0.444,1.3,3.7,0.343,2.3,4.3,0.532,0.524,1.7,2.2,0.795,1.1,2.3,3.4,1.3,2.1,0.3,0.6,3.1,10.1,,2018,2017-18
335.0,Ed Davis,28.0,POR,C,78.0,0.0,18.9,2.2,3.7,0.582,0.0,0.0,0.0,2.2,3.7,0.584,0.582,0.9,1.4,0.667,2.3,5.0,7.4,0.5,0.4,0.7,0.8,2.4,5.3,,2018,2017-18
336.0,Daniel Theis,25.0,BOS,C,63.0,3.0,14.9,2.0,3.7,0.541,0.3,0.9,0.31,1.7,2.8,0.617,0.579,1.0,1.3,0.753,1.4,2.9,4.3,0.9,0.5,0.8,0.9,2.5,5.3,,2018,2017-18
337.0,Luke Babbitt,28.0,2TM,SF,50.0,14.0,14.3,1.8,4.3,0.423,1.2,3.1,0.385,0.6,1.2,0.525,0.563,0.3,0.4,0.773,0.1,1.8,1.9,0.6,0.2,0.1,0.4,1.1,5.2,,2018,2017-18
337.0,Luke Babbitt,28.0,ATL,SF,37.0,9.0,15.4,2.2,4.5,0.476,1.3,3.0,0.441,0.8,1.5,0.544,0.622,0.5,0.6,0.773,0.1,2.1,2.2,0.7,0.2,0.1,0.4,1.3,6.1,,2018,2017-18
337.0,Luke Babbitt,28.0,MIA,SF,13.0,5.0,11.2,0.8,3.6,0.234,0.8,3.5,0.244,0.0,0.2,0.0,0.351,0.0,0.0,,0.2,1.0,1.2,0.4,0.1,0.2,0.3,0.5,2.5,,2018,2017-18
338.0,DeAndre' Bembry,23.0,ATL,SF,26.0,3.0,17.5,2.0,4.9,0.414,0.4,1.2,0.367,1.6,3.8,0.429,0.457,0.7,1.3,0.576,0.3,2.5,2.8,1.9,0.8,0.5,1.8,1.5,5.2,,2018,2017-18
339.0,Brandon Jennings,28.0,MIL,PG,14.0,0.0,14.6,1.9,5.1,0.375,0.6,2.4,0.273,1.3,2.8,0.462,0.438,0.7,0.7,1.0,0.4,1.9,2.2,3.1,0.4,0.3,1.3,0.8,5.2,,2018,2017-18
340.0,Willy Hernangómez,23.0,2TM,C,48.0,1.0,10.3,1.9,3.4,0.555,0.1,0.3,0.417,1.8,3.2,0.566,0.57,1.2,1.9,0.656,1.3,2.5,3.8,0.7,0.4,0.3,0.7,1.3,5.1,,2018,2017-18
340.0,Willy Hernangómez,23.0,NYK,C,26.0,0.0,9.0,1.9,3.1,0.605,0.0,0.2,0.2,1.8,2.9,0.632,0.611,0.5,1.1,0.429,0.8,1.7,2.6,0.8,0.3,0.3,1.0,1.2,4.3,,2018,2017-18
340.0,Willy Hernangómez,23.0,CHO,C,22.0,1.0,11.9,1.9,3.8,0.506,0.2,0.3,0.571,1.7,3.5,0.5,0.53,2.1,2.8,0.758,1.8,3.5,5.3,0.5,0.5,0.4,0.4,1.5,6.1,,2018,2017-18
341.0,Jamel Artis,25.0,ORL,SG,15.0,1.0,18.6,2.1,5.3,0.392,0.5,1.9,0.276,1.5,3.3,0.46,0.443,0.5,0.8,0.583,0.3,2.3,2.5,1.2,0.1,0.2,0.5,0.7,5.1,,2018,2017-18
342.0,Tyus Jones,21.0,MIN,PG,82.0,11.0,17.9,1.8,4.0,0.457,0.5,1.6,0.349,1.3,2.4,0.528,0.526,0.9,1.0,0.877,0.2,1.4,1.6,2.8,1.2,0.1,0.7,1.3,5.1,,2018,2017-18
343.0,Rodney McGruder,26.0,MIA,SG,18.0,2.0,16.6,2.0,4.1,0.493,0.8,1.9,0.429,1.2,2.1,0.553,0.596,0.2,0.4,0.5,0.6,1.2,1.8,0.9,0.4,0.2,0.2,1.2,5.1,,2018,2017-18
344.0,Shabazz Muhammad,25.0,2TM,SG,43.0,2.0,9.7,2.0,4.4,0.447,0.2,0.6,0.259,1.8,3.7,0.478,0.465,0.9,1.2,0.78,0.5,1.2,1.8,0.3,0.2,0.1,0.1,0.7,5.0,,2018,2017-18
344.0,Shabazz Muhammad,25.0,MIN,SF,32.0,2.0,9.4,1.5,3.8,0.388,0.1,0.6,0.211,1.3,3.2,0.422,0.405,0.7,1.0,0.71,0.5,0.9,1.4,0.2,0.2,0.1,0.2,0.7,3.8,,2018,2017-18
344.0,Shabazz Muhammad,25.0,MIL,SG,11.0,0.0,10.6,3.4,6.1,0.552,0.3,0.7,0.375,3.1,5.4,0.576,0.575,1.5,1.7,0.895,0.7,2.1,2.8,0.6,0.4,0.1,0.1,0.6,8.5,,2018,2017-18
345.0,Channing Frye,34.0,2TM,C,53.0,1.0,13.1,2.0,4.0,0.491,0.7,2.2,0.339,1.2,1.8,0.67,0.583,0.3,0.4,0.895,0.2,2.3,2.5,0.7,0.3,0.2,0.4,1.3,5.0,,2018,2017-18
345.0,Channing Frye,34.0,CLE,C,44.0,1.0,12.4,1.9,3.8,0.497,0.7,2.0,0.333,1.2,1.8,0.684,0.586,0.3,0.3,0.933,0.2,2.3,2.5,0.6,0.4,0.3,0.4,1.2,4.8,,2018,2017-18
345.0,Channing Frye,34.0,LAL,C,9.0,0.0,16.7,2.2,4.8,0.465,1.0,2.8,0.36,1.2,2.0,0.611,0.57,0.3,0.4,0.75,0.2,2.6,2.8,1.1,0.1,0.1,0.4,1.7,5.8,,2018,2017-18
346.0,Royce O'Neale,24.0,UTA,SF,69.0,4.0,16.7,1.7,4.1,0.423,0.6,1.7,0.356,1.1,2.4,0.47,0.496,0.9,1.1,0.803,0.4,3.1,3.4,1.4,0.5,0.2,0.8,1.5,5.0,,2018,2017-18
347.0,Andre Roberson,26.0,OKC,SG,39.0,39.0,26.6,2.2,4.2,0.537,0.2,0.9,0.222,2.0,3.2,0.627,0.562,0.3,1.0,0.316,1.9,2.8,4.7,1.2,1.2,0.9,0.8,2.3,5.0,,2018,2017-18
348.0,Brandan Wright,30.0,2TM,PF,28.0,1.0,13.6,2.1,3.6,0.578,0.0,0.0,,2.1,3.6,0.578,0.578,0.8,1.2,0.636,1.2,2.2,3.4,0.5,0.5,0.9,0.3,1.1,5.0,,2018,2017-18
348.0,Brandan Wright,30.0,MEM,PF,27.0,1.0,13.6,2.1,3.7,0.576,0.0,0.0,,2.1,3.7,0.576,0.576,0.8,1.2,0.636,1.2,2.3,3.4,0.5,0.5,0.9,0.3,1.1,5.0,,2018,2017-18
348.0,Brandan Wright,30.0,HOU,PF,1.0,0.0,15.0,2.0,3.0,0.667,0.0,0.0,,2.0,3.0,0.667,0.667,0.0,0.0,,1.0,1.0,2.0,0.0,0.0,1.0,0.0,3.0,4.0,,2018,2017-18
349.0,Noah Vonleh,22.0,2TM,PF,54.0,16.0,16.2,1.9,4.3,0.444,0.4,1.2,0.303,1.6,3.1,0.5,0.487,0.7,1.1,0.621,1.3,4.5,5.8,0.6,0.4,0.3,0.6,1.3,4.9,,2018,2017-18
349.0,Noah Vonleh,22.0,POR,PF,33.0,12.0,14.4,1.4,2.9,0.49,0.1,0.2,0.333,1.4,2.7,0.5,0.5,0.7,0.9,0.742,1.1,4.0,5.1,0.4,0.2,0.3,0.5,1.3,3.6,,2018,2017-18
349.0,Noah Vonleh,22.0,CHI,PF,21.0,4.0,19.0,2.7,6.6,0.413,0.9,2.9,0.3,1.9,3.7,0.5,0.478,0.6,1.3,0.481,1.7,5.2,6.9,1.0,0.6,0.3,0.8,1.2,6.9,,2018,2017-18
350.0,Ramon Sessions,31.0,2TM,PG,28.0,3.0,14.0,1.5,4.2,0.359,0.3,0.9,0.308,1.2,3.3,0.374,0.393,1.6,2.0,0.772,0.2,1.1,1.4,2.8,0.5,0.1,1.1,1.0,4.9,,2018,2017-18
350.0,Ramon Sessions,31.0,NYK,PG,13.0,3.0,12.8,1.3,4.1,0.321,0.2,0.8,0.182,1.2,3.2,0.357,0.34,0.9,1.2,0.8,0.1,1.3,1.4,2.1,0.5,0.1,1.2,1.1,3.7,,2018,2017-18
350.0,Ramon Sessions,31.0,WAS,PG,15.0,0.0,15.0,1.7,4.3,0.391,0.4,1.0,0.4,1.3,3.3,0.388,0.438,2.1,2.8,0.762,0.3,1.0,1.3,3.3,0.5,0.1,1.0,1.0,5.9,,2018,2017-18
351.0,Jameer Nelson,35.0,2TM,PG,50.0,0.0,20.3,1.9,4.9,0.389,0.8,2.5,0.331,1.1,2.4,0.45,0.473,0.3,0.4,0.8,0.3,1.8,2.1,3.6,0.5,0.1,1.3,1.6,4.9,,2018,2017-18
351.0,Jameer Nelson,35.0,NOP,PG,43.0,0.0,20.9,2.0,4.8,0.41,0.9,2.6,0.364,1.0,2.2,0.463,0.507,0.3,0.4,0.765,0.3,2.0,2.2,3.6,0.5,0.1,1.3,1.6,5.1,,2018,2017-18
351.0,Jameer Nelson,35.0,DET,PG,7.0,0.0,16.6,1.6,5.6,0.282,0.1,2.0,0.071,1.4,3.6,0.4,0.295,0.4,0.4,1.0,0.3,0.9,1.1,3.3,0.6,0.1,1.6,2.0,3.7,,2018,2017-18
352.0,Cheick Diallo,21.0,NOP,PF,52.0,0.0,11.2,2.0,3.4,0.58,0.0,0.0,,2.0,3.4,0.58,0.58,1.0,1.3,0.758,0.9,3.2,4.1,0.4,0.2,0.4,0.5,1.6,4.9,,2018,2017-18
353.0,Jawun Evans,21.0,LAC,PG,48.0,4.0,16.2,1.9,5.3,0.352,0.3,1.1,0.278,1.5,4.1,0.372,0.381,0.8,1.0,0.776,0.2,1.6,1.8,2.1,0.8,0.1,0.9,2.0,4.8,,2018,2017-18
354.0,Ian Mahinmi,31.0,WAS,C,77.0,0.0,14.9,1.8,3.2,0.556,0.0,0.0,0.0,1.8,3.2,0.561,0.556,1.2,1.7,0.703,1.8,2.3,4.1,0.7,0.5,0.5,1.3,3.0,4.8,,2018,2017-18
355.0,Thon Maker,20.0,MIL,C,74.0,12.0,16.7,1.8,4.3,0.411,0.4,1.4,0.298,1.3,2.9,0.467,0.46,0.9,1.3,0.699,1.0,2.0,3.0,0.6,0.5,0.7,0.6,2.2,4.8,,2018,2017-18
356.0,JaVale McGee,30.0,GSW,C,65.0,17.0,9.5,2.1,3.4,0.621,0.0,0.1,0.0,2.1,3.3,0.638,0.621,0.6,0.8,0.731,0.9,1.7,2.6,0.5,0.3,0.9,0.4,1.4,4.8,,2018,2017-18
357.0,Johnny O'Bryant,24.0,CHO,PF,36.0,0.0,10.5,1.9,4.8,0.398,0.4,1.2,0.326,1.5,3.6,0.422,0.439,0.6,0.7,0.84,0.8,1.8,2.6,0.4,0.3,0.2,0.4,1.3,4.8,,2018,2017-18
358.0,Álex Abrines,24.0,OKC,SG,75.0,8.0,15.1,1.5,3.9,0.395,1.1,2.9,0.38,0.4,0.9,0.443,0.54,0.5,0.6,0.848,0.3,1.2,1.5,0.4,0.5,0.1,0.3,1.7,4.7,,2018,2017-18
359.0,Tony Allen,36.0,NOP,SF,22.0,0.0,12.4,2.0,4.1,0.484,0.2,0.5,0.333,1.8,3.6,0.506,0.505,0.5,1.0,0.524,0.9,1.2,2.1,0.4,0.5,0.1,0.9,2.2,4.7,,2018,2017-18
360.0,Tyler Cavanaugh,23.0,ATL,PF,39.0,1.0,13.3,1.7,3.9,0.441,0.8,2.3,0.36,0.9,1.6,0.556,0.546,0.4,0.5,0.81,1.2,2.1,3.3,0.7,0.2,0.1,0.4,1.6,4.7,,2018,2017-18
361.0,Jaylen Morris,22.0,ATL,SG,6.0,0.0,16.3,2.2,5.3,0.406,0.3,1.7,0.2,1.8,3.7,0.5,0.438,0.0,0.0,,0.3,2.3,2.7,1.2,0.3,0.2,1.0,0.3,4.7,,2018,2017-18
362.0,JaKarr Sampson,24.0,SAC,SF,22.0,6.0,15.6,2.0,3.7,0.543,0.2,0.5,0.5,1.8,3.2,0.549,0.574,0.5,0.7,0.625,1.0,2.6,3.5,0.4,0.4,1.0,0.4,2.2,4.7,,2018,2017-18
363.0,Jalen Jones,24.0,2TM,SF,16.0,0.0,11.3,1.6,4.3,0.382,0.6,1.6,0.385,1.0,2.6,0.381,0.456,0.8,1.2,0.632,0.8,1.6,2.4,0.3,0.3,0.1,0.4,1.4,4.6,,2018,2017-18
363.0,Jalen Jones,24.0,NOP,SF,4.0,0.0,4.8,0.3,1.0,0.25,0.3,0.3,1.0,0.0,0.8,0.0,0.375,0.5,0.5,1.0,0.0,0.8,0.8,0.0,0.0,0.0,0.0,0.5,1.3,,2018,2017-18
363.0,Jalen Jones,24.0,DAL,SF,12.0,0.0,13.5,2.1,5.3,0.391,0.8,2.1,0.36,1.3,3.3,0.41,0.461,0.8,1.4,0.588,1.1,1.8,2.9,0.3,0.4,0.1,0.6,1.7,5.8,,2018,2017-18
364.0,Willie Reed,27.0,2TM,C,42.0,5.0,10.2,1.9,2.9,0.669,0.0,0.0,0.5,1.9,2.8,0.672,0.674,0.8,1.3,0.582,0.8,2.0,2.9,0.2,0.2,0.5,0.5,1.3,4.6,,2018,2017-18
364.0,Willie Reed,27.0,LAC,C,39.0,5.0,10.7,2.1,3.1,0.667,0.0,0.1,0.5,2.0,3.0,0.669,0.671,0.8,1.4,0.582,0.9,2.2,3.1,0.2,0.2,0.6,0.5,1.4,4.9,,2018,2017-18
364.0,Willie Reed,27.0,DET,C,3.0,0.0,3.0,0.3,0.3,1.0,0.0,0.0,,0.3,0.3,1.0,1.0,0.0,0.0,,0.0,0.3,0.3,0.3,0.0,0.0,0.0,1.0,0.7,,2018,2017-18
365.0,Jordan Bell,23.0,GSW,C,57.0,13.0,14.2,2.0,3.2,0.627,0.0,0.1,0.0,2.0,3.2,0.641,0.627,0.5,0.8,0.682,1.1,2.6,3.6,1.8,0.6,1.0,0.9,1.6,4.6,,2018,2017-18
366.0,Michael Carter-Williams,26.0,CHO,PG,52.0,2.0,16.1,1.5,4.4,0.332,0.3,1.1,0.237,1.2,3.3,0.365,0.362,1.4,1.7,0.82,0.7,1.9,2.7,2.2,0.8,0.4,1.0,1.9,4.6,,2018,2017-18
367.0,Amir Johnson,30.0,PHI,C,74.0,18.0,15.8,1.9,3.5,0.538,0.1,0.4,0.313,1.8,3.1,0.57,0.558,0.7,1.1,0.612,1.7,2.8,4.5,1.6,0.6,0.6,0.7,2.6,4.6,,2018,2017-18
368.0,Andrew White,24.0,ATL,SF,15.0,0.0,13.9,1.7,4.9,0.342,1.2,3.3,0.367,0.5,1.6,0.292,0.466,0.1,0.3,0.25,0.3,2.0,2.3,0.4,0.2,0.1,0.5,0.8,4.6,,2018,2017-18
369.0,José Calderón,36.0,CLE,PG,57.0,32.0,16.0,1.6,3.2,0.503,0.8,1.7,0.464,0.8,1.5,0.545,0.624,0.4,0.5,0.8,0.2,1.2,1.5,2.1,0.5,0.0,0.7,1.4,4.5,,2018,2017-18
370.0,Raul Neto,25.0,UTA,PG,41.0,0.0,12.1,1.7,3.7,0.457,0.5,1.1,0.404,1.2,2.5,0.481,0.52,0.6,0.9,0.743,0.2,1.0,1.2,1.8,0.3,0.1,0.9,0.9,4.5,,2018,2017-18
371.0,Nik Stauskas,24.0,2TM,SG,41.0,0.0,12.8,1.5,3.8,0.39,1.0,2.4,0.4,0.5,1.3,0.37,0.519,0.5,0.7,0.724,0.1,1.5,1.6,1.0,0.2,0.1,0.6,0.6,4.4,,2018,2017-18
371.0,Nik Stauskas,24.0,PHI,SG,6.0,0.0,7.5,0.2,0.7,0.25,0.0,0.2,0.0,0.2,0.5,0.333,0.25,0.3,0.3,1.0,0.0,0.2,0.2,0.2,0.7,0.0,0.7,0.5,0.7,,2018,2017-18
371.0,Nik Stauskas,24.0,BRK,SG,35.0,0.0,13.7,1.7,4.3,0.393,1.1,2.8,0.404,0.5,1.5,0.373,0.527,0.5,0.8,0.704,0.1,1.7,1.8,1.1,0.1,0.1,0.6,0.6,5.1,,2018,2017-18
372.0,Zach Collins,20.0,POR,C,66.0,1.0,15.8,1.7,4.4,0.398,0.5,1.7,0.31,1.2,2.7,0.455,0.458,0.4,0.6,0.643,0.7,2.7,3.3,0.8,0.3,0.5,0.9,2.0,4.4,,2018,2017-18
373.0,Isaiah Hicks,23.0,NYK,PF,18.0,0.0,13.3,1.8,4.0,0.458,0.1,0.5,0.222,1.7,3.5,0.492,0.472,0.7,1.0,0.667,0.6,1.7,2.3,0.9,0.1,0.2,0.9,2.5,4.4,,2018,2017-18
374.0,Nerlens Noel,23.0,DAL,C,30.0,6.0,15.7,1.8,3.5,0.524,0.0,0.0,0.0,1.8,3.5,0.529,0.524,0.7,0.9,0.75,1.6,4.0,5.6,0.7,1.0,0.7,0.9,2.0,4.4,,2018,2017-18
375.0,Emeka Okafor,35.0,NOP,C,26.0,19.0,13.6,1.8,3.7,0.505,0.0,0.0,,1.8,3.7,0.505,0.505,0.7,0.8,0.818,1.8,2.8,4.6,0.3,0.3,1.0,0.5,1.2,4.4,,2018,2017-18
376.0,Iman Shumpert,27.0,CLE,SG,14.0,6.0,19.7,1.6,4.1,0.379,0.5,1.9,0.269,1.1,2.3,0.469,0.44,0.8,1.1,0.733,0.5,2.4,2.9,1.2,0.6,0.3,1.1,1.6,4.4,,2018,2017-18
377.0,Travis Wear,27.0,LAL,SF,17.0,0.0,13.4,1.5,4.2,0.347,1.0,2.8,0.362,0.5,1.5,0.32,0.465,0.5,0.5,1.0,0.0,2.2,2.2,0.4,0.2,0.3,0.4,1.8,4.4,,2018,2017-18
378.0,Matthew Dellavedova,27.0,MIL,PG,38.0,3.0,18.7,1.4,4.0,0.362,0.8,2.1,0.372,0.7,1.9,0.351,0.457,0.7,0.7,0.926,0.4,1.3,1.7,3.8,0.4,0.0,1.3,1.8,4.3,,2018,2017-18
379.0,Treveon Graham,24.0,CHO,SG,63.0,2.0,16.7,1.5,3.5,0.434,0.6,1.5,0.412,0.9,2.0,0.452,0.525,0.7,0.9,0.695,0.7,1.3,1.9,0.9,0.5,0.0,0.4,1.7,4.3,,2018,2017-18
380.0,Shane Larkin,25.0,BOS,PG,54.0,2.0,14.4,1.6,4.1,0.384,0.6,1.6,0.36,1.0,2.5,0.398,0.454,0.6,0.7,0.865,0.3,1.4,1.7,1.8,0.5,0.0,0.6,1.1,4.3,,2018,2017-18
381.0,Miles Plumlee,29.0,ATL,C,55.0,35.0,16.7,1.9,3.3,0.583,0.0,0.0,,1.9,3.3,0.583,0.583,0.5,1.1,0.45,1.4,2.7,4.1,0.8,0.3,0.5,1.1,1.4,4.3,,2018,2017-18
382.0,Khem Birch,25.0,ORL,C,42.0,0.0,13.8,1.6,3.0,0.54,0.0,0.0,,1.6,3.0,0.54,0.54,1.0,1.5,0.689,1.7,2.6,4.3,0.8,0.4,0.5,0.5,1.3,4.2,,2018,2017-18
383.0,Torrey Craig,27.0,DEN,SF,39.0,5.0,16.1,1.6,3.5,0.453,0.4,1.5,0.293,1.2,2.0,0.57,0.515,0.6,0.9,0.629,1.0,2.2,3.3,0.6,0.3,0.4,0.5,1.6,4.2,,2018,2017-18
384.0,Sam Dekker,23.0,LAC,PF,73.0,1.0,12.1,1.8,3.5,0.494,0.1,0.8,0.167,1.6,2.7,0.593,0.514,0.5,0.8,0.661,0.6,1.8,2.4,0.5,0.3,0.1,0.5,1.0,4.2,,2018,2017-18
385.0,Timofey Mozgov,31.0,BRK,C,31.0,13.0,11.6,1.7,3.0,0.559,0.1,0.6,0.222,1.5,2.4,0.64,0.581,0.7,1.0,0.767,1.0,2.1,3.2,0.4,0.2,0.4,1.1,1.3,4.2,,2018,2017-18
386.0,Adreian Payne,26.0,ORL,PF,5.0,0.0,8.6,1.4,2.0,0.7,0.4,0.6,0.667,1.0,1.4,0.714,0.8,1.0,1.2,0.833,0.4,1.4,1.8,0.0,0.4,0.0,0.4,1.2,4.2,,2018,2017-18
387.0,Damyean Dotson,23.0,NYK,SG,44.0,2.0,10.8,1.6,3.7,0.447,0.5,1.5,0.324,1.1,2.1,0.538,0.516,0.4,0.5,0.696,0.2,1.7,1.9,0.7,0.3,0.0,0.4,0.8,4.1,,2018,2017-18
388.0,Tyler Ennis,23.0,LAL,PG,54.0,11.0,12.6,1.7,4.1,0.42,0.3,1.0,0.25,1.5,3.1,0.476,0.451,0.4,0.5,0.759,0.4,1.4,1.8,1.9,0.6,0.2,0.7,1.4,4.1,,2018,2017-18
389.0,Joffrey Lauvergne,26.0,SAS,C,55.0,1.0,9.7,1.8,3.5,0.516,0.0,0.1,0.0,1.8,3.4,0.53,0.516,0.5,0.9,0.638,1.1,2.0,3.1,0.7,0.2,0.1,0.6,0.8,4.1,,2018,2017-18
390.0,Alec Peters,22.0,PHO,PF,20.0,0.0,11.3,1.4,3.7,0.378,0.9,2.9,0.31,0.5,0.8,0.625,0.5,0.4,0.5,0.8,0.4,1.5,1.9,0.6,0.1,0.1,0.2,0.7,4.1,,2018,2017-18
391.0,Glenn Robinson III,24.0,IND,SF,23.0,1.0,14.7,1.6,3.7,0.424,0.6,1.5,0.412,1.0,2.2,0.431,0.506,0.4,0.5,0.818,0.5,1.1,1.6,0.7,0.6,0.0,0.2,0.6,4.1,,2018,2017-18
392.0,Lance Thomas,29.0,NYK,PF,73.0,31.0,18.5,1.4,3.7,0.382,0.7,1.7,0.403,0.7,2.0,0.364,0.476,0.6,0.7,0.83,0.6,1.8,2.4,0.6,0.4,0.2,0.5,1.8,4.1,,2018,2017-18
393.0,Sterling Brown,22.0,MIL,SG,54.0,4.0,14.4,1.5,3.8,0.4,0.6,1.7,0.352,0.9,2.1,0.439,0.478,0.4,0.4,0.875,0.5,2.1,2.6,0.5,0.6,0.2,0.5,1.5,4.0,,2018,2017-18
394.0,Henry Ellenson,21.0,DET,PF,38.0,0.0,8.7,1.4,3.8,0.363,0.5,1.6,0.333,0.9,2.3,0.384,0.432,0.7,0.8,0.862,0.3,1.9,2.1,0.5,0.1,0.0,0.5,0.6,4.0,,2018,2017-18
395.0,Kevon Looney,21.0,GSW,C,66.0,4.0,13.8,1.7,2.9,0.58,0.0,0.1,0.2,1.7,2.8,0.59,0.583,0.6,1.2,0.545,1.3,2.0,3.3,0.6,0.5,0.8,0.5,1.6,4.0,,2018,2017-18
396.0,Patrick McCaw,22.0,GSW,SG,57.0,10.0,16.9,1.6,3.9,0.409,0.3,1.4,0.238,1.3,2.5,0.503,0.451,0.5,0.6,0.765,0.3,1.2,1.4,1.4,0.8,0.2,0.7,1.2,4.0,,2018,2017-18
397.0,Jordan Mickey,23.0,MIA,PF,23.0,3.0,12.3,1.7,3.6,0.476,0.1,0.7,0.125,1.6,2.9,0.561,0.488,0.6,0.8,0.684,0.8,2.7,3.5,0.4,0.3,0.4,0.8,1.6,4.0,,2018,2017-18
398.0,Chinanu Onuaku,21.0,HOU,C,1.0,0.0,22.0,2.0,5.0,0.4,0.0,0.0,,2.0,5.0,0.4,0.4,0.0,0.0,,1.0,3.0,4.0,1.0,0.0,0.0,3.0,4.0,4.0,,2018,2017-18
399.0,Alan Williams,25.0,PHO,PF,5.0,0.0,14.0,1.4,3.6,0.389,0.0,0.0,,1.4,3.6,0.389,0.389,1.2,1.8,0.667,0.6,3.8,4.4,1.6,1.0,0.2,1.4,2.6,4.0,,2018,2017-18
400.0,Paul Zipser,23.0,CHI,SF,54.0,12.0,15.3,1.5,4.3,0.346,0.7,2.0,0.336,0.8,2.3,0.355,0.425,0.4,0.5,0.76,0.2,2.2,2.4,0.9,0.4,0.3,0.8,1.6,4.0,,2018,2017-18
401.0,Cedi Osman,22.0,CLE,SF,61.0,12.0,11.0,1.5,3.0,0.484,0.5,1.4,0.368,1.0,1.6,0.586,0.57,0.4,0.8,0.565,0.3,1.7,2.0,0.7,0.4,0.0,0.5,1.3,3.9,,2018,2017-18
402.0,Patrick Patterson,28.0,OKC,PF,82.0,3.0,15.5,1.3,3.2,0.398,0.8,2.1,0.386,0.5,1.2,0.421,0.523,0.5,0.6,0.87,0.4,2.0,2.4,0.7,0.6,0.3,0.4,1.1,3.9,,2018,2017-18
403.0,Sindarius Thornwell,23.0,LAC,SG,73.0,16.0,15.8,1.4,3.2,0.429,0.3,0.8,0.377,1.1,2.4,0.448,0.479,0.8,1.2,0.67,0.5,1.5,1.9,0.9,0.7,0.3,0.7,1.7,3.9,,2018,2017-18
404.0,Joe Young,25.0,IND,PG,53.0,1.0,10.5,1.5,3.5,0.43,0.5,1.2,0.379,1.0,2.3,0.458,0.497,0.4,0.5,0.759,0.2,1.0,1.2,0.7,0.3,0.0,0.5,0.7,3.9,,2018,2017-18
405.0,R.J. Hunter,24.0,HOU,SG,5.0,1.0,9.0,1.4,4.0,0.35,0.6,2.8,0.214,0.8,1.2,0.667,0.425,0.4,0.4,1.0,0.0,1.0,1.0,0.6,0.6,0.0,0.4,1.4,3.8,,2018,2017-18
406.0,Wes Iwundu,23.0,ORL,SF,62.0,12.0,16.5,1.5,3.5,0.427,0.1,0.7,0.196,1.4,2.8,0.488,0.447,0.5,0.8,0.723,0.6,1.6,2.2,0.9,0.5,0.2,0.5,1.3,3.7,,2018,2017-18
407.0,Marquis Teague,24.0,MEM,PG,3.0,0.0,24.7,1.3,5.3,0.25,0.3,1.3,0.25,1.0,4.0,0.25,0.281,0.7,1.7,0.4,0.3,1.7,2.0,4.3,1.3,0.0,1.0,1.7,3.7,,2018,2017-18
408.0,Ante Žižić,21.0,CLE,C,32.0,2.0,6.7,1.5,2.1,0.731,0.0,0.0,,1.5,2.1,0.731,0.731,0.7,0.9,0.724,0.8,1.1,1.9,0.2,0.1,0.4,0.3,0.9,3.7,,2018,2017-18
409.0,Ivica Zubac,20.0,LAL,C,43.0,0.0,9.5,1.4,2.8,0.5,0.0,0.0,0.0,1.4,2.8,0.504,0.5,0.9,1.2,0.765,1.0,1.8,2.9,0.6,0.2,0.3,0.6,1.1,3.7,,2018,2017-18
410.0,Kay Felder,22.0,2TM,PG,16.0,0.0,8.8,1.3,4.4,0.3,0.3,1.2,0.211,1.1,3.2,0.333,0.329,0.7,0.8,0.917,0.2,0.9,1.1,1.3,0.2,0.1,1.0,0.7,3.6,,2018,2017-18
410.0,Kay Felder,22.0,CHI,PG,14.0,0.0,9.6,1.4,4.7,0.303,0.3,1.3,0.222,1.1,3.4,0.333,0.333,0.8,0.9,0.917,0.1,0.9,1.0,1.4,0.2,0.1,1.1,0.8,3.9,,2018,2017-18
410.0,Kay Felder,22.0,DET,PG,2.0,0.0,3.0,0.5,2.0,0.25,0.0,0.5,0.0,0.5,1.5,0.333,0.25,0.0,0.0,,1.0,1.0,2.0,0.0,0.0,0.0,0.5,0.0,1.0,,2018,2017-18
411.0,Alex Caruso,23.0,LAL,PG,37.0,7.0,15.2,1.4,3.1,0.431,0.4,1.2,0.302,1.0,2.0,0.507,0.487,0.6,0.8,0.7,0.4,1.4,1.8,2.0,0.6,0.3,1.1,1.4,3.6,,2018,2017-18
412.0,Tarik Black,26.0,HOU,C,51.0,2.0,10.5,1.5,2.5,0.591,0.0,0.2,0.091,1.5,2.3,0.638,0.594,0.6,1.2,0.46,1.2,2.0,3.2,0.3,0.4,0.6,0.7,2.1,3.5,,2018,2017-18
413.0,Salah Mejri,31.0,DAL,C,61.0,1.0,12.0,1.4,2.2,0.642,0.0,0.0,0.0,1.4,2.2,0.657,0.642,0.6,1.1,0.576,1.4,2.6,4.0,0.6,0.4,1.1,0.6,2.0,3.5,,2018,2017-18
414.0,Malachi Richardson,22.0,2TM,SG,26.0,4.0,12.5,1.2,3.5,0.333,0.5,1.5,0.3,0.7,1.9,0.36,0.4,0.7,0.8,0.773,0.2,1.1,1.3,0.5,0.4,0.0,0.4,1.0,3.4,,2018,2017-18
414.0,Malachi Richardson,22.0,SAC,SG,25.0,4.0,12.8,1.2,3.5,0.33,0.5,1.6,0.308,0.7,2.0,0.347,0.398,0.7,0.9,0.773,0.2,1.1,1.3,0.5,0.4,0.0,0.4,1.1,3.5,,2018,2017-18
414.0,Malachi Richardson,22.0,TOR,SG,1.0,0.0,5.0,1.0,2.0,0.5,0.0,1.0,0.0,1.0,1.0,1.0,0.5,0.0,0.0,,0.0,1.0,1.0,0.0,0.0,0.0,0.0,0.0,2.0,,2018,2017-18
415.0,Arron Afflalo,32.0,ORL,SG,53.0,3.0,12.9,1.2,3.1,0.401,0.5,1.3,0.386,0.7,1.7,0.413,0.485,0.4,0.5,0.846,0.1,1.2,1.2,0.6,0.1,0.2,0.4,1.1,3.4,,2018,2017-18
416.0,Milton Doyle,24.0,BRK,SG,10.0,0.0,12.5,1.3,4.7,0.277,0.4,2.3,0.174,0.9,2.4,0.375,0.319,0.4,0.8,0.5,0.3,1.5,1.8,1.0,0.6,0.2,0.2,1.3,3.4,,2018,2017-18
417.0,Walt Lemon Jr.,25.0,NOP,PG,5.0,0.0,7.0,1.4,3.2,0.438,0.2,0.2,1.0,1.2,3.0,0.4,0.469,0.4,0.6,0.667,0.0,0.4,0.4,1.0,0.0,0.2,0.8,1.0,3.4,,2018,2017-18
418.0,Meyers Leonard,25.0,POR,C,33.0,2.0,7.7,1.4,2.4,0.59,0.3,0.8,0.423,1.1,1.6,0.673,0.66,0.3,0.3,0.818,0.4,1.8,2.1,0.5,0.2,0.0,0.3,1.1,3.4,,2018,2017-18
419.0,Jason Smith,31.0,WAS,C,33.0,2.0,8.6,1.4,3.5,0.391,0.1,1.0,0.125,1.2,2.5,0.494,0.409,0.6,0.6,0.905,0.5,1.1,1.6,0.4,0.1,0.4,0.5,1.3,3.4,,2018,2017-18
420.0,Dwayne Bacon,22.0,CHO,SG,53.0,6.0,13.5,1.4,3.6,0.375,0.2,0.8,0.256,1.2,2.8,0.409,0.404,0.4,0.5,0.8,0.1,2.3,2.3,0.7,0.3,0.0,0.4,0.9,3.3,,2018,2017-18
421.0,Juancho Hernangómez,22.0,DEN,PF,25.0,3.0,11.1,1.2,3.0,0.387,0.6,2.0,0.28,0.6,1.0,0.6,0.48,0.4,0.5,0.833,0.7,1.4,2.2,0.5,0.2,0.1,0.4,1.0,3.3,,2018,2017-18
422.0,Monte Morris,22.0,DEN,PG,3.0,0.0,8.3,1.3,2.0,0.667,0.0,0.3,0.0,1.3,1.7,0.8,0.667,0.7,0.7,1.0,0.0,0.7,0.7,2.3,1.0,0.0,0.3,0.3,3.3,,2018,2017-18
423.0,David Stockton,26.0,UTA,PG,3.0,0.0,3.0,0.7,1.0,0.667,0.7,1.0,0.667,0.0,0.0,,1.0,1.3,1.3,1.0,0.0,0.0,0.0,0.0,0.0,0.0,0.3,1.0,3.3,,2018,2017-18
424.0,Jason Terry,40.0,MIL,SG,51.0,4.0,16.0,1.2,3.0,0.383,0.8,2.3,0.348,0.4,0.8,0.487,0.513,0.2,0.2,0.889,0.1,0.8,0.9,1.2,0.8,0.3,0.5,1.0,3.3,,2018,2017-18
425.0,Okaro White,25.0,MIA,PF,6.0,4.0,13.3,1.2,2.7,0.438,0.7,1.8,0.364,0.5,0.8,0.6,0.563,0.3,0.5,0.667,0.5,1.3,1.8,0.3,0.2,0.2,0.2,1.0,3.3,,2018,2017-18
426.0,Malik Beasley,21.0,DEN,SG,62.0,0.0,9.4,1.2,2.9,0.41,0.5,1.3,0.341,0.7,1.5,0.469,0.489,0.4,0.5,0.667,0.2,0.9,1.1,0.5,0.2,0.1,0.4,0.6,3.2,,2018,2017-18
427.0,Kyle Collinsworth,26.0,DAL,SF,32.0,2.0,15.0,1.2,3.1,0.384,0.1,0.5,0.235,1.1,2.6,0.415,0.404,0.7,1.3,0.525,1.0,2.3,3.3,1.8,0.5,0.3,0.8,1.4,3.2,,2018,2017-18
428.0,Jared Dudley,32.0,PHO,PF,48.0,0.0,14.3,1.0,2.5,0.393,0.6,1.7,0.363,0.4,0.9,0.452,0.512,0.6,0.7,0.771,0.2,1.8,2.0,1.6,0.5,0.2,0.6,1.8,3.2,,2018,2017-18
429.0,Derrick White,23.0,SAS,PG,17.0,0.0,8.2,0.9,1.9,0.485,0.5,0.8,0.615,0.5,1.2,0.4,0.606,0.8,1.2,0.7,0.3,1.2,1.5,0.5,0.2,0.2,0.4,0.5,3.2,,2018,2017-18
430.0,Derrick Jones Jr.,20.0,2TM,SF,20.0,8.0,12.3,1.1,2.7,0.396,0.2,0.9,0.167,0.9,1.8,0.514,0.425,0.8,1.2,0.667,1.1,0.9,1.9,0.5,0.2,0.7,0.4,1.2,3.1,,2018,2017-18
430.0,Derrick Jones Jr.,20.0,PHO,SF,6.0,0.0,5.5,0.3,0.7,0.5,0.0,0.3,0.0,0.3,0.3,1.0,0.5,0.8,1.0,0.833,0.3,0.3,0.7,0.5,0.2,0.7,0.2,0.3,1.5,,2018,2017-18
430.0,Derrick Jones Jr.,20.0,MIA,SF,14.0,8.0,15.1,1.4,3.5,0.388,0.2,1.1,0.188,1.1,2.4,0.485,0.418,0.8,1.3,0.611,1.4,1.1,2.4,0.4,0.2,0.6,0.4,1.6,3.7,,2018,2017-18
431.0,Terrance Ferguson,19.0,OKC,SG,61.0,12.0,12.5,1.1,2.8,0.414,0.7,2.0,0.333,0.5,0.8,0.612,0.533,0.1,0.2,0.9,0.3,0.5,0.8,0.3,0.4,0.2,0.2,1.4,3.1,,2018,2017-18
432.0,Nigel Hayes-Davis,23.0,3TM,SF,9.0,0.0,13.6,1.2,3.7,0.333,0.4,1.8,0.25,0.8,1.9,0.412,0.394,0.1,0.3,0.333,0.4,2.0,2.4,0.7,0.2,0.3,0.2,0.9,3.0,,2018,2017-18
432.0,Nigel Hayes-Davis,23.0,LAL,SF,2.0,0.0,5.5,0.5,1.5,0.333,0.0,1.0,0.0,0.5,0.5,1.0,0.333,0.5,0.5,1.0,0.0,0.0,0.0,1.0,0.0,0.0,0.0,0.0,1.5,,2018,2017-18
432.0,Nigel Hayes-Davis,23.0,TOR,SF,2.0,0.0,3.0,1.0,1.0,1.0,1.0,1.0,1.0,0.0,0.0,,1.5,0.0,0.0,,0.0,0.0,0.0,0.0,0.0,0.0,0.5,0.0,3.0,,2018,2017-18
432.0,Nigel Hayes-Davis,23.0,SAC,SF,5.0,0.0,21.0,1.6,5.6,0.286,0.4,2.4,0.167,1.2,3.2,0.375,0.321,0.0,0.4,0.0,0.8,3.6,4.4,0.8,0.4,0.6,0.2,1.6,3.6,,2018,2017-18
433.0,Gary Payton II,25.0,2TM,PG,23.0,6.0,9.6,1.3,3.2,0.405,0.3,1.1,0.24,1.0,2.1,0.49,0.446,0.1,0.4,0.333,0.6,1.3,1.9,0.9,0.3,0.1,0.3,1.3,3.0,,2018,2017-18
433.0,Gary Payton II,25.0,MIL,PG,12.0,6.0,8.8,1.1,2.8,0.394,0.2,1.0,0.167,0.9,1.8,0.524,0.424,0.2,0.3,0.667,0.3,1.1,1.4,0.8,0.3,0.1,0.3,1.4,2.5,,2018,2017-18
433.0,Gary Payton II,25.0,LAL,PG,11.0,0.0,10.5,1.5,3.7,0.415,0.4,1.2,0.308,1.2,2.5,0.464,0.463,0.1,0.5,0.167,0.8,1.6,2.5,1.1,0.4,0.2,0.4,1.2,3.5,,2018,2017-18
434.0,Jabari Bird,23.0,BOS,SG,13.0,1.0,8.8,1.2,2.0,0.577,0.2,0.5,0.429,0.9,1.5,0.632,0.635,0.5,1.0,0.462,0.5,1.0,1.5,0.6,0.2,0.1,0.6,0.5,3.0,,2018,2017-18
435.0,Anthony Brown,25.0,MIN,SF,1.0,0.0,4.0,1.0,1.0,1.0,1.0,1.0,1.0,0.0,0.0,,1.5,0.0,0.0,,0.0,0.0,0.0,1.0,0.0,0.0,0.0,0.0,3.0,,2018,2017-18
436.0,Tim Frazier,27.0,WAS,PG,59.0,11.0,14.2,1.2,2.9,0.395,0.3,0.9,0.304,0.9,2.0,0.44,0.445,0.4,0.5,0.767,0.3,1.6,1.9,3.3,0.8,0.1,1.0,1.6,3.0,,2018,2017-18
437.0,Naz Mitrou-Long,24.0,UTA,SG,1.0,0.0,1.0,1.0,1.0,1.0,1.0,1.0,1.0,0.0,0.0,,1.5,0.0,0.0,,0.0,0.0,0.0,0.0,0.0,0.0,0.0,0.0,3.0,,2018,2017-18
438.0,Abdel Nader,24.0,BOS,SF,48.0,1.0,10.9,1.0,3.1,0.336,0.5,1.4,0.354,0.6,1.8,0.321,0.413,0.5,0.8,0.59,0.3,1.2,1.5,0.5,0.3,0.2,0.7,0.9,3.0,,2018,2017-18
439.0,Kendrick Perkins,33.0,CLE,C,1.0,0.0,15.0,1.0,2.0,0.5,0.0,0.0,,1.0,2.0,0.5,0.5,1.0,2.0,0.5,0.0,1.0,1.0,2.0,1.0,0.0,1.0,1.0,3.0,,2018,2017-18
440.0,Davon Reed,22.0,PHO,SG,21.0,1.0,11.5,1.0,3.6,0.289,0.5,1.8,0.289,0.5,1.8,0.289,0.362,0.4,0.6,0.667,0.1,1.8,1.9,0.6,0.5,0.1,0.5,0.8,3.0,,2018,2017-18
441.0,Gian Clavell,24.0,DAL,SG,7.0,0.0,9.1,0.9,2.6,0.333,0.9,2.1,0.4,0.0,0.4,0.0,0.5,0.3,0.3,1.0,0.1,0.9,1.0,0.4,0.3,0.0,0.3,1.1,2.9,,2018,2017-18
442.0,T.J. Leaf,20.0,IND,PF,53.0,0.0,8.7,1.2,2.6,0.471,0.3,0.8,0.429,0.9,1.8,0.489,0.537,0.2,0.3,0.625,0.5,1.0,1.5,0.2,0.1,0.1,0.2,0.8,2.9,,2018,2017-18
443.0,Briante Weber,25.0,2TM,PG,18.0,0.0,13.2,1.1,2.4,0.442,0.2,0.6,0.364,0.8,1.8,0.469,0.488,0.4,0.6,0.8,0.4,1.5,1.9,1.2,1.0,0.3,0.8,1.6,2.8,,2018,2017-18
443.0,Briante Weber,25.0,HOU,PG,13.0,0.0,9.1,0.7,1.7,0.409,0.3,0.7,0.444,0.4,1.0,0.385,0.5,0.3,0.3,1.0,0.2,1.2,1.4,1.0,0.8,0.2,0.5,1.4,2.0,,2018,2017-18
443.0,Briante Weber,25.0,MEM,PG,5.0,0.0,23.8,2.0,4.2,0.476,0.0,0.4,0.0,2.0,3.8,0.526,0.476,0.8,1.2,0.667,1.0,2.4,3.4,1.8,1.6,0.4,1.6,2.0,4.8,,2018,2017-18
444.0,Darrell Arthur,29.0,DEN,PF,19.0,1.0,7.4,1.2,2.5,0.468,0.4,1.2,0.348,0.7,1.3,0.583,0.553,0.1,0.2,0.667,0.2,0.6,0.8,0.5,0.4,0.2,0.8,1.2,2.8,,2018,2017-18
445.0,James Young,22.0,PHI,SG,6.0,0.0,10.2,0.8,2.3,0.357,0.5,1.7,0.3,0.3,0.7,0.5,0.464,0.7,1.0,0.667,0.0,0.3,0.3,0.3,0.0,0.0,0.2,0.7,2.8,,2018,2017-18
446.0,James Michael McAdoo,25.0,PHI,PF,3.0,0.0,6.0,0.7,2.3,0.286,0.7,2.3,0.286,0.0,0.0,,0.429,0.7,0.7,1.0,0.0,0.7,0.7,0.0,0.0,0.3,0.3,0.3,2.7,,2018,2017-18
447.0,Semi Ojeleye,23.0,BOS,PF,73.0,0.0,15.8,0.9,2.6,0.346,0.5,1.7,0.32,0.3,0.9,0.397,0.452,0.3,0.6,0.61,0.5,1.7,2.2,0.3,0.3,0.1,0.3,1.2,2.7,,2018,2017-18
448.0,Josh Magette,28.0,ATL,PG,18.0,0.0,12.0,0.8,2.6,0.326,0.4,1.2,0.364,0.4,1.3,0.292,0.413,0.4,0.4,1.0,0.1,0.9,1.1,3.2,0.4,0.1,0.5,0.9,2.6,,2018,2017-18
449.0,Ekpe Udoh,30.0,UTA,C,63.0,3.0,12.9,1.0,1.9,0.5,0.0,0.0,0.0,1.0,1.9,0.504,0.5,0.7,0.9,0.75,1.1,1.3,2.4,0.8,0.7,1.2,0.3,1.7,2.6,,2018,2017-18
450.0,Bobby Brown,33.0,HOU,PG,20.0,0.0,5.8,1.0,2.9,0.328,0.6,2.0,0.275,0.4,0.9,0.444,0.422,0.1,0.1,0.5,0.0,0.4,0.4,0.6,0.2,0.0,0.5,0.3,2.5,,2018,2017-18
451.0,Malcolm Miller,24.0,TOR,SF,15.0,4.0,8.4,0.9,1.9,0.464,0.5,1.4,0.381,0.3,0.5,0.714,0.607,0.3,0.3,1.0,0.3,0.7,1.0,0.2,0.1,0.1,0.3,0.7,2.5,,2018,2017-18
452.0,Lucas Nogueira,25.0,TOR,C,49.0,3.0,8.5,1.0,1.6,0.613,0.1,0.4,0.263,0.9,1.2,0.721,0.644,0.4,0.6,0.679,0.4,1.4,1.8,0.4,0.5,0.9,0.3,1.0,2.5,,2018,2017-18
453.0,Brice Johnson,23.0,2TM,PF,18.0,0.0,5.4,1.1,2.3,0.476,0.0,0.1,0.0,1.1,2.3,0.488,0.476,0.2,0.3,0.6,0.5,1.2,1.7,0.1,0.5,0.3,0.3,0.7,2.4,,2018,2017-18
453.0,Brice Johnson,23.0,LAC,PF,9.0,0.0,4.2,0.8,1.2,0.636,0.0,0.1,0.0,0.8,1.1,0.7,0.636,0.2,0.2,1.0,0.2,1.2,1.4,0.1,0.7,0.2,0.4,0.8,1.8,,2018,2017-18
453.0,Brice Johnson,23.0,MEM,PF,9.0,0.0,6.7,1.4,3.4,0.419,0.0,0.0,,1.4,3.4,0.419,0.419,0.1,0.3,0.333,0.8,1.2,2.0,0.1,0.3,0.4,0.1,0.7,3.0,,2018,2017-18
454.0,Ron Baker,24.0,NYK,SG,29.0,1.0,13.3,0.7,2.0,0.339,0.4,1.1,0.333,0.3,0.9,0.346,0.432,0.7,0.9,0.769,0.2,0.9,1.0,1.6,0.9,0.2,0.6,1.1,2.4,,2018,2017-18
455.0,Solomon Hill,26.0,NOP,SF,12.0,1.0,15.6,0.9,3.4,0.268,0.3,1.8,0.19,0.6,1.7,0.35,0.317,0.3,0.5,0.5,0.8,2.3,3.0,1.8,0.6,0.1,0.8,1.8,2.4,,2018,2017-18
456.0,Chris McCullough,22.0,WAS,PF,19.0,0.0,4.7,0.9,2.2,0.429,0.1,0.4,0.125,0.9,1.8,0.5,0.44,0.5,0.7,0.643,0.4,0.9,1.3,0.2,0.0,0.3,0.1,0.4,2.4,,2018,2017-18
457.0,Marcus Paige,24.0,CHO,PG,5.0,0.0,5.6,0.8,2.8,0.286,0.4,1.6,0.25,0.4,1.2,0.333,0.357,0.4,0.4,1.0,0.0,0.8,0.8,0.6,0.0,0.0,0.0,0.0,2.4,,2018,2017-18
458.0,Guerschon Yabusele,22.0,BOS,PF,33.0,4.0,7.1,0.8,1.8,0.426,0.4,1.1,0.324,0.4,0.7,0.583,0.525,0.5,0.7,0.682,0.5,1.1,1.6,0.5,0.1,0.2,0.4,0.7,2.4,,2018,2017-18
459.0,Rashad Vaughn,21.0,3TM,SG,28.0,0.0,7.6,0.8,2.0,0.411,0.5,1.3,0.378,0.3,0.7,0.474,0.536,0.1,0.2,0.667,0.1,0.6,0.8,0.5,0.2,0.1,0.2,0.5,2.3,,2018,2017-18
459.0,Rashad Vaughn,21.0,MIL,SG,22.0,0.0,7.9,1.0,2.3,0.42,0.6,1.6,0.371,0.4,0.7,0.533,0.55,0.2,0.3,0.667,0.1,0.7,0.8,0.5,0.2,0.1,0.2,0.5,2.7,,2018,2017-18
459.0,Rashad Vaughn,21.0,BRK,SG,1.0,0.0,4.0,0.0,0.0,,0.0,0.0,,0.0,0.0,,,0.0,0.0,,0.0,0.0,0.0,1.0,0.0,0.0,0.0,1.0,0.0,,2018,2017-18
459.0,Rashad Vaughn,21.0,ORL,SG,5.0,0.0,7.0,0.4,1.2,0.333,0.2,0.4,0.5,0.2,0.8,0.25,0.417,0.0,0.0,,0.2,0.6,0.8,0.0,0.2,0.0,0.4,0.4,1.0,,2018,2017-18
460.0,Aaron Brooks,33.0,MIN,PG,32.0,1.0,5.9,0.9,2.2,0.406,0.3,1.0,0.355,0.5,1.2,0.447,0.486,0.3,0.3,0.727,0.2,0.3,0.5,0.6,0.2,0.0,0.3,0.9,2.3,,2018,2017-18
461.0,Lorenzo Brown,27.0,TOR,PG,14.0,0.0,9.9,1.0,2.4,0.412,0.1,0.9,0.167,0.9,1.6,0.545,0.441,0.1,0.1,1.0,0.1,1.0,1.1,0.9,0.4,0.0,0.2,0.5,2.3,,2018,2017-18
462.0,John Holland,29.0,CLE,SF,24.0,0.0,7.3,0.7,2.5,0.288,0.5,1.5,0.306,0.3,1.0,0.261,0.381,0.4,0.5,0.692,0.3,0.8,1.0,0.2,0.3,0.1,0.3,0.4,2.3,,2018,2017-18
463.0,Josh Huestis,26.0,OKC,PF,69.0,10.0,14.2,0.9,2.6,0.33,0.5,1.7,0.287,0.4,1.0,0.403,0.42,0.1,0.3,0.3,0.6,1.7,2.3,0.3,0.2,0.6,0.4,1.2,2.3,,2018,2017-18
464.0,Brandon Paul,26.0,SAS,SG,64.0,2.0,9.0,0.9,2.0,0.433,0.2,0.8,0.278,0.6,1.1,0.548,0.492,0.3,0.7,0.512,0.1,1.0,1.1,0.6,0.4,0.1,0.5,0.9,2.3,,2018,2017-18
465.0,Caleb Swanigan,20.0,POR,PF,27.0,3.0,7.0,0.9,2.2,0.4,0.0,0.3,0.125,0.9,1.9,0.442,0.408,0.4,0.7,0.667,0.6,1.4,2.0,0.5,0.2,0.1,0.7,1.4,2.3,,2018,2017-18
466.0,Bruno Caboclo,22.0,2TM,SF,12.0,0.0,8.9,0.8,2.6,0.29,0.3,1.4,0.176,0.5,1.2,0.429,0.339,0.4,0.5,0.833,0.6,1.3,1.8,0.3,0.3,0.3,0.3,0.7,2.2,,2018,2017-18
466.0,Bruno Caboclo,22.0,TOR,SF,2.0,0.0,3.5,0.0,1.0,0.0,0.0,1.0,0.0,0.0,0.0,,0.0,0.0,0.0,,0.0,0.5,0.5,0.5,0.5,0.0,0.0,0.5,0.0,,2018,2017-18
466.0,Bruno Caboclo,22.0,SAC,SF,10.0,0.0,10.0,0.9,2.9,0.31,0.3,1.5,0.2,0.6,1.4,0.429,0.362,0.5,0.6,0.833,0.7,1.4,2.1,0.3,0.2,0.4,0.4,0.7,2.6,,2018,2017-18
467.0,Nick Collison,37.0,OKC,PF,15.0,0.0,5.0,0.9,1.3,0.684,0.0,0.0,,0.9,1.3,0.684,0.684,0.3,0.9,0.385,0.5,0.9,1.3,0.3,0.0,0.0,0.5,0.5,2.1,,2018,2017-18
468.0,Eric Moreland,26.0,DET,PF,67.0,3.0,12.0,1.0,1.8,0.541,0.0,0.0,,1.0,1.8,0.541,0.541,0.2,0.4,0.379,1.2,2.9,4.1,1.2,0.5,0.8,0.6,1.7,2.1,,2018,2017-18
469.0,Georgios Papagiannis,20.0,2TM,C,17.0,0.0,7.2,1.1,2.5,0.429,0.0,0.0,,1.1,2.5,0.429,0.429,0.0,0.0,,0.8,1.4,2.2,0.5,0.2,0.4,0.5,0.7,2.1,,2018,2017-18
469.0,Georgios Papagiannis,20.0,SAC,C,16.0,0.0,7.4,1.1,2.6,0.415,0.0,0.0,,1.1,2.6,0.415,0.415,0.0,0.0,,0.8,1.5,2.3,0.6,0.1,0.4,0.5,0.8,2.1,,2018,2017-18
469.0,Georgios Papagiannis,20.0,POR,C,1.0,0.0,4.0,1.0,1.0,1.0,0.0,0.0,,1.0,1.0,1.0,1.0,0.0,0.0,,1.0,0.0,1.0,0.0,2.0,0.0,0.0,0.0,2.0,,2018,2017-18
470.0,Ryan Arcidiacono,23.0,CHI,PG,24.0,0.0,12.7,0.7,1.7,0.415,0.4,1.3,0.29,0.3,0.4,0.8,0.524,0.2,0.3,0.833,0.0,1.0,1.0,1.5,0.5,0.0,0.5,0.8,2.0,,2018,2017-18
471.0,Luol Deng,32.0,LAL,SF,1.0,1.0,13.0,1.0,2.0,0.5,0.0,0.0,,1.0,2.0,0.5,0.5,0.0,0.0,,0.0,0.0,0.0,1.0,1.0,0.0,1.0,0.0,2.0,,2018,2017-18
472.0,Jeremy Evans,30.0,ATL,SF,1.0,0.0,5.0,1.0,1.0,1.0,0.0,0.0,,1.0,1.0,1.0,1.0,0.0,0.0,,1.0,0.0,1.0,0.0,0.0,0.0,1.0,1.0,2.0,,2018,2017-18
473.0,Daniel Hamilton,22.0,OKC,SG,6.0,0.0,4.7,0.8,1.8,0.455,0.3,0.8,0.4,0.5,1.0,0.5,0.545,0.0,0.0,,0.0,0.8,0.8,1.3,0.2,0.0,0.3,0.3,2.0,,2018,2017-18
474.0,Gordon Hayward,27.0,BOS,SF,1.0,1.0,5.0,1.0,2.0,0.5,0.0,1.0,0.0,1.0,1.0,1.0,0.5,0.0,0.0,,0.0,1.0,1.0,0.0,0.0,0.0,0.0,1.0,2.0,,2018,2017-18
475.0,Mangok Mathiang,25.0,CHO,C,4.0,0.0,5.0,1.0,1.8,0.571,0.0,0.0,,1.0,1.8,0.571,0.571,0.0,0.3,0.0,0.8,1.8,2.5,0.0,0.3,0.0,0.0,1.3,2.0,,2018,2017-18
476.0,Justin Patton,20.0,MIN,C,1.0,0.0,4.0,1.0,2.0,0.5,0.0,0.0,,1.0,2.0,0.5,0.5,0.0,0.0,,0.0,0.0,0.0,0.0,1.0,0.0,0.0,1.0,2.0,,2018,2017-18
477.0,Quincy Pondexter,29.0,CHI,SF,23.0,1.0,8.5,0.6,2.1,0.286,0.1,1.0,0.136,0.5,1.2,0.407,0.316,0.6,0.7,0.824,0.3,0.8,1.2,0.4,0.3,0.1,0.5,1.0,2.0,,2018,2017-18
478.0,Devin Robinson,22.0,WAS,SF,1.0,0.0,13.0,1.0,3.0,0.333,0.0,0.0,,1.0,3.0,0.333,0.333,0.0,0.0,,2.0,3.0,5.0,0.0,1.0,0.0,0.0,2.0,2.0,,2018,2017-18
479.0,Edmond Sumner,22.0,IND,PG,1.0,0.0,2.0,1.0,1.0,1.0,0.0,0.0,,1.0,1.0,1.0,1.0,0.0,0.0,,0.0,1.0,1.0,0.0,0.0,0.0,0.0,1.0,2.0,,2018,2017-18
480.0,Kyle Singler,29.0,OKC,SF,12.0,0.0,4.9,0.6,1.8,0.333,0.2,0.4,0.4,0.4,1.3,0.313,0.381,0.6,1.1,0.538,0.1,0.8,0.8,0.2,0.1,0.0,0.3,0.3,1.9,,2018,2017-18
481.0,Dakari Johnson,22.0,OKC,C,31.0,6.0,5.2,0.7,1.3,0.564,0.0,0.0,,0.7,1.3,0.564,0.564,0.4,0.6,0.55,0.5,0.6,1.1,0.3,0.2,0.3,0.1,0.9,1.8,,2018,2017-18
482.0,Marshall Plumlee,25.0,MIL,C,8.0,0.0,6.5,0.1,0.4,0.333,0.0,0.0,,0.1,0.4,0.333,0.333,1.5,2.0,0.75,0.5,1.6,2.1,0.3,0.0,0.1,0.4,1.3,1.8,,2018,2017-18
483.0,Derrick Walton,22.0,MIA,PG,16.0,0.0,9.2,0.5,1.6,0.32,0.4,1.1,0.412,0.1,0.5,0.125,0.46,0.4,0.4,1.0,0.1,0.9,1.0,1.0,0.4,0.2,0.1,0.4,1.8,,2018,2017-18
484.0,Larry Drew II,27.0,2TM,PG,10.0,0.0,7.0,0.7,2.4,0.292,0.3,0.9,0.333,0.4,1.5,0.267,0.354,0.0,0.0,,0.3,0.0,0.3,1.0,0.0,0.0,0.3,0.6,1.7,,2018,2017-18
484.0,Larry Drew II,27.0,PHI,PG,3.0,0.0,5.0,0.3,2.3,0.143,0.0,1.0,0.0,0.3,1.3,0.25,0.143,0.0,0.0,,0.3,0.0,0.3,0.7,0.0,0.0,0.3,0.7,0.7,,2018,2017-18
484.0,Larry Drew II,27.0,NOP,PG,7.0,0.0,7.9,0.9,2.4,0.353,0.4,0.9,0.5,0.4,1.6,0.273,0.441,0.0,0.0,,0.3,0.0,0.3,1.1,0.0,0.0,0.3,0.6,2.1,,2018,2017-18
485.0,DeAndre Liggins,29.0,2TM,SG,58.0,4.0,12.5,0.7,1.8,0.377,0.3,0.9,0.358,0.4,0.9,0.396,0.467,0.0,0.1,0.4,0.1,1.2,1.3,0.8,0.6,0.2,0.3,1.4,1.7,,2018,2017-18
485.0,DeAndre Liggins,29.0,MIL,SG,31.0,1.0,15.5,0.7,2.1,0.338,0.4,1.2,0.306,0.4,0.9,0.379,0.423,0.1,0.2,0.4,0.2,1.4,1.6,0.9,0.9,0.3,0.4,2.0,1.8,,2018,2017-18
485.0,DeAndre Liggins,29.0,NOP,SG,27.0,3.0,9.0,0.7,1.5,0.439,0.3,0.6,0.471,0.4,0.9,0.417,0.537,0.0,0.0,,0.1,0.9,1.0,0.8,0.4,0.1,0.3,0.7,1.6,,2018,2017-18
486.0,Damian Jones,22.0,GSW,C,15.0,0.0,5.9,0.7,1.5,0.5,0.0,0.0,,0.7,1.5,0.5,0.5,0.2,0.3,0.6,0.3,0.6,0.9,0.1,0.1,0.2,0.3,0.9,1.7,,2018,2017-18
487.0,Joakim Noah,32.0,NYK,C,7.0,0.0,5.7,0.7,1.4,0.5,0.0,0.0,,0.7,1.4,0.5,0.5,0.3,0.6,0.5,0.9,1.1,2.0,0.6,0.3,0.3,0.6,0.7,1.7,,2018,2017-18
488.0,Damien Wilkins,38.0,IND,SF,19.0,1.0,8.0,0.7,2.1,0.333,0.2,0.9,0.222,0.5,1.1,0.429,0.385,0.2,0.2,0.75,0.3,0.6,0.8,0.5,0.1,0.1,0.3,0.4,1.7,,2018,2017-18
489.0,Matt Williams,24.0,MIA,SG,3.0,0.0,3.7,0.7,2.0,0.333,0.3,1.7,0.2,0.3,0.3,1.0,0.417,0.0,0.0,,0.0,0.3,0.3,0.0,0.0,0.0,0.3,0.3,1.7,,2018,2017-18
490.0,Furkan Korkmaz,20.0,PHI,SG,14.0,0.0,5.7,0.6,2.0,0.286,0.4,1.2,0.294,0.2,0.8,0.273,0.375,0.1,0.3,0.5,0.1,0.6,0.8,0.3,0.1,0.1,0.1,0.9,1.6,,2018,2017-18
491.0,James Webb III,24.0,BRK,SF,10.0,0.0,12.0,0.6,2.4,0.25,0.4,1.9,0.211,0.2,0.5,0.4,0.333,0.0,0.0,,0.8,1.6,2.4,0.4,0.1,0.0,0.4,1.0,1.6,,2018,2017-18
492.0,Andrew Bogut,33.0,LAL,C,24.0,5.0,9.0,0.7,1.0,0.68,0.0,0.0,,0.7,1.0,0.68,0.68,0.1,0.1,1.0,1.1,2.2,3.3,0.6,0.2,0.5,0.8,1.7,1.5,,2018,2017-18
493.0,Joel Bolomboy,24.0,MIL,PF,6.0,0.0,6.3,0.5,1.0,0.5,0.0,0.2,0.0,0.5,0.8,0.6,0.5,0.5,1.0,0.5,1.0,0.7,1.7,0.0,0.3,0.0,0.3,0.5,1.5,,2018,2017-18
494.0,Thomas Bryant,20.0,LAL,C,15.0,0.0,4.8,0.5,1.4,0.381,0.1,0.7,0.1,0.5,0.7,0.636,0.405,0.3,0.6,0.556,0.2,0.9,1.1,0.4,0.1,0.1,0.1,0.4,1.5,,2018,2017-18
495.0,Vince Hunter,23.0,MEM,PF,4.0,0.0,1.8,0.8,1.3,0.6,0.0,0.0,,0.8,1.3,0.6,0.6,0.0,0.0,,0.5,0.3,0.8,0.0,0.0,0.3,0.3,0.0,1.5,,2018,2017-18
496.0,Richard Jefferson,37.0,DEN,SF,20.0,0.0,8.2,0.6,1.4,0.444,0.1,0.4,0.286,0.5,1.0,0.5,0.481,0.2,0.4,0.571,0.1,0.8,0.9,0.8,0.1,0.1,0.3,0.6,1.5,,2018,2017-18
497.0,Alfonzo McKinnie,25.0,TOR,SF,14.0,0.0,3.8,0.6,1.1,0.533,0.2,0.6,0.333,0.4,0.4,0.833,0.633,0.1,0.2,0.667,0.1,0.4,0.5,0.1,0.1,0.1,0.2,0.6,1.5,,2018,2017-18
498.0,Jeff Withey,27.0,DAL,C,10.0,0.0,3.9,0.6,1.6,0.375,0.2,1.0,0.2,0.4,0.6,0.667,0.438,0.1,0.2,0.5,0.1,0.9,1.0,0.0,0.0,0.3,0.2,0.3,1.5,,2018,2017-18
499.0,Antonius Cleveland,23.0,2TM,SG,17.0,0.0,7.2,0.5,1.2,0.381,0.2,0.2,0.75,0.3,1.0,0.294,0.452,0.2,0.4,0.667,0.2,0.6,0.8,0.1,0.4,0.3,0.4,1.4,1.4,,2018,2017-18
499.0,Antonius Cleveland,23.0,DAL,SG,13.0,0.0,6.2,0.3,1.1,0.286,0.0,0.1,0.0,0.3,1.0,0.308,0.286,0.2,0.3,0.5,0.2,0.6,0.8,0.2,0.5,0.3,0.2,0.8,0.8,,2018,2017-18
499.0,Antonius Cleveland,23.0,ATL,SG,4.0,0.0,10.5,1.0,1.8,0.571,0.8,0.8,1.0,0.3,1.0,0.25,0.786,0.5,0.5,1.0,0.3,0.8,1.0,0.0,0.3,0.3,1.3,3.0,3.3,,2018,2017-18
500.0,Marcus Georges-Hunt,23.0,MIN,SG,42.0,0.0,5.3,0.5,1.1,0.438,0.1,0.4,0.267,0.4,0.8,0.515,0.479,0.3,0.5,0.619,0.2,0.2,0.4,0.2,0.1,0.0,0.1,0.8,1.4,,2018,2017-18
501.0,Markel Brown,26.0,HOU,SG,4.0,0.0,7.8,0.5,1.8,0.286,0.3,1.3,0.2,0.3,0.5,0.5,0.357,0.0,0.0,,0.3,1.0,1.3,0.5,0.0,0.0,0.5,1.5,1.3,,2018,2017-18
502.0,Tim Quarterman,23.0,HOU,SG,3.0,0.0,4.3,0.3,1.0,0.333,0.0,0.7,0.0,0.3,0.3,1.0,0.333,0.7,0.7,1.0,0.0,1.0,1.0,0.3,0.0,0.0,0.7,0.3,1.3,,2018,2017-18
503.0,Ömer Aşık,31.0,2TM,C,18.0,0.0,10.1,0.5,1.2,0.409,0.0,0.0,,0.5,1.2,0.409,0.409,0.2,0.7,0.308,0.5,2.1,2.6,0.2,0.1,0.2,0.5,1.1,1.2,,2018,2017-18
503.0,Ömer Aşık,31.0,NOP,C,14.0,0.0,8.6,0.5,1.1,0.438,0.0,0.0,,0.5,1.1,0.438,0.438,0.3,0.9,0.333,0.5,2.1,2.6,0.1,0.1,0.1,0.4,1.0,1.3,,2018,2017-18
503.0,Ömer Aşık,31.0,CHI,C,4.0,0.0,15.3,0.5,1.5,0.333,0.0,0.0,,0.5,1.5,0.333,0.333,0.0,0.3,0.0,0.5,2.0,2.5,0.3,0.3,0.5,1.0,1.5,1.0,,2018,2017-18
504.0,Ike Anigbogu,19.0,IND,C,11.0,0.0,2.7,0.4,0.8,0.444,0.0,0.0,,0.4,0.8,0.444,0.444,0.5,0.5,0.833,0.5,0.4,0.8,0.0,0.1,0.3,0.2,0.1,1.2,,2018,2017-18
505.0,Zhou Qi,22.0,HOU,C,18.0,0.0,6.9,0.3,1.8,0.188,0.1,1.1,0.105,0.2,0.7,0.308,0.219,0.4,0.7,0.667,0.3,0.9,1.2,0.1,0.1,0.8,0.6,0.8,1.2,,2018,2017-18
506.0,Demetrius Jackson,23.0,2TM,PG,15.0,0.0,5.3,0.5,1.2,0.389,0.1,0.5,0.143,0.4,0.7,0.545,0.417,0.1,0.1,0.5,0.3,0.5,0.8,0.6,0.3,0.1,0.7,0.5,1.1,,2018,2017-18
506.0,Demetrius Jackson,23.0,HOU,PG,12.0,0.0,5.3,0.3,1.2,0.286,0.0,0.5,0.0,0.3,0.7,0.5,0.286,0.0,0.0,,0.3,0.6,0.9,0.4,0.3,0.1,0.8,0.5,0.7,,2018,2017-18
506.0,Demetrius Jackson,23.0,PHI,PG,3.0,0.0,5.7,1.0,1.3,0.75,0.3,0.3,1.0,0.7,1.0,0.667,0.875,0.3,0.7,0.5,0.3,0.0,0.3,1.3,0.3,0.0,0.3,0.3,2.7,,2018,2017-18
507.0,Kadeem Allen,25.0,BOS,PG,18.0,1.0,5.9,0.3,1.2,0.273,0.0,0.6,0.0,0.3,0.6,0.545,0.273,0.4,0.5,0.778,0.2,0.4,0.6,0.7,0.2,0.1,0.5,0.8,1.1,,2018,2017-18
508.0,Darrun Hilliard,24.0,SAS,SG,14.0,0.0,6.8,0.4,1.4,0.263,0.0,0.4,0.0,0.4,0.9,0.385,0.263,0.4,0.5,0.857,0.0,0.5,0.5,0.8,0.1,0.0,0.3,0.5,1.1,,2018,2017-18
509.0,Matt Costello,24.0,SAS,C,4.0,0.0,8.0,0.5,1.0,0.5,0.0,0.0,,0.5,1.0,0.5,0.5,0.0,0.0,,0.3,2.0,2.3,0.5,0.5,0.5,0.3,1.8,1.0,,2018,2017-18
510.0,PJ Dozier,21.0,OKC,PG,2.0,0.0,1.5,0.5,1.0,0.5,0.0,0.0,,0.5,1.0,0.5,0.5,0.0,0.0,,0.0,0.5,0.5,0.0,0.0,0.0,0.5,0.5,1.0,,2018,2017-18
511.0,Reggie Hearn,26.0,DET,SG,3.0,0.0,2.3,0.3,0.7,0.5,0.3,0.7,0.5,0.0,0.0,,0.75,0.0,0.0,,0.0,0.0,0.0,0.0,0.0,0.0,0.0,0.0,1.0,,2018,2017-18
512.0,Scotty Hopson,28.0,DAL,SG,1.0,0.0,8.0,0.0,1.0,0.0,0.0,0.0,,0.0,1.0,0.0,0.0,1.0,2.0,0.5,0.0,0.0,0.0,1.0,0.0,0.0,1.0,0.0,1.0,,2018,2017-18
513.0,Jake Layman,23.0,POR,SF,35.0,1.0,4.6,0.4,1.3,0.298,0.1,0.6,0.2,0.3,0.8,0.37,0.34,0.1,0.1,0.667,0.1,0.3,0.5,0.3,0.2,0.1,0.1,0.4,1.0,,2018,2017-18
514.0,Georges Niang,24.0,UTA,PF,9.0,0.0,3.6,0.4,1.2,0.364,0.0,0.4,0.0,0.4,0.8,0.571,0.364,0.1,0.2,0.5,0.3,0.7,1.0,0.3,0.2,0.0,0.3,0.1,1.0,,2018,2017-18
515.0,Alex Poythress,24.0,IND,PF,25.0,0.0,4.2,0.4,1.0,0.423,0.2,0.4,0.364,0.3,0.6,0.467,0.5,0.0,0.0,,0.3,0.4,0.7,0.1,0.1,0.0,0.1,0.6,1.0,,2018,2017-18
516.0,Derrick Williams,26.0,LAL,PF,2.0,0.0,4.5,0.5,2.0,0.25,0.0,1.0,0.0,0.5,1.0,0.5,0.25,0.0,0.0,,0.0,0.5,0.5,0.0,0.0,0.0,0.0,0.0,1.0,,2018,2017-18
517.0,D.J. Wilson,21.0,MIL,PF,22.0,0.0,3.2,0.4,0.7,0.563,0.1,0.2,0.4,0.3,0.5,0.636,0.625,0.0,0.1,0.5,0.1,0.4,0.5,0.1,0.1,0.0,0.2,0.3,1.0,,2018,2017-18
518.0,Tony Bradley,20.0,UTA,C,9.0,0.0,3.2,0.3,1.2,0.273,0.0,0.1,0.0,0.3,1.1,0.3,0.273,0.2,0.2,1.0,0.4,0.8,1.2,0.1,0.0,0.0,0.0,0.1,0.9,,2018,2017-18
519.0,Julyan Stone,29.0,CHO,SG,23.0,0.0,7.6,0.3,0.6,0.462,0.3,0.6,0.462,0.0,0.0,,0.692,0.0,0.1,0.5,0.0,1.2,1.3,1.1,0.2,0.1,0.3,0.9,0.8,,2018,2017-18
520.0,Jacob Wiley,23.0,BRK,PF,5.0,0.0,6.6,0.2,0.8,0.25,0.2,0.4,0.5,0.0,0.4,0.0,0.375,0.2,0.4,0.5,0.4,1.8,2.2,0.4,0.2,0.0,0.0,0.8,0.8,,2018,2017-18
521.0,Jacob Pullen,28.0,PHI,PG,3.0,0.0,2.0,0.3,0.7,0.5,0.0,0.3,0.0,0.3,0.3,1.0,0.5,0.0,0.0,,0.0,0.0,0.0,0.0,0.0,0.0,0.3,0.0,0.7,,2018,2017-18
522.0,Josh Smith,32.0,NOP,PF,3.0,0.0,4.0,0.3,1.3,0.25,0.0,0.0,,0.3,1.3,0.25,0.25,0.0,0.0,,1.0,0.3,1.3,0.0,0.0,0.0,0.0,1.0,0.7,,2018,2017-18
523.0,Cole Aldrich,29.0,MIN,C,21.0,0.0,2.3,0.2,0.7,0.333,0.0,0.0,,0.2,0.7,0.333,0.333,0.1,0.3,0.333,0.1,0.6,0.7,0.1,0.1,0.0,0.0,0.5,0.6,,2018,2017-18
524.0,Vander Blue,25.0,LAL,SG,5.0,0.0,9.0,0.2,1.0,0.2,0.0,0.4,0.0,0.2,0.6,0.333,0.2,0.2,0.4,0.5,0.0,0.2,0.2,0.6,0.2,0.0,0.6,0.4,0.6,,2018,2017-18
525.0,Udonis Haslem,37.0,MIA,C,14.0,0.0,5.1,0.2,1.1,0.2,0.1,0.6,0.125,0.1,0.5,0.286,0.233,0.1,0.1,0.5,0.2,0.5,0.7,0.4,0.0,0.1,0.1,0.2,0.6,,2018,2017-18
526.0,Charles Cooke,23.0,NOP,SG,13.0,0.0,2.9,0.2,1.1,0.143,0.1,0.6,0.125,0.1,0.5,0.167,0.179,0.1,0.2,0.5,0.0,0.2,0.2,0.1,0.1,0.0,0.1,0.0,0.5,,2018,2017-18
527.0,Xavier Munford,25.0,MIL,SG,6.0,0.0,3.5,0.2,1.0,0.167,0.0,0.3,0.0,0.2,0.7,0.25,0.167,0.2,0.3,0.5,0.2,0.0,0.2,0.7,0.2,0.0,0.3,0.7,0.5,,2018,2017-18
528.0,London Perrantes,23.0,CLE,PG,14.0,0.0,4.7,0.1,0.9,0.154,0.0,0.2,0.0,0.1,0.7,0.2,0.154,0.2,0.4,0.6,0.1,0.2,0.3,0.4,0.1,0.1,0.1,0.4,0.5,,2018,2017-18
529.0,Nate Wolters,26.0,UTA,PG,5.0,0.0,3.8,0.2,1.2,0.167,0.0,0.0,,0.2,1.2,0.167,0.167,0.0,0.0,,0.2,0.2,0.4,0.2,0.0,0.0,0.0,0.2,0.4,,2018,2017-18
530.0,Chris Boucher,25.0,GSW,PF,1.0,0.0,1.0,0.0,1.0,0.0,0.0,1.0,0.0,0.0,0.0,,0.0,0.0,0.0,,0.0,1.0,1.0,0.0,0.0,0.0,0.0,0.0,0.0,,2018,2017-18
531.0,Nicolás Brussino,24.0,ATL,SF,4.0,0.0,2.5,0.0,0.5,0.0,0.0,0.5,0.0,0.0,0.0,,0.0,0.0,0.0,,0.0,0.8,0.8,0.0,0.0,0.0,0.0,0.0,0.0,,2018,2017-18
532.0,Jarell Eddie,26.0,2TM,SF,3.0,0.0,3.0,0.0,0.7,0.0,0.0,0.7,0.0,0.0,0.0,,0.0,0.0,0.0,,0.0,0.3,0.3,0.0,0.3,0.0,0.0,0.0,0.0,,2018,2017-18
532.0,Jarell Eddie,26.0,BOS,SF,2.0,0.0,3.0,0.0,0.5,0.0,0.0,0.5,0.0,0.0,0.0,,0.0,0.0,0.0,,0.0,0.5,0.5,0.0,0.5,0.0,0.0,0.0,0.0,,2018,2017-18
532.0,Jarell Eddie,26.0,CHI,SF,1.0,0.0,3.0,0.0,1.0,0.0,0.0,1.0,0.0,0.0,0.0,,0.0,0.0,0.0,,0.0,0.0,0.0,0.0,0.0,0.0,0.0,0.0,0.0,,2018,2017-18
533.0,Mindaugas Kuzminskas,28.0,NYK,SF,1.0,0.0,2.0,0.0,2.0,0.0,0.0,0.0,,0.0,2.0,0.0,0.0,0.0,0.0,,0.0,0.0,0.0,0.0,0.0,0.0,0.0,0.0,0.0,,2018,2017-18
534.0,Tyler Lydon,21.0,DEN,PF,1.0,0.0,2.0,0.0,0.0,,0.0,0.0,,0.0,0.0,,,0.0,0.0,,0.0,0.0,0.0,0.0,0.0,0.0,0.0,0.0,0.0,,2018,2017-18
535.0,Erik McCree,24.0,UTA,SF,4.0,0.0,2.0,0.0,0.5,0.0,0.0,0.3,0.0,0.0,0.3,0.0,0.0,0.0,0.0,,0.0,0.3,0.3,0.0,0.3,0.0,0.3,0.0,0.0,,2018,2017-18
536.0,Trey McKinney-Jones,27.0,IND,SG,1.0,0.0,1.0,0.0,0.0,,0.0,0.0,,0.0,0.0,,,0.0,0.0,,0.0,0.0,0.0,0.0,0.0,0.0,0.0,0.0,0.0,,2018,2017-18
537.0,Josh McRoberts,30.0,DAL,PF,2.0,0.0,3.0,0.0,0.5,0.0,0.0,0.5,0.0,0.0,0.0,,0.0,0.0,0.0,,0.0,0.0,0.0,0.0,0.0,0.0,0.0,1.0,0.0,,2018,2017-18
538.0,Luis Montero,24.0,DET,SG,2.0,0.0,4.0,0.0,0.5,0.0,0.0,0.0,,0.0,0.5,0.0,0.0,0.0,0.0,,0.0,1.0,1.0,0.0,0.0,0.0,1.0,0.0,0.0,,2018,2017-18
539.0,Ben Moore,22.0,IND,PF,2.0,0.0,4.5,0.0,0.0,,0.0,0.0,,0.0,0.0,,,0.0,0.0,,0.0,0.5,0.5,0.5,0.0,0.0,0.0,2.0,0.0,,2018,2017-18
540.0,Xavier Silas,30.0,BOS,SG,2.0,0.0,3.5,0.0,1.5,0.0,0.0,1.0,0.0,0.0,0.5,0.0,0.0,0.0,0.0,,0.5,0.5,1.0,0.0,0.5,0.0,0.0,0.5,0.0,,2018,2017-18
,League Average,,,,,,,,,0.46,,,0.362,,,0.51,0.521,,,0.767,,,,,,,,,,,2018,2017-18
