Rk,Player,Age,Team,Pos,G,GS,MP,FG,FGA,FG%,3P,3PA,3P%,2P,2PA,2P%,eFG%,FT,FTA,FT%,ORB,DRB,TRB,AST,STL,BLK,TOV,PF,PTS,Trp-Dbl,Awards,season_end_year,season
1.0,James Harden,29.0,HOU,PG,78.0,78.0,2867.0,843.0,1909.0,0.442,378.0,1028.0,0.368,465.0,881.0,0.528,0.541,754.0,858.0,0.879,66.0,452.0,518.0,586.0,158.0,58.0,387.0,244.0,2818.0,7.0,"MVP-2,AS,NBA1",2019,2018-19
2.0,Paul George,28.0,OKC,SF,77.0,77.0,2841.0,707.0,1614.0,0.438,292.0,757.0,0.386,415.0,857.0,0.484,0.529,453.0,540.0,0.839,105.0,523.0,628.0,318.0,170.0,34.0,205.0,214.0,2159.0,1.0,"MVP-3,DPOY-3,AS,NBA1,DEF1",2019,2018-19
3.0,Kemba Walker,28.0,CHO,PG,82.0,82.0,2863.0,731.0,1684.0,0.434,260.0,731.0,0.356,471.0,953.0,0.494,0.511,380.0,450.0,0.844,52.0,309.0,361.0,484.0,102.0,34.0,211.0,131.0,2102.0,0.0,"AS,NBA3",2019,2018-19
4.0,Bradley Beal,25.0,WAS,SG,82.0,82.0,3028.0,764.0,1609.0,0.475,209.0,596.0,0.351,555.0,1013.0,0.548,0.54,362.0,448.0,0.808,89.0,322.0,411.0,448.0,121.0,58.0,224.0,226.0,2099.0,2.0,AS,2019,2018-19
5.0,Damian Lillard,28.0,POR,PG,80.0,80.0,2838.0,681.0,1533.0,0.444,237.0,643.0,0.369,444.0,890.0,0.499,0.522,468.0,513.0,0.912,68.0,303.0,371.0,551.0,88.0,34.0,212.0,148.0,2067.0,0.0,"MVP-6,AS,NBA2",2019,2018-19
6.0,Kevin Durant,30.0,GSW,SF,78.0,78.0,2702.0,721.0,1383.0,0.521,137.0,388.0,0.353,584.0,995.0,0.587,0.571,448.0,506.0,0.885,33.0,464.0,497.0,457.0,58.0,84.0,225.0,155.0,2027.0,2.0,"MVP-8,AS,NBA2",2019,2018-19
7.0,Giannis Antetokounmpo,24.0,MIL,PF,72.0,72.0,2358.0,721.0,1247.0,0.578,52.0,203.0,0.256,669.0,1044.0,0.641,0.599,500.0,686.0,0.729,159.0,739.0,898.0,424.0,92.0,110.0,268.0,232.0,1994.0,5.0,"MVP-1,DPOY-2,AS,NBA1,DEF1",2019,2018-19
8.0,Stephen Curry,30.0,GSW,PG,69.0,69.0,2331.0,632.0,1340.0,0.472,354.0,810.0,0.437,278.0,530.0,0.525,0.604,263.0,287.0,0.916,45.0,324.0,369.0,361.0,92.0,25.0,192.0,166.0,1881.0,0.0,"MVP-5,AS,NBA1",2019,2018-19
9.0,Karl-Anthony Towns,23.0,MIN,C,77.0,77.0,2545.0,681.0,1314.0,0.518,142.0,355.0,0.4,539.0,959.0,0.562,0.572,376.0,450.0,0.836,263.0,691.0,954.0,259.0,67.0,125.0,240.0,292.0,1880.0,0.0,AS,2019,2018-19
10.0,Blake Griffin,29.0,DET,PF,75.0,75.0,2622.0,619.0,1341.0,0.462,189.0,522.0,0.362,430.0,819.0,0.525,0.532,414.0,550.0,0.753,100.0,465.0,565.0,402.0,52.0,28.0,253.0,199.0,1841.0,2.0,"AS,NBA3",2019,2018-19
11.0,Donovan Mitchell,22.0,UTA,SG,77.0,77.0,2598.0,661.0,1530.0,0.432,188.0,519.0,0.362,473.0,1011.0,0.468,0.493,319.0,396.0,0.806,59.0,257.0,316.0,322.0,106.0,31.0,218.0,208.0,1829.0,0.0,,2019,2018-19
12.0,Joel Embiid,24.0,PHI,C,64.0,64.0,2154.0,580.0,1199.0,0.484,79.0,263.0,0.3,501.0,936.0,0.535,0.517,522.0,649.0,0.804,160.0,711.0,871.0,234.0,46.0,122.0,226.0,211.0,1761.0,2.0,"MVP-7,DPOY-4,AS,NBA2,DEF2",2019,2018-19
13.0,LaMarcus Aldridge,33.0,SAS,C,81.0,81.0,2687.0,684.0,1319.0,0.519,10.0,42.0,0.238,674.0,1277.0,0.528,0.522,349.0,412.0,0.847,251.0,493.0,744.0,194.0,43.0,107.0,144.0,179.0,1727.0,0.0,AS,2019,2018-19
14.0,D'Angelo Russell,22.0,BRK,PG,81.0,81.0,2448.0,659.0,1517.0,0.434,234.0,635.0,0.369,425.0,882.0,0.482,0.512,160.0,205.0,0.78,53.0,262.0,315.0,563.0,100.0,20.0,253.0,141.0,1712.0,0.0,AS,2019,2018-19
15.0,Devin Booker,22.0,PHO,SG,64.0,64.0,2242.0,586.0,1255.0,0.467,135.0,414.0,0.326,451.0,841.0,0.536,0.521,393.0,454.0,0.866,39.0,226.0,265.0,433.0,56.0,13.0,264.0,200.0,1700.0,0.0,,2019,2018-19
16.0,Buddy Hield,26.0,SAC,SG,82.0,82.0,2615.0,623.0,1360.0,0.458,278.0,651.0,0.427,345.0,709.0,0.487,0.56,171.0,193.0,0.886,106.0,306.0,412.0,205.0,58.0,33.0,146.0,202.0,1695.0,0.0,,2019,2018-19
17.0,Klay Thompson,28.0,GSW,SG,78.0,78.0,2652.0,655.0,1402.0,0.467,241.0,599.0,0.402,414.0,803.0,0.516,0.553,129.0,158.0,0.816,37.0,262.0,299.0,186.0,84.0,47.0,115.0,157.0,1680.0,0.0,"AS,DEF2",2019,2018-19
18.0,Russell Westbrook,30.0,OKC,PG,73.0,73.0,2630.0,630.0,1473.0,0.428,119.0,411.0,0.29,511.0,1062.0,0.481,0.468,296.0,451.0,0.656,109.0,698.0,807.0,784.0,142.0,33.0,325.0,245.0,1675.0,34.0,"MVP-10,AS,NBA3",2019,2018-19
19.0,Nikola Vučević,28.0,ORL,C,80.0,80.0,2510.0,701.0,1354.0,0.518,84.0,231.0,0.364,617.0,1123.0,0.549,0.549,179.0,227.0,0.789,224.0,736.0,960.0,307.0,81.0,89.0,159.0,157.0,1665.0,1.0,AS,2019,2018-19
20.0,Tobias Harris,26.0,2TM,PF,82.0,82.0,2847.0,611.0,1254.0,0.487,156.0,393.0,0.397,455.0,861.0,0.528,0.549,266.0,307.0,0.866,69.0,576.0,645.0,229.0,51.0,37.0,151.0,184.0,1644.0,0.0,,2019,2018-19
20.0,Tobias Harris,26.0,LAC,PF,55.0,55.0,1903.0,424.0,855.0,0.496,112.0,258.0,0.434,312.0,597.0,0.523,0.561,192.0,219.0,0.877,37.0,395.0,432.0,150.0,40.0,24.0,109.0,123.0,1152.0,0.0,,2019,2018-19
20.0,Tobias Harris,26.0,PHI,PF,27.0,27.0,944.0,187.0,399.0,0.469,44.0,135.0,0.326,143.0,264.0,0.542,0.524,74.0,88.0,0.841,32.0,181.0,213.0,79.0,11.0,13.0,42.0,61.0,492.0,0.0,,2019,2018-19
21.0,DeMar DeRozan,29.0,SAS,SG,77.0,77.0,2688.0,631.0,1313.0,0.481,7.0,45.0,0.156,624.0,1268.0,0.492,0.483,366.0,441.0,0.83,54.0,408.0,462.0,475.0,86.0,36.0,199.0,177.0,1635.0,1.0,,2019,2018-19
22.0,Nikola Jokić,23.0,DEN,C,80.0,80.0,2504.0,616.0,1206.0,0.511,83.0,270.0,0.307,533.0,936.0,0.569,0.545,289.0,352.0,0.821,228.0,637.0,865.0,580.0,108.0,55.0,248.0,228.0,1604.0,12.0,"MVP-4,AS,NBA1",2019,2018-19
23.0,Kyrie Irving,26.0,BOS,PG,67.0,67.0,2214.0,604.0,1241.0,0.487,174.0,434.0,0.401,430.0,807.0,0.533,0.557,214.0,245.0,0.873,71.0,264.0,335.0,464.0,103.0,34.0,172.0,167.0,1596.0,1.0,"AS,NBA2",2019,2018-19
24.0,Kawhi Leonard,27.0,TOR,SF,60.0,60.0,2040.0,560.0,1129.0,0.496,112.0,302.0,0.371,448.0,827.0,0.542,0.546,364.0,426.0,0.854,78.0,361.0,439.0,199.0,106.0,24.0,121.0,87.0,1596.0,0.0,"MVP-9,DPOY-6,AS,NBA2,DEF2",2019,2018-19
25.0,Julius Randle,24.0,NOP,PF,73.0,49.0,2232.0,571.0,1089.0,0.524,67.0,195.0,0.344,504.0,894.0,0.564,0.555,356.0,487.0,0.731,162.0,472.0,634.0,229.0,52.0,45.0,208.0,246.0,1565.0,1.0,,2019,2018-19
26.0,Trae Young,20.0,ATL,PG,81.0,81.0,2503.0,525.0,1256.0,0.418,156.0,482.0,0.324,369.0,774.0,0.477,0.48,343.0,414.0,0.829,64.0,237.0,301.0,653.0,72.0,15.0,308.0,140.0,1549.0,1.0,ROY-2,2019,2018-19
27.0,Luka Dončić,19.0,DAL,SG,72.0,72.0,2318.0,506.0,1186.0,0.427,168.0,514.0,0.327,338.0,672.0,0.503,0.497,346.0,485.0,0.713,86.0,477.0,563.0,429.0,77.0,25.0,247.0,137.0,1526.0,8.0,ROY-1,2019,2018-19
28.0,LeBron James,34.0,LAL,SF,55.0,55.0,1937.0,558.0,1095.0,0.51,111.0,327.0,0.339,447.0,768.0,0.582,0.56,278.0,418.0,0.665,57.0,408.0,465.0,454.0,72.0,33.0,197.0,94.0,1505.0,8.0,"MVP-11,AS,NBA3",2019,2018-19
29.0,Lou Williams,32.0,LAC,SG,75.0,1.0,1993.0,484.0,1138.0,0.425,105.0,291.0,0.361,379.0,847.0,0.447,0.471,425.0,485.0,0.876,40.0,182.0,222.0,402.0,57.0,11.0,181.0,80.0,1498.0,1.0,6MOY-1,2019,2018-19
30.0,Zach LaVine,23.0,CHI,SG,63.0,62.0,2171.0,530.0,1135.0,0.467,120.0,321.0,0.374,410.0,814.0,0.504,0.52,312.0,375.0,0.832,40.0,254.0,294.0,283.0,60.0,26.0,215.0,140.0,1492.0,0.0,,2019,2018-19
31.0,Mike Conley,31.0,MEM,PG,70.0,70.0,2342.0,490.0,1120.0,0.438,155.0,426.0,0.364,335.0,694.0,0.483,0.507,343.0,406.0,0.845,40.0,199.0,239.0,449.0,94.0,22.0,130.0,123.0,1478.0,0.0,,2019,2018-19
32.0,CJ McCollum,27.0,POR,SG,70.0,70.0,2375.0,571.0,1243.0,0.459,167.0,445.0,0.375,404.0,798.0,0.506,0.527,159.0,192.0,0.828,62.0,220.0,282.0,207.0,55.0,28.0,106.0,172.0,1468.0,1.0,,2019,2018-19
33.0,Bojan Bogdanović,29.0,IND,SF,81.0,81.0,2573.0,522.0,1051.0,0.497,164.0,386.0,0.425,358.0,665.0,0.538,0.575,246.0,305.0,0.807,33.0,300.0,333.0,161.0,69.0,1.0,134.0,138.0,1454.0,0.0,,2019,2018-19
34.0,Anthony Davis,25.0,NOP,C,56.0,56.0,1850.0,530.0,1026.0,0.517,48.0,145.0,0.331,482.0,881.0,0.547,0.54,344.0,433.0,0.794,174.0,498.0,672.0,218.0,88.0,135.0,112.0,132.0,1452.0,0.0,AS,2019,2018-19
35.0,Jrue Holiday,28.0,NOP,SG,67.0,67.0,2402.0,547.0,1159.0,0.472,118.0,363.0,0.325,429.0,796.0,0.539,0.523,208.0,271.0,0.768,75.0,259.0,334.0,518.0,109.0,54.0,210.0,148.0,1420.0,0.0,DEF2,2019,2018-19
36.0,Khris Middleton,27.0,MIL,SF,77.0,77.0,2393.0,506.0,1148.0,0.441,179.0,474.0,0.378,327.0,674.0,0.485,0.519,216.0,258.0,0.837,50.0,411.0,461.0,331.0,80.0,7.0,174.0,172.0,1407.0,0.0,AS,2019,2018-19
37.0,De'Aaron Fox,21.0,SAC,PG,81.0,81.0,2546.0,505.0,1102.0,0.458,86.0,232.0,0.371,419.0,870.0,0.482,0.497,303.0,417.0,0.727,43.0,261.0,304.0,590.0,133.0,45.0,227.0,204.0,1399.0,1.0,,2019,2018-19
38.0,JJ Redick,34.0,PHI,SG,76.0,63.0,2379.0,452.0,1027.0,0.44,240.0,605.0,0.397,212.0,422.0,0.502,0.557,228.0,255.0,0.894,20.0,166.0,186.0,206.0,32.0,17.0,101.0,129.0,1372.0,0.0,,2019,2018-19
39.0,Collin Sexton,20.0,CLE,PG,82.0,72.0,2605.0,519.0,1206.0,0.43,119.0,296.0,0.402,400.0,910.0,0.44,0.48,214.0,255.0,0.839,57.0,179.0,236.0,243.0,44.0,6.0,185.0,186.0,1371.0,0.0,ROY-5,2019,2018-19
40.0,Andre Drummond,25.0,DET,C,79.0,79.0,2647.0,561.0,1052.0,0.533,5.0,38.0,0.132,556.0,1014.0,0.548,0.536,243.0,412.0,0.59,423.0,809.0,1232.0,112.0,136.0,138.0,175.0,272.0,1370.0,0.0,,2019,2018-19
41.0,Jamal Murray,21.0,DEN,PG,75.0,74.0,2447.0,513.0,1173.0,0.437,152.0,414.0,0.367,361.0,759.0,0.476,0.502,189.0,223.0,0.848,65.0,252.0,317.0,363.0,67.0,27.0,158.0,153.0,1367.0,0.0,,2019,2018-19
42.0,Jordan Clarkson,26.0,CLE,SG,81.0,0.0,2214.0,529.0,1180.0,0.448,144.0,445.0,0.324,385.0,735.0,0.524,0.509,162.0,192.0,0.844,82.0,188.0,270.0,196.0,57.0,13.0,135.0,112.0,1364.0,0.0,,2019,2018-19
43.0,Montrezl Harrell,25.0,LAC,C,82.0,5.0,2158.0,546.0,888.0,0.615,3.0,17.0,0.176,543.0,871.0,0.623,0.617,266.0,414.0,0.643,184.0,351.0,535.0,162.0,71.0,110.0,132.0,255.0,1361.0,0.0,6MOY-3,2019,2018-19
44.0,Pascal Siakam,24.0,TOR,PF,80.0,79.0,2548.0,519.0,945.0,0.549,79.0,214.0,0.369,440.0,731.0,0.602,0.591,237.0,302.0,0.785,124.0,425.0,549.0,248.0,73.0,52.0,154.0,241.0,1354.0,0.0,MIP-1,2019,2018-19
45.0,Danilo Gallinari,30.0,LAC,SF,68.0,68.0,2059.0,409.0,884.0,0.463,161.0,372.0,0.433,248.0,512.0,0.484,0.554,367.0,406.0,0.904,54.0,363.0,417.0,178.0,49.0,23.0,99.0,129.0,1346.0,0.0,,2019,2018-19
46.0,Ben Simmons,22.0,PHI,PG,79.0,79.0,2700.0,540.0,960.0,0.563,0.0,6.0,0.0,540.0,954.0,0.566,0.563,257.0,428.0,0.6,172.0,525.0,697.0,610.0,112.0,61.0,274.0,209.0,1337.0,10.0,AS,2019,2018-19
47.0,Andrew Wiggins,23.0,MIN,SF,73.0,73.0,2543.0,498.0,1209.0,0.412,118.0,348.0,0.339,380.0,861.0,0.441,0.461,207.0,296.0,0.699,83.0,269.0,352.0,184.0,70.0,48.0,138.0,153.0,1321.0,0.0,,2019,2018-19
48.0,Kyle Kuzma,23.0,LAL,PF,70.0,68.0,2314.0,496.0,1087.0,0.456,128.0,422.0,0.303,368.0,665.0,0.553,0.515,188.0,250.0,0.752,60.0,322.0,382.0,178.0,41.0,26.0,133.0,170.0,1308.0,0.0,,2019,2018-19
49.0,Rudy Gobert,26.0,UTA,C,81.0,80.0,2577.0,476.0,712.0,0.669,0.0,0.0,,476.0,712.0,0.669,0.669,332.0,522.0,0.636,309.0,732.0,1041.0,161.0,66.0,187.0,130.0,231.0,1284.0,0.0,"MVP-11,DPOY-1,NBA3,DEF1",2019,2018-19
50.0,Harrison Barnes,26.0,2TM,PF,77.0,77.0,2533.0,431.0,1027.0,0.42,174.0,441.0,0.395,257.0,586.0,0.439,0.504,229.0,278.0,0.824,57.0,304.0,361.0,115.0,50.0,13.0,98.0,122.0,1265.0,0.0,,2019,2018-19
50.0,Harrison Barnes,26.0,DAL,PF,49.0,49.0,1584.0,290.0,717.0,0.404,121.0,311.0,0.389,169.0,406.0,0.416,0.489,165.0,198.0,0.833,36.0,171.0,207.0,62.0,33.0,11.0,68.0,79.0,866.0,0.0,,2019,2018-19
50.0,Harrison Barnes,26.0,SAC,SF,28.0,28.0,949.0,141.0,310.0,0.455,53.0,130.0,0.408,88.0,180.0,0.489,0.54,64.0,80.0,0.8,21.0,133.0,154.0,53.0,17.0,2.0,30.0,43.0,399.0,0.0,,2019,2018-19
51.0,Reggie Jackson,28.0,DET,PG,82.0,82.0,2289.0,441.0,1047.0,0.421,174.0,471.0,0.369,267.0,576.0,0.464,0.504,204.0,236.0,0.864,45.0,171.0,216.0,344.0,55.0,9.0,148.0,208.0,1260.0,0.0,,2019,2018-19
52.0,Aaron Gordon,23.0,ORL,PF,78.0,78.0,2633.0,470.0,1046.0,0.449,121.0,347.0,0.349,349.0,699.0,0.499,0.507,185.0,253.0,0.731,129.0,445.0,574.0,289.0,57.0,56.0,162.0,172.0,1246.0,0.0,,2019,2018-19
53.0,Jayson Tatum,20.0,BOS,SF,79.0,79.0,2455.0,466.0,1036.0,0.45,116.0,311.0,0.373,350.0,725.0,0.483,0.506,195.0,228.0,0.855,70.0,407.0,477.0,168.0,84.0,57.0,122.0,168.0,1243.0,0.0,,2019,2018-19
54.0,Eric Bledsoe,29.0,MIL,PG,78.0,78.0,2272.0,470.0,971.0,0.484,124.0,377.0,0.329,346.0,594.0,0.582,0.548,177.0,236.0,0.75,82.0,280.0,362.0,430.0,116.0,29.0,165.0,156.0,1241.0,1.0,DEF1,2019,2018-19
55.0,Evan Fournier,26.0,ORL,SG,81.0,81.0,2553.0,468.0,1069.0,0.438,153.0,450.0,0.34,315.0,619.0,0.509,0.509,137.0,170.0,0.806,38.0,220.0,258.0,295.0,71.0,12.0,154.0,225.0,1226.0,0.0,,2019,2018-19
56.0,Dennis Schröder,25.0,OKC,PG,79.0,14.0,2314.0,457.0,1104.0,0.414,124.0,364.0,0.341,333.0,740.0,0.45,0.47,186.0,227.0,0.819,38.0,246.0,284.0,323.0,65.0,12.0,172.0,189.0,1224.0,0.0,6MOY-8,2019,2018-19
57.0,Terrence Ross,27.0,ORL,SG,81.0,0.0,2150.0,440.0,1027.0,0.428,217.0,566.0,0.383,223.0,461.0,0.484,0.534,126.0,144.0,0.875,27.0,253.0,280.0,135.0,72.0,29.0,90.0,119.0,1223.0,0.0,6MOY-5,2019,2018-19
58.0,Jimmy Butler,29.0,2TM,SG,65.0,65.0,2185.0,418.0,904.0,0.462,67.0,193.0,0.347,351.0,711.0,0.494,0.499,312.0,365.0,0.855,121.0,221.0,342.0,263.0,123.0,39.0,95.0,111.0,1215.0,0.0,,2019,2018-19
58.0,Jimmy Butler,29.0,MIN,SG,10.0,10.0,361.0,74.0,157.0,0.471,17.0,45.0,0.378,57.0,112.0,0.509,0.525,48.0,61.0,0.787,16.0,36.0,52.0,43.0,24.0,10.0,14.0,18.0,213.0,0.0,,2019,2018-19
58.0,Jimmy Butler,29.0,PHI,SF,55.0,55.0,1824.0,344.0,747.0,0.461,50.0,148.0,0.338,294.0,599.0,0.491,0.494,264.0,304.0,0.868,105.0,185.0,290.0,220.0,99.0,29.0,81.0,93.0,1002.0,0.0,,2019,2018-19
59.0,Josh Richardson,25.0,MIA,SG,73.0,73.0,2539.0,423.0,1026.0,0.412,164.0,460.0,0.357,259.0,566.0,0.458,0.492,199.0,231.0,0.861,54.0,209.0,263.0,298.0,79.0,34.0,113.0,200.0,1209.0,0.0,,2019,2018-19
60.0,Jeremy Lamb,26.0,CHO,SG,79.0,55.0,2250.0,431.0,979.0,0.44,115.0,330.0,0.348,316.0,649.0,0.487,0.499,231.0,260.0,0.888,65.0,369.0,434.0,172.0,88.0,32.0,80.0,140.0,1208.0,0.0,,2019,2018-19
61.0,John Collins,21.0,ATL,PF,61.0,59.0,1829.0,465.0,831.0,0.56,55.0,158.0,0.348,410.0,673.0,0.609,0.593,203.0,266.0,0.763,219.0,376.0,595.0,121.0,22.0,39.0,120.0,199.0,1188.0,0.0,,2019,2018-19
62.0,Tim Hardaway Jr.,26.0,2TM,SG,65.0,63.0,2057.0,390.0,993.0,0.393,162.0,477.0,0.34,228.0,516.0,0.442,0.474,232.0,276.0,0.841,33.0,189.0,222.0,159.0,54.0,8.0,105.0,141.0,1174.0,0.0,,2019,2018-19
62.0,Tim Hardaway Jr.,26.0,NYK,SG,46.0,46.0,1499.0,282.0,726.0,0.388,117.0,337.0,0.347,165.0,389.0,0.424,0.469,199.0,233.0,0.854,26.0,135.0,161.0,122.0,42.0,6.0,81.0,106.0,880.0,0.0,,2019,2018-19
62.0,Tim Hardaway Jr.,26.0,DAL,SG,19.0,17.0,558.0,108.0,267.0,0.404,45.0,140.0,0.321,63.0,127.0,0.496,0.489,33.0,43.0,0.767,7.0,54.0,61.0,37.0,12.0,2.0,24.0,35.0,294.0,0.0,,2019,2018-19
63.0,Deandre Ayton,20.0,PHO,C,71.0,70.0,2183.0,509.0,870.0,0.585,0.0,4.0,0.0,509.0,866.0,0.588,0.585,141.0,189.0,0.746,223.0,506.0,729.0,125.0,61.0,67.0,126.0,209.0,1159.0,0.0,ROY-3,2019,2018-19
64.0,Spencer Dinwiddie,25.0,BRK,PG,68.0,4.0,1914.0,366.0,828.0,0.442,124.0,370.0,0.335,242.0,458.0,0.528,0.517,287.0,356.0,0.806,26.0,140.0,166.0,311.0,40.0,17.0,152.0,187.0,1143.0,0.0,6MOY-4,2019,2018-19
65.0,Jusuf Nurkić,24.0,POR,C,72.0,72.0,1974.0,420.0,826.0,0.508,3.0,29.0,0.103,417.0,797.0,0.523,0.51,282.0,365.0,0.773,243.0,505.0,748.0,233.0,71.0,103.0,168.0,250.0,1125.0,1.0,,2019,2018-19
66.0,Clint Capela,24.0,HOU,C,67.0,67.0,2249.0,474.0,732.0,0.648,0.0,0.0,,474.0,732.0,0.648,0.648,166.0,261.0,0.636,298.0,550.0,848.0,96.0,44.0,102.0,94.0,168.0,1114.0,0.0,,2019,2018-19
67.0,Serge Ibaka,29.0,TOR,C,74.0,51.0,2010.0,464.0,877.0,0.529,49.0,169.0,0.29,415.0,708.0,0.586,0.557,135.0,177.0,0.763,156.0,445.0,601.0,99.0,29.0,103.0,114.0,211.0,1112.0,0.0,,2019,2018-19
68.0,Steven Adams,25.0,OKC,C,80.0,80.0,2669.0,481.0,809.0,0.595,0.0,2.0,0.0,481.0,807.0,0.596,0.595,146.0,292.0,0.5,391.0,369.0,760.0,124.0,117.0,76.0,135.0,204.0,1108.0,0.0,,2019,2018-19
69.0,Eric Gordon,30.0,HOU,SG,68.0,53.0,2158.0,384.0,938.0,0.409,216.0,600.0,0.36,168.0,338.0,0.497,0.525,119.0,152.0,0.783,17.0,131.0,148.0,129.0,41.0,27.0,90.0,143.0,1103.0,0.0,,2019,2018-19
70.0,Jerami Grant,24.0,OKC,PF,80.0,77.0,2612.0,409.0,823.0,0.497,115.0,293.0,0.392,294.0,530.0,0.555,0.567,157.0,221.0,0.71,96.0,321.0,417.0,79.0,61.0,100.0,67.0,214.0,1090.0,0.0,,2019,2018-19
71.0,Dwyane Wade,37.0,MIA,SG,72.0,2.0,1885.0,416.0,960.0,0.433,86.0,261.0,0.33,330.0,699.0,0.472,0.478,165.0,233.0,0.708,69.0,216.0,285.0,301.0,59.0,38.0,166.0,118.0,1083.0,1.0,"6MOY-7,AS",2019,2018-19
72.0,Marc Gasol,34.0,2TM,C,79.0,72.0,2436.0,390.0,870.0,0.448,99.0,273.0,0.363,291.0,597.0,0.487,0.505,192.0,253.0,0.759,80.0,547.0,627.0,349.0,84.0,86.0,155.0,217.0,1071.0,1.0,,2019,2018-19
72.0,Marc Gasol,34.0,MEM,C,53.0,53.0,1788.0,303.0,683.0,0.444,76.0,221.0,0.344,227.0,462.0,0.491,0.499,152.0,201.0,0.756,56.0,399.0,455.0,248.0,60.0,63.0,119.0,147.0,834.0,1.0,,2019,2018-19
72.0,Marc Gasol,34.0,TOR,C,26.0,19.0,648.0,87.0,187.0,0.465,23.0,52.0,0.442,64.0,135.0,0.474,0.527,40.0,52.0,0.769,24.0,148.0,172.0,101.0,24.0,23.0,36.0,70.0,237.0,0.0,,2019,2018-19
73.0,Kelly Oubre Jr.,23.0,2TM,SF,69.0,19.0,1935.0,375.0,842.0,0.445,108.0,338.0,0.32,267.0,504.0,0.53,0.51,189.0,244.0,0.775,71.0,254.0,325.0,84.0,84.0,59.0,103.0,181.0,1047.0,0.0,,2019,2018-19
73.0,Kelly Oubre Jr.,23.0,WAS,SF,29.0,7.0,755.0,132.0,305.0,0.433,41.0,132.0,0.311,91.0,173.0,0.526,0.5,68.0,85.0,0.8,24.0,105.0,129.0,20.0,27.0,20.0,30.0,71.0,373.0,0.0,,2019,2018-19
73.0,Kelly Oubre Jr.,23.0,PHO,SF,40.0,12.0,1180.0,243.0,537.0,0.453,67.0,206.0,0.325,176.0,331.0,0.532,0.515,121.0,159.0,0.761,47.0,149.0,196.0,64.0,57.0,39.0,73.0,110.0,674.0,0.0,,2019,2018-19
74.0,Marcus Morris,29.0,BOS,PF,75.0,53.0,2091.0,377.0,844.0,0.447,146.0,389.0,0.375,231.0,455.0,0.508,0.533,146.0,173.0,0.844,76.0,382.0,458.0,109.0,43.0,25.0,92.0,181.0,1046.0,0.0,,2019,2018-19
75.0,Domantas Sabonis,22.0,IND,C,74.0,5.0,1838.0,413.0,700.0,0.59,9.0,17.0,0.529,404.0,683.0,0.592,0.596,208.0,291.0,0.715,186.0,504.0,690.0,212.0,48.0,30.0,160.0,239.0,1043.0,0.0,6MOY-2,2019,2018-19
76.0,Joe Harris,27.0,BRK,SG,76.0,76.0,2293.0,374.0,748.0,0.5,183.0,386.0,0.474,191.0,362.0,0.528,0.622,110.0,133.0,0.827,52.0,239.0,291.0,181.0,38.0,17.0,121.0,182.0,1041.0,0.0,,2019,2018-19
77.0,Thaddeus Young,30.0,IND,PF,81.0,81.0,2489.0,443.0,841.0,0.527,51.0,146.0,0.349,392.0,695.0,0.564,0.557,87.0,135.0,0.644,192.0,331.0,523.0,204.0,123.0,36.0,123.0,194.0,1024.0,0.0,,2019,2018-19
78.0,Brook Lopez,30.0,MIL,C,81.0,81.0,2322.0,355.0,786.0,0.452,187.0,512.0,0.365,168.0,274.0,0.613,0.571,112.0,133.0,0.842,33.0,363.0,396.0,98.0,51.0,179.0,82.0,189.0,1009.0,0.0,,2019,2018-19
79.0,Malcolm Brogdon,26.0,MIL,SG,64.0,64.0,1832.0,378.0,748.0,0.505,104.0,244.0,0.426,274.0,504.0,0.544,0.575,141.0,152.0,0.928,65.0,223.0,288.0,205.0,46.0,13.0,91.0,102.0,1001.0,0.0,,2019,2018-19
80.0,Joe Ingles,31.0,UTA,PF,82.0,82.0,2568.0,359.0,802.0,0.448,189.0,483.0,0.391,170.0,319.0,0.533,0.565,87.0,123.0,0.707,35.0,295.0,330.0,469.0,98.0,20.0,193.0,180.0,994.0,0.0,,2019,2018-19
81.0,Cedi Osman,23.0,CLE,SF,76.0,75.0,2444.0,360.0,844.0,0.427,130.0,374.0,0.348,230.0,470.0,0.489,0.504,141.0,181.0,0.779,45.0,312.0,357.0,195.0,60.0,11.0,114.0,195.0,991.0,0.0,,2019,2018-19
82.0,Bogdan Bogdanović,26.0,SAC,SG,70.0,17.0,1947.0,361.0,863.0,0.418,134.0,372.0,0.36,227.0,491.0,0.462,0.496,134.0,162.0,0.827,40.0,203.0,243.0,267.0,72.0,15.0,117.0,142.0,990.0,0.0,,2019,2018-19
83.0,Myles Turner,22.0,IND,C,74.0,74.0,2119.0,380.0,780.0,0.487,76.0,196.0,0.388,304.0,584.0,0.521,0.536,148.0,201.0,0.736,101.0,430.0,531.0,115.0,60.0,199.0,100.0,195.0,984.0,0.0,DPOY-5,2019,2018-19
84.0,Lauri Markkanen,21.0,CHI,PF,52.0,51.0,1682.0,342.0,795.0,0.43,120.0,332.0,0.361,222.0,463.0,0.479,0.506,170.0,195.0,0.872,74.0,396.0,470.0,75.0,37.0,33.0,85.0,122.0,974.0,0.0,,2019,2018-19
85.0,Bryn Forbes,25.0,SAS,SG,82.0,81.0,2293.0,361.0,791.0,0.456,176.0,413.0,0.426,185.0,378.0,0.489,0.568,69.0,78.0,0.885,18.0,221.0,239.0,175.0,45.0,4.0,80.0,159.0,967.0,0.0,,2019,2018-19
86.0,Willie Cauley-Stein,25.0,SAC,C,81.0,81.0,2213.0,412.0,741.0,0.556,1.0,2.0,0.5,411.0,739.0,0.556,0.557,140.0,254.0,0.551,181.0,497.0,678.0,194.0,96.0,51.0,84.0,227.0,965.0,0.0,,2019,2018-19
87.0,Jaylen Brown,22.0,BOS,SG,74.0,25.0,1913.0,368.0,792.0,0.465,95.0,276.0,0.344,273.0,516.0,0.529,0.525,133.0,202.0,0.658,65.0,248.0,313.0,100.0,69.0,32.0,99.0,186.0,964.0,0.0,,2019,2018-19
88.0,Kevin Knox,19.0,NYK,PF,75.0,57.0,2158.0,338.0,914.0,0.37,125.0,364.0,0.343,213.0,550.0,0.387,0.438,162.0,226.0,0.717,61.0,274.0,335.0,82.0,43.0,24.0,114.0,175.0,963.0,0.0,,2019,2018-19
89.0,Jae Crowder,28.0,UTA,SF,80.0,11.0,2166.0,318.0,797.0,0.399,173.0,522.0,0.331,145.0,275.0,0.527,0.508,142.0,197.0,0.721,60.0,324.0,384.0,133.0,64.0,31.0,85.0,170.0,951.0,0.0,6MOY-11,2019,2018-19
90.0,Brandon Ingram,21.0,LAL,SF,52.0,52.0,1760.0,362.0,729.0,0.497,31.0,94.0,0.33,331.0,635.0,0.521,0.518,195.0,289.0,0.675,41.0,226.0,267.0,154.0,28.0,31.0,129.0,149.0,950.0,0.0,,2019,2018-19
91.0,D.J. Augustin,31.0,ORL,PG,81.0,81.0,2269.0,318.0,677.0,0.47,131.0,311.0,0.421,187.0,366.0,0.511,0.566,181.0,209.0,0.866,41.0,162.0,203.0,426.0,52.0,4.0,128.0,115.0,948.0,0.0,,2019,2018-19
92.0,Rudy Gay,32.0,SAS,PF,69.0,51.0,1842.0,376.0,746.0,0.504,74.0,184.0,0.402,302.0,562.0,0.537,0.554,120.0,147.0,0.816,63.0,407.0,470.0,182.0,54.0,34.0,114.0,159.0,946.0,0.0,,2019,2018-19
93.0,Jeff Green,32.0,WAS,PF,77.0,44.0,2097.0,326.0,687.0,0.475,111.0,320.0,0.347,215.0,367.0,0.586,0.555,183.0,206.0,0.888,57.0,252.0,309.0,137.0,43.0,39.0,101.0,160.0,946.0,0.0,,2019,2018-19
94.0,Kentavious Caldwell-Pope,25.0,LAL,SG,82.0,23.0,2035.0,325.0,756.0,0.43,151.0,435.0,0.347,174.0,321.0,0.542,0.53,137.0,158.0,0.867,48.0,190.0,238.0,110.0,73.0,13.0,65.0,137.0,938.0,0.0,,2019,2018-19
95.0,Jabari Parker,23.0,2TM,PF,64.0,17.0,1724.0,369.0,749.0,0.493,61.0,195.0,0.313,308.0,554.0,0.556,0.533,131.0,184.0,0.712,79.0,342.0,421.0,152.0,46.0,30.0,151.0,145.0,930.0,0.0,,2019,2018-19
95.0,Jabari Parker,23.0,CHI,PF,39.0,17.0,1042.0,220.0,464.0,0.474,37.0,114.0,0.325,183.0,350.0,0.523,0.514,79.0,108.0,0.731,41.0,200.0,241.0,84.0,23.0,14.0,84.0,87.0,556.0,0.0,,2019,2018-19
95.0,Jabari Parker,23.0,WAS,PF,25.0,0.0,682.0,149.0,285.0,0.523,24.0,81.0,0.296,125.0,204.0,0.613,0.565,52.0,76.0,0.684,38.0,142.0,180.0,68.0,23.0,16.0,67.0,58.0,374.0,0.0,,2019,2018-19
96.0,Kyle Lowry,32.0,TOR,PG,65.0,65.0,2213.0,304.0,739.0,0.411,157.0,453.0,0.347,147.0,286.0,0.514,0.518,161.0,194.0,0.83,41.0,271.0,312.0,564.0,91.0,31.0,182.0,166.0,926.0,2.0,AS,2019,2018-19
97.0,Al Horford,32.0,BOS,C,68.0,68.0,1973.0,387.0,723.0,0.535,73.0,203.0,0.36,314.0,520.0,0.604,0.586,78.0,95.0,0.821,120.0,338.0,458.0,283.0,59.0,86.0,102.0,126.0,925.0,1.0,,2019,2018-19
98.0,Marvin Bagley III,19.0,SAC,PF,62.0,4.0,1567.0,356.0,706.0,0.504,30.0,96.0,0.313,326.0,610.0,0.534,0.525,181.0,262.0,0.691,162.0,309.0,471.0,62.0,33.0,59.0,98.0,120.0,923.0,0.0,ROY-7,2019,2018-19
99.0,Malik Beasley,22.0,DEN,SG,81.0,18.0,1879.0,349.0,737.0,0.474,163.0,405.0,0.402,186.0,332.0,0.56,0.584,56.0,66.0,0.848,35.0,165.0,200.0,97.0,55.0,10.0,55.0,116.0,917.0,0.0,6MOY-11,2019,2018-19
100.0,Derrick Rose,30.0,MIN,PG,51.0,13.0,1392.0,363.0,753.0,0.482,54.0,146.0,0.37,309.0,607.0,0.509,0.518,137.0,160.0,0.856,33.0,107.0,140.0,220.0,31.0,12.0,82.0,57.0,917.0,0.0,6MOY-6,2019,2018-19
101.0,Enes Freedom,26.0,2TM,C,67.0,31.0,1640.0,375.0,683.0,0.549,10.0,34.0,0.294,365.0,649.0,0.562,0.556,155.0,197.0,0.787,257.0,402.0,659.0,116.0,32.0,26.0,118.0,167.0,915.0,0.0,,2019,2018-19
101.0,Enes Freedom,26.0,NYK,C,44.0,23.0,1128.0,251.0,468.0,0.536,7.0,22.0,0.318,244.0,446.0,0.547,0.544,105.0,129.0,0.814,171.0,290.0,461.0,84.0,18.0,17.0,79.0,106.0,614.0,0.0,,2019,2018-19
101.0,Enes Freedom,26.0,POR,C,23.0,8.0,512.0,124.0,215.0,0.577,3.0,12.0,0.25,121.0,203.0,0.596,0.584,50.0,68.0,0.735,86.0,112.0,198.0,32.0,14.0,9.0,39.0,61.0,301.0,0.0,,2019,2018-19
102.0,Josh Jackson,21.0,PHO,SG,79.0,29.0,1988.0,347.0,841.0,0.413,73.0,225.0,0.324,274.0,616.0,0.445,0.456,143.0,213.0,0.671,66.0,281.0,347.0,183.0,74.0,56.0,173.0,209.0,910.0,0.0,,2019,2018-19
103.0,Chris Paul,33.0,HOU,PG,58.0,58.0,1857.0,302.0,720.0,0.419,127.0,355.0,0.358,175.0,365.0,0.479,0.508,175.0,203.0,0.862,36.0,229.0,265.0,473.0,114.0,18.0,152.0,146.0,906.0,1.0,,2019,2018-19
104.0,Derrick Favors,27.0,UTA,C,76.0,70.0,1766.0,363.0,619.0,0.586,17.0,78.0,0.218,346.0,541.0,0.64,0.6,154.0,228.0,0.675,207.0,353.0,560.0,89.0,56.0,106.0,84.0,163.0,897.0,0.0,,2019,2018-19
105.0,JaVale McGee,31.0,LAL,C,75.0,62.0,1671.0,400.0,641.0,0.624,1.0,12.0,0.083,399.0,629.0,0.634,0.625,96.0,152.0,0.632,195.0,371.0,566.0,52.0,47.0,148.0,108.0,208.0,897.0,0.0,,2019,2018-19
106.0,Shai Gilgeous-Alexander,20.0,LAC,PG,82.0,73.0,2174.0,341.0,716.0,0.476,51.0,139.0,0.367,290.0,577.0,0.503,0.512,156.0,195.0,0.8,57.0,175.0,232.0,270.0,96.0,45.0,141.0,175.0,889.0,0.0,ROY-6,2019,2018-19
107.0,Hassan Whiteside,29.0,MIA,C,72.0,53.0,1674.0,388.0,680.0,0.571,2.0,16.0,0.125,386.0,664.0,0.581,0.572,109.0,243.0,0.449,257.0,560.0,817.0,56.0,46.0,136.0,97.0,192.0,887.0,0.0,,2019,2018-19
108.0,Paul Millsap,33.0,DEN,PF,70.0,65.0,1895.0,322.0,665.0,0.484,58.0,159.0,0.365,264.0,506.0,0.522,0.528,181.0,249.0,0.727,153.0,352.0,505.0,141.0,83.0,54.0,95.0,183.0,883.0,0.0,,2019,2018-19
109.0,Jarrett Allen,20.0,BRK,C,80.0,80.0,2096.0,335.0,568.0,0.59,6.0,45.0,0.133,329.0,523.0,0.629,0.595,197.0,278.0,0.709,191.0,481.0,672.0,110.0,43.0,120.0,103.0,184.0,873.0,0.0,DPOY-9,2019,2018-19
110.0,Emmanuel Mudiay,22.0,NYK,PG,59.0,42.0,1607.0,330.0,740.0,0.446,69.0,210.0,0.329,261.0,530.0,0.492,0.493,144.0,186.0,0.774,33.0,163.0,196.0,228.0,43.0,19.0,140.0,103.0,873.0,0.0,,2019,2018-19
111.0,Ricky Rubio,28.0,UTA,PG,68.0,67.0,1899.0,295.0,730.0,0.404,79.0,254.0,0.311,216.0,476.0,0.454,0.458,195.0,228.0,0.855,33.0,210.0,243.0,416.0,91.0,10.0,180.0,180.0,864.0,0.0,,2019,2018-19
112.0,Trevor Ariza,33.0,2TM,SF,69.0,69.0,2349.0,294.0,736.0,0.399,145.0,434.0,0.334,149.0,302.0,0.493,0.498,130.0,164.0,0.793,50.0,321.0,371.0,252.0,91.0,21.0,106.0,130.0,863.0,0.0,,2019,2018-19
112.0,Trevor Ariza,33.0,PHO,SF,26.0,26.0,884.0,86.0,227.0,0.379,50.0,139.0,0.36,36.0,88.0,0.409,0.489,36.0,43.0,0.837,16.0,129.0,145.0,87.0,38.0,8.0,39.0,44.0,258.0,0.0,,2019,2018-19
112.0,Trevor Ariza,33.0,WAS,SF,43.0,43.0,1465.0,208.0,509.0,0.409,95.0,295.0,0.322,113.0,214.0,0.528,0.502,94.0,121.0,0.777,34.0,192.0,226.0,165.0,53.0,13.0,67.0,86.0,605.0,0.0,,2019,2018-19
113.0,Dario Šarić,24.0,2TM,PF,81.0,41.0,2023.0,304.0,696.0,0.437,118.0,323.0,0.365,186.0,373.0,0.499,0.522,132.0,150.0,0.88,126.0,331.0,457.0,127.0,45.0,9.0,97.0,182.0,858.0,0.0,,2019,2018-19
113.0,Dario Šarić,24.0,PHI,PF,13.0,13.0,396.0,48.0,132.0,0.364,21.0,70.0,0.3,27.0,62.0,0.435,0.443,27.0,30.0,0.9,21.0,65.0,86.0,26.0,4.0,3.0,25.0,39.0,144.0,0.0,,2019,2018-19
113.0,Dario Šarić,24.0,MIN,PF,68.0,28.0,1627.0,256.0,564.0,0.454,97.0,253.0,0.383,159.0,311.0,0.511,0.54,105.0,120.0,0.875,105.0,266.0,371.0,101.0,41.0,6.0,72.0,143.0,714.0,0.0,,2019,2018-19
114.0,Justin Holiday,29.0,2TM,SG,82.0,77.0,2607.0,300.0,777.0,0.386,162.0,465.0,0.348,138.0,312.0,0.442,0.49,95.0,106.0,0.896,46.0,277.0,323.0,146.0,121.0,36.0,104.0,164.0,857.0,0.0,,2019,2018-19
114.0,Justin Holiday,29.0,CHI,SG,38.0,38.0,1325.0,151.0,394.0,0.383,97.0,270.0,0.359,54.0,124.0,0.435,0.506,41.0,46.0,0.891,19.0,150.0,169.0,85.0,67.0,21.0,47.0,79.0,440.0,0.0,,2019,2018-19
114.0,Justin Holiday,29.0,MEM,SG,44.0,39.0,1282.0,149.0,383.0,0.389,65.0,195.0,0.333,84.0,188.0,0.447,0.474,54.0,60.0,0.9,27.0,127.0,154.0,61.0,54.0,15.0,57.0,85.0,417.0,0.0,,2019,2018-19
115.0,Alex Len,25.0,ATL,C,77.0,31.0,1544.0,320.0,648.0,0.494,74.0,204.0,0.363,246.0,444.0,0.554,0.551,140.0,216.0,0.648,158.0,266.0,424.0,86.0,27.0,69.0,97.0,200.0,854.0,0.0,,2019,2018-19
116.0,Darren Collison,31.0,IND,PG,76.0,76.0,2143.0,308.0,659.0,0.467,79.0,194.0,0.407,229.0,465.0,0.492,0.527,158.0,190.0,0.832,36.0,196.0,232.0,459.0,110.0,9.0,125.0,138.0,853.0,0.0,,2019,2018-19
117.0,Monte Morris,23.0,DEN,PG,82.0,6.0,1970.0,346.0,702.0,0.493,94.0,227.0,0.414,252.0,475.0,0.531,0.56,65.0,81.0,0.802,35.0,159.0,194.0,297.0,73.0,4.0,52.0,102.0,851.0,0.0,6MOY-9,2019,2018-19
118.0,Wesley Matthews,32.0,3TM,SF,69.0,68.0,2091.0,279.0,698.0,0.4,150.0,403.0,0.372,129.0,295.0,0.437,0.507,132.0,163.0,0.81,32.0,138.0,170.0,160.0,54.0,17.0,91.0,160.0,840.0,0.0,,2019,2018-19
118.0,Wesley Matthews,32.0,DAL,SF,44.0,44.0,1312.0,194.0,469.0,0.414,100.0,263.0,0.38,94.0,206.0,0.456,0.52,87.0,110.0,0.791,20.0,82.0,102.0,100.0,33.0,12.0,58.0,102.0,575.0,0.0,,2019,2018-19
118.0,Wesley Matthews,32.0,NYK,SG,2.0,1.0,54.0,4.0,19.0,0.211,2.0,10.0,0.2,2.0,9.0,0.222,0.263,4.0,5.0,0.8,1.0,2.0,3.0,5.0,1.0,1.0,2.0,2.0,14.0,0.0,,2019,2018-19
118.0,Wesley Matthews,32.0,IND,SG,23.0,23.0,725.0,81.0,210.0,0.386,48.0,130.0,0.369,33.0,80.0,0.413,0.5,41.0,48.0,0.854,11.0,54.0,65.0,55.0,20.0,4.0,31.0,56.0,251.0,0.0,,2019,2018-19
119.0,Justise Winslow,22.0,MIA,SF,66.0,52.0,1959.0,324.0,749.0,0.433,96.0,256.0,0.375,228.0,493.0,0.462,0.497,86.0,137.0,0.628,63.0,292.0,355.0,282.0,72.0,19.0,142.0,177.0,830.0,0.0,,2019,2018-19
120.0,Marco Belinelli,32.0,SAS,SG,79.0,1.0,1815.0,285.0,690.0,0.413,147.0,395.0,0.372,138.0,295.0,0.468,0.52,112.0,124.0,0.903,16.0,182.0,198.0,132.0,35.0,8.0,72.0,121.0,829.0,0.0,,2019,2018-19
121.0,Gordon Hayward,28.0,BOS,PF,72.0,18.0,1863.0,296.0,635.0,0.466,77.0,231.0,0.333,219.0,404.0,0.542,0.527,156.0,187.0,0.834,51.0,271.0,322.0,244.0,62.0,23.0,105.0,104.0,825.0,0.0,,2019,2018-19
122.0,Danny Green,31.0,TOR,SG,80.0,80.0,2216.0,293.0,630.0,0.465,198.0,435.0,0.455,95.0,195.0,0.487,0.622,37.0,44.0,0.841,60.0,257.0,317.0,126.0,73.0,53.0,75.0,171.0,821.0,0.0,,2019,2018-19
123.0,Dwight Powell,27.0,DAL,C,77.0,22.0,1662.0,290.0,486.0,0.597,39.0,127.0,0.307,251.0,359.0,0.699,0.637,196.0,254.0,0.772,140.0,271.0,411.0,112.0,44.0,50.0,67.0,201.0,815.0,0.0,,2019,2018-19
124.0,Patty Mills,30.0,SAS,PG,82.0,1.0,1908.0,282.0,663.0,0.425,159.0,404.0,0.394,123.0,259.0,0.475,0.545,88.0,103.0,0.854,24.0,158.0,182.0,245.0,49.0,10.0,93.0,129.0,811.0,0.0,,2019,2018-19
125.0,Rodney Hood,26.0,2TM,SG,72.0,49.0,1893.0,292.0,671.0,0.435,84.0,236.0,0.356,208.0,435.0,0.478,0.498,137.0,155.0,0.884,25.0,132.0,157.0,126.0,59.0,12.0,55.0,146.0,805.0,0.0,,2019,2018-19
125.0,Rodney Hood,26.0,CLE,SG,45.0,45.0,1234.0,194.0,454.0,0.427,55.0,152.0,0.362,139.0,302.0,0.46,0.488,104.0,114.0,0.912,18.0,94.0,112.0,92.0,38.0,5.0,36.0,101.0,547.0,0.0,,2019,2018-19
125.0,Rodney Hood,26.0,POR,SG,27.0,4.0,659.0,98.0,217.0,0.452,29.0,84.0,0.345,69.0,133.0,0.519,0.518,33.0,41.0,0.805,7.0,38.0,45.0,34.0,21.0,7.0,19.0,45.0,258.0,0.0,,2019,2018-19
126.0,Jaren Jackson Jr.,19.0,MEM,PF,58.0,56.0,1515.0,298.0,589.0,0.506,51.0,142.0,0.359,247.0,447.0,0.553,0.549,151.0,197.0,0.766,73.0,199.0,272.0,64.0,52.0,82.0,98.0,220.0,798.0,0.0,ROY-4,2019,2018-19
127.0,Kelly Olynyk,27.0,MIA,PF,79.0,36.0,1812.0,261.0,564.0,0.463,113.0,319.0,0.354,148.0,245.0,0.604,0.563,152.0,185.0,0.822,72.0,303.0,375.0,140.0,53.0,37.0,114.0,183.0,787.0,0.0,,2019,2018-19
128.0,Otto Porter Jr.,25.0,2TM,SF,56.0,43.0,1683.0,299.0,643.0,0.465,104.0,256.0,0.406,195.0,387.0,0.504,0.546,78.0,96.0,0.813,54.0,260.0,314.0,120.0,82.0,31.0,65.0,108.0,780.0,0.0,,2019,2018-19
128.0,Otto Porter Jr.,25.0,WAS,SF,41.0,28.0,1191.0,202.0,442.0,0.457,65.0,176.0,0.369,137.0,266.0,0.515,0.531,49.0,64.0,0.766,40.0,191.0,231.0,80.0,64.0,22.0,40.0,79.0,518.0,0.0,,2019,2018-19
128.0,Otto Porter Jr.,25.0,CHI,SF,15.0,15.0,492.0,97.0,201.0,0.483,39.0,80.0,0.488,58.0,121.0,0.479,0.58,29.0,32.0,0.906,14.0,69.0,83.0,40.0,18.0,9.0,25.0,29.0,262.0,0.0,,2019,2018-19
129.0,Kent Bazemore,29.0,ATL,SG,67.0,35.0,1643.0,278.0,691.0,0.402,96.0,300.0,0.32,182.0,391.0,0.465,0.472,127.0,175.0,0.726,37.0,224.0,261.0,152.0,89.0,42.0,121.0,170.0,779.0,0.0,,2019,2018-19
130.0,Damyean Dotson,24.0,NYK,SG,73.0,40.0,2004.0,290.0,698.0,0.415,126.0,342.0,0.368,164.0,356.0,0.461,0.506,73.0,98.0,0.745,34.0,228.0,262.0,135.0,58.0,10.0,71.0,135.0,779.0,0.0,,2019,2018-19
131.0,T.J. Warren,25.0,PHO,SF,43.0,36.0,1360.0,297.0,611.0,0.486,77.0,180.0,0.428,220.0,431.0,0.51,0.549,101.0,124.0,0.815,31.0,143.0,174.0,64.0,51.0,29.0,52.0,119.0,772.0,0.0,,2019,2018-19
132.0,Jonas Valančiūnas,26.0,2TM,C,49.0,27.0,1091.0,301.0,538.0,0.559,14.0,48.0,0.292,287.0,490.0,0.586,0.572,147.0,185.0,0.795,106.0,313.0,419.0,70.0,19.0,53.0,90.0,146.0,763.0,0.0,,2019,2018-19
132.0,Jonas Valančiūnas,26.0,TOR,C,30.0,10.0,564.0,149.0,259.0,0.575,9.0,30.0,0.3,140.0,229.0,0.611,0.593,77.0,94.0,0.819,54.0,162.0,216.0,29.0,13.0,23.0,39.0,82.0,384.0,0.0,,2019,2018-19
132.0,Jonas Valančiūnas,26.0,MEM,C,19.0,17.0,527.0,152.0,279.0,0.545,5.0,18.0,0.278,147.0,261.0,0.563,0.554,70.0,91.0,0.769,52.0,151.0,203.0,41.0,6.0,30.0,51.0,64.0,379.0,0.0,,2019,2018-19
133.0,Al-Farouq Aminu,28.0,POR,PF,81.0,81.0,2292.0,257.0,593.0,0.433,96.0,280.0,0.343,161.0,313.0,0.514,0.514,150.0,173.0,0.867,112.0,498.0,610.0,104.0,68.0,33.0,72.0,143.0,760.0,0.0,,2019,2018-19
134.0,Thomas Bryant,21.0,WAS,C,72.0,53.0,1496.0,309.0,502.0,0.616,33.0,99.0,0.333,276.0,403.0,0.685,0.648,107.0,137.0,0.781,113.0,341.0,454.0,92.0,25.0,67.0,60.0,126.0,758.0,0.0,,2019,2018-19
135.0,DeAndre Jordan,30.0,2TM,C,69.0,69.0,2047.0,286.0,446.0,0.641,0.0,0.0,,286.0,446.0,0.641,0.641,186.0,264.0,0.705,225.0,677.0,902.0,156.0,42.0,73.0,153.0,167.0,758.0,0.0,,2019,2018-19
135.0,DeAndre Jordan,30.0,DAL,C,50.0,50.0,1554.0,208.0,323.0,0.644,0.0,0.0,,208.0,323.0,0.644,0.644,135.0,198.0,0.682,161.0,525.0,686.0,99.0,33.0,53.0,111.0,125.0,551.0,0.0,,2019,2018-19
135.0,DeAndre Jordan,30.0,NYK,C,19.0,19.0,493.0,78.0,123.0,0.634,0.0,0.0,,78.0,123.0,0.634,0.634,51.0,66.0,0.773,64.0,152.0,216.0,57.0,9.0,20.0,42.0,42.0,207.0,0.0,,2019,2018-19
136.0,Marvin Williams,32.0,CHO,PF,75.0,75.0,2133.0,275.0,652.0,0.422,140.0,382.0,0.366,135.0,270.0,0.5,0.529,66.0,86.0,0.767,76.0,331.0,407.0,92.0,71.0,61.0,47.0,156.0,756.0,0.0,,2019,2018-19
137.0,Taj Gibson,33.0,MIN,PF,70.0,57.0,1686.0,304.0,537.0,0.566,11.0,34.0,0.324,293.0,503.0,0.583,0.576,134.0,177.0,0.757,172.0,286.0,458.0,84.0,53.0,39.0,73.0,186.0,753.0,0.0,,2019,2018-19
138.0,DeMarre Carroll,32.0,BRK,PF,67.0,8.0,1703.0,227.0,575.0,0.395,106.0,310.0,0.342,121.0,265.0,0.457,0.487,184.0,242.0,0.76,68.0,281.0,349.0,85.0,31.0,10.0,73.0,114.0,744.0,0.0,,2019,2018-19
139.0,Taurean Prince,24.0,ATL,SF,55.0,47.0,1552.0,262.0,594.0,0.441,123.0,315.0,0.39,139.0,279.0,0.498,0.545,95.0,116.0,0.819,22.0,177.0,199.0,118.0,53.0,19.0,100.0,141.0,742.0,0.0,,2019,2018-19
140.0,Nemanja Bjelica,30.0,SAC,PF,77.0,70.0,1788.0,284.0,593.0,0.479,103.0,257.0,0.401,181.0,336.0,0.539,0.566,70.0,92.0,0.761,125.0,319.0,444.0,147.0,54.0,56.0,82.0,197.0,741.0,0.0,,2019,2018-19
141.0,Gary Harris,24.0,DEN,SG,57.0,48.0,1639.0,270.0,637.0,0.424,82.0,242.0,0.339,188.0,395.0,0.476,0.488,115.0,144.0,0.799,41.0,119.0,160.0,127.0,55.0,19.0,68.0,113.0,737.0,0.0,,2019,2018-19
142.0,Bam Adebayo,21.0,MIA,C,82.0,28.0,1913.0,280.0,486.0,0.576,3.0,15.0,0.2,277.0,471.0,0.588,0.579,166.0,226.0,0.735,165.0,432.0,597.0,184.0,71.0,65.0,121.0,203.0,729.0,0.0,,2019,2018-19
143.0,Kevin Huerter,20.0,ATL,SG,75.0,59.0,2048.0,275.0,657.0,0.419,136.0,353.0,0.385,139.0,304.0,0.457,0.522,41.0,56.0,0.732,60.0,185.0,245.0,214.0,65.0,25.0,109.0,155.0,727.0,0.0,,2019,2018-19
144.0,Landry Shamet,21.0,2TM,SG,79.0,27.0,1802.0,240.0,557.0,0.431,167.0,396.0,0.422,73.0,161.0,0.453,0.581,75.0,93.0,0.806,21.0,113.0,134.0,117.0,37.0,10.0,45.0,155.0,722.0,0.0,,2019,2018-19
144.0,Landry Shamet,21.0,PHI,SG,54.0,4.0,1108.0,153.0,347.0,0.441,99.0,245.0,0.404,54.0,102.0,0.529,0.584,44.0,54.0,0.815,14.0,64.0,78.0,59.0,24.0,8.0,26.0,106.0,449.0,0.0,,2019,2018-19
144.0,Landry Shamet,21.0,LAC,SG,25.0,23.0,694.0,87.0,210.0,0.414,68.0,151.0,0.45,19.0,59.0,0.322,0.576,31.0,39.0,0.795,7.0,49.0,56.0,58.0,13.0,2.0,19.0,49.0,273.0,0.0,,2019,2018-19
145.0,Dennis Smith Jr.,21.0,2TM,PG,53.0,50.0,1508.0,278.0,650.0,0.428,67.0,208.0,0.322,211.0,442.0,0.477,0.479,99.0,156.0,0.635,32.0,123.0,155.0,252.0,67.0,20.0,154.0,129.0,722.0,1.0,,2019,2018-19
145.0,Dennis Smith Jr.,21.0,DAL,PG,32.0,32.0,908.0,157.0,357.0,0.44,43.0,125.0,0.344,114.0,232.0,0.491,0.5,57.0,82.0,0.695,18.0,79.0,97.0,138.0,40.0,11.0,100.0,82.0,414.0,1.0,,2019,2018-19
145.0,Dennis Smith Jr.,21.0,NYK,PG,21.0,18.0,600.0,121.0,293.0,0.413,24.0,83.0,0.289,97.0,210.0,0.462,0.454,42.0,74.0,0.568,14.0,44.0,58.0,114.0,27.0,9.0,54.0,47.0,308.0,0.0,,2019,2018-19
146.0,Jonathan Isaac,21.0,ORL,PF,75.0,64.0,1996.0,262.0,611.0,0.429,86.0,266.0,0.323,176.0,345.0,0.51,0.499,110.0,135.0,0.815,99.0,312.0,411.0,80.0,59.0,98.0,75.0,143.0,720.0,0.0,,2019,2018-19
147.0,Reggie Bullock,27.0,2TM,SG,63.0,60.0,1879.0,245.0,594.0,0.412,148.0,393.0,0.377,97.0,201.0,0.483,0.537,73.0,85.0,0.859,22.0,151.0,173.0,129.0,40.0,12.0,65.0,109.0,711.0,0.0,,2019,2018-19
147.0,Reggie Bullock,27.0,DET,SG,44.0,44.0,1355.0,182.0,441.0,0.413,114.0,294.0,0.388,68.0,147.0,0.463,0.542,56.0,64.0,0.875,20.0,103.0,123.0,109.0,24.0,5.0,54.0,79.0,534.0,0.0,,2019,2018-19
147.0,Reggie Bullock,27.0,LAL,SG,19.0,16.0,524.0,63.0,153.0,0.412,34.0,99.0,0.343,29.0,54.0,0.537,0.523,17.0,21.0,0.81,2.0,48.0,50.0,20.0,16.0,7.0,11.0,30.0,177.0,0.0,,2019,2018-19
148.0,Bobby Portis,23.0,2TM,PF,50.0,28.0,1299.0,279.0,628.0,0.444,75.0,191.0,0.393,204.0,437.0,0.467,0.504,77.0,97.0,0.794,109.0,294.0,403.0,72.0,35.0,20.0,74.0,145.0,710.0,0.0,,2019,2018-19
148.0,Bobby Portis,23.0,CHI,PF,22.0,6.0,531.0,122.0,271.0,0.45,27.0,72.0,0.375,95.0,199.0,0.477,0.5,39.0,50.0,0.78,46.0,115.0,161.0,29.0,11.0,8.0,29.0,61.0,310.0,0.0,,2019,2018-19
148.0,Bobby Portis,23.0,WAS,PF,28.0,22.0,768.0,157.0,357.0,0.44,48.0,119.0,0.403,109.0,238.0,0.458,0.507,38.0,47.0,0.809,63.0,179.0,242.0,43.0,24.0,12.0,45.0,84.0,400.0,0.0,,2019,2018-19
149.0,Tomáš Satoranský,27.0,WAS,PG,80.0,54.0,2164.0,257.0,530.0,0.485,64.0,162.0,0.395,193.0,368.0,0.524,0.545,131.0,160.0,0.819,82.0,197.0,279.0,399.0,82.0,13.0,120.0,172.0,709.0,1.0,,2019,2018-19
150.0,Terry Rozier,24.0,BOS,PG,79.0,14.0,1791.0,258.0,666.0,0.387,119.0,337.0,0.353,139.0,329.0,0.422,0.477,73.0,93.0,0.785,32.0,275.0,307.0,231.0,68.0,21.0,68.0,101.0,708.0,0.0,,2019,2018-19
151.0,Marcus Smart,24.0,BOS,SG,80.0,60.0,2200.0,239.0,567.0,0.422,126.0,346.0,0.364,113.0,221.0,0.511,0.533,104.0,129.0,0.806,57.0,177.0,234.0,321.0,143.0,28.0,123.0,201.0,708.0,0.0,"DPOY-8,DEF1",2019,2018-19
152.0,Jeremy Lin,30.0,2TM,PG,74.0,4.0,1436.0,238.0,541.0,0.44,55.0,187.0,0.294,183.0,354.0,0.517,0.491,176.0,210.0,0.838,22.0,157.0,179.0,231.0,47.0,13.0,124.0,144.0,707.0,0.0,,2019,2018-19
152.0,Jeremy Lin,30.0,ATL,PG,51.0,1.0,1003.0,180.0,386.0,0.466,44.0,132.0,0.333,136.0,254.0,0.535,0.523,142.0,168.0,0.845,16.0,103.0,119.0,181.0,38.0,7.0,98.0,96.0,546.0,0.0,,2019,2018-19
152.0,Jeremy Lin,30.0,TOR,PG,23.0,3.0,433.0,58.0,155.0,0.374,11.0,55.0,0.2,47.0,100.0,0.47,0.41,34.0,42.0,0.81,6.0,54.0,60.0,50.0,9.0,6.0,26.0,48.0,161.0,0.0,,2019,2018-19
153.0,Tyreke Evans,29.0,IND,SG,69.0,18.0,1402.0,257.0,660.0,0.389,77.0,216.0,0.356,180.0,444.0,0.405,0.448,115.0,160.0,0.719,33.0,168.0,201.0,166.0,58.0,18.0,118.0,117.0,706.0,0.0,,2019,2018-19
154.0,Robin Lopez,30.0,CHI,C,74.0,36.0,1606.0,304.0,535.0,0.568,7.0,31.0,0.226,297.0,504.0,0.589,0.575,89.0,123.0,0.724,140.0,146.0,286.0,89.0,11.0,78.0,96.0,124.0,704.0,0.0,,2019,2018-19
155.0,Fred VanVleet,24.0,TOR,PG,64.0,28.0,1760.0,246.0,600.0,0.41,112.0,296.0,0.378,134.0,304.0,0.441,0.503,97.0,115.0,0.843,21.0,146.0,167.0,307.0,57.0,20.0,82.0,110.0,701.0,0.0,,2019,2018-19
156.0,Nicolas Batum,30.0,CHO,SF,75.0,72.0,2354.0,253.0,562.0,0.45,116.0,298.0,0.389,137.0,264.0,0.519,0.553,77.0,89.0,0.865,71.0,319.0,390.0,247.0,71.0,43.0,117.0,140.0,699.0,0.0,,2019,2018-19
157.0,Nikola Mirotić,27.0,2TM,PF,46.0,25.0,1245.0,238.0,542.0,0.439,116.0,318.0,0.365,122.0,224.0,0.545,0.546,105.0,124.0,0.847,60.0,279.0,339.0,55.0,31.0,34.0,48.0,107.0,697.0,0.0,,2019,2018-19
157.0,Nikola Mirotić,27.0,NOP,PF,32.0,22.0,925.0,182.0,407.0,0.447,85.0,231.0,0.368,97.0,176.0,0.551,0.552,85.0,101.0,0.842,46.0,218.0,264.0,35.0,21.0,25.0,37.0,86.0,534.0,0.0,,2019,2018-19
157.0,Nikola Mirotić,27.0,MIL,PF,14.0,3.0,320.0,56.0,135.0,0.415,31.0,87.0,0.356,25.0,48.0,0.521,0.53,20.0,23.0,0.87,14.0,61.0,75.0,20.0,10.0,9.0,11.0,21.0,163.0,0.0,,2019,2018-19
158.0,Allonzo Trier,23.0,NYK,SG,64.0,3.0,1459.0,232.0,518.0,0.448,52.0,132.0,0.394,180.0,386.0,0.466,0.498,179.0,223.0,0.803,31.0,166.0,197.0,119.0,28.0,14.0,116.0,117.0,695.0,0.0,,2019,2018-19
159.0,Dewayne Dedmon,29.0,ATL,C,64.0,52.0,1609.0,259.0,526.0,0.492,83.0,217.0,0.382,176.0,309.0,0.57,0.571,92.0,113.0,0.814,105.0,375.0,480.0,90.0,69.0,71.0,84.0,214.0,693.0,0.0,,2019,2018-19
160.0,DeAndre' Bembry,24.0,ATL,SG,82.0,15.0,1931.0,275.0,616.0,0.446,50.0,173.0,0.289,225.0,443.0,0.508,0.487,87.0,136.0,0.64,54.0,304.0,358.0,202.0,105.0,41.0,142.0,190.0,687.0,0.0,,2019,2018-19
161.0,Mikal Bridges,22.0,PHO,SF,82.0,56.0,2417.0,242.0,563.0,0.43,105.0,313.0,0.335,137.0,250.0,0.548,0.523,95.0,118.0,0.805,56.0,208.0,264.0,173.0,129.0,38.0,70.0,201.0,684.0,0.0,,2019,2018-19
162.0,Jalen Brunson,22.0,DAL,PG,73.0,38.0,1591.0,264.0,565.0,0.467,63.0,181.0,0.348,201.0,384.0,0.523,0.523,87.0,120.0,0.725,25.0,144.0,169.0,230.0,37.0,4.0,88.0,127.0,678.0,0.0,,2019,2018-19
163.0,Gerald Green,33.0,HOU,SG,73.0,0.0,1473.0,231.0,578.0,0.4,156.0,441.0,0.354,75.0,137.0,0.547,0.535,57.0,68.0,0.838,30.0,152.0,182.0,40.0,33.0,27.0,55.0,126.0,675.0,0.0,,2019,2018-19
164.0,Victor Oladipo,26.0,IND,SG,36.0,36.0,1147.0,249.0,588.0,0.423,74.0,216.0,0.343,175.0,372.0,0.47,0.486,103.0,141.0,0.73,21.0,181.0,202.0,186.0,60.0,11.0,82.0,72.0,675.0,0.0,AS,2019,2018-19
165.0,Langston Galloway,27.0,DET,SG,80.0,4.0,1745.0,228.0,587.0,0.388,135.0,380.0,0.355,93.0,207.0,0.449,0.503,81.0,96.0,0.844,49.0,122.0,171.0,85.0,37.0,8.0,24.0,135.0,672.0,0.0,,2019,2018-19
166.0,John Wall,28.0,WAS,PG,32.0,32.0,1104.0,245.0,552.0,0.444,51.0,169.0,0.302,194.0,383.0,0.507,0.49,122.0,175.0,0.697,15.0,101.0,116.0,279.0,49.0,29.0,121.0,71.0,663.0,0.0,,2019,2018-19
167.0,Derrick White,24.0,SAS,PG,67.0,55.0,1728.0,260.0,543.0,0.479,48.0,142.0,0.338,212.0,401.0,0.529,0.523,95.0,123.0,0.772,35.0,212.0,247.0,263.0,67.0,47.0,97.0,145.0,663.0,0.0,,2019,2018-19
168.0,Malik Monk,20.0,CHO,SG,73.0,0.0,1258.0,227.0,586.0,0.387,109.0,330.0,0.33,118.0,256.0,0.461,0.48,90.0,102.0,0.882,16.0,121.0,137.0,117.0,37.0,19.0,86.0,106.0,653.0,0.0,,2019,2018-19
169.0,Delon Wright,26.0,2TM,PG,75.0,13.0,1699.0,242.0,558.0,0.434,50.0,168.0,0.298,192.0,390.0,0.492,0.478,119.0,150.0,0.793,68.0,198.0,266.0,248.0,88.0,30.0,77.0,103.0,653.0,3.0,,2019,2018-19
169.0,Delon Wright,26.0,TOR,PG,49.0,2.0,897.0,127.0,293.0,0.433,30.0,90.0,0.333,97.0,203.0,0.478,0.485,53.0,61.0,0.869,39.0,86.0,125.0,110.0,46.0,15.0,37.0,53.0,337.0,0.0,,2019,2018-19
169.0,Delon Wright,26.0,MEM,PG,26.0,11.0,802.0,115.0,265.0,0.434,20.0,78.0,0.256,95.0,187.0,0.508,0.472,66.0,89.0,0.742,29.0,112.0,141.0,138.0,42.0,15.0,40.0,50.0,316.0,3.0,,2019,2018-19
170.0,Mason Plumlee,28.0,DEN,C,82.0,17.0,1731.0,262.0,442.0,0.593,2.0,10.0,0.2,260.0,432.0,0.602,0.595,111.0,198.0,0.561,165.0,359.0,524.0,243.0,66.0,76.0,126.0,252.0,637.0,0.0,,2019,2018-19
171.0,E'Twaun Moore,29.0,NOP,SG,53.0,36.0,1463.0,256.0,532.0,0.481,76.0,176.0,0.432,180.0,356.0,0.506,0.553,45.0,59.0,0.763,35.0,92.0,127.0,102.0,40.0,8.0,59.0,112.0,633.0,0.0,,2019,2018-19
172.0,Trey Burke,26.0,2TM,PG,58.0,8.0,1125.0,236.0,548.0,0.431,56.0,159.0,0.352,180.0,389.0,0.463,0.482,103.0,124.0,0.831,28.0,71.0,99.0,159.0,33.0,7.0,49.0,58.0,631.0,0.0,,2019,2018-19
172.0,Trey Burke,26.0,NYK,PG,33.0,7.0,689.0,148.0,358.0,0.413,30.0,86.0,0.349,118.0,272.0,0.434,0.455,62.0,75.0,0.827,15.0,47.0,62.0,94.0,21.0,5.0,29.0,33.0,388.0,0.0,,2019,2018-19
172.0,Trey Burke,26.0,DAL,PG,25.0,1.0,436.0,88.0,190.0,0.463,26.0,73.0,0.356,62.0,117.0,0.53,0.532,41.0,49.0,0.837,13.0,24.0,37.0,65.0,12.0,2.0,20.0,25.0,243.0,0.0,,2019,2018-19
173.0,Larry Nance Jr.,26.0,CLE,C,67.0,30.0,1795.0,249.0,479.0,0.52,33.0,98.0,0.337,216.0,381.0,0.567,0.554,96.0,134.0,0.716,168.0,384.0,552.0,214.0,100.0,40.0,97.0,192.0,627.0,0.0,,2019,2018-19
174.0,Avery Bradley,28.0,2TM,SG,63.0,63.0,1905.0,248.0,608.0,0.408,86.0,245.0,0.351,162.0,363.0,0.446,0.479,43.0,50.0,0.86,43.0,132.0,175.0,152.0,41.0,16.0,89.0,167.0,625.0,0.0,,2019,2018-19
174.0,Avery Bradley,28.0,LAC,SG,49.0,49.0,1463.0,161.0,420.0,0.383,58.0,172.0,0.337,103.0,248.0,0.415,0.452,20.0,25.0,0.8,35.0,96.0,131.0,96.0,27.0,16.0,61.0,133.0,400.0,0.0,,2019,2018-19
174.0,Avery Bradley,28.0,MEM,SG,14.0,14.0,442.0,87.0,188.0,0.463,28.0,73.0,0.384,59.0,115.0,0.513,0.537,23.0,25.0,0.92,8.0,36.0,44.0,56.0,14.0,0.0,28.0,34.0,225.0,0.0,,2019,2018-19
175.0,Tyler Johnson,26.0,2TM,PG,57.0,22.0,1529.0,217.0,526.0,0.413,90.0,260.0,0.346,127.0,266.0,0.477,0.498,95.0,127.0,0.748,34.0,139.0,173.0,166.0,54.0,27.0,77.0,97.0,619.0,0.0,,2019,2018-19
175.0,Tyler Johnson,26.0,MIA,PG,44.0,10.0,1123.0,171.0,401.0,0.426,72.0,204.0,0.353,99.0,197.0,0.503,0.516,61.0,88.0,0.693,19.0,102.0,121.0,112.0,40.0,21.0,63.0,72.0,475.0,0.0,,2019,2018-19
175.0,Tyler Johnson,26.0,PHO,PG,13.0,12.0,406.0,46.0,125.0,0.368,18.0,56.0,0.321,28.0,69.0,0.406,0.44,34.0,39.0,0.872,15.0,37.0,52.0,54.0,14.0,6.0,14.0,25.0,144.0,0.0,,2019,2018-19
176.0,Austin Rivers,26.0,2TM,SG,76.0,15.0,2028.0,232.0,572.0,0.406,104.0,327.0,0.318,128.0,245.0,0.522,0.497,50.0,95.0,0.526,25.0,137.0,162.0,167.0,47.0,23.0,68.0,207.0,618.0,0.0,,2019,2018-19
176.0,Austin Rivers,26.0,WAS,SG,29.0,2.0,683.0,76.0,194.0,0.392,33.0,106.0,0.311,43.0,88.0,0.489,0.477,25.0,46.0,0.543,10.0,61.0,71.0,58.0,18.0,10.0,36.0,72.0,210.0,0.0,,2019,2018-19
176.0,Austin Rivers,26.0,HOU,SG,47.0,13.0,1345.0,156.0,378.0,0.413,71.0,221.0,0.321,85.0,157.0,0.541,0.507,25.0,49.0,0.51,15.0,76.0,91.0,109.0,29.0,13.0,32.0,135.0,408.0,0.0,,2019,2018-19
177.0,Luke Kennard,22.0,DET,SG,63.0,10.0,1437.0,228.0,520.0,0.438,106.0,269.0,0.394,122.0,251.0,0.486,0.54,51.0,61.0,0.836,12.0,171.0,183.0,114.0,26.0,10.0,57.0,92.0,613.0,0.0,,2019,2018-19
178.0,JaMychal Green,28.0,2TM,PF,65.0,6.0,1371.0,230.0,476.0,0.483,71.0,176.0,0.403,159.0,300.0,0.53,0.558,80.0,101.0,0.792,104.0,305.0,409.0,50.0,45.0,34.0,87.0,193.0,611.0,0.0,,2019,2018-19
178.0,JaMychal Green,28.0,MEM,PF,41.0,4.0,900.0,151.0,312.0,0.484,38.0,96.0,0.396,113.0,216.0,0.523,0.545,63.0,80.0,0.788,72.0,180.0,252.0,36.0,33.0,26.0,64.0,123.0,403.0,0.0,,2019,2018-19
178.0,JaMychal Green,28.0,LAC,PF,24.0,2.0,471.0,79.0,164.0,0.482,33.0,80.0,0.413,46.0,84.0,0.548,0.582,17.0,21.0,0.81,32.0,125.0,157.0,14.0,12.0,8.0,23.0,70.0,208.0,0.0,,2019,2018-19
179.0,Dorian Finney-Smith,25.0,DAL,SF,81.0,26.0,1985.0,228.0,528.0,0.432,79.0,254.0,0.311,149.0,274.0,0.544,0.507,73.0,103.0,0.709,138.0,251.0,389.0,95.0,69.0,36.0,74.0,186.0,608.0,0.0,,2019,2018-19
180.0,Dāvis Bertāns,26.0,SAS,PF,76.0,12.0,1632.0,204.0,453.0,0.45,145.0,338.0,0.429,59.0,115.0,0.513,0.61,53.0,60.0,0.883,23.0,241.0,264.0,100.0,35.0,33.0,43.0,133.0,606.0,0.0,6MOY-11,2019,2018-19
181.0,P.J. Tucker,33.0,HOU,PF,82.0,82.0,2802.0,207.0,523.0,0.396,146.0,387.0,0.377,61.0,136.0,0.449,0.535,41.0,59.0,0.695,121.0,358.0,479.0,96.0,132.0,39.0,63.0,252.0,601.0,0.0,,2019,2018-19
182.0,Kyle Korver,37.0,2TM,SG,70.0,0.0,1334.0,201.0,483.0,0.416,138.0,348.0,0.397,63.0,135.0,0.467,0.559,60.0,73.0,0.822,9.0,153.0,162.0,81.0,25.0,12.0,59.0,106.0,600.0,0.0,,2019,2018-19
182.0,Kyle Korver,37.0,CLE,PF,16.0,0.0,251.0,35.0,76.0,0.461,25.0,54.0,0.463,10.0,22.0,0.455,0.625,13.0,16.0,0.813,0.0,29.0,29.0,17.0,3.0,2.0,17.0,22.0,108.0,0.0,,2019,2018-19
182.0,Kyle Korver,37.0,UTA,SG,54.0,0.0,1083.0,166.0,407.0,0.408,113.0,294.0,0.384,53.0,113.0,0.469,0.547,47.0,57.0,0.825,9.0,124.0,133.0,64.0,22.0,10.0,42.0,84.0,492.0,0.0,,2019,2018-19
183.0,Miles Bridges,20.0,CHO,SF,80.0,25.0,1696.0,237.0,511.0,0.464,65.0,200.0,0.325,172.0,311.0,0.553,0.527,58.0,77.0,0.753,67.0,256.0,323.0,95.0,55.0,49.0,50.0,111.0,597.0,0.0,,2019,2018-19
184.0,Patrick Beverley,30.0,LAC,PG,78.0,49.0,2137.0,194.0,477.0,0.407,112.0,282.0,0.397,82.0,195.0,0.421,0.524,96.0,123.0,0.78,76.0,312.0,388.0,300.0,67.0,43.0,85.0,265.0,596.0,0.0,DPOY-9,2019,2018-19
185.0,Garrett Temple,32.0,2TM,SG,75.0,55.0,2040.0,208.0,493.0,0.422,90.0,264.0,0.341,118.0,229.0,0.515,0.513,80.0,107.0,0.748,28.0,188.0,216.0,106.0,76.0,30.0,70.0,204.0,586.0,0.0,,2019,2018-19
185.0,Garrett Temple,32.0,MEM,SG,49.0,49.0,1530.0,166.0,387.0,0.429,74.0,210.0,0.352,92.0,177.0,0.52,0.525,57.0,76.0,0.75,18.0,134.0,152.0,69.0,50.0,25.0,54.0,134.0,463.0,0.0,,2019,2018-19
185.0,Garrett Temple,32.0,LAC,SG,26.0,6.0,510.0,42.0,106.0,0.396,16.0,54.0,0.296,26.0,52.0,0.5,0.472,23.0,31.0,0.742,10.0,54.0,64.0,37.0,26.0,5.0,16.0,70.0,123.0,0.0,,2019,2018-19
186.0,Justin Jackson,23.0,2TM,SF,81.0,14.0,1614.0,217.0,485.0,0.447,87.0,245.0,0.355,130.0,240.0,0.542,0.537,62.0,79.0,0.785,44.0,168.0,212.0,96.0,32.0,14.0,29.0,99.0,583.0,0.0,,2019,2018-19
186.0,Justin Jackson,23.0,SAC,SF,52.0,3.0,1083.0,125.0,295.0,0.424,55.0,159.0,0.346,70.0,136.0,0.515,0.517,41.0,50.0,0.82,25.0,121.0,146.0,68.0,23.0,13.0,22.0,67.0,346.0,0.0,,2019,2018-19
186.0,Justin Jackson,23.0,DAL,SF,29.0,11.0,531.0,92.0,190.0,0.484,32.0,86.0,0.372,60.0,104.0,0.577,0.568,21.0,29.0,0.724,19.0,47.0,66.0,28.0,9.0,1.0,7.0,32.0,237.0,0.0,,2019,2018-19
187.0,Seth Curry,28.0,POR,SG,74.0,2.0,1399.0,212.0,465.0,0.456,113.0,251.0,0.45,99.0,214.0,0.463,0.577,44.0,52.0,0.846,27.0,93.0,120.0,66.0,36.0,12.0,61.0,97.0,581.0,0.0,,2019,2018-19
188.0,Richaun Holmes,25.0,PHO,C,70.0,4.0,1184.0,222.0,365.0,0.608,0.0,0.0,,222.0,365.0,0.608,0.608,128.0,175.0,0.731,115.0,216.0,331.0,60.0,42.0,79.0,52.0,194.0,572.0,0.0,,2019,2018-19
189.0,Noah Vonleh,23.0,NYK,PF,68.0,57.0,1722.0,207.0,440.0,0.47,46.0,137.0,0.336,161.0,303.0,0.531,0.523,111.0,156.0,0.712,113.0,415.0,528.0,129.0,46.0,51.0,88.0,174.0,571.0,0.0,,2019,2018-19
190.0,Josh Okogie,20.0,MIN,SG,74.0,52.0,1757.0,196.0,508.0,0.386,60.0,215.0,0.279,136.0,293.0,0.464,0.445,118.0,162.0,0.728,41.0,177.0,218.0,91.0,88.0,33.0,63.0,166.0,570.0,0.0,ROY-8,2019,2018-19
191.0,Darius Miller,28.0,NOP,SF,69.0,15.0,1757.0,189.0,484.0,0.39,133.0,364.0,0.365,56.0,120.0,0.467,0.528,56.0,71.0,0.789,14.0,114.0,128.0,146.0,40.0,23.0,59.0,165.0,567.0,0.0,,2019,2018-19
192.0,Doug McDermott,27.0,IND,SF,77.0,1.0,1340.0,207.0,422.0,0.491,84.0,206.0,0.408,123.0,216.0,0.569,0.59,66.0,79.0,0.835,17.0,92.0,109.0,67.0,18.0,8.0,42.0,104.0,564.0,0.0,,2019,2018-19
193.0,Vince Carter,42.0,ATL,PF,76.0,9.0,1330.0,196.0,468.0,0.419,123.0,316.0,0.389,73.0,152.0,0.48,0.55,47.0,66.0,0.712,31.0,163.0,194.0,87.0,44.0,27.0,48.0,141.0,562.0,0.0,,2019,2018-19
194.0,Alec Burks,27.0,3TM,SG,64.0,24.0,1375.0,192.0,474.0,0.405,61.0,168.0,0.363,131.0,306.0,0.428,0.469,116.0,141.0,0.823,30.0,205.0,235.0,128.0,39.0,21.0,65.0,91.0,561.0,0.0,,2019,2018-19
194.0,Alec Burks,27.0,UTA,SG,17.0,0.0,269.0,47.0,114.0,0.412,16.0,43.0,0.372,31.0,71.0,0.437,0.482,33.0,38.0,0.868,2.0,25.0,27.0,20.0,6.0,4.0,15.0,22.0,143.0,0.0,,2019,2018-19
194.0,Alec Burks,27.0,CLE,SG,34.0,24.0,979.0,136.0,340.0,0.4,45.0,119.0,0.378,91.0,221.0,0.412,0.466,79.0,98.0,0.806,26.0,160.0,186.0,98.0,25.0,16.0,46.0,62.0,396.0,0.0,,2019,2018-19
194.0,Alec Burks,27.0,SAC,SG,13.0,0.0,127.0,9.0,20.0,0.45,0.0,6.0,0.0,9.0,14.0,0.643,0.45,4.0,5.0,0.8,2.0,20.0,22.0,10.0,8.0,1.0,4.0,7.0,22.0,0.0,,2019,2018-19
195.0,Caris LeVert,24.0,BRK,SF,40.0,25.0,1063.0,207.0,483.0,0.429,48.0,154.0,0.312,159.0,329.0,0.483,0.478,85.0,123.0,0.691,35.0,116.0,151.0,156.0,42.0,14.0,69.0,77.0,547.0,0.0,,2019,2018-19
196.0,Markieff Morris,29.0,2TM,PF,58.0,16.0,1270.0,204.0,484.0,0.421,68.0,203.0,0.335,136.0,281.0,0.484,0.492,71.0,92.0,0.772,61.0,204.0,265.0,79.0,36.0,22.0,54.0,175.0,547.0,0.0,,2019,2018-19
196.0,Markieff Morris,29.0,WAS,PF,34.0,15.0,883.0,143.0,328.0,0.436,48.0,144.0,0.333,95.0,184.0,0.516,0.509,57.0,73.0,0.781,41.0,133.0,174.0,60.0,25.0,20.0,47.0,117.0,391.0,0.0,,2019,2018-19
196.0,Markieff Morris,29.0,OKC,PF,24.0,1.0,387.0,61.0,156.0,0.391,20.0,59.0,0.339,41.0,97.0,0.423,0.455,14.0,19.0,0.737,20.0,71.0,91.0,19.0,11.0,2.0,7.0,58.0,156.0,0.0,,2019,2018-19
197.0,Trey Lyles,23.0,DEN,PF,64.0,2.0,1120.0,207.0,495.0,0.418,51.0,200.0,0.255,156.0,295.0,0.529,0.47,81.0,116.0,0.698,44.0,202.0,246.0,87.0,30.0,23.0,68.0,93.0,546.0,0.0,,2019,2018-19
198.0,Wayne Ellington,31.0,2TM,SG,53.0,38.0,1297.0,184.0,457.0,0.403,138.0,372.0,0.371,46.0,85.0,0.541,0.554,39.0,49.0,0.796,14.0,93.0,107.0,72.0,54.0,6.0,40.0,92.0,545.0,0.0,,2019,2018-19
198.0,Wayne Ellington,31.0,MIA,SG,25.0,12.0,533.0,69.0,184.0,0.375,57.0,155.0,0.368,12.0,29.0,0.414,0.53,14.0,16.0,0.875,6.0,41.0,47.0,29.0,24.0,3.0,14.0,40.0,209.0,0.0,,2019,2018-19
198.0,Wayne Ellington,31.0,DET,SG,28.0,26.0,764.0,115.0,273.0,0.421,81.0,217.0,0.373,34.0,56.0,0.607,0.57,25.0,33.0,0.758,8.0,52.0,60.0,43.0,30.0,3.0,26.0,52.0,336.0,0.0,,2019,2018-19
199.0,Ryan Arcidiacono,24.0,CHI,PG,81.0,32.0,1961.0,187.0,418.0,0.447,81.0,217.0,0.373,106.0,201.0,0.527,0.544,89.0,102.0,0.873,27.0,192.0,219.0,269.0,65.0,4.0,63.0,171.0,544.0,0.0,,2019,2018-19
200.0,Jake Layman,24.0,POR,SF,71.0,33.0,1327.0,216.0,424.0,0.509,59.0,181.0,0.326,157.0,243.0,0.646,0.579,50.0,71.0,0.704,56.0,161.0,217.0,53.0,31.0,30.0,46.0,116.0,541.0,0.0,,2019,2018-19
201.0,Cory Joseph,27.0,IND,PG,82.0,9.0,2063.0,226.0,548.0,0.412,55.0,171.0,0.322,171.0,377.0,0.454,0.463,30.0,43.0,0.698,39.0,240.0,279.0,321.0,94.0,22.0,80.0,131.0,537.0,0.0,,2019,2018-19
202.0,Rodions Kurucs,20.0,BRK,SF,63.0,46.0,1294.0,202.0,449.0,0.45,58.0,184.0,0.315,144.0,265.0,0.543,0.514,72.0,92.0,0.783,56.0,190.0,246.0,52.0,41.0,25.0,77.0,146.0,534.0,0.0,,2019,2018-19
203.0,Tony Parker,36.0,CHO,PG,56.0,0.0,1003.0,213.0,463.0,0.46,13.0,51.0,0.255,200.0,412.0,0.485,0.474,91.0,124.0,0.734,14.0,69.0,83.0,207.0,21.0,7.0,75.0,53.0,530.0,0.0,,2019,2018-19
204.0,Shabazz Napier,27.0,BRK,PG,56.0,2.0,983.0,169.0,435.0,0.389,76.0,228.0,0.333,93.0,207.0,0.449,0.476,115.0,138.0,0.833,18.0,82.0,100.0,143.0,41.0,16.0,66.0,67.0,529.0,0.0,,2019,2018-19
205.0,Rondae Hollis-Jefferson,24.0,BRK,SF,59.0,21.0,1234.0,200.0,487.0,0.411,9.0,49.0,0.184,191.0,438.0,0.436,0.42,118.0,183.0,0.645,83.0,227.0,310.0,96.0,44.0,27.0,68.0,107.0,527.0,0.0,,2019,2018-19
206.0,Dion Waiters,27.0,MIA,SG,44.0,28.0,1138.0,198.0,478.0,0.414,109.0,289.0,0.377,89.0,189.0,0.471,0.528,22.0,44.0,0.5,7.0,109.0,116.0,121.0,29.0,9.0,64.0,72.0,527.0,0.0,,2019,2018-19
207.0,Josh Hart,23.0,LAL,SG,67.0,22.0,1715.0,189.0,464.0,0.407,92.0,274.0,0.336,97.0,190.0,0.511,0.506,55.0,80.0,0.688,35.0,213.0,248.0,93.0,64.0,40.0,58.0,147.0,525.0,0.0,,2019,2018-19
208.0,Ivica Zubac,21.0,2TM,C,59.0,37.0,1040.0,212.0,379.0,0.559,0.0,0.0,,212.0,379.0,0.559,0.559,101.0,126.0,0.802,115.0,247.0,362.0,63.0,14.0,51.0,70.0,137.0,525.0,0.0,,2019,2018-19
208.0,Ivica Zubac,21.0,LAL,C,33.0,12.0,516.0,112.0,193.0,0.58,0.0,0.0,,112.0,193.0,0.58,0.58,57.0,66.0,0.864,54.0,108.0,162.0,25.0,4.0,27.0,33.0,73.0,281.0,0.0,,2019,2018-19
208.0,Ivica Zubac,21.0,LAC,C,26.0,25.0,524.0,100.0,186.0,0.538,0.0,0.0,,100.0,186.0,0.538,0.538,44.0,60.0,0.733,61.0,139.0,200.0,38.0,10.0,24.0,37.0,64.0,244.0,0.0,,2019,2018-19
209.0,Kris Dunn,24.0,CHI,PG,46.0,44.0,1389.0,215.0,506.0,0.425,34.0,96.0,0.354,181.0,410.0,0.441,0.458,55.0,69.0,0.797,19.0,168.0,187.0,277.0,68.0,21.0,104.0,166.0,519.0,0.0,,2019,2018-19
210.0,Norman Powell,25.0,TOR,SG,60.0,3.0,1126.0,193.0,400.0,0.483,68.0,170.0,0.4,125.0,230.0,0.543,0.568,62.0,75.0,0.827,16.0,123.0,139.0,91.0,39.0,13.0,65.0,96.0,516.0,0.0,,2019,2018-19
211.0,Wayne Selden,24.0,2TM,SG,75.0,13.0,1439.0,196.0,483.0,0.406,55.0,174.0,0.316,141.0,309.0,0.456,0.463,67.0,92.0,0.728,37.0,143.0,180.0,109.0,33.0,13.0,79.0,131.0,514.0,0.0,,2019,2018-19
211.0,Wayne Selden,24.0,MEM,SG,32.0,0.0,455.0,65.0,161.0,0.404,20.0,63.0,0.317,45.0,98.0,0.459,0.466,22.0,29.0,0.759,16.0,28.0,44.0,36.0,10.0,6.0,23.0,48.0,172.0,0.0,,2019,2018-19
211.0,Wayne Selden,24.0,CHI,SG,43.0,13.0,984.0,131.0,322.0,0.407,35.0,111.0,0.315,96.0,211.0,0.455,0.461,45.0,63.0,0.714,21.0,115.0,136.0,73.0,23.0,7.0,56.0,83.0,342.0,0.0,,2019,2018-19
212.0,Terrance Ferguson,20.0,OKC,SG,74.0,74.0,1931.0,185.0,431.0,0.429,106.0,290.0,0.366,79.0,141.0,0.56,0.552,37.0,51.0,0.725,33.0,108.0,141.0,72.0,40.0,16.0,47.0,231.0,513.0,0.0,,2019,2018-19
213.0,Zach Collins,21.0,POR,C,77.0,0.0,1356.0,189.0,400.0,0.473,40.0,121.0,0.331,149.0,279.0,0.534,0.523,94.0,126.0,0.746,109.0,215.0,324.0,71.0,25.0,66.0,77.0,174.0,512.0,0.0,,2019,2018-19
214.0,Mario Hezonja,23.0,NYK,SF,58.0,24.0,1206.0,191.0,464.0,0.412,42.0,152.0,0.276,149.0,312.0,0.478,0.457,87.0,114.0,0.763,28.0,211.0,239.0,88.0,57.0,8.0,88.0,110.0,511.0,1.0,,2019,2018-19
215.0,Jeff Teague,30.0,MIN,PG,42.0,41.0,1264.0,176.0,416.0,0.423,35.0,105.0,0.333,141.0,311.0,0.453,0.465,123.0,153.0,0.804,16.0,90.0,106.0,343.0,43.0,18.0,97.0,90.0,510.0,0.0,,2019,2018-19
216.0,Quinn Cook,25.0,GSW,PG,74.0,10.0,1059.0,204.0,439.0,0.465,81.0,200.0,0.405,123.0,239.0,0.515,0.557,20.0,26.0,0.769,22.0,135.0,157.0,116.0,20.0,3.0,50.0,92.0,509.0,0.0,,2019,2018-19
217.0,Jamal Crawford,38.0,PHO,SG,64.0,0.0,1211.0,174.0,438.0,0.397,67.0,202.0,0.332,107.0,236.0,0.453,0.474,93.0,110.0,0.845,8.0,77.0,85.0,229.0,33.0,12.0,99.0,75.0,508.0,0.0,,2019,2018-19
218.0,Rodney McGruder,27.0,MIA,SG,66.0,45.0,1550.0,186.0,461.0,0.403,79.0,225.0,0.351,107.0,236.0,0.453,0.489,52.0,72.0,0.722,60.0,178.0,238.0,112.0,36.0,12.0,64.0,115.0,503.0,0.0,,2019,2018-19
219.0,Ish Smith,30.0,DET,PG,56.0,0.0,1251.0,205.0,489.0,0.419,44.0,135.0,0.326,161.0,354.0,0.455,0.464,47.0,62.0,0.758,23.0,122.0,145.0,203.0,28.0,11.0,61.0,109.0,501.0,0.0,,2019,2018-19
220.0,Kevon Looney,22.0,GSW,C,80.0,24.0,1481.0,217.0,347.0,0.625,1.0,10.0,0.1,216.0,337.0,0.641,0.627,65.0,105.0,0.619,194.0,223.0,417.0,123.0,46.0,53.0,51.0,211.0,500.0,0.0,,2019,2018-19
221.0,Cody Zeller,26.0,CHO,C,49.0,47.0,1243.0,190.0,345.0,0.551,6.0,22.0,0.273,184.0,323.0,0.57,0.559,111.0,141.0,0.787,110.0,223.0,333.0,102.0,38.0,41.0,62.0,164.0,497.0,0.0,,2019,2018-19
222.0,Frank Jackson,20.0,NOP,PG,61.0,16.0,1169.0,194.0,447.0,0.434,53.0,169.0,0.314,141.0,278.0,0.507,0.493,54.0,73.0,0.74,25.0,109.0,134.0,69.0,25.0,2.0,48.0,92.0,495.0,0.0,,2019,2018-19
223.0,Will Barton,28.0,DEN,SF,43.0,38.0,1189.0,185.0,460.0,0.402,67.0,196.0,0.342,118.0,264.0,0.447,0.475,57.0,74.0,0.77,32.0,167.0,199.0,124.0,18.0,22.0,65.0,82.0,494.0,0.0,,2019,2018-19
224.0,Goran Dragić,32.0,MIA,PG,36.0,22.0,991.0,179.0,433.0,0.413,57.0,164.0,0.348,122.0,269.0,0.454,0.479,79.0,101.0,0.782,20.0,91.0,111.0,174.0,30.0,5.0,71.0,81.0,494.0,1.0,,2019,2018-19
225.0,Evan Turner,30.0,POR,PG,73.0,2.0,1605.0,204.0,443.0,0.46,11.0,52.0,0.212,193.0,391.0,0.494,0.473,75.0,106.0,0.708,37.0,291.0,328.0,283.0,33.0,18.0,114.0,110.0,494.0,2.0,,2019,2018-19
226.0,Lance Stephenson,28.0,LAL,SG,68.0,3.0,1123.0,184.0,432.0,0.426,73.0,197.0,0.371,111.0,235.0,0.472,0.51,50.0,73.0,0.685,32.0,183.0,215.0,140.0,41.0,7.0,86.0,111.0,491.0,0.0,,2019,2018-19
227.0,DeMarcus Cousins,28.0,GSW,C,30.0,30.0,771.0,178.0,371.0,0.48,26.0,95.0,0.274,152.0,276.0,0.551,0.515,106.0,144.0,0.736,43.0,204.0,247.0,107.0,40.0,44.0,72.0,109.0,488.0,0.0,,2019,2018-19
228.0,Draymond Green,28.0,GSW,PF,66.0,66.0,2065.0,188.0,422.0,0.445,47.0,165.0,0.285,141.0,257.0,0.549,0.501,63.0,91.0,0.692,60.0,421.0,481.0,454.0,95.0,70.0,169.0,197.0,486.0,0.0,"DPOY-6,DEF2",2019,2018-19
229.0,Gorgui Dieng,29.0,MIN,C,76.0,2.0,1031.0,189.0,377.0,0.501,19.0,56.0,0.339,170.0,321.0,0.53,0.527,88.0,106.0,0.83,81.0,230.0,311.0,72.0,48.0,41.0,57.0,134.0,485.0,0.0,,2019,2018-19
230.0,Maxi Kleber,27.0,DAL,PF,71.0,18.0,1502.0,175.0,386.0,0.453,77.0,218.0,0.353,98.0,168.0,0.583,0.553,58.0,74.0,0.784,90.0,239.0,329.0,70.0,36.0,78.0,54.0,143.0,485.0,0.0,,2019,2018-19
231.0,Mitchell Robinson,20.0,NYK,C,66.0,19.0,1360.0,202.0,291.0,0.694,0.0,0.0,,202.0,291.0,0.694,0.694,81.0,135.0,0.6,177.0,246.0,423.0,37.0,52.0,161.0,35.0,217.0,485.0,0.0,ROY-8,2019,2018-19
232.0,Jahlil Okafor,23.0,NOP,C,59.0,24.0,935.0,212.0,362.0,0.586,1.0,5.0,0.2,211.0,357.0,0.591,0.587,59.0,89.0,0.663,82.0,196.0,278.0,40.0,15.0,40.0,52.0,96.0,484.0,0.0,,2019,2018-19
233.0,T.J. McConnell,26.0,PHI,PG,76.0,3.0,1470.0,220.0,419.0,0.525,14.0,42.0,0.333,206.0,377.0,0.546,0.542,29.0,37.0,0.784,28.0,146.0,174.0,258.0,79.0,17.0,91.0,105.0,483.0,0.0,,2019,2018-19
234.0,Shaquille Harrison,25.0,CHI,SG,73.0,11.0,1430.0,184.0,426.0,0.432,24.0,89.0,0.27,160.0,337.0,0.475,0.46,82.0,123.0,0.667,33.0,189.0,222.0,139.0,89.0,30.0,60.0,124.0,474.0,0.0,,2019,2018-19
235.0,Ed Davis,29.0,BRK,C,81.0,1.0,1446.0,186.0,302.0,0.616,0.0,2.0,0.0,186.0,300.0,0.62,0.616,100.0,162.0,0.617,216.0,478.0,694.0,61.0,35.0,33.0,64.0,226.0,472.0,0.0,6MOY-11,2019,2018-19
236.0,Tristan Thompson,27.0,CLE,C,43.0,40.0,1198.0,201.0,380.0,0.529,0.0,0.0,,201.0,380.0,0.529,0.529,68.0,106.0,0.642,173.0,265.0,438.0,86.0,28.0,16.0,59.0,89.0,470.0,0.0,,2019,2018-19
237.0,OG Anunoby,21.0,TOR,SF,67.0,6.0,1352.0,183.0,404.0,0.453,67.0,202.0,0.332,116.0,202.0,0.574,0.536,36.0,62.0,0.581,58.0,139.0,197.0,47.0,46.0,22.0,55.0,140.0,469.0,0.0,,2019,2018-19
238.0,Tyus Jones,22.0,MIN,PG,68.0,23.0,1560.0,185.0,446.0,0.415,40.0,126.0,0.317,145.0,320.0,0.453,0.46,58.0,69.0,0.841,23.0,111.0,134.0,327.0,81.0,5.0,47.0,78.0,468.0,0.0,,2019,2018-19
239.0,Lonzo Ball,21.0,LAL,PG,47.0,45.0,1423.0,185.0,456.0,0.406,75.0,228.0,0.329,110.0,228.0,0.482,0.488,20.0,48.0,0.417,54.0,197.0,251.0,255.0,69.0,19.0,103.0,114.0,465.0,1.0,,2019,2018-19
240.0,Iman Shumpert,28.0,2TM,SG,62.0,41.0,1481.0,167.0,446.0,0.374,95.0,273.0,0.348,72.0,173.0,0.416,0.481,36.0,45.0,0.8,27.0,156.0,183.0,112.0,59.0,24.0,50.0,127.0,465.0,0.0,,2019,2018-19
240.0,Iman Shumpert,28.0,SAC,SG,42.0,40.0,1099.0,133.0,348.0,0.382,74.0,202.0,0.366,59.0,146.0,0.404,0.489,34.0,41.0,0.829,19.0,110.0,129.0,91.0,47.0,20.0,38.0,92.0,374.0,0.0,,2019,2018-19
240.0,Iman Shumpert,28.0,HOU,SG,20.0,1.0,382.0,34.0,98.0,0.347,21.0,71.0,0.296,13.0,27.0,0.481,0.454,2.0,4.0,0.5,8.0,46.0,54.0,21.0,12.0,4.0,12.0,35.0,91.0,0.0,,2019,2018-19
241.0,Robert Covington,28.0,2TM,SF,35.0,35.0,1203.0,156.0,362.0,0.431,85.0,225.0,0.378,71.0,137.0,0.518,0.548,68.0,89.0,0.764,28.0,165.0,193.0,46.0,74.0,47.0,47.0,126.0,465.0,0.0,,2019,2018-19
241.0,Robert Covington,28.0,PHI,SF,13.0,13.0,440.0,50.0,117.0,0.427,30.0,77.0,0.39,20.0,40.0,0.5,0.556,17.0,23.0,0.739,7.0,60.0,67.0,14.0,24.0,23.0,22.0,45.0,147.0,0.0,,2019,2018-19
241.0,Robert Covington,28.0,MIN,SF,22.0,22.0,763.0,106.0,245.0,0.433,55.0,148.0,0.372,51.0,97.0,0.526,0.545,51.0,66.0,0.773,21.0,105.0,126.0,32.0,50.0,24.0,25.0,81.0,318.0,0.0,,2019,2018-19
242.0,Maurice Harkless,25.0,POR,SF,60.0,53.0,1415.0,189.0,388.0,0.487,33.0,120.0,0.275,156.0,268.0,0.582,0.53,49.0,73.0,0.671,77.0,192.0,269.0,74.0,67.0,53.0,45.0,163.0,460.0,0.0,,2019,2018-19
243.0,Jonas Jerebko,31.0,GSW,PF,73.0,6.0,1218.0,163.0,355.0,0.459,69.0,188.0,0.367,94.0,167.0,0.563,0.556,64.0,80.0,0.8,72.0,216.0,288.0,96.0,27.0,18.0,43.0,137.0,459.0,0.0,,2019,2018-19
244.0,Ante Žižić,22.0,CLE,C,59.0,25.0,1082.0,183.0,331.0,0.553,0.0,0.0,,183.0,331.0,0.553,0.553,93.0,132.0,0.705,108.0,212.0,320.0,53.0,13.0,22.0,61.0,113.0,459.0,0.0,,2019,2018-19
245.0,Mike Scott,30.0,2TM,PF,79.0,3.0,1395.0,168.0,420.0,0.4,101.0,252.0,0.401,67.0,168.0,0.399,0.52,22.0,33.0,0.667,43.0,233.0,276.0,66.0,26.0,13.0,44.0,156.0,459.0,0.0,,2019,2018-19
245.0,Mike Scott,30.0,LAC,PF,52.0,0.0,748.0,92.0,230.0,0.4,52.0,133.0,0.391,40.0,97.0,0.412,0.513,12.0,18.0,0.667,24.0,150.0,174.0,44.0,17.0,8.0,27.0,88.0,248.0,0.0,,2019,2018-19
245.0,Mike Scott,30.0,PHI,PF,27.0,3.0,647.0,76.0,190.0,0.4,49.0,119.0,0.412,27.0,71.0,0.38,0.529,10.0,15.0,0.667,19.0,83.0,102.0,22.0,9.0,5.0,17.0,68.0,211.0,0.0,,2019,2018-19
246.0,George Hill,32.0,2TM,PG,60.0,13.0,1302.0,170.0,376.0,0.452,48.0,153.0,0.314,122.0,223.0,0.547,0.516,70.0,85.0,0.824,39.0,109.0,148.0,135.0,52.0,8.0,51.0,102.0,458.0,0.0,,2019,2018-19
246.0,George Hill,32.0,CLE,PG,13.0,13.0,344.0,55.0,107.0,0.514,13.0,28.0,0.464,42.0,79.0,0.532,0.575,17.0,20.0,0.85,12.0,15.0,27.0,36.0,12.0,1.0,20.0,35.0,140.0,0.0,,2019,2018-19
246.0,George Hill,32.0,MIL,PG,47.0,0.0,958.0,115.0,269.0,0.428,35.0,125.0,0.28,80.0,144.0,0.556,0.493,53.0,65.0,0.815,27.0,94.0,121.0,99.0,40.0,7.0,31.0,67.0,318.0,0.0,,2019,2018-19
247.0,Wendell Carter Jr.,19.0,CHI,C,44.0,44.0,1110.0,180.0,371.0,0.485,6.0,32.0,0.188,174.0,339.0,0.513,0.493,89.0,112.0,0.795,87.0,220.0,307.0,78.0,26.0,58.0,65.0,152.0,455.0,0.0,,2019,2018-19
248.0,Stanley Johnson,22.0,2TM,SF,66.0,7.0,1208.0,171.0,440.0,0.389,62.0,215.0,0.288,109.0,225.0,0.484,0.459,50.0,64.0,0.781,34.0,183.0,217.0,88.0,60.0,14.0,81.0,114.0,454.0,0.0,,2019,2018-19
248.0,Stanley Johnson,22.0,DET,SF,48.0,7.0,961.0,133.0,349.0,0.381,51.0,181.0,0.282,82.0,168.0,0.488,0.454,41.0,51.0,0.804,25.0,150.0,175.0,60.0,48.0,13.0,55.0,92.0,358.0,0.0,,2019,2018-19
248.0,Stanley Johnson,22.0,NOP,SF,18.0,0.0,247.0,38.0,91.0,0.418,11.0,34.0,0.324,27.0,57.0,0.474,0.478,9.0,13.0,0.692,9.0,33.0,42.0,28.0,12.0,1.0,26.0,22.0,96.0,0.0,,2019,2018-19
249.0,Ersan İlyasova,31.0,MIL,PF,67.0,7.0,1231.0,167.0,381.0,0.438,58.0,160.0,0.363,109.0,221.0,0.493,0.514,61.0,74.0,0.824,94.0,208.0,302.0,52.0,32.0,20.0,48.0,172.0,453.0,0.0,,2019,2018-19
250.0,Mike Muscala,27.0,2TM,PF,64.0,10.0,1306.0,145.0,361.0,0.402,89.0,256.0,0.348,56.0,105.0,0.533,0.525,70.0,85.0,0.824,57.0,187.0,244.0,76.0,22.0,38.0,48.0,130.0,449.0,0.0,,2019,2018-19
250.0,Mike Muscala,27.0,PHI,PF,47.0,6.0,1041.0,109.0,278.0,0.392,68.0,199.0,0.342,41.0,79.0,0.519,0.514,63.0,77.0,0.818,51.0,149.0,200.0,62.0,18.0,27.0,43.0,112.0,349.0,0.0,,2019,2018-19
250.0,Mike Muscala,27.0,LAL,PF,17.0,4.0,265.0,36.0,83.0,0.434,21.0,57.0,0.368,15.0,26.0,0.577,0.56,7.0,8.0,0.875,6.0,38.0,44.0,14.0,4.0,11.0,5.0,18.0,100.0,0.0,,2019,2018-19
251.0,Elfrid Payton,24.0,NOP,PG,42.0,42.0,1250.0,179.0,412.0,0.434,33.0,105.0,0.314,146.0,307.0,0.476,0.475,55.0,74.0,0.743,49.0,171.0,220.0,320.0,44.0,17.0,112.0,81.0,446.0,6.0,,2019,2018-19
252.0,Tony Snell,27.0,MIL,SF,74.0,12.0,1304.0,163.0,361.0,0.452,81.0,204.0,0.397,82.0,157.0,0.522,0.564,37.0,42.0,0.881,29.0,128.0,157.0,68.0,26.0,18.0,23.0,90.0,444.0,0.0,,2019,2018-19
253.0,Torrey Craig,28.0,DEN,SF,75.0,37.0,1503.0,160.0,362.0,0.442,61.0,188.0,0.324,99.0,174.0,0.569,0.526,49.0,70.0,0.7,89.0,174.0,263.0,72.0,37.0,46.0,44.0,175.0,430.0,0.0,,2019,2018-19
254.0,Shelvin Mack,28.0,2TM,PG,57.0,3.0,1246.0,163.0,403.0,0.404,46.0,130.0,0.354,117.0,273.0,0.429,0.462,58.0,84.0,0.69,18.0,86.0,104.0,183.0,47.0,4.0,66.0,84.0,430.0,0.0,,2019,2018-19
254.0,Shelvin Mack,28.0,MEM,PG,53.0,3.0,1204.0,161.0,389.0,0.414,46.0,128.0,0.359,115.0,261.0,0.441,0.473,53.0,75.0,0.707,18.0,84.0,102.0,182.0,45.0,4.0,62.0,81.0,421.0,0.0,,2019,2018-19
254.0,Shelvin Mack,28.0,CHO,PG,4.0,0.0,42.0,2.0,14.0,0.143,0.0,2.0,0.0,2.0,12.0,0.167,0.143,5.0,9.0,0.556,0.0,2.0,2.0,1.0,2.0,0.0,4.0,3.0,9.0,0.0,,2019,2018-19
255.0,Devin Harris,35.0,DAL,PG,68.0,2.0,1071.0,132.0,347.0,0.38,62.0,200.0,0.31,70.0,147.0,0.476,0.47,102.0,134.0,0.761,12.0,100.0,112.0,122.0,35.0,16.0,56.0,133.0,428.0,0.0,,2019,2018-19
256.0,James Johnson,31.0,MIA,PF,55.0,33.0,1164.0,164.0,379.0,0.433,50.0,149.0,0.336,114.0,230.0,0.496,0.499,50.0,70.0,0.714,22.0,154.0,176.0,135.0,35.0,27.0,74.0,114.0,428.0,0.0,,2019,2018-19
257.0,Michael Kidd-Gilchrist,25.0,CHO,PF,64.0,3.0,1179.0,158.0,332.0,0.476,16.0,47.0,0.34,142.0,285.0,0.498,0.5,95.0,123.0,0.772,88.0,158.0,246.0,61.0,32.0,39.0,43.0,156.0,427.0,0.0,,2019,2018-19
258.0,Royce O'Neale,25.0,UTA,SF,82.0,16.0,1671.0,163.0,343.0,0.475,68.0,176.0,0.386,95.0,167.0,0.569,0.574,32.0,42.0,0.762,22.0,263.0,285.0,124.0,54.0,24.0,70.0,172.0,426.0,0.0,,2019,2018-19
259.0,Rajon Rondo,32.0,LAL,PG,46.0,29.0,1369.0,175.0,432.0,0.405,51.0,142.0,0.359,124.0,290.0,0.428,0.464,23.0,36.0,0.639,34.0,209.0,243.0,367.0,57.0,7.0,127.0,100.0,424.0,1.0,,2019,2018-19
260.0,Jakob Poeltl,23.0,SAS,C,77.0,24.0,1273.0,187.0,290.0,0.645,0.0,0.0,,187.0,290.0,0.645,0.645,49.0,92.0,0.533,178.0,232.0,410.0,93.0,29.0,68.0,48.0,124.0,423.0,0.0,,2019,2018-19
261.0,Derrick Jones Jr.,21.0,MIA,SF,60.0,14.0,1153.0,160.0,324.0,0.494,28.0,91.0,0.308,132.0,233.0,0.567,0.537,74.0,122.0,0.607,96.0,144.0,240.0,37.0,46.0,42.0,43.0,123.0,422.0,0.0,,2019,2018-19
262.0,Boban Marjanović,30.0,2TM,C,58.0,12.0,681.0,160.0,260.0,0.615,4.0,10.0,0.4,156.0,250.0,0.624,0.623,98.0,131.0,0.748,87.0,178.0,265.0,54.0,16.0,27.0,59.0,90.0,422.0,0.0,,2019,2018-19
262.0,Boban Marjanović,30.0,LAC,C,36.0,9.0,376.0,85.0,140.0,0.607,0.0,2.0,0.0,85.0,138.0,0.616,0.607,72.0,95.0,0.758,55.0,97.0,152.0,22.0,11.0,17.0,37.0,57.0,242.0,0.0,,2019,2018-19
262.0,Boban Marjanović,30.0,PHI,C,22.0,3.0,305.0,75.0,120.0,0.625,4.0,8.0,0.5,71.0,112.0,0.634,0.642,26.0,36.0,0.722,32.0,81.0,113.0,32.0,5.0,10.0,22.0,33.0,180.0,0.0,,2019,2018-19
263.0,Pat Connaughton,26.0,MIL,SG,61.0,2.0,1261.0,163.0,350.0,0.466,66.0,200.0,0.33,97.0,150.0,0.647,0.56,29.0,40.0,0.725,61.0,197.0,258.0,122.0,33.0,25.0,33.0,81.0,421.0,0.0,,2019,2018-19
264.0,Willy Hernangómez,24.0,CHO,C,58.0,3.0,812.0,153.0,295.0,0.519,15.0,39.0,0.385,138.0,256.0,0.539,0.544,100.0,144.0,0.694,117.0,194.0,311.0,60.0,16.0,20.0,58.0,98.0,421.0,0.0,,2019,2018-19
265.0,Yogi Ferrell,25.0,SAC,PG,71.0,3.0,1067.0,153.0,352.0,0.435,54.0,149.0,0.362,99.0,203.0,0.488,0.511,60.0,67.0,0.896,13.0,96.0,109.0,137.0,36.0,4.0,40.0,64.0,420.0,0.0,,2019,2018-19
266.0,Antonio Blakeney,22.0,CHI,SG,57.0,3.0,829.0,166.0,396.0,0.419,36.0,91.0,0.396,130.0,305.0,0.426,0.465,50.0,76.0,0.658,7.0,99.0,106.0,42.0,12.0,9.0,35.0,41.0,418.0,0.0,,2019,2018-19
267.0,J.J. Barea,34.0,DAL,PG,38.0,0.0,752.0,161.0,385.0,0.418,38.0,128.0,0.297,123.0,257.0,0.479,0.468,55.0,78.0,0.705,13.0,82.0,95.0,211.0,22.0,1.0,72.0,50.0,415.0,0.0,,2019,2018-19
268.0,Allen Crabbe,26.0,BRK,SG,43.0,20.0,1133.0,137.0,373.0,0.367,98.0,259.0,0.378,39.0,114.0,0.342,0.499,41.0,56.0,0.732,16.0,132.0,148.0,46.0,23.0,13.0,46.0,102.0,413.0,0.0,,2019,2018-19
269.0,Harry Giles,20.0,SAC,PF,58.0,0.0,820.0,175.0,348.0,0.503,0.0,6.0,0.0,175.0,342.0,0.512,0.503,58.0,91.0,0.637,66.0,156.0,222.0,85.0,31.0,22.0,73.0,150.0,408.0,0.0,,2019,2018-19
270.0,Juancho Hernangómez,23.0,DEN,PF,70.0,25.0,1358.0,138.0,314.0,0.439,66.0,181.0,0.365,72.0,133.0,0.541,0.545,66.0,86.0,0.767,64.0,201.0,265.0,55.0,27.0,24.0,37.0,94.0,408.0,0.0,,2019,2018-19
271.0,Frank Kaminsky,25.0,CHO,C,47.0,0.0,755.0,138.0,298.0,0.463,50.0,139.0,0.36,88.0,159.0,0.553,0.547,79.0,107.0,0.738,39.0,124.0,163.0,63.0,12.0,12.0,41.0,68.0,405.0,0.0,,2019,2018-19
272.0,Ian Clark,27.0,NOP,SG,60.0,6.0,973.0,151.0,383.0,0.394,66.0,202.0,0.327,85.0,181.0,0.47,0.48,33.0,37.0,0.892,13.0,76.0,89.0,94.0,22.0,8.0,58.0,95.0,401.0,0.0,,2019,2018-19
273.0,Nik Stauskas,25.0,2TM,SG,68.0,0.0,1015.0,136.0,338.0,0.402,70.0,188.0,0.372,66.0,150.0,0.44,0.506,57.0,64.0,0.891,18.0,109.0,127.0,81.0,21.0,7.0,51.0,50.0,399.0,0.0,,2019,2018-19
273.0,Nik Stauskas,25.0,POR,SG,44.0,0.0,673.0,96.0,229.0,0.419,43.0,125.0,0.344,53.0,104.0,0.51,0.513,32.0,36.0,0.889,10.0,70.0,80.0,62.0,14.0,4.0,40.0,31.0,267.0,0.0,,2019,2018-19
273.0,Nik Stauskas,25.0,CLE,SG,24.0,0.0,342.0,40.0,109.0,0.367,27.0,63.0,0.429,13.0,46.0,0.283,0.491,25.0,28.0,0.893,8.0,39.0,47.0,19.0,7.0,3.0,11.0,19.0,132.0,0.0,,2019,2018-19
274.0,Andre Iguodala,35.0,GSW,SF,68.0,13.0,1578.0,151.0,302.0,0.5,48.0,144.0,0.333,103.0,158.0,0.652,0.579,39.0,67.0,0.582,48.0,204.0,252.0,216.0,61.0,51.0,52.0,95.0,389.0,0.0,6MOY-10,2019,2018-19
275.0,James Ennis III,28.0,2TM,SF,58.0,27.0,1230.0,138.0,294.0,0.469,55.0,156.0,0.353,83.0,138.0,0.601,0.563,58.0,81.0,0.716,60.0,122.0,182.0,41.0,41.0,23.0,34.0,150.0,389.0,0.0,,2019,2018-19
275.0,James Ennis III,28.0,HOU,SF,40.0,25.0,949.0,104.0,211.0,0.493,44.0,120.0,0.367,60.0,91.0,0.659,0.597,42.0,58.0,0.724,37.0,80.0,117.0,27.0,38.0,16.0,23.0,111.0,294.0,0.0,,2019,2018-19
275.0,James Ennis III,28.0,PHI,SF,18.0,2.0,281.0,34.0,83.0,0.41,11.0,36.0,0.306,23.0,47.0,0.489,0.476,16.0,23.0,0.696,23.0,42.0,65.0,14.0,3.0,7.0,11.0,39.0,95.0,0.0,,2019,2018-19
276.0,Cheick Diallo,22.0,NOP,PF,64.0,1.0,896.0,168.0,271.0,0.62,1.0,4.0,0.25,167.0,267.0,0.625,0.622,50.0,67.0,0.746,75.0,257.0,332.0,33.0,29.0,33.0,49.0,113.0,387.0,0.0,,2019,2018-19
277.0,Kenneth Faried,29.0,2TM,C,37.0,13.0,728.0,156.0,265.0,0.589,8.0,25.0,0.32,148.0,240.0,0.617,0.604,64.0,99.0,0.646,97.0,153.0,250.0,20.0,17.0,23.0,33.0,82.0,384.0,0.0,,2019,2018-19
277.0,Kenneth Faried,29.0,BRK,C,12.0,0.0,118.0,25.0,42.0,0.595,1.0,5.0,0.2,24.0,37.0,0.649,0.607,10.0,16.0,0.625,15.0,29.0,44.0,2.0,2.0,4.0,6.0,8.0,61.0,0.0,,2019,2018-19
277.0,Kenneth Faried,29.0,HOU,C,25.0,13.0,610.0,131.0,223.0,0.587,7.0,20.0,0.35,124.0,203.0,0.611,0.603,54.0,83.0,0.651,82.0,124.0,206.0,18.0,15.0,19.0,27.0,74.0,323.0,0.0,,2019,2018-19
278.0,Nerlens Noel,24.0,OKC,C,77.0,2.0,1055.0,162.0,276.0,0.587,0.0,0.0,,162.0,276.0,0.587,0.587,54.0,79.0,0.684,127.0,198.0,325.0,45.0,66.0,96.0,48.0,166.0,378.0,0.0,,2019,2018-19
279.0,Kevin Love,30.0,CLE,PF,22.0,21.0,598.0,109.0,283.0,0.385,53.0,147.0,0.361,56.0,136.0,0.412,0.479,103.0,114.0,0.904,33.0,206.0,239.0,48.0,6.0,5.0,42.0,54.0,374.0,0.0,,2019,2018-19
280.0,Daniel Theis,26.0,BOS,C,66.0,2.0,908.0,146.0,266.0,0.549,26.0,67.0,0.388,120.0,199.0,0.603,0.598,56.0,76.0,0.737,87.0,138.0,225.0,68.0,21.0,42.0,33.0,161.0,374.0,0.0,,2019,2018-19
281.0,Dirk Nowitzki,40.0,DAL,PF,51.0,20.0,795.0,135.0,376.0,0.359,64.0,205.0,0.312,71.0,171.0,0.415,0.444,39.0,50.0,0.78,5.0,153.0,158.0,35.0,9.0,18.0,18.0,76.0,373.0,0.0,AS,2019,2018-19
282.0,Sterling Brown,23.0,MIL,SG,58.0,7.0,1034.0,145.0,312.0,0.465,53.0,147.0,0.361,92.0,165.0,0.558,0.55,29.0,42.0,0.69,29.0,155.0,184.0,84.0,25.0,8.0,46.0,88.0,372.0,0.0,,2019,2018-19
283.0,Danuel House Jr.,25.0,HOU,SF,39.0,13.0,979.0,118.0,252.0,0.468,74.0,178.0,0.416,44.0,74.0,0.595,0.615,56.0,71.0,0.789,25.0,115.0,140.0,40.0,21.0,11.0,35.0,80.0,366.0,0.0,,2019,2018-19
284.0,Jonathon Simmons,29.0,2TM,SF,56.0,9.0,1064.0,133.0,350.0,0.38,28.0,104.0,0.269,105.0,246.0,0.427,0.42,72.0,97.0,0.742,27.0,99.0,126.0,128.0,29.0,15.0,68.0,89.0,366.0,0.0,,2019,2018-19
284.0,Jonathon Simmons,29.0,ORL,SG,41.0,9.0,845.0,104.0,286.0,0.364,19.0,83.0,0.229,85.0,203.0,0.419,0.397,56.0,72.0,0.778,23.0,77.0,100.0,95.0,18.0,14.0,56.0,68.0,283.0,0.0,,2019,2018-19
284.0,Jonathon Simmons,29.0,PHI,SF,15.0,0.0,219.0,29.0,64.0,0.453,9.0,21.0,0.429,20.0,43.0,0.465,0.523,16.0,25.0,0.64,4.0,22.0,26.0,33.0,11.0,1.0,12.0,21.0,83.0,0.0,,2019,2018-19
285.0,Meyers Leonard,26.0,POR,C,61.0,2.0,878.0,132.0,242.0,0.545,50.0,111.0,0.45,82.0,131.0,0.626,0.649,43.0,51.0,0.843,49.0,184.0,233.0,75.0,13.0,9.0,43.0,105.0,357.0,0.0,,2019,2018-19
286.0,Kyle Anderson,25.0,MEM,SF,43.0,40.0,1281.0,150.0,276.0,0.543,9.0,34.0,0.265,141.0,242.0,0.583,0.56,37.0,64.0,0.578,48.0,203.0,251.0,128.0,54.0,37.0,58.0,112.0,346.0,1.0,,2019,2018-19
287.0,Wes Iwundu,24.0,ORL,SF,68.0,13.0,1233.0,113.0,274.0,0.412,29.0,79.0,0.367,84.0,195.0,0.431,0.465,84.0,103.0,0.816,37.0,147.0,184.0,73.0,28.0,22.0,44.0,123.0,339.0,0.0,,2019,2018-19
288.0,C.J. Miles,31.0,2TM,SF,53.0,1.0,856.0,112.0,311.0,0.36,67.0,203.0,0.33,45.0,108.0,0.417,0.468,48.0,58.0,0.828,13.0,82.0,95.0,36.0,26.0,15.0,30.0,79.0,339.0,0.0,,2019,2018-19
288.0,C.J. Miles,31.0,TOR,SF,40.0,1.0,562.0,70.0,206.0,0.34,43.0,137.0,0.314,27.0,69.0,0.391,0.444,35.0,44.0,0.795,12.0,56.0,68.0,22.0,18.0,10.0,21.0,62.0,218.0,0.0,,2019,2018-19
288.0,C.J. Miles,31.0,MEM,SF,13.0,0.0,294.0,42.0,105.0,0.4,24.0,66.0,0.364,18.0,39.0,0.462,0.514,13.0,14.0,0.929,1.0,26.0,27.0,14.0,8.0,5.0,9.0,17.0,121.0,0.0,,2019,2018-19
289.0,Alfonzo McKinnie,26.0,GSW,SF,72.0,5.0,1003.0,134.0,275.0,0.487,42.0,118.0,0.356,92.0,157.0,0.586,0.564,27.0,48.0,0.563,81.0,166.0,247.0,31.0,18.0,15.0,30.0,134.0,337.0,0.0,,2019,2018-19
290.0,David Nwaba,26.0,CLE,SF,51.0,14.0,984.0,126.0,262.0,0.481,24.0,75.0,0.32,102.0,187.0,0.545,0.527,58.0,85.0,0.682,41.0,122.0,163.0,54.0,36.0,17.0,29.0,106.0,334.0,0.0,,2019,2018-19
291.0,Anthony Tolliver,33.0,MIN,PF,65.0,0.0,1079.0,99.0,259.0,0.382,81.0,215.0,0.377,18.0,44.0,0.409,0.539,47.0,60.0,0.783,15.0,162.0,177.0,46.0,17.0,21.0,36.0,91.0,326.0,0.0,,2019,2018-19
292.0,Thon Maker,21.0,2TM,PF,64.0,5.0,972.0,109.0,268.0,0.407,49.0,153.0,0.32,60.0,115.0,0.522,0.498,56.0,84.0,0.667,41.0,161.0,202.0,45.0,21.0,51.0,33.0,105.0,323.0,0.0,,2019,2018-19
292.0,Thon Maker,21.0,MIL,C,35.0,0.0,409.0,59.0,134.0,0.44,26.0,78.0,0.333,33.0,56.0,0.589,0.537,20.0,37.0,0.541,17.0,79.0,96.0,18.0,10.0,18.0,9.0,55.0,164.0,0.0,,2019,2018-19
292.0,Thon Maker,21.0,DET,PF,29.0,5.0,563.0,50.0,134.0,0.373,23.0,75.0,0.307,27.0,59.0,0.458,0.459,36.0,47.0,0.766,24.0,82.0,106.0,27.0,11.0,33.0,24.0,50.0,159.0,0.0,,2019,2018-19
293.0,Luke Kornet,23.0,NYK,C,46.0,18.0,784.0,107.0,283.0,0.378,70.0,193.0,0.363,37.0,90.0,0.411,0.502,38.0,46.0,0.826,28.0,107.0,135.0,54.0,27.0,42.0,25.0,41.0,322.0,0.0,,2019,2018-19
294.0,Bruce Brown,22.0,DET,SG,74.0,56.0,1449.0,125.0,314.0,0.398,24.0,93.0,0.258,101.0,221.0,0.457,0.436,45.0,60.0,0.75,48.0,137.0,185.0,91.0,40.0,36.0,46.0,178.0,319.0,0.0,,2019,2018-19
295.0,Troy Daniels,27.0,PHO,SG,51.0,1.0,760.0,113.0,275.0,0.411,74.0,194.0,0.381,39.0,81.0,0.481,0.545,18.0,23.0,0.783,13.0,60.0,73.0,26.0,26.0,5.0,27.0,79.0,318.0,0.0,,2019,2018-19
296.0,Dwayne Bacon,23.0,CHO,SG,43.0,13.0,759.0,122.0,257.0,0.475,38.0,87.0,0.437,84.0,170.0,0.494,0.549,34.0,46.0,0.739,8.0,81.0,89.0,47.0,12.0,5.0,18.0,72.0,316.0,0.0,,2019,2018-19
297.0,Tim Frazier,28.0,2TM,PG,59.0,19.0,1120.0,116.0,261.0,0.444,37.0,101.0,0.366,79.0,160.0,0.494,0.515,41.0,54.0,0.759,41.0,127.0,168.0,248.0,30.0,5.0,76.0,112.0,310.0,0.0,,2019,2018-19
297.0,Tim Frazier,28.0,NOP,PG,47.0,17.0,909.0,88.0,195.0,0.451,27.0,77.0,0.351,61.0,118.0,0.517,0.521,32.0,41.0,0.78,32.0,105.0,137.0,206.0,25.0,4.0,60.0,93.0,235.0,0.0,,2019,2018-19
297.0,Tim Frazier,28.0,MIL,PG,12.0,2.0,211.0,28.0,66.0,0.424,10.0,24.0,0.417,18.0,42.0,0.429,0.5,9.0,13.0,0.692,9.0,22.0,31.0,42.0,5.0,1.0,16.0,19.0,75.0,0.0,,2019,2018-19
298.0,Wilson Chandler,31.0,2TM,SF,51.0,33.0,1177.0,114.0,273.0,0.418,59.0,158.0,0.373,55.0,115.0,0.478,0.526,18.0,25.0,0.72,48.0,167.0,215.0,82.0,25.0,21.0,46.0,123.0,305.0,0.0,,2019,2018-19
298.0,Wilson Chandler,31.0,PHI,PF,36.0,32.0,951.0,91.0,207.0,0.44,46.0,118.0,0.39,45.0,89.0,0.506,0.551,13.0,18.0,0.722,44.0,124.0,168.0,72.0,22.0,18.0,39.0,94.0,241.0,0.0,,2019,2018-19
298.0,Wilson Chandler,31.0,LAC,SF,15.0,1.0,226.0,23.0,66.0,0.348,13.0,40.0,0.325,10.0,26.0,0.385,0.447,5.0,7.0,0.714,4.0,43.0,47.0,10.0,3.0,3.0,7.0,29.0,64.0,0.0,,2019,2018-19
299.0,Elie Okobo,21.0,PHO,PG,53.0,16.0,958.0,114.0,290.0,0.393,39.0,132.0,0.295,75.0,158.0,0.475,0.46,37.0,47.0,0.787,12.0,86.0,98.0,127.0,32.0,7.0,69.0,109.0,304.0,0.0,,2019,2018-19
300.0,Joakim Noah,33.0,MEM,C,42.0,1.0,693.0,110.0,213.0,0.516,0.0,1.0,0.0,110.0,212.0,0.519,0.516,78.0,109.0,0.716,58.0,180.0,238.0,89.0,20.0,31.0,50.0,96.0,298.0,0.0,,2019,2018-19
301.0,Tyler Dorsey,22.0,2TM,SG,48.0,11.0,698.0,107.0,264.0,0.405,44.0,132.0,0.333,63.0,132.0,0.477,0.489,38.0,61.0,0.623,27.0,86.0,113.0,56.0,14.0,2.0,27.0,53.0,296.0,0.0,,2019,2018-19
301.0,Tyler Dorsey,22.0,ATL,SG,27.0,0.0,251.0,32.0,89.0,0.36,10.0,39.0,0.256,22.0,50.0,0.44,0.416,16.0,26.0,0.615,9.0,34.0,43.0,17.0,7.0,1.0,10.0,20.0,90.0,0.0,,2019,2018-19
301.0,Tyler Dorsey,22.0,MEM,SG,21.0,11.0,447.0,75.0,175.0,0.429,34.0,93.0,0.366,41.0,82.0,0.5,0.526,22.0,35.0,0.629,18.0,52.0,70.0,39.0,7.0,1.0,17.0,33.0,206.0,0.0,,2019,2018-19
302.0,Aaron Holiday,22.0,IND,PG,50.0,0.0,646.0,105.0,262.0,0.401,43.0,127.0,0.339,62.0,135.0,0.459,0.483,41.0,50.0,0.82,5.0,62.0,67.0,87.0,21.0,13.0,40.0,71.0,294.0,0.0,,2019,2018-19
303.0,Mo Bamba,20.0,ORL,C,47.0,1.0,766.0,117.0,243.0,0.481,21.0,70.0,0.3,96.0,173.0,0.555,0.525,37.0,63.0,0.587,64.0,169.0,233.0,39.0,13.0,64.0,43.0,102.0,292.0,0.0,,2019,2018-19
304.0,Dante Exum,23.0,UTA,PG,42.0,1.0,664.0,101.0,241.0,0.419,18.0,62.0,0.29,83.0,179.0,0.464,0.456,68.0,86.0,0.791,16.0,52.0,68.0,110.0,14.0,5.0,52.0,69.0,288.0,0.0,,2019,2018-19
305.0,Jared Dudley,33.0,BRK,PF,59.0,25.0,1220.0,101.0,239.0,0.423,53.0,151.0,0.351,48.0,88.0,0.545,0.533,32.0,46.0,0.696,34.0,121.0,155.0,83.0,36.0,16.0,43.0,131.0,287.0,0.0,,2019,2018-19
306.0,Sam Dekker,24.0,2TM,PF,47.0,5.0,788.0,120.0,256.0,0.469,19.0,62.0,0.306,101.0,194.0,0.521,0.506,28.0,46.0,0.609,53.0,95.0,148.0,46.0,38.0,7.0,24.0,47.0,287.0,0.0,,2019,2018-19
306.0,Sam Dekker,24.0,CLE,PF,9.0,5.0,169.0,22.0,48.0,0.458,5.0,13.0,0.385,17.0,35.0,0.486,0.51,8.0,10.0,0.8,9.0,24.0,33.0,9.0,11.0,0.0,5.0,13.0,57.0,0.0,,2019,2018-19
306.0,Sam Dekker,24.0,WAS,PF,38.0,0.0,619.0,98.0,208.0,0.471,14.0,49.0,0.286,84.0,159.0,0.528,0.505,20.0,36.0,0.556,44.0,71.0,115.0,37.0,27.0,7.0,19.0,34.0,230.0,0.0,,2019,2018-19
307.0,Aron Baynes,32.0,BOS,C,51.0,18.0,821.0,105.0,223.0,0.471,21.0,61.0,0.344,84.0,162.0,0.519,0.518,53.0,62.0,0.855,88.0,152.0,240.0,57.0,12.0,34.0,40.0,125.0,284.0,0.0,,2019,2018-19
308.0,Ivan Rabb,21.0,MEM,PF,49.0,13.0,721.0,116.0,212.0,0.547,3.0,15.0,0.2,113.0,197.0,0.574,0.554,49.0,69.0,0.71,70.0,136.0,206.0,54.0,17.0,14.0,35.0,90.0,284.0,0.0,,2019,2018-19
309.0,Bruno Caboclo,23.0,MEM,PF,34.0,19.0,800.0,96.0,225.0,0.427,48.0,130.0,0.369,48.0,95.0,0.505,0.533,42.0,50.0,0.84,42.0,116.0,158.0,50.0,14.0,33.0,38.0,81.0,282.0,0.0,,2019,2018-19
310.0,Matthew Dellavedova,28.0,2TM,PG,48.0,0.0,812.0,98.0,242.0,0.405,44.0,130.0,0.338,54.0,112.0,0.482,0.496,42.0,52.0,0.808,6.0,71.0,77.0,181.0,14.0,2.0,68.0,75.0,282.0,0.0,,2019,2018-19
310.0,Matthew Dellavedova,28.0,MIL,PG,12.0,0.0,97.0,6.0,19.0,0.316,4.0,11.0,0.364,2.0,8.0,0.25,0.421,4.0,4.0,1.0,0.0,10.0,10.0,29.0,2.0,0.0,11.0,9.0,20.0,0.0,,2019,2018-19
310.0,Matthew Dellavedova,28.0,CLE,PG,36.0,0.0,715.0,92.0,223.0,0.413,40.0,119.0,0.336,52.0,104.0,0.5,0.502,38.0,48.0,0.792,6.0,61.0,67.0,152.0,12.0,2.0,57.0,66.0,262.0,0.0,,2019,2018-19
311.0,D.J. Wilson,22.0,MIL,PF,48.0,3.0,882.0,104.0,251.0,0.414,46.0,127.0,0.362,58.0,124.0,0.468,0.506,26.0,47.0,0.553,45.0,177.0,222.0,52.0,18.0,20.0,32.0,85.0,280.0,0.0,,2019,2018-19
312.0,Furkan Korkmaz,21.0,PHI,SG,48.0,7.0,679.0,98.0,245.0,0.4,47.0,144.0,0.326,51.0,101.0,0.505,0.496,36.0,44.0,0.818,16.0,91.0,107.0,52.0,29.0,2.0,25.0,62.0,279.0,0.0,,2019,2018-19
313.0,Kenrich Williams,24.0,NOP,SF,46.0,29.0,1079.0,107.0,279.0,0.384,52.0,156.0,0.333,55.0,123.0,0.447,0.477,13.0,19.0,0.684,55.0,164.0,219.0,83.0,45.0,19.0,36.0,95.0,279.0,0.0,,2019,2018-19
314.0,Omari Spellman,21.0,ATL,PF,46.0,11.0,805.0,98.0,244.0,0.402,44.0,128.0,0.344,54.0,116.0,0.466,0.492,32.0,45.0,0.711,72.0,122.0,194.0,47.0,26.0,25.0,31.0,67.0,272.0,0.0,,2019,2018-19
315.0,Chasson Randle,25.0,WAS,PG,49.0,2.0,743.0,91.0,217.0,0.419,46.0,115.0,0.4,45.0,102.0,0.441,0.525,43.0,62.0,0.694,10.0,46.0,56.0,97.0,25.0,3.0,43.0,91.0,271.0,0.0,,2019,2018-19
316.0,Zaza Pachulia,34.0,DET,C,68.0,3.0,878.0,85.0,193.0,0.44,0.0,4.0,0.0,85.0,189.0,0.45,0.44,97.0,124.0,0.782,99.0,166.0,265.0,91.0,31.0,17.0,57.0,151.0,267.0,0.0,,2019,2018-19
317.0,Brandon Knight,27.0,2TM,PG,39.0,26.0,736.0,99.0,260.0,0.381,41.0,129.0,0.318,58.0,131.0,0.443,0.46,27.0,34.0,0.794,10.0,49.0,59.0,71.0,21.0,2.0,30.0,62.0,266.0,0.0,,2019,2018-19
317.0,Brandon Knight,27.0,HOU,PG,12.0,0.0,118.0,11.0,47.0,0.234,5.0,32.0,0.156,6.0,15.0,0.4,0.287,9.0,11.0,0.818,1.0,8.0,9.0,9.0,2.0,0.0,5.0,14.0,36.0,0.0,,2019,2018-19
317.0,Brandon Knight,27.0,CLE,PG,27.0,26.0,618.0,88.0,213.0,0.413,36.0,97.0,0.371,52.0,116.0,0.448,0.498,18.0,23.0,0.783,9.0,41.0,50.0,62.0,19.0,2.0,25.0,48.0,230.0,0.0,,2019,2018-19
318.0,Shaun Livingston,33.0,GSW,PG,64.0,0.0,967.0,109.0,210.0,0.519,0.0,2.0,0.0,109.0,208.0,0.524,0.519,40.0,51.0,0.784,42.0,75.0,117.0,114.0,31.0,27.0,38.0,74.0,258.0,0.0,,2019,2018-19
319.0,Jerian Grant,26.0,ORL,PG,60.0,1.0,939.0,92.0,220.0,0.418,40.0,110.0,0.364,52.0,110.0,0.473,0.509,26.0,40.0,0.65,19.0,79.0,98.0,156.0,44.0,6.0,51.0,78.0,250.0,0.0,,2019,2018-19
320.0,De'Anthony Melton,20.0,PHO,PG,50.0,31.0,984.0,100.0,256.0,0.391,29.0,95.0,0.305,71.0,161.0,0.441,0.447,21.0,28.0,0.75,25.0,109.0,134.0,159.0,68.0,23.0,75.0,113.0,250.0,0.0,,2019,2018-19
321.0,Cameron Payne,24.0,2TM,PG,40.0,13.0,712.0,96.0,223.0,0.43,25.0,84.0,0.298,71.0,139.0,0.511,0.487,33.0,41.0,0.805,13.0,59.0,72.0,106.0,28.0,9.0,45.0,64.0,250.0,0.0,,2019,2018-19
321.0,Cameron Payne,24.0,CHI,PG,31.0,12.0,536.0,69.0,168.0,0.411,16.0,59.0,0.271,53.0,109.0,0.486,0.458,22.0,25.0,0.88,10.0,43.0,53.0,83.0,20.0,6.0,34.0,49.0,176.0,0.0,,2019,2018-19
321.0,Cameron Payne,24.0,CLE,PG,9.0,1.0,176.0,27.0,55.0,0.491,9.0,25.0,0.36,18.0,30.0,0.6,0.573,11.0,16.0,0.688,3.0,16.0,19.0,23.0,8.0,3.0,11.0,15.0,74.0,0.0,,2019,2018-19
322.0,Troy Brown Jr.,19.0,WAS,SF,52.0,10.0,730.0,97.0,234.0,0.415,22.0,69.0,0.319,75.0,165.0,0.455,0.462,32.0,47.0,0.681,35.0,110.0,145.0,80.0,21.0,5.0,30.0,56.0,248.0,0.0,,2019,2018-19
323.0,Frank Ntilikina,20.0,NYK,PG,43.0,16.0,904.0,95.0,282.0,0.337,33.0,115.0,0.287,62.0,167.0,0.371,0.395,23.0,30.0,0.767,12.0,75.0,87.0,121.0,30.0,14.0,56.0,104.0,246.0,0.0,,2019,2018-19
324.0,Abdel Nader,25.0,OKC,SF,61.0,1.0,694.0,91.0,215.0,0.423,32.0,100.0,0.32,59.0,115.0,0.513,0.498,27.0,36.0,0.75,14.0,102.0,116.0,20.0,20.0,12.0,26.0,68.0,241.0,0.0,,2019,2018-19
325.0,Khem Birch,26.0,ORL,C,50.0,1.0,643.0,91.0,151.0,0.603,0.0,1.0,0.0,91.0,150.0,0.607,0.603,58.0,83.0,0.699,79.0,111.0,190.0,38.0,18.0,29.0,20.0,72.0,240.0,0.0,,2019,2018-19
326.0,Cristiano Felício,26.0,CHI,C,60.0,0.0,746.0,95.0,179.0,0.531,0.0,4.0,0.0,95.0,175.0,0.543,0.531,50.0,73.0,0.685,79.0,139.0,218.0,37.0,11.0,7.0,33.0,69.0,240.0,0.0,,2019,2018-19
327.0,Bismack Biyombo,26.0,CHO,C,54.0,32.0,783.0,89.0,156.0,0.571,0.0,0.0,,89.0,156.0,0.571,0.571,58.0,91.0,0.637,81.0,166.0,247.0,33.0,11.0,41.0,34.0,103.0,236.0,0.0,,2019,2018-19
328.0,Georges Niang,25.0,UTA,PF,59.0,0.0,516.0,86.0,181.0,0.475,43.0,105.0,0.41,43.0,76.0,0.566,0.594,20.0,24.0,0.833,11.0,76.0,87.0,35.0,10.0,6.0,23.0,57.0,235.0,0.0,,2019,2018-19
329.0,Marcin Gortat,34.0,LAC,C,47.0,43.0,751.0,99.0,186.0,0.532,0.0,0.0,,99.0,186.0,0.532,0.532,35.0,48.0,0.729,67.0,194.0,261.0,65.0,6.0,24.0,50.0,92.0,233.0,0.0,,2019,2018-19
330.0,Timothé Luwawu-Cabarrot,23.0,2TM,SF,50.0,7.0,669.0,82.0,218.0,0.376,36.0,116.0,0.31,46.0,102.0,0.451,0.459,31.0,41.0,0.756,11.0,86.0,97.0,26.0,19.0,8.0,21.0,73.0,231.0,0.0,,2019,2018-19
330.0,Timothé Luwawu-Cabarrot,23.0,OKC,SF,21.0,1.0,123.0,13.0,43.0,0.302,5.0,22.0,0.227,8.0,21.0,0.381,0.36,4.0,6.0,0.667,4.0,14.0,18.0,4.0,4.0,1.0,5.0,14.0,35.0,0.0,,2019,2018-19
330.0,Timothé Luwawu-Cabarrot,23.0,CHI,SF,29.0,6.0,546.0,69.0,175.0,0.394,31.0,94.0,0.33,38.0,81.0,0.469,0.483,27.0,35.0,0.771,7.0,72.0,79.0,22.0,15.0,7.0,16.0,59.0,196.0,0.0,,2019,2018-19
331.0,Dragan Bender,21.0,PHO,PF,46.0,27.0,826.0,88.0,197.0,0.447,22.0,101.0,0.218,66.0,96.0,0.688,0.503,32.0,54.0,0.593,34.0,149.0,183.0,56.0,18.0,22.0,37.0,90.0,230.0,0.0,,2019,2018-19
332.0,Greg Monroe,28.0,3TM,C,43.0,2.0,480.0,92.0,189.0,0.487,1.0,5.0,0.2,91.0,184.0,0.495,0.489,45.0,72.0,0.625,67.0,105.0,172.0,24.0,14.0,8.0,32.0,66.0,230.0,0.0,,2019,2018-19
332.0,Greg Monroe,28.0,TOR,C,38.0,2.0,423.0,74.0,161.0,0.46,0.0,4.0,0.0,74.0,157.0,0.471,0.46,35.0,61.0,0.574,60.0,96.0,156.0,16.0,13.0,8.0,31.0,61.0,183.0,0.0,,2019,2018-19
332.0,Greg Monroe,28.0,BOS,C,2.0,0.0,5.0,3.0,5.0,0.6,0.0,0.0,,3.0,5.0,0.6,0.6,0.0,0.0,,3.0,0.0,3.0,1.0,0.0,0.0,0.0,0.0,6.0,0.0,,2019,2018-19
332.0,Greg Monroe,28.0,PHI,C,3.0,0.0,52.0,15.0,23.0,0.652,1.0,1.0,1.0,14.0,22.0,0.636,0.674,10.0,11.0,0.909,4.0,9.0,13.0,7.0,1.0,0.0,1.0,5.0,41.0,0.0,,2019,2018-19
333.0,Alex Caruso,24.0,LAL,PG,25.0,4.0,531.0,77.0,173.0,0.445,24.0,50.0,0.48,53.0,123.0,0.431,0.514,51.0,64.0,0.797,20.0,47.0,67.0,77.0,24.0,9.0,42.0,54.0,229.0,0.0,,2019,2018-19
334.0,Chandler Hutchison,22.0,CHI,SF,44.0,14.0,895.0,96.0,209.0,0.459,14.0,50.0,0.28,82.0,159.0,0.516,0.493,23.0,38.0,0.605,31.0,154.0,185.0,34.0,23.0,6.0,25.0,59.0,229.0,0.0,,2019,2018-19
335.0,Patrick Patterson,29.0,OKC,PF,63.0,5.0,861.0,82.0,219.0,0.374,46.0,137.0,0.336,36.0,82.0,0.439,0.479,19.0,30.0,0.633,42.0,105.0,147.0,31.0,16.0,13.0,22.0,46.0,229.0,0.0,,2019,2018-19
336.0,Omri Casspi,30.0,MEM,SF,36.0,0.0,520.0,86.0,161.0,0.534,15.0,43.0,0.349,71.0,118.0,0.602,0.581,39.0,58.0,0.672,17.0,98.0,115.0,26.0,20.0,9.0,23.0,35.0,226.0,0.0,,2019,2018-19
337.0,T.J. Leaf,21.0,IND,PF,58.0,1.0,522.0,99.0,183.0,0.541,8.0,31.0,0.258,91.0,152.0,0.599,0.563,19.0,31.0,0.613,43.0,82.0,125.0,24.0,9.0,19.0,12.0,35.0,225.0,0.0,,2019,2018-19
338.0,Jordan Bell,24.0,GSW,C,68.0,3.0,788.0,99.0,192.0,0.516,0.0,2.0,0.0,99.0,190.0,0.521,0.516,25.0,41.0,0.61,55.0,129.0,184.0,76.0,20.0,51.0,42.0,80.0,223.0,0.0,,2019,2018-19
339.0,Tyrone Wallace,24.0,LAC,PG,62.0,0.0,628.0,92.0,217.0,0.424,4.0,19.0,0.211,88.0,198.0,0.444,0.433,30.0,57.0,0.526,20.0,81.0,101.0,42.0,21.0,7.0,36.0,83.0,218.0,0.0,,2019,2018-19
340.0,Devonte' Graham,23.0,CHO,PG,46.0,3.0,676.0,74.0,216.0,0.343,34.0,121.0,0.281,40.0,95.0,0.421,0.421,35.0,46.0,0.761,10.0,53.0,63.0,121.0,23.0,2.0,30.0,48.0,217.0,0.0,,2019,2018-19
341.0,Grayson Allen,23.0,UTA,SG,38.0,2.0,416.0,67.0,178.0,0.376,32.0,99.0,0.323,35.0,79.0,0.443,0.466,45.0,60.0,0.75,3.0,20.0,23.0,25.0,6.0,6.0,33.0,47.0,211.0,0.0,,2019,2018-19
342.0,Jerryd Bayless,30.0,MIN,PG,34.0,6.0,657.0,82.0,230.0,0.357,29.0,98.0,0.296,53.0,132.0,0.402,0.42,16.0,28.0,0.571,11.0,51.0,62.0,119.0,18.0,2.0,32.0,56.0,209.0,0.0,,2019,2018-19
343.0,Jonah Bolden,23.0,PHI,PF,44.0,10.0,639.0,80.0,162.0,0.494,34.0,96.0,0.354,46.0,66.0,0.697,0.599,13.0,27.0,0.481,47.0,118.0,165.0,40.0,17.0,39.0,36.0,99.0,207.0,0.0,,2019,2018-19
344.0,Moritz Wagner,21.0,LAL,C,43.0,5.0,446.0,71.0,171.0,0.415,22.0,77.0,0.286,49.0,94.0,0.521,0.48,43.0,53.0,0.811,17.0,68.0,85.0,24.0,11.0,13.0,39.0,57.0,207.0,0.0,,2019,2018-19
345.0,Lance Thomas,30.0,NYK,PF,46.0,17.0,783.0,78.0,197.0,0.396,22.0,79.0,0.278,56.0,118.0,0.475,0.452,27.0,36.0,0.75,21.0,96.0,117.0,27.0,17.0,7.0,24.0,83.0,205.0,0.0,,2019,2018-19
346.0,Amir Johnson,31.0,PHI,C,51.0,6.0,529.0,79.0,157.0,0.503,12.0,40.0,0.3,67.0,117.0,0.573,0.541,31.0,41.0,0.756,47.0,100.0,147.0,60.0,16.0,13.0,45.0,99.0,201.0,0.0,,2019,2018-19
347.0,Glenn Robinson III,25.0,DET,SF,47.0,18.0,610.0,74.0,176.0,0.42,18.0,62.0,0.29,56.0,114.0,0.491,0.472,32.0,40.0,0.8,17.0,54.0,71.0,21.0,14.0,8.0,18.0,45.0,198.0,0.0,,2019,2018-19
348.0,Raul Neto,26.0,UTA,PG,37.0,1.0,474.0,74.0,161.0,0.46,20.0,60.0,0.333,54.0,101.0,0.535,0.522,28.0,33.0,0.848,6.0,56.0,62.0,93.0,14.0,4.0,35.0,49.0,196.0,0.0,,2019,2018-19
349.0,Frank Mason III,24.0,SAC,PG,38.0,0.0,435.0,71.0,169.0,0.42,14.0,64.0,0.219,57.0,105.0,0.543,0.462,39.0,57.0,0.684,6.0,37.0,43.0,84.0,16.0,4.0,36.0,34.0,195.0,0.0,,2019,2018-19
350.0,Dante Cunningham,31.0,SAS,PF,64.0,21.0,928.0,75.0,158.0,0.475,30.0,65.0,0.462,45.0,93.0,0.484,0.57,14.0,18.0,0.778,48.0,140.0,188.0,50.0,27.0,13.0,22.0,71.0,194.0,0.0,,2019,2018-19
351.0,Solomon Hill,27.0,NOP,SF,44.0,15.0,878.0,68.0,178.0,0.382,32.0,101.0,0.317,36.0,77.0,0.468,0.472,23.0,32.0,0.719,34.0,99.0,133.0,55.0,23.0,10.0,31.0,80.0,191.0,0.0,,2019,2018-19
352.0,MarShon Brooks,30.0,MEM,SG,29.0,0.0,387.0,76.0,169.0,0.45,15.0,54.0,0.278,61.0,115.0,0.53,0.494,23.0,33.0,0.697,12.0,33.0,45.0,25.0,9.0,4.0,21.0,33.0,190.0,0.0,,2019,2018-19
353.0,Hamidou Diallo,20.0,OKC,SG,51.0,3.0,526.0,75.0,165.0,0.455,4.0,24.0,0.167,71.0,141.0,0.504,0.467,36.0,59.0,0.61,38.0,59.0,97.0,17.0,21.0,10.0,23.0,77.0,190.0,0.0,,2019,2018-19
354.0,Thabo Sefolosha,34.0,UTA,SF,50.0,2.0,609.0,71.0,149.0,0.477,34.0,78.0,0.436,37.0,71.0,0.521,0.591,14.0,22.0,0.636,8.0,115.0,123.0,27.0,43.0,5.0,25.0,41.0,190.0,0.0,,2019,2018-19
355.0,Kadeem Allen,26.0,NYK,PG,19.0,1.0,416.0,65.0,141.0,0.461,17.0,36.0,0.472,48.0,105.0,0.457,0.521,42.0,54.0,0.778,8.0,43.0,51.0,76.0,16.0,4.0,26.0,46.0,189.0,0.0,,2019,2018-19
356.0,Chandler Parsons,30.0,MEM,SF,25.0,3.0,496.0,68.0,182.0,0.374,29.0,94.0,0.309,39.0,88.0,0.443,0.453,22.0,25.0,0.88,4.0,66.0,70.0,43.0,19.0,5.0,32.0,45.0,187.0,0.0,,2019,2018-19
357.0,Semi Ojeleye,24.0,BOS,PF,56.0,3.0,594.0,67.0,158.0,0.424,28.0,89.0,0.315,39.0,69.0,0.565,0.513,24.0,39.0,0.615,24.0,62.0,86.0,23.0,10.0,4.0,19.0,43.0,186.0,0.0,,2019,2018-19
358.0,Treveon Graham,25.0,BRK,SG,35.0,21.0,715.0,64.0,191.0,0.335,38.0,128.0,0.297,26.0,63.0,0.413,0.435,18.0,22.0,0.818,23.0,84.0,107.0,34.0,13.0,7.0,17.0,68.0,184.0,0.0,,2019,2018-19
359.0,Marquese Chriss,21.0,2TM,PF,43.0,2.0,499.0,67.0,180.0,0.372,16.0,72.0,0.222,51.0,108.0,0.472,0.417,32.0,45.0,0.711,40.0,102.0,142.0,22.0,17.0,11.0,36.0,81.0,182.0,0.0,,2019,2018-19
359.0,Marquese Chriss,21.0,HOU,PF,16.0,0.0,104.0,11.0,34.0,0.324,1.0,15.0,0.067,10.0,19.0,0.526,0.338,6.0,7.0,0.857,7.0,21.0,28.0,6.0,2.0,4.0,12.0,17.0,29.0,0.0,,2019,2018-19
359.0,Marquese Chriss,21.0,CLE,PF,27.0,2.0,395.0,56.0,146.0,0.384,15.0,57.0,0.263,41.0,89.0,0.461,0.435,26.0,38.0,0.684,33.0,81.0,114.0,16.0,15.0,7.0,24.0,64.0,153.0,0.0,,2019,2018-19
360.0,Michael Beasley,30.0,LAL,PF,26.0,2.0,277.0,75.0,153.0,0.49,3.0,17.0,0.176,72.0,136.0,0.529,0.5,28.0,39.0,0.718,13.0,47.0,60.0,25.0,9.0,10.0,27.0,42.0,181.0,0.0,,2019,2018-19
361.0,Isaiah Canaan,27.0,3TM,PG,30.0,16.0,629.0,64.0,164.0,0.39,34.0,96.0,0.354,30.0,68.0,0.441,0.494,19.0,24.0,0.792,6.0,52.0,58.0,84.0,14.0,2.0,35.0,52.0,181.0,0.0,,2019,2018-19
361.0,Isaiah Canaan,27.0,PHO,PG,19.0,15.0,503.0,51.0,129.0,0.395,25.0,72.0,0.347,26.0,57.0,0.456,0.492,15.0,20.0,0.75,5.0,44.0,49.0,62.0,12.0,0.0,29.0,46.0,142.0,0.0,,2019,2018-19
361.0,Isaiah Canaan,27.0,MIN,PG,7.0,1.0,95.0,11.0,29.0,0.379,7.0,19.0,0.368,4.0,10.0,0.4,0.5,4.0,4.0,1.0,0.0,5.0,5.0,19.0,2.0,1.0,4.0,4.0,33.0,0.0,,2019,2018-19
361.0,Isaiah Canaan,27.0,MIL,PG,4.0,0.0,31.0,2.0,6.0,0.333,2.0,5.0,0.4,0.0,1.0,0.0,0.5,0.0,0.0,,1.0,3.0,4.0,3.0,0.0,1.0,2.0,2.0,6.0,0.0,,2019,2018-19
362.0,Justin Anderson,25.0,ATL,SF,48.0,4.0,463.0,64.0,157.0,0.408,24.0,77.0,0.312,40.0,80.0,0.5,0.484,26.0,35.0,0.743,24.0,60.0,84.0,23.0,22.0,13.0,23.0,48.0,178.0,0.0,,2019,2018-19
363.0,Tyson Chandler,36.0,2TM,C,55.0,6.0,875.0,61.0,99.0,0.616,0.0,1.0,0.0,61.0,98.0,0.622,0.616,51.0,87.0,0.586,92.0,215.0,307.0,37.0,21.0,23.0,42.0,110.0,173.0,0.0,,2019,2018-19
363.0,Tyson Chandler,36.0,PHO,C,7.0,0.0,89.0,8.0,12.0,0.667,0.0,0.0,,8.0,12.0,0.667,0.667,10.0,18.0,0.556,7.0,32.0,39.0,6.0,2.0,1.0,7.0,21.0,26.0,0.0,,2019,2018-19
363.0,Tyson Chandler,36.0,LAL,C,48.0,6.0,786.0,53.0,87.0,0.609,0.0,1.0,0.0,53.0,86.0,0.616,0.609,41.0,69.0,0.594,85.0,183.0,268.0,31.0,19.0,22.0,35.0,89.0,147.0,0.0,,2019,2018-19
364.0,Jevon Carter,23.0,MEM,PG,39.0,3.0,577.0,56.0,185.0,0.303,34.0,102.0,0.333,22.0,83.0,0.265,0.395,26.0,32.0,0.813,14.0,52.0,66.0,69.0,26.0,11.0,33.0,55.0,172.0,0.0,,2019,2018-19
365.0,Christian Wood,23.0,2TM,PF,21.0,2.0,251.0,61.0,117.0,0.521,9.0,26.0,0.346,52.0,91.0,0.571,0.56,41.0,56.0,0.732,17.0,66.0,83.0,8.0,7.0,10.0,17.0,17.0,172.0,0.0,,2019,2018-19
365.0,Christian Wood,23.0,MIL,PF,13.0,0.0,62.0,12.0,25.0,0.48,3.0,5.0,0.6,9.0,20.0,0.45,0.54,10.0,15.0,0.667,4.0,16.0,20.0,2.0,0.0,0.0,3.0,3.0,37.0,0.0,,2019,2018-19
365.0,Christian Wood,23.0,NOP,PF,8.0,2.0,189.0,49.0,92.0,0.533,6.0,21.0,0.286,43.0,71.0,0.606,0.565,31.0,41.0,0.756,13.0,50.0,63.0,6.0,7.0,10.0,14.0,14.0,135.0,0.0,,2019,2018-19
366.0,Ryan Broekhoff,28.0,DAL,SG,42.0,0.0,453.0,57.0,126.0,0.452,38.0,93.0,0.409,19.0,33.0,0.576,0.603,15.0,19.0,0.789,8.0,55.0,63.0,22.0,6.0,4.0,16.0,35.0,167.0,0.0,,2019,2018-19
367.0,Álex Abrines,25.0,OKC,SG,31.0,2.0,588.0,56.0,157.0,0.357,41.0,127.0,0.323,15.0,30.0,0.5,0.487,12.0,13.0,0.923,5.0,43.0,48.0,20.0,17.0,6.0,14.0,53.0,165.0,0.0,,2019,2018-19
368.0,Jordan McRae,27.0,WAS,SG,27.0,0.0,333.0,61.0,130.0,0.469,10.0,35.0,0.286,51.0,95.0,0.537,0.508,28.0,35.0,0.8,6.0,34.0,40.0,30.0,13.0,7.0,15.0,26.0,160.0,0.0,,2019,2018-19
369.0,Damion Lee,26.0,GSW,SG,32.0,0.0,375.0,56.0,127.0,0.441,27.0,68.0,0.397,29.0,59.0,0.492,0.547,19.0,22.0,0.864,8.0,56.0,64.0,13.0,13.0,0.0,11.0,28.0,158.0,0.0,,2019,2018-19
370.0,Luol Deng,33.0,MIN,SF,22.0,2.0,392.0,59.0,118.0,0.5,14.0,44.0,0.318,45.0,74.0,0.608,0.559,25.0,35.0,0.714,20.0,53.0,73.0,18.0,15.0,8.0,14.0,24.0,157.0,0.0,,2019,2018-19
371.0,Johnathan Williams,23.0,LAL,C,24.0,0.0,372.0,65.0,110.0,0.591,0.0,2.0,0.0,65.0,108.0,0.602,0.591,27.0,48.0,0.563,48.0,51.0,99.0,13.0,8.0,7.0,16.0,62.0,157.0,0.0,,2019,2018-19
372.0,Kosta Koufos,29.0,SAC,C,42.0,1.0,502.0,73.0,153.0,0.477,0.0,0.0,,73.0,153.0,0.477,0.477,10.0,24.0,0.417,52.0,125.0,177.0,36.0,15.0,18.0,27.0,68.0,156.0,0.0,,2019,2018-19
373.0,Jon Leuer,29.0,DET,PF,41.0,1.0,402.0,66.0,113.0,0.584,1.0,11.0,0.091,65.0,102.0,0.637,0.588,23.0,31.0,0.742,27.0,70.0,97.0,14.0,12.0,4.0,23.0,60.0,156.0,0.0,,2019,2018-19
374.0,Kyle O'Quinn,28.0,IND,C,45.0,3.0,371.0,69.0,136.0,0.507,1.0,12.0,0.083,68.0,124.0,0.548,0.511,17.0,21.0,0.81,29.0,90.0,119.0,56.0,9.0,25.0,31.0,68.0,156.0,0.0,,2019,2018-19
375.0,Markelle Fultz,20.0,PHI,SG,19.0,15.0,427.0,65.0,155.0,0.419,4.0,14.0,0.286,61.0,141.0,0.433,0.432,21.0,37.0,0.568,26.0,44.0,70.0,59.0,17.0,5.0,25.0,52.0,155.0,0.0,,2019,2018-19
376.0,Keita Bates-Diop,23.0,MIN,SF,30.0,3.0,503.0,60.0,142.0,0.423,13.0,52.0,0.25,47.0,90.0,0.522,0.468,18.0,28.0,0.643,16.0,67.0,83.0,17.0,18.0,14.0,14.0,29.0,151.0,0.0,,2019,2018-19
377.0,Nenê,36.0,HOU,C,42.0,2.0,546.0,60.0,116.0,0.517,0.0,3.0,0.0,60.0,113.0,0.531,0.517,31.0,47.0,0.66,34.0,89.0,123.0,26.0,18.0,15.0,11.0,87.0,151.0,0.0,,2019,2018-19
378.0,Corey Brewer,32.0,2TM,SF,31.0,3.0,492.0,53.0,123.0,0.431,14.0,44.0,0.318,39.0,79.0,0.494,0.488,31.0,43.0,0.721,26.0,50.0,76.0,39.0,32.0,7.0,19.0,63.0,151.0,0.0,,2019,2018-19
378.0,Corey Brewer,32.0,PHI,SF,7.0,3.0,140.0,20.0,49.0,0.408,4.0,14.0,0.286,16.0,35.0,0.457,0.449,9.0,13.0,0.692,4.0,13.0,17.0,10.0,12.0,2.0,8.0,16.0,53.0,0.0,,2019,2018-19
378.0,Corey Brewer,32.0,SAC,SF,24.0,0.0,352.0,33.0,74.0,0.446,10.0,30.0,0.333,23.0,44.0,0.523,0.514,22.0,30.0,0.733,22.0,37.0,59.0,29.0,20.0,5.0,11.0,47.0,98.0,0.0,,2019,2018-19
379.0,Gary Clark,24.0,HOU,PF,51.0,2.0,641.0,50.0,151.0,0.331,41.0,138.0,0.297,9.0,13.0,0.692,0.467,7.0,7.0,1.0,24.0,92.0,116.0,18.0,20.0,26.0,7.0,47.0,148.0,0.0,,2019,2018-19
380.0,Raymond Felton,34.0,OKC,PG,33.0,0.0,379.0,55.0,135.0,0.407,20.0,61.0,0.328,35.0,74.0,0.473,0.481,12.0,13.0,0.923,4.0,30.0,34.0,52.0,10.0,6.0,14.0,29.0,142.0,0.0,,2019,2018-19
381.0,Salah Mejri,32.0,DAL,C,36.0,4.0,399.0,55.0,112.0,0.491,11.0,34.0,0.324,44.0,78.0,0.564,0.54,20.0,32.0,0.625,36.0,95.0,131.0,35.0,10.0,26.0,21.0,55.0,141.0,0.0,,2019,2018-19
382.0,Brad Wanamaker,29.0,BOS,PG,36.0,0.0,343.0,50.0,105.0,0.476,16.0,39.0,0.41,34.0,66.0,0.515,0.552,24.0,28.0,0.857,3.0,38.0,41.0,56.0,12.0,2.0,19.0,34.0,140.0,0.0,,2019,2018-19
383.0,Ian Mahinmi,32.0,WAS,C,34.0,6.0,498.0,47.0,104.0,0.452,3.0,16.0,0.188,44.0,88.0,0.5,0.466,42.0,61.0,0.689,48.0,80.0,128.0,25.0,25.0,16.0,21.0,84.0,139.0,0.0,,2019,2018-19
384.0,Isaiah Briscoe,22.0,ORL,PG,39.0,0.0,559.0,55.0,138.0,0.399,11.0,34.0,0.324,44.0,104.0,0.423,0.438,15.0,26.0,0.577,5.0,69.0,74.0,87.0,11.0,2.0,31.0,66.0,136.0,0.0,,2019,2018-19
385.0,Courtney Lee,33.0,2TM,SG,34.0,6.0,428.0,53.0,129.0,0.411,16.0,55.0,0.291,37.0,74.0,0.5,0.473,14.0,21.0,0.667,9.0,45.0,54.0,37.0,21.0,3.0,14.0,32.0,136.0,0.0,,2019,2018-19
385.0,Courtney Lee,33.0,NYK,SG,12.0,2.0,160.0,21.0,47.0,0.447,5.0,16.0,0.313,16.0,31.0,0.516,0.5,9.0,14.0,0.643,6.0,21.0,27.0,16.0,8.0,2.0,5.0,13.0,56.0,0.0,,2019,2018-19
385.0,Courtney Lee,33.0,DAL,SG,22.0,4.0,268.0,32.0,82.0,0.39,11.0,39.0,0.282,21.0,43.0,0.488,0.457,5.0,7.0,0.714,3.0,24.0,27.0,21.0,13.0,1.0,9.0,19.0,80.0,0.0,,2019,2018-19
386.0,Dillon Brooks,23.0,MEM,SF,18.0,0.0,330.0,49.0,122.0,0.402,15.0,40.0,0.375,34.0,82.0,0.415,0.463,22.0,30.0,0.733,9.0,22.0,31.0,16.0,10.0,4.0,19.0,50.0,135.0,0.0,,2019,2018-19
387.0,Carmelo Anthony,34.0,HOU,PF,10.0,2.0,294.0,49.0,121.0,0.405,21.0,64.0,0.328,28.0,57.0,0.491,0.492,15.0,22.0,0.682,9.0,45.0,54.0,5.0,4.0,7.0,8.0,32.0,134.0,0.0,,2019,2018-19
388.0,Michael Carter-Williams,27.0,2TM,PG,28.0,1.0,372.0,46.0,123.0,0.374,10.0,38.0,0.263,36.0,85.0,0.424,0.415,32.0,53.0,0.604,19.0,51.0,70.0,70.0,20.0,15.0,20.0,48.0,134.0,0.0,,2019,2018-19
388.0,Michael Carter-Williams,27.0,HOU,PG,16.0,1.0,145.0,25.0,61.0,0.41,7.0,19.0,0.368,18.0,42.0,0.429,0.467,12.0,26.0,0.462,3.0,10.0,13.0,21.0,9.0,6.0,10.0,27.0,69.0,0.0,,2019,2018-19
388.0,Michael Carter-Williams,27.0,ORL,PG,12.0,0.0,227.0,21.0,62.0,0.339,3.0,19.0,0.158,18.0,43.0,0.419,0.363,20.0,27.0,0.741,16.0,41.0,57.0,49.0,11.0,9.0,10.0,21.0,65.0,0.0,,2019,2018-19
389.0,Svi Mykhailiuk,21.0,2TM,SF,42.0,0.0,440.0,46.0,140.0,0.329,29.0,89.0,0.326,17.0,51.0,0.333,0.432,12.0,20.0,0.6,9.0,27.0,36.0,37.0,14.0,1.0,21.0,25.0,133.0,0.0,,2019,2018-19
389.0,Svi Mykhailiuk,21.0,LAL,SF,39.0,0.0,420.0,44.0,132.0,0.333,27.0,85.0,0.318,17.0,47.0,0.362,0.436,12.0,20.0,0.6,8.0,26.0,34.0,33.0,13.0,1.0,20.0,25.0,127.0,0.0,,2019,2018-19
389.0,Svi Mykhailiuk,21.0,DET,SF,3.0,0.0,20.0,2.0,8.0,0.25,2.0,4.0,0.5,0.0,4.0,0.0,0.375,0.0,0.0,,1.0,1.0,2.0,4.0,1.0,0.0,1.0,0.0,6.0,0.0,,2019,2018-19
390.0,Donte DiVincenzo,22.0,MIL,SG,27.0,0.0,411.0,50.0,124.0,0.403,22.0,83.0,0.265,28.0,41.0,0.683,0.492,9.0,12.0,0.75,16.0,49.0,65.0,31.0,13.0,6.0,19.0,38.0,131.0,0.0,,2019,2018-19
391.0,Damian Jones,23.0,GSW,C,24.0,22.0,410.0,53.0,74.0,0.716,0.0,0.0,,53.0,74.0,0.716,0.716,24.0,37.0,0.649,31.0,44.0,75.0,28.0,12.0,25.0,16.0,63.0,130.0,0.0,,2019,2018-19
392.0,Channing Frye,35.0,CLE,C,36.0,6.0,341.0,43.0,117.0,0.368,32.0,79.0,0.405,11.0,38.0,0.289,0.504,11.0,14.0,0.786,4.0,48.0,52.0,20.0,6.0,5.0,13.0,44.0,129.0,0.0,,2019,2018-19
393.0,Wesley Johnson,31.0,2TM,SF,38.0,13.0,534.0,45.0,128.0,0.352,25.0,76.0,0.329,20.0,52.0,0.385,0.449,13.0,19.0,0.684,12.0,60.0,72.0,23.0,14.0,12.0,18.0,63.0,128.0,0.0,,2019,2018-19
393.0,Wesley Johnson,31.0,NOP,SF,26.0,13.0,377.0,35.0,88.0,0.398,19.0,50.0,0.38,16.0,38.0,0.421,0.506,6.0,9.0,0.667,10.0,44.0,54.0,16.0,12.0,7.0,12.0,45.0,95.0,0.0,,2019,2018-19
393.0,Wesley Johnson,31.0,WAS,SF,12.0,0.0,157.0,10.0,40.0,0.25,6.0,26.0,0.231,4.0,14.0,0.286,0.325,7.0,10.0,0.7,2.0,16.0,18.0,7.0,2.0,5.0,6.0,18.0,33.0,0.0,,2019,2018-19
394.0,John Jenkins,27.0,2TM,SG,26.0,0.0,333.0,42.0,105.0,0.4,22.0,58.0,0.379,20.0,47.0,0.426,0.505,15.0,18.0,0.833,6.0,31.0,37.0,22.0,0.0,2.0,9.0,10.0,121.0,0.0,,2019,2018-19
394.0,John Jenkins,27.0,WAS,SG,4.0,0.0,14.0,2.0,2.0,1.0,2.0,2.0,1.0,0.0,0.0,,1.5,0.0,0.0,,0.0,1.0,1.0,1.0,0.0,0.0,0.0,0.0,6.0,0.0,,2019,2018-19
394.0,John Jenkins,27.0,NYK,SG,22.0,0.0,319.0,40.0,103.0,0.388,20.0,56.0,0.357,20.0,47.0,0.426,0.485,15.0,18.0,0.833,6.0,30.0,36.0,21.0,0.0,2.0,9.0,10.0,115.0,0.0,,2019,2018-19
395.0,Ekpe Udoh,31.0,UTA,C,51.0,1.0,320.0,50.0,72.0,0.694,0.0,0.0,,50.0,72.0,0.694,0.694,19.0,30.0,0.633,27.0,63.0,90.0,28.0,10.0,31.0,13.0,36.0,119.0,0.0,,2019,2018-19
396.0,Pau Gasol,38.0,2TM,C,30.0,6.0,360.0,42.0,94.0,0.447,6.0,13.0,0.462,36.0,81.0,0.444,0.479,28.0,40.0,0.7,22.0,115.0,137.0,52.0,5.0,15.0,16.0,29.0,118.0,0.0,,2019,2018-19
396.0,Pau Gasol,38.0,SAS,C,27.0,6.0,330.0,41.0,88.0,0.466,5.0,10.0,0.5,36.0,78.0,0.462,0.494,27.0,38.0,0.711,22.0,105.0,127.0,50.0,5.0,14.0,14.0,28.0,114.0,0.0,,2019,2018-19
396.0,Pau Gasol,38.0,MIL,C,3.0,0.0,30.0,1.0,6.0,0.167,1.0,3.0,0.333,0.0,3.0,0.0,0.25,1.0,2.0,0.5,0.0,10.0,10.0,2.0,0.0,1.0,2.0,1.0,4.0,0.0,,2019,2018-19
397.0,Dwight Howard,33.0,WAS,C,9.0,9.0,230.0,43.0,69.0,0.623,0.0,0.0,,43.0,69.0,0.623,0.623,29.0,48.0,0.604,24.0,59.0,83.0,4.0,7.0,4.0,16.0,34.0,115.0,0.0,,2019,2018-19
398.0,Jarell Martin,24.0,ORL,PF,42.0,1.0,328.0,43.0,104.0,0.413,20.0,57.0,0.351,23.0,47.0,0.489,0.51,9.0,11.0,0.818,11.0,62.0,73.0,18.0,3.0,8.0,11.0,51.0,115.0,0.0,,2019,2018-19
399.0,Jaron Blossomgame,25.0,CLE,SF,27.0,4.0,439.0,47.0,106.0,0.443,10.0,39.0,0.256,37.0,67.0,0.552,0.491,10.0,13.0,0.769,26.0,72.0,98.0,13.0,7.0,8.0,11.0,20.0,114.0,0.0,,2019,2018-19
400.0,Henry Ellenson,22.0,2TM,PF,19.0,0.0,259.0,39.0,95.0,0.411,17.0,38.0,0.447,22.0,57.0,0.386,0.5,19.0,25.0,0.76,5.0,61.0,66.0,16.0,7.0,2.0,9.0,27.0,114.0,0.0,,2019,2018-19
400.0,Henry Ellenson,22.0,DET,PF,2.0,0.0,25.0,4.0,10.0,0.4,2.0,4.0,0.5,2.0,6.0,0.333,0.5,2.0,2.0,1.0,0.0,9.0,9.0,1.0,0.0,0.0,0.0,2.0,12.0,0.0,,2019,2018-19
400.0,Henry Ellenson,22.0,NYK,PF,17.0,0.0,234.0,35.0,85.0,0.412,15.0,34.0,0.441,20.0,51.0,0.392,0.5,17.0,23.0,0.739,5.0,52.0,57.0,15.0,7.0,2.0,9.0,25.0,102.0,0.0,,2019,2018-19
401.0,José Calderón,37.0,DET,PG,49.0,0.0,632.0,45.0,120.0,0.375,14.0,57.0,0.246,31.0,63.0,0.492,0.433,9.0,11.0,0.818,11.0,49.0,60.0,115.0,16.0,3.0,35.0,64.0,113.0,0.0,,2019,2018-19
402.0,Jerome Robinson,21.0,LAC,SG,33.0,0.0,320.0,44.0,110.0,0.4,18.0,57.0,0.316,26.0,53.0,0.491,0.482,6.0,9.0,0.667,3.0,38.0,41.0,19.0,11.0,3.0,13.0,46.0,112.0,0.0,,2019,2018-19
403.0,Troy Williams,24.0,SAC,SF,21.0,0.0,312.0,44.0,98.0,0.449,14.0,44.0,0.318,30.0,54.0,0.556,0.52,9.0,15.0,0.6,12.0,47.0,59.0,11.0,10.0,8.0,9.0,37.0,111.0,0.0,,2019,2018-19
404.0,Jaylen Adams,22.0,ATL,PG,34.0,1.0,428.0,38.0,110.0,0.345,25.0,74.0,0.338,13.0,36.0,0.361,0.459,7.0,9.0,0.778,11.0,49.0,60.0,65.0,14.0,5.0,28.0,45.0,108.0,0.0,,2019,2018-19
405.0,Alex Poythress,25.0,ATL,PF,21.0,1.0,305.0,40.0,81.0,0.494,9.0,23.0,0.391,31.0,58.0,0.534,0.549,18.0,29.0,0.621,29.0,47.0,76.0,17.0,4.0,10.0,13.0,47.0,107.0,0.0,,2019,2018-19
406.0,Johnathan Motley,23.0,LAC,PF,22.0,0.0,156.0,39.0,73.0,0.534,0.0,3.0,0.0,39.0,70.0,0.557,0.534,24.0,40.0,0.6,18.0,33.0,51.0,11.0,5.0,3.0,16.0,27.0,102.0,0.0,,2019,2018-19
407.0,Quincy Pondexter,30.0,SAS,SF,53.0,0.0,292.0,29.0,58.0,0.5,6.0,18.0,0.333,23.0,40.0,0.575,0.552,34.0,42.0,0.81,8.0,38.0,46.0,24.0,11.0,1.0,13.0,24.0,98.0,0.0,,2019,2018-19
408.0,Isaiah Thomas,29.0,DEN,SG,12.0,0.0,181.0,34.0,99.0,0.343,12.0,43.0,0.279,22.0,56.0,0.393,0.404,17.0,27.0,0.63,5.0,8.0,13.0,23.0,5.0,1.0,18.0,17.0,97.0,0.0,,2019,2018-19
409.0,Cameron Reynolds,23.0,MIN,SG,19.0,0.0,259.0,33.0,78.0,0.423,21.0,51.0,0.412,12.0,27.0,0.444,0.558,8.0,9.0,0.889,4.0,27.0,31.0,13.0,6.0,2.0,5.0,26.0,95.0,0.0,,2019,2018-19
410.0,Guerschon Yabusele,23.0,BOS,PF,41.0,1.0,251.0,35.0,77.0,0.455,9.0,28.0,0.321,26.0,49.0,0.531,0.513,15.0,22.0,0.682,23.0,30.0,53.0,15.0,8.0,7.0,15.0,32.0,94.0,0.0,,2019,2018-19
411.0,Chris Boucher,26.0,TOR,PF,28.0,0.0,163.0,34.0,76.0,0.447,12.0,37.0,0.324,22.0,39.0,0.564,0.526,13.0,15.0,0.867,16.0,40.0,56.0,2.0,6.0,24.0,7.0,31.0,93.0,0.0,,2019,2018-19
412.0,Shake Milton,22.0,PHI,SG,20.0,0.0,268.0,34.0,87.0,0.391,14.0,44.0,0.318,20.0,43.0,0.465,0.471,5.0,7.0,0.714,9.0,26.0,35.0,18.0,8.0,8.0,6.0,29.0,87.0,0.0,,2019,2018-19
413.0,Walt Lemon Jr.,26.0,CHI,PG,6.0,3.0,167.0,38.0,87.0,0.437,2.0,5.0,0.4,36.0,82.0,0.439,0.448,8.0,11.0,0.727,4.0,23.0,27.0,30.0,11.0,1.0,10.0,14.0,86.0,0.0,,2019,2018-19
414.0,Deonte Burton,25.0,OKC,SG,32.0,0.0,240.0,33.0,82.0,0.402,8.0,27.0,0.296,25.0,55.0,0.455,0.451,8.0,12.0,0.667,4.0,24.0,28.0,9.0,6.0,8.0,9.0,31.0,82.0,0.0,,2019,2018-19
415.0,Jalen Jones,25.0,CLE,SF,16.0,0.0,214.0,26.0,62.0,0.419,10.0,28.0,0.357,16.0,34.0,0.471,0.5,19.0,27.0,0.704,11.0,23.0,34.0,7.0,9.0,2.0,8.0,27.0,81.0,0.0,,2019,2018-19
416.0,Theo Pinson,23.0,BRK,SG,18.0,0.0,211.0,25.0,73.0,0.342,12.0,46.0,0.261,13.0,27.0,0.481,0.425,19.0,22.0,0.864,4.0,32.0,36.0,21.0,6.0,0.0,18.0,15.0,81.0,0.0,,2019,2018-19
417.0,Robert Williams,21.0,BOS,C,32.0,2.0,283.0,36.0,51.0,0.706,0.0,0.0,,36.0,51.0,0.706,0.706,9.0,15.0,0.6,27.0,54.0,81.0,7.0,9.0,40.0,10.0,36.0,81.0,0.0,,2019,2018-19
418.0,Miles Plumlee,30.0,ATL,C,18.0,0.0,173.0,32.0,48.0,0.667,0.0,0.0,,32.0,48.0,0.667,0.667,16.0,30.0,0.533,16.0,23.0,39.0,17.0,6.0,4.0,10.0,14.0,80.0,0.0,,2019,2018-19
419.0,JaKarr Sampson,25.0,CHI,SF,4.0,0.0,127.0,29.0,54.0,0.537,5.0,14.0,0.357,24.0,40.0,0.6,0.583,17.0,21.0,0.81,5.0,27.0,32.0,4.0,4.0,3.0,4.0,8.0,80.0,0.0,,2019,2018-19
420.0,John Henson,28.0,MIL,C,14.0,0.0,188.0,31.0,67.0,0.463,11.0,31.0,0.355,20.0,36.0,0.556,0.545,6.0,10.0,0.6,16.0,55.0,71.0,14.0,7.0,11.0,12.0,16.0,79.0,0.0,,2019,2018-19
421.0,Ben McLemore,25.0,SAC,SG,19.0,0.0,158.0,25.0,64.0,0.391,17.0,41.0,0.415,8.0,23.0,0.348,0.523,8.0,12.0,0.667,3.0,14.0,17.0,4.0,6.0,3.0,5.0,22.0,75.0,0.0,,2019,2018-19
422.0,Anfernee Simons,19.0,POR,SG,20.0,1.0,141.0,28.0,63.0,0.444,10.0,29.0,0.345,18.0,34.0,0.529,0.524,9.0,16.0,0.563,3.0,10.0,13.0,13.0,1.0,0.0,11.0,9.0,75.0,0.0,,2019,2018-19
423.0,J.R. Smith,33.0,CLE,SG,11.0,4.0,222.0,27.0,79.0,0.342,12.0,39.0,0.308,15.0,40.0,0.375,0.418,8.0,10.0,0.8,0.0,18.0,18.0,21.0,11.0,3.0,11.0,19.0,74.0,0.0,,2019,2018-19
424.0,Patrick McCaw,23.0,2TM,SG,29.0,1.0,397.0,26.0,63.0,0.413,9.0,28.0,0.321,17.0,35.0,0.486,0.484,13.0,15.0,0.867,7.0,41.0,48.0,29.0,23.0,2.0,17.0,38.0,74.0,0.0,,2019,2018-19
424.0,Patrick McCaw,23.0,CLE,SG,3.0,0.0,53.0,2.0,9.0,0.222,1.0,4.0,0.25,1.0,5.0,0.2,0.278,0.0,0.0,,0.0,3.0,3.0,2.0,2.0,0.0,3.0,1.0,5.0,0.0,,2019,2018-19
424.0,Patrick McCaw,23.0,TOR,SG,26.0,1.0,344.0,24.0,54.0,0.444,8.0,24.0,0.333,16.0,30.0,0.533,0.519,13.0,15.0,0.867,7.0,38.0,45.0,27.0,21.0,2.0,14.0,37.0,69.0,0.0,,2019,2018-19
425.0,Brandon Sampson,21.0,CHI,SG,14.0,2.0,214.0,28.0,60.0,0.467,11.0,29.0,0.379,17.0,31.0,0.548,0.558,4.0,6.0,0.667,3.0,13.0,16.0,10.0,8.0,3.0,12.0,19.0,71.0,0.0,,2019,2018-19
426.0,Skal Labissière,22.0,2TM,PF,22.0,1.0,176.0,26.0,49.0,0.531,6.0,13.0,0.462,20.0,36.0,0.556,0.592,9.0,17.0,0.529,9.0,34.0,43.0,11.0,5.0,6.0,11.0,29.0,67.0,0.0,,2019,2018-19
426.0,Skal Labissière,22.0,SAC,PF,13.0,0.0,113.0,13.0,30.0,0.433,4.0,11.0,0.364,9.0,19.0,0.474,0.5,6.0,11.0,0.545,4.0,20.0,24.0,6.0,2.0,3.0,7.0,21.0,36.0,0.0,,2019,2018-19
426.0,Skal Labissière,22.0,POR,PF,9.0,1.0,63.0,13.0,19.0,0.684,2.0,2.0,1.0,11.0,17.0,0.647,0.737,3.0,6.0,0.5,5.0,14.0,19.0,5.0,3.0,3.0,4.0,8.0,31.0,0.0,,2019,2018-19
427.0,Edmond Sumner,23.0,IND,PG,23.0,2.0,210.0,22.0,64.0,0.344,7.0,27.0,0.259,15.0,37.0,0.405,0.398,15.0,24.0,0.625,9.0,15.0,24.0,10.0,12.0,5.0,10.0,26.0,66.0,0.0,,2019,2018-19
428.0,Jason Smith,32.0,3TM,C,20.0,1.0,190.0,21.0,59.0,0.356,9.0,26.0,0.346,12.0,33.0,0.364,0.432,14.0,16.0,0.875,16.0,36.0,52.0,14.0,3.0,7.0,13.0,30.0,65.0,0.0,,2019,2018-19
428.0,Jason Smith,32.0,WAS,C,12.0,1.0,130.0,15.0,37.0,0.405,4.0,10.0,0.4,11.0,27.0,0.407,0.459,10.0,12.0,0.833,11.0,26.0,37.0,12.0,1.0,5.0,7.0,21.0,44.0,0.0,,2019,2018-19
428.0,Jason Smith,32.0,MIL,PF,6.0,0.0,40.0,4.0,13.0,0.308,3.0,9.0,0.333,1.0,4.0,0.25,0.423,2.0,2.0,1.0,3.0,8.0,11.0,1.0,2.0,2.0,5.0,6.0,13.0,0.0,,2019,2018-19
428.0,Jason Smith,32.0,NOP,C,2.0,0.0,20.0,2.0,9.0,0.222,2.0,7.0,0.286,0.0,2.0,0.0,0.333,2.0,2.0,1.0,2.0,2.0,4.0,1.0,0.0,0.0,1.0,3.0,8.0,0.0,,2019,2018-19
429.0,Ryan Anderson,30.0,2TM,PF,25.0,8.0,322.0,21.0,69.0,0.304,9.0,40.0,0.225,12.0,29.0,0.414,0.37,12.0,16.0,0.75,18.0,36.0,54.0,19.0,4.0,1.0,14.0,25.0,63.0,0.0,,2019,2018-19
429.0,Ryan Anderson,30.0,PHO,PF,15.0,8.0,278.0,19.0,60.0,0.317,7.0,34.0,0.206,12.0,26.0,0.462,0.375,11.0,14.0,0.786,14.0,31.0,45.0,17.0,3.0,1.0,12.0,23.0,56.0,0.0,,2019,2018-19
429.0,Ryan Anderson,30.0,MIA,PF,10.0,0.0,44.0,2.0,9.0,0.222,2.0,6.0,0.333,0.0,3.0,0.0,0.333,1.0,2.0,0.5,4.0,5.0,9.0,2.0,1.0,0.0,2.0,2.0,7.0,0.0,,2019,2018-19
430.0,Sindarius Thornwell,24.0,LAC,SG,64.0,1.0,313.0,17.0,49.0,0.347,3.0,15.0,0.2,14.0,34.0,0.412,0.378,25.0,34.0,0.735,5.0,39.0,44.0,18.0,14.0,7.0,20.0,41.0,62.0,0.0,,2019,2018-19
431.0,Khyri Thomas,22.0,DET,SG,26.0,0.0,195.0,22.0,69.0,0.319,10.0,35.0,0.286,12.0,34.0,0.353,0.391,7.0,11.0,0.636,4.0,16.0,20.0,8.0,7.0,5.0,4.0,22.0,61.0,0.0,,2019,2018-19
432.0,Daniel Hamilton,23.0,ATL,SG,19.0,3.0,204.0,23.0,60.0,0.383,8.0,23.0,0.348,15.0,37.0,0.405,0.45,3.0,6.0,0.5,10.0,37.0,47.0,22.0,6.0,1.0,16.0,19.0,57.0,0.0,,2019,2018-19
433.0,Lorenzo Brown,28.0,TOR,PG,26.0,0.0,212.0,23.0,71.0,0.324,6.0,28.0,0.214,17.0,43.0,0.395,0.366,3.0,3.0,1.0,5.0,26.0,31.0,28.0,12.0,5.0,16.0,22.0,55.0,0.0,,2019,2018-19
434.0,Ray Spalding,21.0,2TM,PF,14.0,3.0,148.0,25.0,47.0,0.532,0.0,3.0,0.0,25.0,44.0,0.568,0.532,4.0,12.0,0.333,15.0,33.0,48.0,5.0,9.0,8.0,9.0,23.0,54.0,0.0,,2019,2018-19
434.0,Ray Spalding,21.0,DAL,PF,1.0,0.0,1.0,0.0,0.0,,0.0,0.0,,0.0,0.0,,,0.0,0.0,,0.0,0.0,0.0,0.0,0.0,0.0,0.0,0.0,0.0,0.0,,2019,2018-19
434.0,Ray Spalding,21.0,PHO,PF,13.0,3.0,147.0,25.0,47.0,0.532,0.0,3.0,0.0,25.0,44.0,0.568,0.532,4.0,12.0,0.333,15.0,33.0,48.0,5.0,9.0,8.0,9.0,23.0,54.0,0.0,,2019,2018-19
435.0,Andrew Harrison,24.0,3TM,PG,17.0,0.0,187.0,16.0,53.0,0.302,5.0,25.0,0.2,11.0,28.0,0.393,0.349,17.0,18.0,0.944,6.0,14.0,20.0,24.0,4.0,2.0,12.0,34.0,54.0,0.0,,2019,2018-19
435.0,Andrew Harrison,24.0,MEM,PG,1.0,0.0,5.0,1.0,2.0,0.5,0.0,1.0,0.0,1.0,1.0,1.0,0.5,0.0,0.0,,0.0,0.0,0.0,0.0,0.0,0.0,0.0,1.0,2.0,0.0,,2019,2018-19
435.0,Andrew Harrison,24.0,CLE,PG,10.0,0.0,144.0,12.0,39.0,0.308,3.0,14.0,0.214,9.0,25.0,0.36,0.346,16.0,16.0,1.0,4.0,11.0,15.0,17.0,4.0,2.0,10.0,26.0,43.0,0.0,,2019,2018-19
435.0,Andrew Harrison,24.0,NOP,PG,6.0,0.0,38.0,3.0,12.0,0.25,2.0,10.0,0.2,1.0,2.0,0.5,0.333,1.0,2.0,0.5,2.0,3.0,5.0,7.0,0.0,0.0,2.0,7.0,9.0,0.0,,2019,2018-19
436.0,Isaiah Hartenstein,20.0,HOU,PF,28.0,0.0,221.0,20.0,41.0,0.488,2.0,6.0,0.333,18.0,35.0,0.514,0.512,11.0,14.0,0.786,21.0,26.0,47.0,15.0,7.0,12.0,13.0,56.0,53.0,0.0,,2019,2018-19
437.0,Jodie Meeks,31.0,TOR,SG,8.0,0.0,104.0,21.0,39.0,0.538,8.0,18.0,0.444,13.0,21.0,0.619,0.641,1.0,1.0,1.0,1.0,11.0,12.0,8.0,1.0,1.0,2.0,5.0,51.0,0.0,,2019,2018-19
438.0,Chimezie Metu,21.0,SAS,PF,29.0,0.0,145.0,19.0,58.0,0.328,0.0,2.0,0.0,19.0,56.0,0.339,0.328,13.0,17.0,0.765,9.0,27.0,36.0,13.0,6.0,2.0,15.0,14.0,51.0,0.0,,2019,2018-19
439.0,Duncan Robinson,24.0,MIA,SF,15.0,1.0,161.0,18.0,46.0,0.391,10.0,35.0,0.286,8.0,11.0,0.727,0.5,4.0,6.0,0.667,2.0,17.0,19.0,5.0,5.0,0.0,4.0,11.0,50.0,0.0,,2019,2018-19
440.0,Miloš Teodosić,31.0,LAC,PG,15.0,0.0,150.0,17.0,40.0,0.425,10.0,27.0,0.37,7.0,13.0,0.538,0.55,4.0,7.0,0.571,3.0,13.0,16.0,32.0,3.0,1.0,21.0,27.0,48.0,0.0,,2019,2018-19
441.0,Devin Robinson,23.0,WAS,SF,7.0,0.0,95.0,19.0,32.0,0.594,0.0,2.0,0.0,19.0,30.0,0.633,0.594,9.0,14.0,0.643,6.0,14.0,20.0,6.0,4.0,6.0,2.0,11.0,47.0,0.0,,2019,2018-19
442.0,Marcus Derrickson,22.0,GSW,PF,11.0,0.0,67.0,16.0,33.0,0.485,10.0,20.0,0.5,6.0,13.0,0.462,0.636,4.0,5.0,0.8,8.0,5.0,13.0,1.0,0.0,1.0,3.0,9.0,46.0,0.0,,2019,2018-19
443.0,Tyler Zeller,29.0,2TM,C,6.0,1.0,93.0,16.0,30.0,0.533,0.0,1.0,0.0,16.0,29.0,0.552,0.533,14.0,18.0,0.778,11.0,13.0,24.0,4.0,1.0,3.0,4.0,20.0,46.0,0.0,,2019,2018-19
443.0,Tyler Zeller,29.0,ATL,C,2.0,0.0,11.0,0.0,2.0,0.0,0.0,1.0,0.0,0.0,1.0,0.0,0.0,0.0,0.0,,2.0,4.0,6.0,1.0,0.0,0.0,0.0,4.0,0.0,0.0,,2019,2018-19
443.0,Tyler Zeller,29.0,MEM,C,4.0,1.0,82.0,16.0,28.0,0.571,0.0,0.0,,16.0,28.0,0.571,0.571,14.0,18.0,0.778,9.0,9.0,18.0,3.0,1.0,3.0,4.0,16.0,46.0,0.0,,2019,2018-19
444.0,Lonnie Walker IV,20.0,SAS,SG,17.0,0.0,118.0,16.0,46.0,0.348,5.0,13.0,0.385,11.0,33.0,0.333,0.402,8.0,10.0,0.8,0.0,17.0,17.0,9.0,7.0,3.0,4.0,7.0,45.0,0.0,,2019,2018-19
445.0,Caleb Swanigan,21.0,2TM,PF,21.0,0.0,178.0,18.0,53.0,0.34,1.0,7.0,0.143,17.0,46.0,0.37,0.349,6.0,9.0,0.667,17.0,47.0,64.0,11.0,6.0,1.0,18.0,28.0,43.0,0.0,,2019,2018-19
445.0,Caleb Swanigan,21.0,POR,PF,18.0,0.0,145.0,14.0,44.0,0.318,1.0,5.0,0.2,13.0,39.0,0.333,0.33,6.0,7.0,0.857,13.0,39.0,52.0,7.0,4.0,0.0,16.0,22.0,35.0,0.0,,2019,2018-19
445.0,Caleb Swanigan,21.0,SAC,PF,3.0,0.0,33.0,4.0,9.0,0.444,0.0,2.0,0.0,4.0,7.0,0.571,0.444,0.0,2.0,0.0,4.0,8.0,12.0,4.0,2.0,1.0,2.0,6.0,8.0,0.0,,2019,2018-19
446.0,Drew Eubanks,21.0,SAS,PF,23.0,0.0,113.0,15.0,26.0,0.577,0.0,0.0,,15.0,26.0,0.577,0.577,11.0,13.0,0.846,6.0,28.0,34.0,7.0,2.0,5.0,8.0,11.0,41.0,0.0,,2019,2018-19
447.0,Jacob Evans,21.0,GSW,SG,30.0,1.0,204.0,18.0,53.0,0.34,4.0,15.0,0.267,14.0,38.0,0.368,0.377,0.0,1.0,0.0,6.0,19.0,25.0,23.0,5.0,3.0,11.0,28.0,40.0,0.0,,2019,2018-19
448.0,Zhaire Smith,19.0,PHI,SG,6.0,2.0,111.0,14.0,34.0,0.412,6.0,16.0,0.375,8.0,18.0,0.444,0.5,6.0,8.0,0.75,3.0,10.0,13.0,10.0,2.0,2.0,6.0,8.0,40.0,0.0,,2019,2018-19
449.0,Gary Trent Jr.,20.0,POR,SG,15.0,1.0,111.0,16.0,50.0,0.32,5.0,21.0,0.238,11.0,29.0,0.379,0.37,3.0,7.0,0.429,1.0,10.0,11.0,5.0,1.0,2.0,4.0,4.0,40.0,0.0,,2019,2018-19
450.0,Julian Washburn,27.0,MEM,SF,18.0,3.0,254.0,16.0,48.0,0.333,5.0,24.0,0.208,11.0,24.0,0.458,0.385,3.0,4.0,0.75,8.0,33.0,41.0,14.0,13.0,2.0,7.0,16.0,40.0,0.0,,2019,2018-19
451.0,Andrew Bogut,34.0,GSW,C,11.0,5.0,134.0,18.0,36.0,0.5,0.0,0.0,,18.0,36.0,0.5,0.5,3.0,3.0,1.0,12.0,43.0,55.0,11.0,3.0,8.0,8.0,22.0,39.0,0.0,,2019,2018-19
452.0,Bonzie Colson,23.0,MIL,SF,8.0,2.0,98.0,13.0,39.0,0.333,5.0,21.0,0.238,8.0,18.0,0.444,0.397,8.0,9.0,0.889,8.0,22.0,30.0,3.0,5.0,1.0,3.0,3.0,39.0,0.0,,2019,2018-19
453.0,Yuta Watanabe,24.0,MEM,SF,15.0,0.0,174.0,15.0,51.0,0.294,2.0,16.0,0.125,13.0,35.0,0.371,0.314,7.0,10.0,0.7,4.0,27.0,31.0,8.0,4.0,1.0,6.0,11.0,39.0,0.0,,2019,2018-19
454.0,C.J. Williams,28.0,MIN,SG,15.0,0.0,128.0,17.0,35.0,0.486,5.0,16.0,0.313,12.0,19.0,0.632,0.557,0.0,1.0,0.0,1.0,7.0,8.0,12.0,6.0,0.0,5.0,16.0,39.0,0.0,,2019,2018-19
455.0,Rawle Alkins,21.0,CHI,SG,10.0,1.0,120.0,13.0,39.0,0.333,3.0,12.0,0.25,10.0,27.0,0.37,0.372,8.0,12.0,0.667,11.0,15.0,26.0,13.0,1.0,0.0,8.0,7.0,37.0,0.0,,2019,2018-19
456.0,Deyonta Davis,22.0,ATL,C,9.0,0.0,118.0,15.0,22.0,0.682,0.0,1.0,0.0,15.0,21.0,0.714,0.682,6.0,10.0,0.6,10.0,26.0,36.0,5.0,3.0,5.0,3.0,12.0,36.0,0.0,,2019,2018-19
457.0,James Nunnally,28.0,2TM,SF,15.0,0.0,102.0,12.0,34.0,0.353,8.0,25.0,0.32,4.0,9.0,0.444,0.471,4.0,4.0,1.0,0.0,5.0,5.0,7.0,1.0,0.0,1.0,10.0,36.0,0.0,,2019,2018-19
457.0,James Nunnally,28.0,MIN,SF,13.0,0.0,64.0,9.0,21.0,0.429,5.0,13.0,0.385,4.0,8.0,0.5,0.548,4.0,4.0,1.0,0.0,4.0,4.0,5.0,1.0,0.0,1.0,4.0,27.0,0.0,,2019,2018-19
457.0,James Nunnally,28.0,HOU,SF,2.0,0.0,38.0,3.0,13.0,0.231,3.0,12.0,0.25,0.0,1.0,0.0,0.346,0.0,0.0,,0.0,1.0,1.0,2.0,0.0,0.0,0.0,6.0,9.0,0.0,,2019,2018-19
458.0,Malcolm Miller,25.0,TOR,SF,10.0,0.0,67.0,11.0,26.0,0.423,10.0,21.0,0.476,1.0,5.0,0.2,0.615,3.0,4.0,0.75,1.0,4.0,5.0,1.0,1.0,1.0,1.0,5.0,35.0,0.0,,2019,2018-19
459.0,Dairis Bertāns,29.0,NOP,SG,12.0,0.0,167.0,12.0,47.0,0.255,10.0,34.0,0.294,2.0,13.0,0.154,0.362,0.0,0.0,,2.0,7.0,9.0,10.0,1.0,0.0,2.0,7.0,34.0,0.0,,2019,2018-19
460.0,Deng Adel,21.0,CLE,SF,19.0,3.0,194.0,11.0,36.0,0.306,6.0,23.0,0.261,5.0,13.0,0.385,0.389,4.0,4.0,1.0,3.0,16.0,19.0,5.0,1.0,4.0,6.0,13.0,32.0,0.0,,2019,2018-19
461.0,Jared Terrell,23.0,MIN,SG,14.0,0.0,111.0,12.0,39.0,0.308,4.0,17.0,0.235,8.0,22.0,0.364,0.359,3.0,6.0,0.5,1.0,5.0,6.0,12.0,3.0,2.0,10.0,16.0,31.0,0.0,,2019,2018-19
462.0,Wade Baldwin,22.0,POR,PG,16.0,0.0,94.0,10.0,33.0,0.303,2.0,9.0,0.222,8.0,24.0,0.333,0.333,8.0,11.0,0.727,2.0,13.0,15.0,12.0,1.0,2.0,14.0,11.0,30.0,0.0,,2019,2018-19
463.0,Malachi Richardson,23.0,TOR,SG,22.0,0.0,103.0,9.0,29.0,0.31,8.0,25.0,0.32,1.0,4.0,0.25,0.448,4.0,5.0,0.8,2.0,11.0,13.0,0.0,1.0,0.0,8.0,13.0,30.0,0.0,,2019,2018-19
464.0,Jordan Loyd,25.0,TOR,PG,12.0,0.0,55.0,8.0,18.0,0.444,4.0,8.0,0.5,4.0,10.0,0.4,0.556,9.0,11.0,0.818,1.0,8.0,9.0,6.0,0.0,0.0,2.0,5.0,29.0,0.0,,2019,2018-19
465.0,Daryl Macon,23.0,DAL,SG,8.0,0.0,90.0,10.0,27.0,0.37,5.0,11.0,0.455,5.0,16.0,0.313,0.463,4.0,7.0,0.571,2.0,10.0,12.0,7.0,1.0,0.0,6.0,8.0,29.0,0.0,,2019,2018-19
466.0,Amile Jefferson,25.0,ORL,PF,12.0,0.0,68.0,10.0,16.0,0.625,0.0,0.0,,10.0,16.0,0.625,0.625,7.0,8.0,0.875,6.0,15.0,21.0,3.0,3.0,3.0,1.0,8.0,27.0,0.0,,2019,2018-19
467.0,Jemerrio Jones,23.0,LAL,SF,6.0,2.0,143.0,12.0,33.0,0.364,2.0,10.0,0.2,10.0,23.0,0.435,0.394,1.0,2.0,0.5,16.0,33.0,49.0,13.0,7.0,5.0,5.0,10.0,27.0,0.0,,2019,2018-19
468.0,Billy Garrett,24.0,NYK,SG,4.0,0.0,63.0,11.0,27.0,0.407,0.0,8.0,0.0,11.0,19.0,0.579,0.407,4.0,4.0,1.0,0.0,3.0,3.0,7.0,1.0,1.0,2.0,3.0,26.0,0.0,,2019,2018-19
469.0,Udonis Haslem,38.0,MIA,C,10.0,1.0,74.0,11.0,33.0,0.333,0.0,12.0,0.0,11.0,21.0,0.524,0.333,3.0,4.0,0.75,3.0,24.0,27.0,2.0,0.0,0.0,3.0,9.0,25.0,0.0,,2019,2018-19
470.0,Jarred Vanderbilt,19.0,DEN,PF,17.0,0.0,69.0,9.0,19.0,0.474,0.0,1.0,0.0,9.0,18.0,0.5,0.474,6.0,10.0,0.6,7.0,16.0,23.0,3.0,6.0,1.0,8.0,8.0,24.0,0.0,,2019,2018-19
471.0,Brandon Goodwin,23.0,DEN,PG,16.0,0.0,57.0,6.0,23.0,0.261,2.0,6.0,0.333,4.0,17.0,0.235,0.304,9.0,11.0,0.818,1.0,2.0,3.0,14.0,0.0,0.0,3.0,7.0,23.0,0.0,,2019,2018-19
472.0,Tyler Lydon,22.0,DEN,PF,25.0,0.0,94.0,9.0,18.0,0.5,4.0,10.0,0.4,5.0,8.0,0.625,0.611,1.0,3.0,0.333,7.0,11.0,18.0,6.0,2.0,0.0,4.0,10.0,23.0,0.0,,2019,2018-19
473.0,B.J. Johnson,23.0,2TM,SF,7.0,0.0,49.0,9.0,18.0,0.5,3.0,7.0,0.429,6.0,11.0,0.545,0.583,2.0,2.0,1.0,2.0,6.0,8.0,0.0,2.0,0.0,2.0,4.0,23.0,0.0,,2019,2018-19
473.0,B.J. Johnson,23.0,ATL,SF,6.0,0.0,43.0,8.0,16.0,0.5,3.0,6.0,0.5,5.0,10.0,0.5,0.594,2.0,2.0,1.0,2.0,6.0,8.0,0.0,2.0,0.0,2.0,3.0,21.0,0.0,,2019,2018-19
473.0,B.J. Johnson,23.0,SAC,SF,1.0,0.0,6.0,1.0,2.0,0.5,0.0,1.0,0.0,1.0,1.0,1.0,0.5,0.0,0.0,,0.0,0.0,0.0,0.0,0.0,0.0,0.0,1.0,2.0,0.0,,2019,2018-19
474.0,Jimmer Fredette,29.0,PHO,SG,6.0,0.0,65.0,8.0,29.0,0.276,0.0,13.0,0.0,8.0,16.0,0.5,0.276,6.0,6.0,1.0,1.0,6.0,7.0,8.0,3.0,0.0,5.0,5.0,22.0,0.0,,2019,2018-19
475.0,Demetrius Jackson,24.0,PHI,PG,6.0,0.0,39.0,8.0,15.0,0.533,2.0,6.0,0.333,6.0,9.0,0.667,0.6,4.0,4.0,1.0,2.0,1.0,3.0,5.0,2.0,0.0,1.0,4.0,22.0,0.0,,2019,2018-19
476.0,Mitch Creek,26.0,2TM,SF,5.0,0.0,48.0,8.0,16.0,0.5,0.0,2.0,0.0,8.0,14.0,0.571,0.5,5.0,7.0,0.714,6.0,6.0,12.0,6.0,2.0,0.0,1.0,3.0,21.0,0.0,,2019,2018-19
476.0,Mitch Creek,26.0,BRK,SF,4.0,0.0,36.0,5.0,10.0,0.5,0.0,1.0,0.0,5.0,9.0,0.556,0.5,5.0,7.0,0.714,5.0,5.0,10.0,5.0,1.0,0.0,0.0,3.0,15.0,0.0,,2019,2018-19
476.0,Mitch Creek,26.0,MIN,SF,1.0,0.0,12.0,3.0,6.0,0.5,0.0,1.0,0.0,3.0,5.0,0.6,0.5,0.0,0.0,,1.0,1.0,2.0,1.0,1.0,0.0,1.0,0.0,6.0,0.0,,2019,2018-19
477.0,Luc Mbah a Moute,32.0,LAC,PF,4.0,0.0,61.0,8.0,18.0,0.444,2.0,6.0,0.333,6.0,12.0,0.5,0.5,2.0,5.0,0.4,2.0,5.0,7.0,2.0,1.0,1.0,2.0,8.0,20.0,0.0,,2019,2018-19
478.0,Isaac Bonga,19.0,LAL,PG,22.0,0.0,120.0,5.0,33.0,0.152,0.0,8.0,0.0,5.0,25.0,0.2,0.152,9.0,15.0,0.6,9.0,16.0,25.0,15.0,9.0,4.0,6.0,9.0,19.0,0.0,,2019,2018-19
479.0,PJ Dozier,22.0,BOS,SG,6.0,0.0,51.0,8.0,21.0,0.381,2.0,8.0,0.25,6.0,13.0,0.462,0.429,1.0,2.0,0.5,6.0,11.0,17.0,5.0,2.0,0.0,0.0,2.0,19.0,0.0,,2019,2018-19
480.0,Džanan Musa,19.0,BRK,SG,9.0,0.0,39.0,9.0,22.0,0.409,1.0,10.0,0.1,8.0,12.0,0.667,0.432,0.0,2.0,0.0,1.0,4.0,5.0,2.0,2.0,0.0,4.0,1.0,19.0,0.0,,2019,2018-19
481.0,Thomas Welsh,22.0,DEN,C,11.0,0.0,36.0,7.0,13.0,0.538,3.0,7.0,0.429,4.0,6.0,0.667,0.654,1.0,2.0,0.5,0.0,4.0,4.0,5.0,0.0,0.0,1.0,3.0,18.0,0.0,,2019,2018-19
482.0,Alan Williams,26.0,BRK,PF,5.0,0.0,26.0,8.0,13.0,0.615,0.0,1.0,0.0,8.0,12.0,0.667,0.615,2.0,4.0,0.5,4.0,15.0,19.0,3.0,1.0,0.0,1.0,2.0,18.0,0.0,,2019,2018-19
483.0,Quincy Acy,28.0,PHO,PF,10.0,0.0,123.0,4.0,18.0,0.222,2.0,15.0,0.133,2.0,3.0,0.667,0.278,7.0,10.0,0.7,3.0,22.0,25.0,8.0,1.0,4.0,4.0,24.0,17.0,0.0,,2019,2018-19
484.0,Tony Bradley,21.0,UTA,C,3.0,0.0,36.0,8.0,16.0,0.5,0.0,0.0,,8.0,16.0,0.5,0.5,1.0,2.0,0.5,9.0,6.0,15.0,1.0,2.0,2.0,3.0,6.0,17.0,0.0,,2019,2018-19
485.0,R.J. Hunter,25.0,BOS,SG,1.0,0.0,26.0,6.0,13.0,0.462,4.0,10.0,0.4,2.0,3.0,0.667,0.615,1.0,2.0,0.5,1.0,2.0,3.0,3.0,1.0,0.0,0.0,3.0,17.0,0.0,,2019,2018-19
486.0,Naz Mitrou-Long,25.0,UTA,SG,14.0,0.0,84.0,6.0,20.0,0.3,2.0,11.0,0.182,4.0,9.0,0.444,0.35,2.0,2.0,1.0,1.0,5.0,6.0,15.0,1.0,1.0,8.0,10.0,16.0,0.0,,2019,2018-19
487.0,Melvin Frazier,22.0,ORL,SG,10.0,0.0,44.0,7.0,21.0,0.333,0.0,6.0,0.0,7.0,15.0,0.467,0.333,1.0,4.0,0.25,3.0,2.0,5.0,1.0,1.0,0.0,1.0,6.0,15.0,0.0,,2019,2018-19
488.0,Isaac Humphries,21.0,ATL,C,5.0,1.0,56.0,6.0,21.0,0.286,3.0,11.0,0.273,3.0,10.0,0.3,0.357,0.0,0.0,,4.0,7.0,11.0,0.0,1.0,0.0,0.0,7.0,15.0,0.0,,2019,2018-19
489.0,Ron Baker,25.0,2TM,SG,15.0,0.0,152.0,4.0,20.0,0.2,1.0,13.0,0.077,3.0,7.0,0.429,0.225,5.0,6.0,0.833,1.0,10.0,11.0,15.0,6.0,1.0,5.0,18.0,14.0,0.0,,2019,2018-19
489.0,Ron Baker,25.0,NYK,SG,11.0,0.0,107.0,4.0,16.0,0.25,1.0,9.0,0.111,3.0,7.0,0.429,0.281,5.0,6.0,0.833,1.0,6.0,7.0,13.0,5.0,0.0,3.0,16.0,14.0,0.0,,2019,2018-19
489.0,Ron Baker,25.0,WAS,SG,4.0,0.0,45.0,0.0,4.0,0.0,0.0,4.0,0.0,0.0,0.0,,0.0,0.0,0.0,,0.0,4.0,4.0,2.0,1.0,1.0,2.0,2.0,0.0,0.0,,2019,2018-19
490.0,Alize Johnson,22.0,IND,PF,14.0,0.0,64.0,4.0,16.0,0.25,1.0,2.0,0.5,3.0,14.0,0.214,0.281,4.0,8.0,0.5,4.0,15.0,19.0,1.0,1.0,3.0,0.0,7.0,13.0,0.0,,2019,2018-19
491.0,Isaiah Hicks,24.0,NYK,PF,3.0,0.0,32.0,4.0,8.0,0.5,0.0,0.0,,4.0,8.0,0.5,0.5,4.0,5.0,0.8,2.0,5.0,7.0,2.0,1.0,3.0,1.0,5.0,12.0,0.0,,2019,2018-19
492.0,Davon Reed,23.0,IND,SG,10.0,0.0,47.0,5.0,12.0,0.417,2.0,4.0,0.5,3.0,8.0,0.375,0.5,0.0,0.0,,2.0,4.0,6.0,3.0,1.0,0.0,1.0,3.0,12.0,0.0,,2019,2018-19
493.0,Gary Payton II,26.0,WAS,PG,3.0,0.0,16.0,5.0,8.0,0.625,1.0,2.0,0.5,4.0,6.0,0.667,0.688,0.0,0.0,,1.0,1.0,2.0,4.0,3.0,1.0,1.0,2.0,11.0,0.0,,2019,2018-19
494.0,Troy Caupain,23.0,ORL,PG,4.0,0.0,16.0,4.0,8.0,0.5,2.0,3.0,0.667,2.0,5.0,0.4,0.625,0.0,0.0,,1.0,2.0,3.0,4.0,1.0,0.0,0.0,0.0,10.0,0.0,,2019,2018-19
495.0,Scott Machado,28.0,LAL,PG,4.0,0.0,19.0,4.0,6.0,0.667,1.0,1.0,1.0,3.0,5.0,0.6,0.75,1.0,1.0,1.0,0.0,0.0,0.0,3.0,1.0,0.0,0.0,2.0,10.0,0.0,,2019,2018-19
496.0,Jaylen Morris,23.0,MIL,SG,4.0,0.0,29.0,4.0,10.0,0.4,1.0,3.0,0.333,3.0,7.0,0.429,0.45,1.0,2.0,0.5,0.0,5.0,5.0,4.0,2.0,0.0,1.0,1.0,10.0,0.0,,2019,2018-19
497.0,Emanuel Terry,22.0,2TM,PF,3.0,0.0,23.0,4.0,7.0,0.571,0.0,0.0,,4.0,7.0,0.571,0.571,2.0,4.0,0.5,3.0,4.0,7.0,2.0,3.0,0.0,2.0,4.0,10.0,0.0,,2019,2018-19
497.0,Emanuel Terry,22.0,PHO,PF,2.0,0.0,20.0,4.0,6.0,0.667,0.0,0.0,,4.0,6.0,0.667,0.667,1.0,2.0,0.5,2.0,4.0,6.0,1.0,3.0,0.0,2.0,4.0,9.0,0.0,,2019,2018-19
497.0,Emanuel Terry,22.0,MIA,PF,1.0,0.0,3.0,0.0,1.0,0.0,0.0,0.0,,0.0,1.0,0.0,0.0,1.0,2.0,0.5,1.0,0.0,1.0,1.0,0.0,0.0,0.0,0.0,1.0,0.0,,2019,2018-19
498.0,Tyler Cavanaugh,24.0,UTA,PF,11.0,0.0,39.0,3.0,10.0,0.3,1.0,5.0,0.2,2.0,5.0,0.4,0.35,2.0,2.0,1.0,3.0,5.0,8.0,1.0,0.0,0.0,1.0,3.0,9.0,0.0,,2019,2018-19
499.0,Haywood Highsmith,22.0,PHI,SF,5.0,0.0,40.0,4.0,10.0,0.4,1.0,5.0,0.2,3.0,5.0,0.6,0.45,0.0,2.0,0.0,0.0,5.0,5.0,2.0,1.0,0.0,1.0,1.0,9.0,0.0,,2019,2018-19
500.0,Nick Young,33.0,DEN,SG,4.0,0.0,37.0,3.0,9.0,0.333,3.0,8.0,0.375,0.0,1.0,0.0,0.5,0.0,0.0,,0.0,1.0,1.0,2.0,0.0,1.0,2.0,4.0,9.0,0.0,,2019,2018-19
501.0,Dusty Hannahs,25.0,MEM,SG,2.0,0.0,26.0,3.0,12.0,0.25,0.0,5.0,0.0,3.0,7.0,0.429,0.25,2.0,2.0,1.0,0.0,1.0,1.0,5.0,1.0,0.0,1.0,1.0,8.0,0.0,,2019,2018-19
502.0,DeVaughn Akoon-Purcell,25.0,DEN,SG,7.0,0.0,22.0,3.0,10.0,0.3,0.0,4.0,0.0,3.0,6.0,0.5,0.3,1.0,2.0,0.5,1.0,3.0,4.0,6.0,2.0,0.0,2.0,4.0,7.0,0.0,,2019,2018-19
503.0,Eric Moreland,27.0,2TM,PF,5.0,0.0,43.0,3.0,7.0,0.429,1.0,1.0,1.0,2.0,6.0,0.333,0.5,0.0,0.0,,4.0,16.0,20.0,4.0,1.0,1.0,5.0,9.0,7.0,0.0,,2019,2018-19
503.0,Eric Moreland,27.0,PHO,PF,1.0,0.0,5.0,0.0,0.0,,0.0,0.0,,0.0,0.0,,,0.0,0.0,,0.0,3.0,3.0,0.0,0.0,0.0,0.0,1.0,0.0,0.0,,2019,2018-19
503.0,Eric Moreland,27.0,TOR,PF,4.0,0.0,38.0,3.0,7.0,0.429,1.0,1.0,1.0,2.0,6.0,0.333,0.5,0.0,0.0,,4.0,13.0,17.0,4.0,1.0,1.0,5.0,8.0,7.0,0.0,,2019,2018-19
504.0,Chris Chiozza,23.0,HOU,PG,7.0,0.0,33.0,2.0,8.0,0.25,2.0,5.0,0.4,0.0,3.0,0.0,0.375,0.0,0.0,,1.0,3.0,4.0,4.0,1.0,1.0,1.0,2.0,6.0,0.0,,2019,2018-19
505.0,Jawun Evans,22.0,2TM,PG,8.0,0.0,65.0,3.0,14.0,0.214,0.0,3.0,0.0,3.0,11.0,0.273,0.214,0.0,0.0,,1.0,11.0,12.0,10.0,3.0,0.0,6.0,8.0,6.0,0.0,,2019,2018-19
505.0,Jawun Evans,22.0,PHO,PG,7.0,0.0,64.0,3.0,13.0,0.231,0.0,2.0,0.0,3.0,11.0,0.273,0.231,0.0,0.0,,1.0,11.0,12.0,10.0,3.0,0.0,6.0,8.0,6.0,0.0,,2019,2018-19
505.0,Jawun Evans,22.0,OKC,PG,1.0,0.0,1.0,0.0,1.0,0.0,0.0,1.0,0.0,0.0,0.0,,0.0,0.0,0.0,,0.0,0.0,0.0,0.0,0.0,0.0,0.0,0.0,0.0,0.0,,2019,2018-19
506.0,J.P. Macura,23.0,CHO,SG,2.0,0.0,17.0,3.0,9.0,0.333,0.0,4.0,0.0,3.0,5.0,0.6,0.333,0.0,0.0,,0.0,3.0,3.0,2.0,0.0,0.0,0.0,0.0,6.0,0.0,,2019,2018-19
507.0,Donatas Motiejūnas,28.0,SAS,PF,3.0,0.0,13.0,3.0,6.0,0.5,0.0,0.0,,3.0,6.0,0.5,0.5,0.0,2.0,0.0,2.0,1.0,3.0,1.0,0.0,1.0,3.0,6.0,6.0,0.0,,2019,2018-19
508.0,Trevon Duval,20.0,MIL,PG,3.0,0.0,6.0,2.0,3.0,0.667,1.0,1.0,1.0,1.0,2.0,0.5,0.833,0.0,0.0,,0.0,1.0,1.0,2.0,0.0,0.0,0.0,0.0,5.0,0.0,,2019,2018-19
509.0,Justin Patton,21.0,PHI,C,3.0,0.0,21.0,2.0,7.0,0.286,0.0,2.0,0.0,2.0,5.0,0.4,0.286,1.0,2.0,0.5,2.0,4.0,6.0,3.0,2.0,0.0,0.0,5.0,5.0,0.0,,2019,2018-19
510.0,Tahjere McCall,24.0,BRK,SG,1.0,0.0,8.0,2.0,3.0,0.667,0.0,1.0,0.0,2.0,2.0,1.0,0.667,0.0,1.0,0.0,0.0,1.0,1.0,0.0,0.0,0.0,0.0,2.0,4.0,0.0,,2019,2018-19
511.0,Ángel Delgado,24.0,LAC,C,2.0,0.0,15.0,1.0,5.0,0.2,0.0,0.0,,1.0,5.0,0.2,0.2,1.0,2.0,0.5,2.0,2.0,4.0,0.0,1.0,0.0,0.0,2.0,3.0,0.0,,2019,2018-19
512.0,Vince Edwards,22.0,HOU,SF,2.0,0.0,16.0,1.0,4.0,0.25,1.0,4.0,0.25,0.0,0.0,,0.375,0.0,0.0,,1.0,1.0,2.0,0.0,0.0,0.0,0.0,0.0,3.0,0.0,,2019,2018-19
513.0,Jordan Sibert,26.0,ATL,SG,1.0,0.0,4.0,1.0,1.0,1.0,1.0,1.0,1.0,0.0,0.0,,1.5,0.0,0.0,,0.0,0.0,0.0,0.0,0.0,0.0,0.0,0.0,3.0,0.0,,2019,2018-19
514.0,Kostas Antetokounmpo,21.0,DAL,PF,2.0,0.0,11.0,0.0,3.0,0.0,0.0,0.0,,0.0,3.0,0.0,0.0,2.0,4.0,0.5,0.0,1.0,1.0,0.0,2.0,0.0,1.0,0.0,2.0,0.0,,2019,2018-19
515.0,Joe Chealey,23.0,CHO,PG,1.0,0.0,8.0,1.0,3.0,0.333,0.0,0.0,,1.0,3.0,0.333,0.333,0.0,0.0,,0.0,0.0,0.0,1.0,0.0,0.0,0.0,1.0,2.0,0.0,,2019,2018-19
516.0,Terrence Jones,27.0,HOU,PF,2.0,0.0,5.0,1.0,4.0,0.25,0.0,2.0,0.0,1.0,2.0,0.5,0.25,0.0,1.0,0.0,0.0,4.0,4.0,0.0,0.0,0.0,1.0,1.0,2.0,0.0,,2019,2018-19
517.0,Kalin Lucas,29.0,DET,PG,1.0,0.0,6.0,0.0,1.0,0.0,0.0,1.0,0.0,0.0,0.0,,0.0,2.0,2.0,1.0,0.0,3.0,3.0,1.0,0.0,0.0,0.0,1.0,2.0,0.0,,2019,2018-19
518.0,Yante Maten,22.0,MIA,PF,2.0,0.0,13.0,1.0,4.0,0.25,0.0,1.0,0.0,1.0,3.0,0.333,0.25,0.0,0.0,,1.0,2.0,3.0,0.0,1.0,0.0,0.0,0.0,2.0,0.0,,2019,2018-19
519.0,Zhou Qi,23.0,HOU,PF,1.0,0.0,1.0,1.0,1.0,1.0,0.0,0.0,,1.0,1.0,1.0,1.0,0.0,0.0,,0.0,0.0,0.0,0.0,0.0,0.0,0.0,0.0,2.0,0.0,,2019,2018-19
520.0,D.J. Stephens,28.0,MEM,SG,1.0,0.0,7.0,1.0,2.0,0.5,0.0,0.0,,1.0,2.0,0.5,0.5,0.0,0.0,,0.0,0.0,0.0,0.0,1.0,0.0,1.0,0.0,2.0,0.0,,2019,2018-19
521.0,Ike Anigbogu,20.0,IND,C,3.0,0.0,6.0,0.0,3.0,0.0,0.0,0.0,,0.0,3.0,0.0,0.0,0.0,0.0,,1.0,2.0,3.0,1.0,0.0,1.0,1.0,0.0,0.0,0.0,,2019,2018-19
522.0,Tyler Davis,21.0,OKC,C,1.0,0.0,1.0,0.0,1.0,0.0,0.0,0.0,,0.0,1.0,0.0,0.0,0.0,0.0,,1.0,0.0,1.0,0.0,0.0,0.0,0.0,0.0,0.0,0.0,,2019,2018-19
523.0,Donte Grantham,23.0,OKC,SF,3.0,0.0,2.0,0.0,2.0,0.0,0.0,2.0,0.0,0.0,0.0,,0.0,0.0,0.0,,0.0,0.0,0.0,0.0,0.0,0.0,0.0,0.0,0.0,0.0,,2019,2018-19
524.0,John Holland,30.0,CLE,SF,1.0,0.0,1.0,0.0,0.0,,0.0,0.0,,0.0,0.0,,,0.0,0.0,,0.0,0.0,0.0,0.0,0.0,0.0,0.0,0.0,0.0,0.0,,2019,2018-19
525.0,Andre Ingram,33.0,LAL,SG,4.0,0.0,15.0,0.0,6.0,0.0,0.0,3.0,0.0,0.0,3.0,0.0,0.0,0.0,0.0,,1.0,1.0,2.0,0.0,1.0,0.0,1.0,0.0,0.0,0.0,,2019,2018-19
526.0,George King,25.0,PHO,SF,1.0,0.0,6.0,0.0,0.0,,0.0,0.0,,0.0,0.0,,,0.0,0.0,,0.0,1.0,1.0,0.0,0.0,0.0,0.0,0.0,0.0,0.0,,2019,2018-19
527.0,Zach Lofton,26.0,DET,SG,1.0,0.0,4.0,0.0,1.0,0.0,0.0,1.0,0.0,0.0,0.0,,0.0,0.0,0.0,,0.0,0.0,0.0,0.0,1.0,0.0,1.0,0.0,0.0,0.0,,2019,2018-19
528.0,Kobi Simmons,21.0,CLE,PG,1.0,0.0,2.0,0.0,0.0,,0.0,0.0,,0.0,0.0,,,0.0,0.0,,0.0,0.0,0.0,0.0,0.0,0.0,0.0,0.0,0.0,0.0,,2019,2018-19
529.0,Tyler Ulis,23.0,CHI,PG,1.0,0.0,1.0,0.0,0.0,,0.0,0.0,,0.0,0.0,,,0.0,0.0,,0.0,0.0,0.0,0.0,0.0,0.0,0.0,0.0,0.0,0.0,,2019,2018-19
530.0,Okaro White,26.0,WAS,PF,3.0,0.0,6.0,0.0,2.0,0.0,0.0,2.0,0.0,0.0,0.0,,0.0,0.0,0.0,,1.0,1.0,2.0,0.0,0.0,0.0,0.0,0.0,0.0,0.0,,2019,2018-19
,League Average,,,,,,,,,0.461,,,0.355,,,0.52,0.524,,,0.766,,,,,,,,,,,,2019,2018-19
