Rk,Player,Age,Team,Pos,G,GS,MP,FG,FGA,FG%,3P,3PA,3P%,2P,2PA,2P%,eFG%,FT,FTA,FT%,ORB,DRB,TRB,AST,STL,BLK,TOV,PF,PTS,Trp-Dbl,Awards,season_end_year,season
1.0,James Harden,26.0,HOU,SG,82.0,82.0,3125.0,710.0,1617.0,0.439,236.0,657.0,0.359,474.0,960.0,0.494,0.512,720.0,837.0,0.86,63.0,438.0,501.0,612.0,139.0,51.0,374.0,229.0,2376.0,3.0,"MVP-9,AS",2016,2015-16
2.0,Stephen Curry,27.0,GSW,PG,79.0,79.0,2700.0,805.0,1598.0,0.504,402.0,886.0,0.454,403.0,712.0,0.566,0.63,363.0,400.0,0.908,68.0,362.0,430.0,527.0,169.0,15.0,262.0,161.0,2375.0,2.0,"MVP-1,AS,NBA1",2016,2015-16
3.0,Kevin Durant,27.0,OKC,SF,72.0,72.0,2578.0,698.0,1381.0,0.505,186.0,481.0,0.387,512.0,900.0,0.569,0.573,447.0,498.0,0.898,45.0,544.0,589.0,361.0,69.0,85.0,250.0,137.0,2029.0,1.0,"MVP-5,AS,NBA2",2016,2015-16
4.0,LeBron James,31.0,CLE,SF,76.0,76.0,2709.0,737.0,1416.0,0.52,87.0,282.0,0.309,650.0,1134.0,0.573,0.551,359.0,491.0,0.731,111.0,454.0,565.0,514.0,104.0,49.0,249.0,143.0,1920.0,3.0,"MVP-3,DPOY-11,AS,NBA1",2016,2015-16
5.0,Damian Lillard,25.0,POR,PG,75.0,75.0,2676.0,618.0,1474.0,0.419,229.0,610.0,0.375,389.0,864.0,0.45,0.497,414.0,464.0,0.892,45.0,257.0,302.0,512.0,65.0,28.0,242.0,165.0,1879.0,0.0,"MVP-8,NBA2",2016,2015-16
6.0,Russell Westbrook,27.0,OKC,PG,80.0,80.0,2750.0,656.0,1444.0,0.454,101.0,341.0,0.296,555.0,1103.0,0.503,0.489,465.0,573.0,0.812,145.0,481.0,626.0,834.0,163.0,20.0,342.0,200.0,1878.0,18.0,"MVP-4,AS,NBA1",2016,2015-16
7.0,Paul George,25.0,IND,SF,81.0,81.0,2819.0,605.0,1449.0,0.418,210.0,566.0,0.371,395.0,883.0,0.447,0.49,454.0,528.0,0.86,79.0,484.0,563.0,329.0,152.0,29.0,265.0,230.0,1874.0,0.0,"AS,NBA3,DEF2",2016,2015-16
8.0,DeMar DeRozan,26.0,TOR,SG,78.0,78.0,2804.0,614.0,1377.0,0.446,47.0,139.0,0.338,567.0,1238.0,0.458,0.463,555.0,653.0,0.85,64.0,285.0,349.0,315.0,81.0,21.0,175.0,167.0,1830.0,0.0,AS,2016,2015-16
9.0,Isaiah Thomas,26.0,BOS,PG,82.0,79.0,2644.0,591.0,1382.0,0.428,167.0,465.0,0.359,424.0,917.0,0.462,0.488,474.0,544.0,0.871,46.0,197.0,243.0,509.0,91.0,9.0,220.0,167.0,1823.0,0.0,AS,2016,2015-16
10.0,Klay Thompson,25.0,GSW,SG,80.0,80.0,2666.0,651.0,1386.0,0.47,276.0,650.0,0.425,375.0,736.0,0.51,0.569,193.0,221.0,0.873,35.0,271.0,306.0,166.0,60.0,49.0,138.0,152.0,1771.0,0.0,"AS,NBA3",2016,2015-16
11.0,DeMarcus Cousins,25.0,SAC,C,65.0,65.0,2246.0,601.0,1332.0,0.451,70.0,210.0,0.333,531.0,1122.0,0.473,0.477,476.0,663.0,0.718,158.0,589.0,747.0,214.0,101.0,92.0,249.0,236.0,1748.0,1.0,"AS,NBA2",2016,2015-16
12.0,Kemba Walker,25.0,CHO,PG,81.0,81.0,2885.0,568.0,1331.0,0.427,182.0,490.0,0.371,386.0,841.0,0.459,0.495,371.0,438.0,0.847,56.0,301.0,357.0,421.0,126.0,39.0,171.0,111.0,1689.0,0.0,,2016,2015-16
13.0,Andrew Wiggins,20.0,MIN,SF,81.0,81.0,2845.0,594.0,1294.0,0.459,57.0,190.0,0.3,537.0,1104.0,0.486,0.481,430.0,565.0,0.761,105.0,186.0,291.0,164.0,78.0,46.0,182.0,165.0,1675.0,0.0,,2016,2015-16
14.0,CJ McCollum,24.0,POR,SG,80.0,80.0,2780.0,641.0,1431.0,0.448,197.0,472.0,0.417,444.0,959.0,0.463,0.517,187.0,226.0,0.827,47.0,212.0,259.0,341.0,97.0,23.0,196.0,187.0,1666.0,0.0,MIP-1,2016,2015-16
15.0,Kyle Lowry,29.0,TOR,PG,77.0,77.0,2851.0,512.0,1198.0,0.427,212.0,547.0,0.388,300.0,651.0,0.461,0.516,398.0,491.0,0.811,55.0,310.0,365.0,494.0,158.0,34.0,225.0,211.0,1634.0,1.0,"MVP-10,DPOY-13,AS,NBA3",2016,2015-16
16.0,Gordon Hayward,25.0,UTA,SF,80.0,80.0,2893.0,521.0,1202.0,0.433,143.0,410.0,0.349,378.0,792.0,0.477,0.493,393.0,477.0,0.824,61.0,336.0,397.0,296.0,95.0,27.0,202.0,183.0,1578.0,0.0,,2016,2015-16
17.0,Carmelo Anthony,31.0,NYK,SF,72.0,72.0,2530.0,567.0,1307.0,0.434,105.0,310.0,0.339,462.0,997.0,0.463,0.474,334.0,403.0,0.829,98.0,458.0,556.0,299.0,62.0,38.0,176.0,180.0,1573.0,0.0,AS,2016,2015-16
18.0,John Wall,25.0,WAS,PG,77.0,77.0,2784.0,572.0,1349.0,0.424,115.0,328.0,0.351,457.0,1021.0,0.448,0.467,272.0,344.0,0.791,42.0,337.0,379.0,789.0,145.0,59.0,318.0,159.0,1531.0,4.0,AS,2016,2015-16
19.0,Kawhi Leonard,24.0,SAS,SF,72.0,72.0,2380.0,551.0,1090.0,0.506,129.0,291.0,0.443,422.0,799.0,0.528,0.565,292.0,334.0,0.874,95.0,398.0,493.0,186.0,128.0,71.0,105.0,133.0,1523.0,0.0,"MVP-2,DPOY-1,AS,NBA1,DEF1",2016,2015-16
20.0,Karl-Anthony Towns,20.0,MIN,C,82.0,82.0,2627.0,625.0,1153.0,0.542,30.0,88.0,0.341,595.0,1065.0,0.559,0.555,223.0,275.0,0.811,229.0,629.0,858.0,161.0,58.0,138.0,183.0,245.0,1503.0,0.0,ROY-1,2016,2015-16
21.0,Brook Lopez,27.0,BRK,C,73.0,73.0,2457.0,591.0,1157.0,0.511,2.0,14.0,0.143,589.0,1143.0,0.515,0.512,317.0,403.0,0.787,204.0,369.0,573.0,147.0,58.0,124.0,175.0,215.0,1501.0,0.0,,2016,2015-16
22.0,Reggie Jackson,25.0,DET,PG,79.0,79.0,2424.0,540.0,1244.0,0.434,118.0,334.0,0.353,422.0,910.0,0.464,0.482,291.0,337.0,0.864,58.0,195.0,253.0,492.0,59.0,11.0,223.0,187.0,1489.0,0.0,,2016,2015-16
23.0,Anthony Davis,22.0,NOP,C,61.0,61.0,2164.0,560.0,1136.0,0.493,35.0,108.0,0.324,525.0,1028.0,0.511,0.508,326.0,430.0,0.758,130.0,497.0,627.0,116.0,78.0,125.0,121.0,148.0,1481.0,0.0,"DPOY-9,AS",2016,2015-16
24.0,Chris Paul,30.0,LAC,PG,74.0,74.0,2420.0,515.0,1114.0,0.462,122.0,329.0,0.371,393.0,785.0,0.501,0.517,294.0,328.0,0.896,39.0,271.0,310.0,738.0,152.0,13.0,194.0,185.0,1446.0,0.0,"MVP-6,DPOY-13,AS,NBA2,DEF1",2016,2015-16
25.0,Khris Middleton,24.0,MIL,SG,79.0,79.0,2852.0,507.0,1142.0,0.444,143.0,361.0,0.396,364.0,781.0,0.466,0.507,277.0,312.0,0.888,44.0,258.0,302.0,331.0,131.0,19.0,180.0,204.0,1434.0,0.0,,2016,2015-16
26.0,Dwyane Wade,34.0,MIA,SG,74.0,73.0,2258.0,540.0,1183.0,0.456,7.0,44.0,0.159,533.0,1139.0,0.468,0.459,322.0,406.0,0.793,82.0,220.0,302.0,344.0,79.0,42.0,203.0,116.0,1409.0,0.0,AS,2016,2015-16
27.0,Jimmy Butler,26.0,CHI,SG,67.0,67.0,2474.0,470.0,1035.0,0.454,64.0,205.0,0.312,406.0,830.0,0.489,0.485,395.0,475.0,0.832,79.0,279.0,358.0,321.0,110.0,43.0,132.0,124.0,1399.0,2.0,"DPOY-11,AS,DEF2",2016,2015-16
28.0,Paul Millsap,30.0,ATL,PF,81.0,81.0,2647.0,501.0,1066.0,0.47,74.0,232.0,0.319,427.0,834.0,0.512,0.505,309.0,408.0,0.757,198.0,534.0,732.0,265.0,147.0,139.0,191.0,237.0,1385.0,0.0,"DPOY-5,AS,DEF2",2016,2015-16
29.0,Dirk Nowitzki,37.0,DAL,PF,75.0,75.0,2364.0,498.0,1112.0,0.448,126.0,342.0,0.368,372.0,770.0,0.483,0.504,250.0,280.0,0.893,52.0,437.0,489.0,132.0,52.0,52.0,84.0,161.0,1372.0,0.0,,2016,2015-16
30.0,Giannis Antetokounmpo,21.0,MIL,PG,80.0,79.0,2823.0,513.0,1013.0,0.506,28.0,109.0,0.257,485.0,904.0,0.537,0.52,296.0,409.0,0.724,113.0,499.0,612.0,345.0,94.0,113.0,208.0,258.0,1350.0,5.0,,2016,2015-16
31.0,LaMarcus Aldridge,30.0,SAS,PF,74.0,74.0,2261.0,536.0,1045.0,0.513,0.0,16.0,0.0,536.0,1029.0,0.521,0.513,259.0,302.0,0.858,176.0,456.0,632.0,110.0,38.0,81.0,99.0,151.0,1331.0,0.0,"AS,NBA3",2016,2015-16
32.0,Andre Drummond,22.0,DET,C,81.0,81.0,2666.0,552.0,1060.0,0.521,2.0,6.0,0.333,550.0,1054.0,0.522,0.522,208.0,586.0,0.355,395.0,803.0,1198.0,67.0,119.0,112.0,155.0,245.0,1314.0,0.0,"DPOY-10,AS,NBA3",2016,2015-16
33.0,Al Horford,29.0,ATL,C,82.0,82.0,2631.0,529.0,1048.0,0.505,88.0,256.0,0.344,441.0,792.0,0.557,0.547,103.0,129.0,0.798,148.0,448.0,596.0,263.0,68.0,121.0,107.0,163.0,1249.0,0.0,"DPOY-13,AS",2016,2015-16
34.0,Jeff Teague,27.0,ATL,PG,79.0,78.0,2255.0,434.0,988.0,0.439,110.0,274.0,0.401,324.0,714.0,0.454,0.495,261.0,312.0,0.837,33.0,181.0,214.0,470.0,97.0,24.0,218.0,167.0,1239.0,0.0,,2016,2015-16
35.0,Kevin Love,27.0,CLE,PF,77.0,77.0,2424.0,409.0,977.0,0.419,158.0,439.0,0.36,251.0,538.0,0.467,0.499,258.0,314.0,0.822,149.0,613.0,762.0,186.0,58.0,41.0,142.0,159.0,1234.0,0.0,,2016,2015-16
36.0,JJ Redick,31.0,LAC,SG,75.0,75.0,2097.0,422.0,880.0,0.48,200.0,421.0,0.475,222.0,459.0,0.484,0.593,182.0,205.0,0.888,10.0,129.0,139.0,106.0,42.0,5.0,78.0,135.0,1226.0,0.0,,2016,2015-16
37.0,Jordan Clarkson,23.0,LAL,SG,79.0,79.0,2552.0,475.0,1098.0,0.433,111.0,320.0,0.347,364.0,778.0,0.468,0.483,164.0,204.0,0.804,93.0,220.0,313.0,192.0,88.0,7.0,135.0,168.0,1225.0,0.0,,2016,2015-16
38.0,Evan Fournier,23.0,ORL,SF,79.0,71.0,2566.0,429.0,929.0,0.462,156.0,390.0,0.4,273.0,539.0,0.506,0.546,199.0,238.0,0.836,33.0,192.0,225.0,213.0,96.0,2.0,133.0,214.0,1213.0,0.0,,2016,2015-16
39.0,Greg Monroe,25.0,MIL,C,79.0,67.0,2314.0,491.0,941.0,0.522,0.0,1.0,0.0,491.0,940.0,0.522,0.522,228.0,308.0,0.74,218.0,478.0,696.0,178.0,72.0,67.0,129.0,163.0,1210.0,0.0,,2016,2015-16
40.0,Rudy Gay,29.0,SAC,SF,70.0,70.0,2379.0,466.0,1007.0,0.463,74.0,215.0,0.344,392.0,792.0,0.495,0.5,198.0,254.0,0.78,103.0,353.0,456.0,120.0,100.0,51.0,139.0,184.0,1204.0,0.0,,2016,2015-16
41.0,Pau Gasol,35.0,CHI,C,72.0,72.0,2291.0,467.0,995.0,0.469,24.0,69.0,0.348,443.0,926.0,0.478,0.481,229.0,289.0,0.792,155.0,638.0,793.0,294.0,42.0,146.0,164.0,148.0,1187.0,2.0,AS,2016,2015-16
42.0,Nikola Vučević,25.0,ORL,C,65.0,60.0,2037.0,533.0,1046.0,0.51,2.0,9.0,0.222,531.0,1037.0,0.512,0.511,113.0,150.0,0.753,174.0,402.0,576.0,179.0,53.0,70.0,123.0,173.0,1181.0,0.0,,2016,2015-16
43.0,Will Barton,25.0,DEN,SG,82.0,1.0,2353.0,425.0,983.0,0.432,112.0,325.0,0.345,313.0,658.0,0.476,0.489,216.0,268.0,0.806,59.0,417.0,476.0,203.0,71.0,39.0,139.0,147.0,1178.0,0.0,6MOY-4,2016,2015-16
44.0,Kobe Bryant,37.0,LAL,SF,66.0,66.0,1863.0,398.0,1113.0,0.358,133.0,467.0,0.285,265.0,646.0,0.41,0.417,232.0,281.0,0.826,41.0,206.0,247.0,184.0,62.0,13.0,129.0,115.0,1161.0,0.0,AS,2016,2015-16
45.0,Avery Bradley,25.0,BOS,SG,76.0,72.0,2536.0,456.0,1019.0,0.447,147.0,407.0,0.361,309.0,612.0,0.505,0.52,96.0,123.0,0.78,48.0,172.0,220.0,158.0,117.0,19.0,109.0,164.0,1155.0,0.0,"DPOY-6,DEF1",2016,2015-16
46.0,Victor Oladipo,23.0,ORL,SG,72.0,52.0,2379.0,425.0,970.0,0.438,98.0,282.0,0.348,327.0,688.0,0.475,0.489,205.0,247.0,0.83,48.0,297.0,345.0,282.0,116.0,54.0,153.0,174.0,1153.0,1.0,,2016,2015-16
47.0,Zach LaVine,20.0,MIN,SG,82.0,33.0,2294.0,433.0,959.0,0.452,123.0,316.0,0.389,310.0,643.0,0.482,0.516,161.0,203.0,0.793,27.0,201.0,228.0,251.0,69.0,17.0,155.0,193.0,1150.0,0.0,6MOY-14,2016,2015-16
48.0,Rodney Hood,23.0,UTA,SG,79.0,79.0,2541.0,408.0,972.0,0.42,161.0,449.0,0.359,247.0,523.0,0.472,0.503,172.0,200.0,0.86,38.0,229.0,267.0,213.0,73.0,16.0,125.0,202.0,1149.0,0.0,,2016,2015-16
49.0,Draymond Green,25.0,GSW,PF,81.0,81.0,2808.0,401.0,819.0,0.49,100.0,258.0,0.388,301.0,561.0,0.537,0.551,229.0,329.0,0.696,134.0,635.0,769.0,598.0,119.0,113.0,259.0,240.0,1131.0,13.0,"MVP-7,DPOY-2,AS,NBA2,DEF1",2016,2015-16
50.0,Marcus Morris,26.0,DET,SF,80.0,80.0,2856.0,410.0,945.0,0.434,108.0,298.0,0.362,302.0,647.0,0.467,0.491,203.0,271.0,0.749,91.0,313.0,404.0,201.0,67.0,23.0,140.0,170.0,1131.0,0.0,,2016,2015-16
51.0,Ryan Anderson,27.0,NOP,PF,66.0,7.0,2008.0,397.0,929.0,0.427,131.0,358.0,0.366,266.0,571.0,0.466,0.498,199.0,228.0,0.873,131.0,265.0,396.0,73.0,38.0,25.0,90.0,109.0,1124.0,0.0,6MOY-6,2016,2015-16
52.0,Monta Ellis,30.0,IND,SG,81.0,81.0,2734.0,436.0,1021.0,0.427,87.0,282.0,0.309,349.0,739.0,0.472,0.47,162.0,206.0,0.786,42.0,229.0,271.0,383.0,150.0,37.0,203.0,174.0,1121.0,0.0,,2016,2015-16
53.0,Jamal Crawford,35.0,LAC,SG,79.0,5.0,2126.0,379.0,939.0,0.404,117.0,344.0,0.34,262.0,595.0,0.44,0.466,245.0,271.0,0.904,20.0,125.0,145.0,183.0,52.0,12.0,113.0,122.0,1120.0,0.0,6MOY-1,2016,2015-16
54.0,Tobias Harris,23.0,2TM,PF,76.0,74.0,2513.0,417.0,889.0,0.469,80.0,239.0,0.335,337.0,650.0,0.518,0.514,202.0,243.0,0.831,96.0,414.0,510.0,169.0,65.0,40.0,108.0,153.0,1116.0,0.0,,2016,2015-16
54.0,Tobias Harris,23.0,ORL,PF,49.0,49.0,1610.0,251.0,541.0,0.464,47.0,151.0,0.311,204.0,390.0,0.523,0.507,120.0,153.0,0.784,71.0,271.0,342.0,99.0,47.0,28.0,78.0,91.0,669.0,0.0,,2016,2015-16
54.0,Tobias Harris,23.0,DET,PF,27.0,25.0,903.0,166.0,348.0,0.477,33.0,88.0,0.375,133.0,260.0,0.512,0.524,82.0,90.0,0.911,25.0,143.0,168.0,70.0,18.0,12.0,30.0,62.0,447.0,0.0,,2016,2015-16
55.0,Kentavious Caldwell-Pope,22.0,DET,SG,76.0,76.0,2789.0,403.0,960.0,0.42,114.0,369.0,0.309,289.0,591.0,0.489,0.479,185.0,228.0,0.811,70.0,212.0,282.0,138.0,110.0,17.0,105.0,167.0,1105.0,0.0,,2016,2015-16
56.0,Thaddeus Young,27.0,BRK,PF,73.0,73.0,2407.0,495.0,963.0,0.514,7.0,30.0,0.233,488.0,933.0,0.523,0.518,105.0,163.0,0.644,176.0,484.0,660.0,136.0,112.0,37.0,136.0,182.0,1102.0,0.0,,2016,2015-16
57.0,Jrue Holiday,25.0,NOP,PG,65.0,23.0,1831.0,410.0,935.0,0.439,87.0,259.0,0.336,323.0,676.0,0.478,0.485,182.0,216.0,0.843,27.0,168.0,195.0,391.0,88.0,22.0,167.0,148.0,1089.0,0.0,6MOY-16,2016,2015-16
58.0,Derrick Rose,27.0,CHI,PG,66.0,66.0,2097.0,447.0,1048.0,0.427,44.0,150.0,0.293,403.0,898.0,0.449,0.448,142.0,179.0,0.793,46.0,179.0,225.0,311.0,44.0,14.0,175.0,84.0,1080.0,0.0,,2016,2015-16
59.0,Jabari Parker,20.0,MIL,PF,76.0,72.0,2408.0,443.0,899.0,0.493,9.0,35.0,0.257,434.0,864.0,0.502,0.498,175.0,228.0,0.768,123.0,272.0,395.0,130.0,69.0,29.0,116.0,154.0,1070.0,0.0,,2016,2015-16
60.0,D'Angelo Russell,19.0,LAL,PG,80.0,48.0,2259.0,392.0,956.0,0.41,130.0,370.0,0.351,262.0,586.0,0.447,0.478,140.0,190.0,0.737,47.0,227.0,274.0,266.0,93.0,13.0,196.0,142.0,1054.0,0.0,ROY-9,2016,2015-16
61.0,Devin Booker,19.0,PHO,SG,76.0,51.0,2108.0,367.0,867.0,0.423,99.0,289.0,0.343,268.0,578.0,0.464,0.48,215.0,256.0,0.84,27.0,160.0,187.0,200.0,44.0,20.0,160.0,225.0,1048.0,0.0,ROY-4,2016,2015-16
62.0,Nicolas Batum,27.0,CHO,SF,70.0,70.0,2448.0,372.0,873.0,0.426,139.0,399.0,0.348,233.0,474.0,0.492,0.506,163.0,192.0,0.849,55.0,373.0,428.0,403.0,65.0,43.0,205.0,114.0,1046.0,2.0,,2016,2015-16
63.0,Kyrie Irving,23.0,CLE,PG,53.0,53.0,1667.0,394.0,879.0,0.448,84.0,262.0,0.321,310.0,617.0,0.502,0.496,169.0,191.0,0.885,44.0,113.0,157.0,249.0,56.0,18.0,124.0,107.0,1041.0,0.0,,2016,2015-16
64.0,Zach Randolph,34.0,MEM,PF,68.0,53.0,2016.0,431.0,907.0,0.475,6.0,26.0,0.231,425.0,881.0,0.482,0.479,172.0,216.0,0.796,179.0,350.0,529.0,142.0,43.0,13.0,105.0,146.0,1040.0,1.0,,2016,2015-16
65.0,Hassan Whiteside,26.0,MIA,C,73.0,43.0,2125.0,413.0,682.0,0.606,0.0,0.0,,413.0,682.0,0.606,0.606,214.0,329.0,0.65,238.0,627.0,865.0,30.0,44.0,269.0,137.0,201.0,1040.0,3.0,"DPOY-3,DEF2",2016,2015-16
66.0,Jae Crowder,25.0,BOS,SF,73.0,73.0,2308.0,360.0,813.0,0.443,122.0,363.0,0.336,238.0,450.0,0.529,0.518,196.0,239.0,0.82,70.0,303.0,373.0,135.0,126.0,35.0,83.0,198.0,1038.0,0.0,DPOY-13,2016,2015-16
67.0,Enes Freedom,23.0,OKC,C,82.0,1.0,1721.0,414.0,719.0,0.576,10.0,21.0,0.476,404.0,698.0,0.579,0.583,200.0,251.0,0.797,249.0,415.0,664.0,33.0,26.0,33.0,115.0,166.0,1038.0,0.0,6MOY-3,2016,2015-16
68.0,Danilo Gallinari,27.0,DEN,SF,53.0,53.0,1839.0,287.0,700.0,0.41,87.0,239.0,0.364,200.0,461.0,0.434,0.472,375.0,432.0,0.868,52.0,229.0,281.0,135.0,42.0,19.0,77.0,87.0,1036.0,0.0,,2016,2015-16
69.0,Darren Collison,28.0,SAC,PG,74.0,15.0,2219.0,377.0,776.0,0.486,87.0,217.0,0.401,290.0,559.0,0.519,0.542,194.0,226.0,0.858,28.0,141.0,169.0,318.0,76.0,4.0,130.0,142.0,1035.0,0.0,6MOY-15,2016,2015-16
70.0,Kristaps Porziņģis,20.0,NYK,PF,72.0,72.0,2047.0,373.0,886.0,0.421,81.0,243.0,0.333,292.0,643.0,0.454,0.467,201.0,240.0,0.838,132.0,394.0,526.0,94.0,53.0,134.0,121.0,205.0,1028.0,0.0,ROY-2,2016,2015-16
71.0,Lou Williams,29.0,LAL,SG,67.0,35.0,1907.0,283.0,693.0,0.408,110.0,320.0,0.344,173.0,373.0,0.464,0.488,352.0,424.0,0.83,31.0,138.0,169.0,167.0,62.0,19.0,107.0,107.0,1028.0,0.0,,2016,2015-16
72.0,Trevor Ariza,30.0,HOU,SF,81.0,81.0,2859.0,357.0,859.0,0.416,185.0,499.0,0.371,172.0,360.0,0.478,0.523,126.0,161.0,0.783,67.0,299.0,366.0,188.0,160.0,26.0,113.0,177.0,1025.0,0.0,DPOY-13,2016,2015-16
73.0,Goran Dragić,29.0,MIA,PG,72.0,72.0,2363.0,417.0,875.0,0.477,64.0,205.0,0.312,353.0,670.0,0.527,0.513,120.0,165.0,0.727,54.0,223.0,277.0,419.0,71.0,17.0,185.0,188.0,1018.0,0.0,,2016,2015-16
74.0,Brandon Knight,24.0,PHO,SG,52.0,50.0,1870.0,371.0,895.0,0.415,120.0,351.0,0.342,251.0,544.0,0.461,0.482,156.0,183.0,0.852,36.0,166.0,202.0,263.0,61.0,20.0,177.0,124.0,1018.0,1.0,,2016,2015-16
75.0,Derrick Favors,24.0,UTA,PF,62.0,59.0,1983.0,418.0,811.0,0.515,0.0,4.0,0.0,418.0,807.0,0.518,0.515,180.0,254.0,0.709,169.0,334.0,503.0,94.0,74.0,91.0,104.0,150.0,1016.0,0.0,,2016,2015-16
76.0,Marcin Gortat,31.0,WAS,C,75.0,74.0,2256.0,433.0,764.0,0.567,0.0,1.0,0.0,433.0,763.0,0.567,0.567,146.0,207.0,0.705,222.0,519.0,741.0,106.0,47.0,96.0,121.0,193.0,1012.0,0.0,,2016,2015-16
77.0,Chris Bosh,31.0,MIA,PF,53.0,53.0,1778.0,358.0,767.0,0.467,81.0,222.0,0.365,277.0,545.0,0.508,0.52,213.0,268.0,0.795,48.0,342.0,390.0,128.0,36.0,34.0,78.0,101.0,1010.0,0.0,AS,2016,2015-16
78.0,Joe Johnson,34.0,2TM,SF,81.0,81.0,2703.0,377.0,859.0,0.439,120.0,313.0,0.383,257.0,546.0,0.471,0.509,118.0,142.0,0.831,49.0,243.0,292.0,318.0,61.0,4.0,159.0,146.0,992.0,0.0,,2016,2015-16
78.0,Joe Johnson,34.0,BRK,SF,57.0,57.0,1934.0,247.0,608.0,0.406,85.0,229.0,0.371,162.0,379.0,0.427,0.476,92.0,108.0,0.852,34.0,190.0,224.0,232.0,40.0,2.0,116.0,100.0,671.0,0.0,,2016,2015-16
78.0,Joe Johnson,34.0,MIA,SF,24.0,24.0,769.0,130.0,251.0,0.518,35.0,84.0,0.417,95.0,167.0,0.569,0.588,26.0,34.0,0.765,15.0,53.0,68.0,86.0,21.0,2.0,43.0,46.0,321.0,0.0,,2016,2015-16
79.0,Serge Ibaka,26.0,OKC,PF,78.0,78.0,2500.0,416.0,869.0,0.479,60.0,184.0,0.326,356.0,685.0,0.52,0.513,91.0,121.0,0.752,141.0,392.0,533.0,66.0,38.0,148.0,108.0,211.0,983.0,0.0,,2016,2015-16
80.0,DeAndre Jordan,27.0,LAC,C,77.0,77.0,2598.0,357.0,508.0,0.703,0.0,1.0,0.0,357.0,507.0,0.704,0.703,266.0,619.0,0.43,267.0,792.0,1059.0,90.0,51.0,177.0,107.0,207.0,980.0,0.0,"DPOY-4,NBA1,DEF1",2016,2015-16
81.0,Wesley Matthews,29.0,DAL,SF,78.0,78.0,2644.0,331.0,854.0,0.388,189.0,525.0,0.36,142.0,329.0,0.432,0.498,126.0,146.0,0.863,27.0,211.0,238.0,151.0,78.0,17.0,78.0,179.0,977.0,0.0,,2016,2015-16
82.0,Dwight Howard,30.0,HOU,C,71.0,71.0,2280.0,372.0,600.0,0.62,0.0,6.0,0.0,372.0,594.0,0.626,0.62,232.0,474.0,0.489,238.0,597.0,835.0,98.0,69.0,113.0,166.0,219.0,976.0,0.0,,2016,2015-16
83.0,Ish Smith,27.0,2TM,PG,77.0,53.0,2239.0,397.0,967.0,0.411,56.0,170.0,0.329,341.0,797.0,0.428,0.44,122.0,176.0,0.693,43.0,262.0,305.0,502.0,88.0,24.0,175.0,133.0,972.0,0.0,,2016,2015-16
83.0,Ish Smith,27.0,NOP,PG,27.0,3.0,617.0,98.0,228.0,0.43,10.0,33.0,0.303,88.0,195.0,0.451,0.452,33.0,43.0,0.767,14.0,78.0,92.0,154.0,24.0,6.0,45.0,38.0,239.0,0.0,,2016,2015-16
83.0,Ish Smith,27.0,PHI,PG,50.0,50.0,1622.0,299.0,739.0,0.405,46.0,137.0,0.336,253.0,602.0,0.42,0.436,89.0,133.0,0.669,29.0,184.0,213.0,348.0,64.0,18.0,130.0,95.0,733.0,0.0,,2016,2015-16
84.0,Mirza Teletović,30.0,PHO,PF,79.0,1.0,1686.0,332.0,777.0,0.427,181.0,460.0,0.393,151.0,317.0,0.476,0.544,120.0,155.0,0.774,55.0,247.0,302.0,89.0,32.0,21.0,84.0,159.0,965.0,0.0,6MOY-16,2016,2015-16
85.0,Bradley Beal,22.0,WAS,SG,55.0,35.0,1708.0,359.0,799.0,0.449,105.0,271.0,0.387,254.0,528.0,0.481,0.515,135.0,176.0,0.767,41.0,147.0,188.0,162.0,54.0,11.0,112.0,117.0,958.0,0.0,,2016,2015-16
86.0,J.R. Smith,30.0,CLE,SG,77.0,77.0,2362.0,353.0,850.0,0.415,204.0,510.0,0.4,149.0,340.0,0.438,0.535,45.0,71.0,0.634,43.0,174.0,217.0,130.0,81.0,21.0,59.0,204.0,955.0,0.0,,2016,2015-16
87.0,Marvin Williams,29.0,CHO,PF,81.0,81.0,2338.0,338.0,747.0,0.452,152.0,378.0,0.402,186.0,369.0,0.504,0.554,120.0,144.0,0.833,127.0,394.0,521.0,110.0,58.0,77.0,62.0,133.0,948.0,0.0,,2016,2015-16
88.0,Jeff Green,29.0,2TM,SF,80.0,41.0,2253.0,354.0,824.0,0.43,67.0,213.0,0.315,287.0,611.0,0.47,0.47,164.0,220.0,0.745,74.0,258.0,332.0,138.0,58.0,40.0,93.0,164.0,939.0,0.0,,2016,2015-16
88.0,Jeff Green,29.0,MEM,SF,53.0,31.0,1544.0,240.0,557.0,0.431,42.0,136.0,0.309,198.0,421.0,0.47,0.469,124.0,155.0,0.8,55.0,186.0,241.0,98.0,40.0,19.0,69.0,102.0,646.0,0.0,,2016,2015-16
88.0,Jeff Green,29.0,LAC,SF,27.0,10.0,709.0,114.0,267.0,0.427,25.0,77.0,0.325,89.0,190.0,0.468,0.474,40.0,65.0,0.615,19.0,72.0,91.0,40.0,18.0,21.0,24.0,62.0,293.0,0.0,,2016,2015-16
89.0,Gary Harris,21.0,DEN,SG,76.0,76.0,2439.0,359.0,765.0,0.469,105.0,297.0,0.354,254.0,468.0,0.543,0.538,109.0,133.0,0.82,54.0,166.0,220.0,147.0,97.0,18.0,98.0,143.0,932.0,0.0,,2016,2015-16
90.0,Jahlil Okafor,20.0,PHI,C,53.0,48.0,1591.0,397.0,781.0,0.508,1.0,6.0,0.167,396.0,775.0,0.511,0.509,133.0,194.0,0.686,122.0,251.0,373.0,65.0,22.0,61.0,124.0,140.0,928.0,0.0,ROY-5,2016,2015-16
91.0,Julius Randle,21.0,LAL,PF,81.0,60.0,2286.0,358.0,835.0,0.429,10.0,36.0,0.278,348.0,799.0,0.436,0.435,193.0,270.0,0.715,172.0,657.0,829.0,144.0,53.0,29.0,149.0,242.0,919.0,1.0,,2016,2015-16
92.0,Deron Williams,31.0,DAL,PG,65.0,63.0,2106.0,321.0,775.0,0.414,97.0,282.0,0.344,224.0,493.0,0.454,0.477,179.0,206.0,0.869,19.0,171.0,190.0,378.0,61.0,14.0,150.0,155.0,918.0,0.0,,2016,2015-16
93.0,Jeremy Lin,27.0,CHO,SG,78.0,13.0,2048.0,300.0,728.0,0.412,76.0,226.0,0.336,224.0,502.0,0.446,0.464,238.0,292.0,0.815,42.0,211.0,253.0,235.0,58.0,42.0,150.0,165.0,914.0,0.0,6MOY-7,2016,2015-16
94.0,Luol Deng,30.0,MIA,PF,74.0,73.0,2394.0,339.0,745.0,0.455,88.0,256.0,0.344,251.0,489.0,0.513,0.514,145.0,192.0,0.755,108.0,335.0,443.0,140.0,74.0,29.0,81.0,122.0,911.0,0.0,,2016,2015-16
95.0,Arron Afflalo,30.0,NYK,SG,71.0,57.0,2371.0,354.0,799.0,0.443,91.0,238.0,0.382,263.0,561.0,0.469,0.5,110.0,131.0,0.84,23.0,243.0,266.0,144.0,25.0,10.0,82.0,142.0,909.0,0.0,,2016,2015-16
96.0,George Hill,29.0,IND,PG,74.0,73.0,2524.0,326.0,739.0,0.441,128.0,314.0,0.408,198.0,425.0,0.466,0.528,114.0,150.0,0.76,58.0,240.0,298.0,259.0,83.0,17.0,101.0,149.0,894.0,0.0,,2016,2015-16
97.0,Bojan Bogdanović,26.0,BRK,SF,79.0,39.0,2115.0,324.0,749.0,0.433,129.0,338.0,0.382,195.0,411.0,0.474,0.519,110.0,132.0,0.833,36.0,219.0,255.0,99.0,29.0,5.0,115.0,119.0,887.0,0.0,,2016,2015-16
98.0,Dennis Schröder,22.0,ATL,PG,80.0,6.0,1621.0,329.0,781.0,0.421,77.0,239.0,0.322,252.0,542.0,0.465,0.471,144.0,182.0,0.791,25.0,179.0,204.0,349.0,70.0,9.0,183.0,138.0,879.0,0.0,6MOY-9,2016,2015-16
99.0,Kent Bazemore,26.0,ATL,SF,75.0,68.0,2083.0,320.0,725.0,0.441,109.0,305.0,0.357,211.0,420.0,0.502,0.517,123.0,151.0,0.815,28.0,351.0,379.0,171.0,98.0,38.0,138.0,176.0,872.0,0.0,,2016,2015-16
100.0,Emmanuel Mudiay,19.0,DEN,PG,68.0,66.0,2068.0,329.0,905.0,0.364,74.0,232.0,0.319,255.0,673.0,0.379,0.404,140.0,209.0,0.67,32.0,200.0,232.0,372.0,65.0,35.0,217.0,141.0,872.0,0.0,ROY-7,2016,2015-16
101.0,Otto Porter Jr.,22.0,WAS,SF,75.0,73.0,2276.0,339.0,717.0,0.473,98.0,267.0,0.367,241.0,450.0,0.536,0.541,95.0,126.0,0.754,97.0,294.0,391.0,120.0,105.0,32.0,70.0,163.0,871.0,0.0,,2016,2015-16
102.0,Shabazz Muhammad,23.0,MIN,SF,82.0,0.0,1682.0,317.0,681.0,0.465,44.0,152.0,0.289,273.0,529.0,0.516,0.498,185.0,242.0,0.764,100.0,167.0,267.0,52.0,24.0,7.0,70.0,94.0,863.0,0.0,,2016,2015-16
103.0,Marc Gasol,31.0,MEM,C,52.0,52.0,1791.0,328.0,707.0,0.464,2.0,3.0,0.667,326.0,704.0,0.463,0.465,203.0,245.0,0.829,58.0,304.0,362.0,196.0,50.0,70.0,118.0,141.0,861.0,1.0,,2016,2015-16
104.0,Rajon Rondo,29.0,SAC,PG,72.0,72.0,2537.0,355.0,782.0,0.454,62.0,170.0,0.365,293.0,612.0,0.479,0.494,87.0,150.0,0.58,77.0,358.0,435.0,839.0,141.0,10.0,278.0,175.0,859.0,6.0,,2016,2015-16
105.0,Robert Covington,25.0,PHI,SF,67.0,49.0,1903.0,274.0,712.0,0.385,170.0,482.0,0.353,104.0,230.0,0.452,0.504,140.0,177.0,0.791,65.0,354.0,419.0,97.0,105.0,40.0,143.0,232.0,858.0,0.0,,2016,2015-16
106.0,Mike Conley,28.0,MEM,PG,56.0,56.0,1761.0,294.0,696.0,0.422,78.0,215.0,0.363,216.0,481.0,0.449,0.478,191.0,229.0,0.834,26.0,138.0,164.0,342.0,67.0,16.0,84.0,100.0,857.0,0.0,,2016,2015-16
107.0,Tony Parker,33.0,SAS,PG,72.0,72.0,1980.0,350.0,710.0,0.493,27.0,65.0,0.415,323.0,645.0,0.501,0.512,130.0,171.0,0.76,17.0,159.0,176.0,379.0,54.0,11.0,131.0,114.0,857.0,0.0,,2016,2015-16
108.0,Evan Turner,27.0,BOS,SG,81.0,12.0,2271.0,343.0,753.0,0.456,20.0,83.0,0.241,323.0,670.0,0.482,0.469,148.0,179.0,0.827,50.0,347.0,397.0,359.0,80.0,28.0,169.0,139.0,854.0,0.0,6MOY-5,2016,2015-16
109.0,Isaiah Canaan,24.0,PHI,SG,77.0,39.0,1966.0,260.0,722.0,0.36,176.0,485.0,0.363,84.0,237.0,0.354,0.482,150.0,180.0,0.833,20.0,154.0,174.0,137.0,56.0,12.0,91.0,133.0,846.0,0.0,,2016,2015-16
110.0,Robin Lopez,27.0,NYK,C,82.0,82.0,2219.0,357.0,662.0,0.539,0.0,1.0,0.0,357.0,661.0,0.54,0.539,128.0,161.0,0.795,268.0,334.0,602.0,114.0,16.0,129.0,133.0,182.0,842.0,0.0,,2016,2015-16
111.0,Al-Farouq Aminu,25.0,POR,SF,82.0,82.0,2341.0,299.0,719.0,0.416,126.0,349.0,0.361,173.0,370.0,0.468,0.503,115.0,156.0,0.737,98.0,401.0,499.0,138.0,72.0,53.0,120.0,171.0,839.0,0.0,,2016,2015-16
112.0,Chandler Parsons,27.0,DAL,SF,61.0,51.0,1799.0,320.0,651.0,0.492,104.0,251.0,0.414,216.0,400.0,0.54,0.571,93.0,136.0,0.684,29.0,256.0,285.0,169.0,46.0,21.0,95.0,114.0,837.0,0.0,,2016,2015-16
113.0,Kenneth Faried,26.0,DEN,PF,67.0,64.0,1694.0,349.0,626.0,0.558,1.0,2.0,0.5,348.0,624.0,0.558,0.558,136.0,222.0,0.613,235.0,346.0,581.0,79.0,32.0,60.0,91.0,169.0,835.0,0.0,,2016,2015-16
114.0,Jared Sullinger,23.0,BOS,PF,81.0,73.0,1915.0,351.0,806.0,0.435,29.0,103.0,0.282,322.0,703.0,0.458,0.453,103.0,161.0,0.64,194.0,479.0,673.0,187.0,75.0,47.0,102.0,209.0,834.0,0.0,,2016,2015-16
115.0,Allen Crabbe,23.0,POR,SG,81.0,8.0,2105.0,311.0,678.0,0.459,112.0,285.0,0.393,199.0,393.0,0.506,0.541,98.0,113.0,0.867,27.0,189.0,216.0,99.0,63.0,16.0,64.0,192.0,832.0,0.0,6MOY-16,2016,2015-16
116.0,Gorgui Dieng,26.0,MIN,C,82.0,39.0,2220.0,308.0,579.0,0.532,6.0,20.0,0.3,302.0,559.0,0.54,0.537,205.0,248.0,0.827,157.0,428.0,585.0,143.0,94.0,96.0,140.0,219.0,827.0,0.0,,2016,2015-16
117.0,Omri Casspi,27.0,SAC,PF,69.0,21.0,1880.0,299.0,622.0,0.481,112.0,274.0,0.409,187.0,348.0,0.537,0.571,103.0,159.0,0.648,58.0,352.0,410.0,95.0,56.0,17.0,94.0,154.0,813.0,0.0,,2016,2015-16
118.0,Ramon Sessions,29.0,WAS,PG,82.0,5.0,1667.0,280.0,592.0,0.473,36.0,111.0,0.324,244.0,481.0,0.507,0.503,214.0,283.0,0.756,25.0,178.0,203.0,239.0,46.0,5.0,115.0,102.0,810.0,0.0,,2016,2015-16
119.0,J.J. Barea,31.0,DAL,PG,74.0,16.0,1667.0,317.0,711.0,0.446,100.0,260.0,0.385,217.0,451.0,0.481,0.516,74.0,96.0,0.771,26.0,126.0,152.0,302.0,26.0,2.0,113.0,110.0,808.0,0.0,6MOY-12,2016,2015-16
120.0,Nikola Jokić,20.0,DEN,C,80.0,55.0,1733.0,307.0,600.0,0.512,28.0,84.0,0.333,279.0,516.0,0.541,0.535,154.0,190.0,0.811,181.0,379.0,560.0,189.0,79.0,50.0,104.0,208.0,796.0,0.0,ROY-3,2016,2015-16
121.0,Elfrid Payton,21.0,ORL,PG,73.0,69.0,2145.0,318.0,730.0,0.436,30.0,92.0,0.326,288.0,638.0,0.451,0.456,112.0,190.0,0.589,77.0,184.0,261.0,468.0,89.0,20.0,177.0,159.0,778.0,1.0,,2016,2015-16
122.0,Nikola Mirotić,24.0,CHI,PF,66.0,38.0,1646.0,248.0,609.0,0.407,135.0,346.0,0.39,113.0,263.0,0.43,0.518,146.0,181.0,0.807,58.0,304.0,362.0,100.0,58.0,46.0,102.0,151.0,777.0,0.0,,2016,2015-16
123.0,Harrison Barnes,23.0,GSW,SF,66.0,59.0,2042.0,295.0,633.0,0.466,82.0,214.0,0.383,213.0,419.0,0.508,0.531,102.0,134.0,0.761,77.0,248.0,325.0,117.0,41.0,10.0,57.0,136.0,774.0,0.0,,2016,2015-16
124.0,Jonas Valančiūnas,23.0,TOR,C,60.0,59.0,1557.0,303.0,536.0,0.565,0.0,0.0,,303.0,536.0,0.565,0.565,162.0,213.0,0.761,184.0,363.0,547.0,42.0,25.0,80.0,85.0,158.0,768.0,0.0,,2016,2015-16
125.0,Ersan İlyasova,28.0,2TM,PF,74.0,56.0,1881.0,280.0,661.0,0.424,96.0,259.0,0.371,184.0,402.0,0.458,0.496,111.0,154.0,0.721,144.0,259.0,403.0,67.0,52.0,33.0,71.0,171.0,767.0,0.0,,2016,2015-16
125.0,Ersan İlyasova,28.0,DET,PF,52.0,52.0,1434.0,216.0,508.0,0.425,78.0,215.0,0.363,138.0,293.0,0.471,0.502,79.0,109.0,0.725,99.0,183.0,282.0,55.0,38.0,27.0,59.0,120.0,589.0,0.0,,2016,2015-16
125.0,Ersan İlyasova,28.0,ORL,PF,22.0,4.0,447.0,64.0,153.0,0.418,18.0,44.0,0.409,46.0,109.0,0.422,0.477,32.0,45.0,0.711,45.0,76.0,121.0,12.0,14.0,6.0,12.0,51.0,178.0,0.0,,2016,2015-16
126.0,Ricky Rubio,25.0,MIN,PG,76.0,76.0,2323.0,219.0,586.0,0.374,62.0,190.0,0.326,157.0,396.0,0.396,0.427,266.0,314.0,0.847,40.0,286.0,326.0,658.0,162.0,10.0,193.0,201.0,766.0,0.0,,2016,2015-16
127.0,Markieff Morris,26.0,2TM,PF,64.0,45.0,1629.0,305.0,718.0,0.425,47.0,155.0,0.303,258.0,563.0,0.458,0.458,108.0,147.0,0.735,73.0,279.0,352.0,124.0,58.0,34.0,135.0,184.0,765.0,0.0,,2016,2015-16
127.0,Markieff Morris,26.0,PHO,PF,37.0,24.0,917.0,171.0,431.0,0.397,22.0,76.0,0.289,149.0,355.0,0.42,0.422,66.0,92.0,0.717,43.0,151.0,194.0,87.0,33.0,17.0,90.0,104.0,430.0,0.0,,2016,2015-16
127.0,Markieff Morris,26.0,WAS,PF,27.0,21.0,712.0,134.0,287.0,0.467,25.0,79.0,0.316,109.0,208.0,0.524,0.51,42.0,55.0,0.764,30.0,128.0,158.0,37.0,25.0,17.0,45.0,80.0,335.0,0.0,,2016,2015-16
128.0,Doug McDermott,24.0,CHI,SF,81.0,4.0,1861.0,291.0,644.0,0.452,110.0,259.0,0.425,181.0,385.0,0.47,0.537,72.0,84.0,0.857,37.0,158.0,195.0,59.0,14.0,6.0,53.0,127.0,764.0,0.0,,2016,2015-16
129.0,Raymond Felton,31.0,DAL,PG,80.0,31.0,2192.0,277.0,682.0,0.406,60.0,213.0,0.282,217.0,469.0,0.463,0.45,149.0,176.0,0.847,36.0,222.0,258.0,284.0,68.0,15.0,121.0,141.0,763.0,1.0,,2016,2015-16
130.0,Dion Waiters,24.0,OKC,SG,78.0,15.0,2152.0,282.0,706.0,0.399,86.0,240.0,0.358,196.0,466.0,0.421,0.46,112.0,157.0,0.713,36.0,166.0,202.0,154.0,81.0,15.0,120.0,143.0,762.0,0.0,,2016,2015-16
131.0,Courtney Lee,30.0,2TM,SG,79.0,65.0,2334.0,290.0,639.0,0.454,82.0,217.0,0.378,208.0,422.0,0.493,0.518,99.0,118.0,0.839,29.0,176.0,205.0,136.0,85.0,28.0,72.0,134.0,761.0,0.0,,2016,2015-16
131.0,Courtney Lee,30.0,MEM,SG,51.0,37.0,1489.0,192.0,419.0,0.458,51.0,138.0,0.37,141.0,281.0,0.502,0.519,76.0,92.0,0.826,19.0,99.0,118.0,76.0,52.0,16.0,49.0,79.0,511.0,0.0,,2016,2015-16
131.0,Courtney Lee,30.0,CHO,SG,28.0,28.0,845.0,98.0,220.0,0.445,31.0,79.0,0.392,67.0,141.0,0.475,0.516,23.0,26.0,0.885,10.0,77.0,87.0,60.0,33.0,12.0,23.0,55.0,250.0,0.0,,2016,2015-16
132.0,Matt Barnes,35.0,MEM,SF,76.0,45.0,2190.0,264.0,693.0,0.381,119.0,370.0,0.322,145.0,323.0,0.449,0.467,111.0,138.0,0.804,84.0,336.0,420.0,163.0,78.0,57.0,121.0,234.0,758.0,1.0,,2016,2015-16
133.0,Hollis Thompson,24.0,PHI,SG,77.0,17.0,2154.0,270.0,680.0,0.397,149.0,392.0,0.38,121.0,288.0,0.42,0.507,69.0,96.0,0.719,54.0,218.0,272.0,99.0,36.0,24.0,76.0,187.0,758.0,0.0,,2016,2015-16
134.0,C.J. Miles,28.0,IND,SF,64.0,24.0,1464.0,259.0,634.0,0.409,142.0,387.0,0.367,117.0,247.0,0.474,0.521,93.0,124.0,0.75,25.0,150.0,175.0,63.0,53.0,29.0,70.0,142.0,753.0,0.0,,2016,2015-16
135.0,Jerami Grant,21.0,PHI,PF,77.0,52.0,2066.0,251.0,599.0,0.419,35.0,146.0,0.24,216.0,453.0,0.477,0.448,212.0,322.0,0.658,99.0,262.0,361.0,135.0,54.0,127.0,110.0,215.0,749.0,0.0,,2016,2015-16
136.0,Blake Griffin,26.0,LAC,PF,35.0,35.0,1170.0,301.0,603.0,0.499,6.0,18.0,0.333,295.0,585.0,0.504,0.504,141.0,194.0,0.727,51.0,243.0,294.0,170.0,28.0,17.0,83.0,95.0,749.0,0.0,,2016,2015-16
137.0,Mason Plumlee,25.0,POR,C,82.0,82.0,2084.0,267.0,517.0,0.516,0.0,4.0,0.0,267.0,513.0,0.52,0.516,215.0,335.0,0.642,201.0,427.0,628.0,226.0,68.0,85.0,154.0,253.0,749.0,0.0,,2016,2015-16
138.0,Nerlens Noel,21.0,PHI,C,67.0,62.0,1965.0,306.0,587.0,0.521,1.0,2.0,0.5,305.0,585.0,0.521,0.522,134.0,227.0,0.59,154.0,388.0,542.0,122.0,118.0,100.0,158.0,192.0,747.0,0.0,,2016,2015-16
139.0,Derrick Williams,24.0,NYK,SF,80.0,9.0,1435.0,254.0,565.0,0.45,44.0,150.0,0.293,210.0,415.0,0.506,0.488,194.0,256.0,0.758,47.0,249.0,296.0,75.0,29.0,9.0,61.0,69.0,746.0,0.0,,2016,2015-16
140.0,Kyle Korver,34.0,ATL,SG,80.0,80.0,2401.0,268.0,616.0,0.435,158.0,397.0,0.398,110.0,219.0,0.502,0.563,45.0,54.0,0.833,14.0,246.0,260.0,164.0,60.0,35.0,98.0,161.0,739.0,0.0,,2016,2015-16
141.0,Terrence Ross,24.0,TOR,SF,73.0,7.0,1747.0,270.0,626.0,0.431,131.0,339.0,0.386,139.0,287.0,0.484,0.536,49.0,62.0,0.79,21.0,164.0,185.0,56.0,54.0,25.0,46.0,120.0,720.0,0.0,,2016,2015-16
142.0,Aaron Gordon,20.0,ORL,PF,78.0,37.0,1863.0,274.0,579.0,0.473,42.0,142.0,0.296,232.0,437.0,0.531,0.509,129.0,193.0,0.668,154.0,353.0,507.0,128.0,59.0,55.0,66.0,153.0,719.0,0.0,,2016,2015-16
143.0,Alex Len,22.0,PHO,C,78.0,46.0,1821.0,264.0,624.0,0.423,1.0,7.0,0.143,263.0,617.0,0.426,0.424,174.0,239.0,0.728,178.0,416.0,594.0,97.0,38.0,62.0,145.0,230.0,703.0,0.0,,2016,2015-16
144.0,Patrick Beverley,27.0,HOU,PG,71.0,63.0,2041.0,258.0,594.0,0.434,124.0,310.0,0.4,134.0,284.0,0.472,0.539,60.0,88.0,0.682,73.0,177.0,250.0,239.0,94.0,26.0,91.0,234.0,700.0,0.0,,2016,2015-16
145.0,Marco Belinelli,29.0,SAC,SG,68.0,7.0,1672.0,245.0,635.0,0.386,91.0,297.0,0.306,154.0,338.0,0.456,0.457,115.0,138.0,0.833,10.0,107.0,117.0,127.0,37.0,2.0,80.0,91.0,696.0,0.0,,2016,2015-16
146.0,Patty Mills,27.0,SAS,PG,81.0,3.0,1662.0,260.0,612.0,0.425,123.0,320.0,0.384,137.0,292.0,0.469,0.525,47.0,58.0,0.81,27.0,131.0,158.0,226.0,59.0,6.0,76.0,102.0,690.0,0.0,,2016,2015-16
147.0,Kelly Olynyk,24.0,BOS,C,69.0,8.0,1395.0,253.0,556.0,0.455,85.0,210.0,0.405,168.0,346.0,0.486,0.531,96.0,128.0,0.75,72.0,209.0,281.0,105.0,52.0,33.0,74.0,163.0,687.0,0.0,,2016,2015-16
148.0,Eric Gordon,27.0,NOP,SG,45.0,44.0,1481.0,231.0,552.0,0.418,113.0,294.0,0.384,118.0,258.0,0.457,0.521,111.0,125.0,0.888,10.0,89.0,99.0,121.0,43.0,14.0,73.0,98.0,686.0,0.0,,2016,2015-16
149.0,Trey Burke,23.0,UTA,PG,64.0,0.0,1366.0,262.0,634.0,0.413,88.0,256.0,0.344,174.0,378.0,0.46,0.483,67.0,82.0,0.817,18.0,94.0,112.0,148.0,35.0,6.0,80.0,86.0,679.0,0.0,,2016,2015-16
150.0,Cory Joseph,24.0,TOR,SG,80.0,4.0,2046.0,257.0,585.0,0.439,30.0,110.0,0.273,227.0,475.0,0.478,0.465,133.0,174.0,0.764,39.0,171.0,210.0,250.0,63.0,20.0,102.0,131.0,677.0,0.0,,2016,2015-16
151.0,Luis Scola,35.0,TOR,PF,76.0,76.0,1636.0,269.0,598.0,0.45,65.0,161.0,0.404,204.0,437.0,0.467,0.504,61.0,84.0,0.726,84.0,276.0,360.0,66.0,46.0,27.0,68.0,178.0,664.0,0.0,,2016,2015-16
152.0,Ian Mahinmi,29.0,IND,C,71.0,71.0,1816.0,264.0,448.0,0.589,0.0,0.0,,264.0,448.0,0.589,0.589,132.0,225.0,0.587,138.0,369.0,507.0,104.0,65.0,75.0,100.0,220.0,660.0,0.0,,2016,2015-16
153.0,P.J. Tucker,30.0,PHO,SF,82.0,80.0,2540.0,239.0,582.0,0.411,68.0,206.0,0.33,171.0,376.0,0.455,0.469,106.0,142.0,0.746,165.0,347.0,512.0,177.0,106.0,20.0,111.0,202.0,652.0,0.0,,2016,2015-16
154.0,Zaza Pachulia,31.0,DAL,C,76.0,69.0,2004.0,219.0,470.0,0.466,0.0,3.0,0.0,219.0,467.0,0.469,0.466,212.0,276.0,0.768,249.0,469.0,718.0,128.0,64.0,22.0,119.0,181.0,650.0,0.0,,2016,2015-16
155.0,Jordan Hill,28.0,IND,C,73.0,11.0,1513.0,278.0,549.0,0.506,0.0,1.0,0.0,278.0,548.0,0.507,0.506,89.0,125.0,0.712,156.0,295.0,451.0,87.0,36.0,37.0,92.0,155.0,645.0,0.0,,2016,2015-16
156.0,Tristan Thompson,24.0,CLE,PF,82.0,34.0,2269.0,247.0,420.0,0.588,0.0,0.0,,247.0,420.0,0.588,0.588,149.0,242.0,0.616,268.0,470.0,738.0,62.0,38.0,51.0,61.0,202.0,643.0,0.0,6MOY-10,2016,2015-16
157.0,Jared Dudley,30.0,WAS,PF,81.0,41.0,2098.0,233.0,487.0,0.478,100.0,238.0,0.42,133.0,249.0,0.534,0.581,72.0,98.0,0.735,54.0,232.0,286.0,170.0,75.0,18.0,80.0,190.0,638.0,0.0,,2016,2015-16
158.0,Cody Zeller,23.0,CHO,C,73.0,60.0,1774.0,231.0,437.0,0.529,1.0,10.0,0.1,230.0,427.0,0.539,0.53,175.0,232.0,0.754,138.0,317.0,455.0,71.0,57.0,63.0,68.0,204.0,638.0,0.0,,2016,2015-16
159.0,Steven Adams,22.0,OKC,C,80.0,80.0,2014.0,261.0,426.0,0.613,0.0,0.0,,261.0,426.0,0.613,0.613,114.0,196.0,0.582,219.0,314.0,533.0,62.0,42.0,89.0,84.0,223.0,636.0,0.0,,2016,2015-16
160.0,Eric Bledsoe,26.0,PHO,PG,31.0,31.0,1059.0,223.0,492.0,0.453,48.0,129.0,0.372,175.0,363.0,0.482,0.502,138.0,172.0,0.802,18.0,107.0,125.0,190.0,63.0,19.0,110.0,75.0,632.0,0.0,,2016,2015-16
161.0,Mario Chalmers,29.0,2TM,PG,61.0,7.0,1373.0,182.0,444.0,0.41,46.0,149.0,0.309,136.0,295.0,0.461,0.462,218.0,262.0,0.832,24.0,133.0,157.0,230.0,88.0,13.0,110.0,181.0,628.0,0.0,,2016,2015-16
161.0,Mario Chalmers,29.0,MIA,PG,6.0,0.0,120.0,10.0,32.0,0.313,1.0,11.0,0.091,9.0,21.0,0.429,0.328,12.0,13.0,0.923,1.0,13.0,14.0,19.0,8.0,1.0,9.0,16.0,33.0,0.0,,2016,2015-16
161.0,Mario Chalmers,29.0,MEM,PG,55.0,7.0,1253.0,172.0,412.0,0.417,45.0,138.0,0.326,127.0,274.0,0.464,0.472,206.0,249.0,0.827,23.0,120.0,143.0,211.0,80.0,12.0,101.0,165.0,595.0,0.0,,2016,2015-16
162.0,Taj Gibson,30.0,CHI,PF,73.0,55.0,1936.0,263.0,500.0,0.526,0.0,3.0,0.0,263.0,497.0,0.529,0.526,101.0,146.0,0.692,206.0,298.0,504.0,106.0,47.0,77.0,78.0,180.0,627.0,0.0,,2016,2015-16
163.0,Langston Galloway,24.0,NYK,PG,82.0,7.0,2033.0,231.0,588.0,0.393,77.0,224.0,0.344,154.0,364.0,0.423,0.458,86.0,114.0,0.754,43.0,245.0,288.0,207.0,77.0,22.0,61.0,177.0,625.0,0.0,,2016,2015-16
164.0,Gerald Henderson,28.0,POR,SG,72.0,0.0,1431.0,232.0,529.0,0.439,48.0,136.0,0.353,184.0,393.0,0.468,0.484,112.0,146.0,0.767,30.0,181.0,211.0,75.0,39.0,19.0,68.0,87.0,624.0,0.0,,2016,2015-16
165.0,Michael Carter-Williams,24.0,MIL,PG,54.0,37.0,1649.0,251.0,555.0,0.452,15.0,55.0,0.273,236.0,500.0,0.472,0.466,106.0,162.0,0.654,48.0,228.0,276.0,281.0,80.0,41.0,153.0,162.0,623.0,0.0,,2016,2015-16
166.0,Myles Turner,19.0,IND,C,60.0,30.0,1367.0,264.0,530.0,0.498,3.0,14.0,0.214,261.0,516.0,0.506,0.501,88.0,121.0,0.727,68.0,264.0,332.0,41.0,25.0,86.0,67.0,158.0,619.0,0.0,ROY-8,2016,2015-16
167.0,Nik Stauskas,22.0,PHI,SG,73.0,35.0,1809.0,210.0,545.0,0.385,106.0,325.0,0.326,104.0,220.0,0.473,0.483,91.0,118.0,0.771,23.0,160.0,183.0,138.0,44.0,20.0,94.0,115.0,617.0,0.0,,2016,2015-16
168.0,Gerald Green,30.0,MIA,SG,69.0,14.0,1557.0,230.0,587.0,0.392,84.0,260.0,0.323,146.0,327.0,0.446,0.463,72.0,92.0,0.783,25.0,138.0,163.0,56.0,38.0,19.0,46.0,123.0,616.0,0.0,,2016,2015-16
169.0,Frank Kaminsky,22.0,CHO,C,81.0,3.0,1708.0,215.0,525.0,0.41,68.0,202.0,0.337,147.0,323.0,0.455,0.474,108.0,148.0,0.73,69.0,266.0,335.0,98.0,38.0,43.0,58.0,126.0,606.0,0.0,,2016,2015-16
170.0,Stanley Johnson,19.0,DET,SF,73.0,6.0,1687.0,225.0,600.0,0.375,63.0,205.0,0.307,162.0,395.0,0.41,0.428,80.0,102.0,0.784,58.0,248.0,306.0,118.0,55.0,12.0,114.0,178.0,593.0,0.0,,2016,2015-16
171.0,Austin Rivers,23.0,LAC,SG,67.0,7.0,1464.0,226.0,516.0,0.438,62.0,185.0,0.335,164.0,331.0,0.495,0.498,79.0,116.0,0.681,22.0,108.0,130.0,99.0,48.0,9.0,61.0,137.0,593.0,0.0,,2016,2015-16
172.0,Corey Brewer,29.0,HOU,SF,82.0,12.0,1669.0,212.0,552.0,0.384,61.0,224.0,0.272,151.0,328.0,0.46,0.439,105.0,140.0,0.75,42.0,157.0,199.0,109.0,84.0,19.0,78.0,168.0,590.0,0.0,,2016,2015-16
173.0,Marcus Thornton,28.0,2TM,SG,61.0,8.0,1109.0,216.0,542.0,0.399,91.0,270.0,0.337,125.0,272.0,0.46,0.482,67.0,79.0,0.848,38.0,112.0,150.0,85.0,47.0,4.0,51.0,90.0,590.0,0.0,,2016,2015-16
173.0,Marcus Thornton,28.0,HOU,SG,47.0,6.0,885.0,174.0,435.0,0.4,73.0,216.0,0.338,101.0,219.0,0.461,0.484,51.0,58.0,0.879,31.0,84.0,115.0,66.0,34.0,3.0,40.0,73.0,472.0,0.0,,2016,2015-16
173.0,Marcus Thornton,28.0,WAS,SG,14.0,2.0,224.0,42.0,107.0,0.393,18.0,54.0,0.333,24.0,53.0,0.453,0.477,16.0,21.0,0.762,7.0,28.0,35.0,19.0,13.0,1.0,11.0,17.0,118.0,0.0,,2016,2015-16
174.0,Wayne Ellington,28.0,BRK,SG,76.0,41.0,1615.0,218.0,561.0,0.389,96.0,268.0,0.358,122.0,293.0,0.416,0.474,54.0,63.0,0.857,20.0,154.0,174.0,83.0,48.0,5.0,45.0,82.0,586.0,0.0,,2016,2015-16
175.0,Garrett Temple,29.0,WAS,SF,80.0,43.0,1951.0,201.0,505.0,0.398,89.0,258.0,0.345,112.0,247.0,0.453,0.486,91.0,125.0,0.728,36.0,176.0,212.0,140.0,69.0,18.0,64.0,195.0,582.0,0.0,,2016,2015-16
176.0,Jeremy Lamb,23.0,CHO,SG,66.0,0.0,1227.0,230.0,510.0,0.451,56.0,181.0,0.309,174.0,329.0,0.529,0.506,64.0,88.0,0.727,44.0,208.0,252.0,77.0,42.0,30.0,50.0,105.0,580.0,0.0,,2016,2015-16
177.0,JaMychal Green,25.0,MEM,PF,78.0,15.0,1446.0,230.0,495.0,0.465,15.0,45.0,0.333,215.0,450.0,0.478,0.48,103.0,137.0,0.752,139.0,234.0,373.0,67.0,46.0,33.0,83.0,189.0,578.0,0.0,,2016,2015-16
178.0,Amir Johnson,28.0,BOS,PF,79.0,76.0,1800.0,249.0,426.0,0.585,10.0,43.0,0.233,239.0,383.0,0.624,0.596,69.0,121.0,0.57,178.0,327.0,505.0,138.0,52.0,83.0,94.0,214.0,577.0,0.0,,2016,2015-16
179.0,Lance Stephenson,25.0,2TM,SF,69.0,13.0,1372.0,228.0,474.0,0.481,30.0,78.0,0.385,198.0,396.0,0.5,0.513,87.0,111.0,0.784,40.0,183.0,223.0,133.0,43.0,9.0,94.0,135.0,573.0,0.0,,2016,2015-16
179.0,Lance Stephenson,25.0,LAC,SF,43.0,10.0,680.0,82.0,166.0,0.494,19.0,47.0,0.404,63.0,119.0,0.529,0.551,21.0,30.0,0.7,19.0,89.0,108.0,60.0,24.0,3.0,48.0,79.0,204.0,0.0,,2016,2015-16
179.0,Lance Stephenson,25.0,MEM,SF,26.0,3.0,692.0,146.0,308.0,0.474,11.0,31.0,0.355,135.0,277.0,0.487,0.492,66.0,81.0,0.815,21.0,94.0,115.0,73.0,19.0,6.0,46.0,56.0,369.0,0.0,,2016,2015-16
180.0,Danny Green,28.0,SAS,SG,79.0,79.0,2062.0,211.0,561.0,0.376,116.0,349.0,0.332,95.0,212.0,0.448,0.48,34.0,46.0,0.739,48.0,255.0,303.0,141.0,79.0,64.0,75.0,141.0,572.0,0.0,,2016,2015-16
181.0,Matthew Dellavedova,25.0,CLE,PG,76.0,14.0,1867.0,207.0,511.0,0.405,98.0,239.0,0.41,109.0,272.0,0.401,0.501,57.0,66.0,0.864,33.0,129.0,162.0,337.0,44.0,9.0,116.0,178.0,569.0,0.0,,2016,2015-16
182.0,Jon Leuer,26.0,PHO,PF,67.0,27.0,1255.0,224.0,466.0,0.481,42.0,110.0,0.382,182.0,356.0,0.511,0.526,77.0,101.0,0.762,76.0,297.0,373.0,72.0,38.0,30.0,75.0,125.0,567.0,0.0,,2016,2015-16
183.0,Shane Larkin,23.0,BRK,PG,78.0,17.0,1751.0,222.0,502.0,0.442,39.0,108.0,0.361,183.0,394.0,0.464,0.481,83.0,107.0,0.776,28.0,152.0,180.0,342.0,95.0,12.0,146.0,121.0,566.0,0.0,,2016,2015-16
184.0,Al Jefferson,31.0,CHO,C,47.0,18.0,1096.0,245.0,505.0,0.485,0.0,0.0,,245.0,505.0,0.485,0.485,72.0,111.0,0.649,57.0,244.0,301.0,70.0,30.0,41.0,34.0,117.0,562.0,0.0,,2016,2015-16
185.0,Marcus Smart,21.0,BOS,PG,61.0,10.0,1667.0,184.0,529.0,0.348,61.0,241.0,0.253,123.0,288.0,0.427,0.405,129.0,166.0,0.777,76.0,179.0,255.0,185.0,91.0,18.0,80.0,183.0,558.0,1.0,,2016,2015-16
186.0,Rudy Gobert,23.0,UTA,C,61.0,60.0,1932.0,198.0,354.0,0.559,0.0,0.0,,198.0,354.0,0.559,0.559,161.0,283.0,0.569,208.0,460.0,668.0,91.0,45.0,135.0,114.0,163.0,557.0,0.0,DPOY-7,2016,2015-16
187.0,Manu Ginóbili,38.0,SAS,SG,58.0,0.0,1134.0,197.0,435.0,0.453,70.0,179.0,0.391,127.0,256.0,0.496,0.533,91.0,112.0,0.813,26.0,120.0,146.0,177.0,66.0,11.0,99.0,99.0,555.0,0.0,,2016,2015-16
188.0,David West,35.0,SAS,PF,78.0,19.0,1404.0,244.0,448.0,0.545,3.0,7.0,0.429,241.0,441.0,0.546,0.548,63.0,80.0,0.788,72.0,237.0,309.0,143.0,44.0,55.0,68.0,142.0,554.0,0.0,,2016,2015-16
189.0,Wesley Johnson,28.0,LAC,SF,80.0,9.0,1666.0,208.0,515.0,0.404,103.0,309.0,0.333,105.0,206.0,0.51,0.504,30.0,46.0,0.652,37.0,211.0,248.0,49.0,89.0,56.0,54.0,173.0,549.0,0.0,,2016,2015-16
190.0,Jason Smith,29.0,ORL,C,76.0,2.0,1181.0,244.0,503.0,0.485,4.0,16.0,0.25,240.0,487.0,0.493,0.489,54.0,67.0,0.806,53.0,166.0,219.0,62.0,33.0,65.0,57.0,163.0,546.0,0.0,,2016,2015-16
191.0,José Calderón,34.0,NYK,PG,72.0,72.0,2024.0,209.0,455.0,0.459,84.0,203.0,0.414,125.0,252.0,0.496,0.552,42.0,48.0,0.875,22.0,207.0,229.0,298.0,63.0,7.0,87.0,135.0,544.0,0.0,,2016,2015-16
192.0,Patrick Patterson,26.0,TOR,PF,79.0,0.0,2020.0,204.0,493.0,0.414,106.0,293.0,0.362,98.0,200.0,0.49,0.521,29.0,34.0,0.853,77.0,265.0,342.0,94.0,53.0,32.0,65.0,128.0,543.0,0.0,6MOY-16,2016,2015-16
193.0,Clint Capela,21.0,HOU,C,77.0,35.0,1471.0,231.0,397.0,0.582,0.0,1.0,0.0,231.0,396.0,0.583,0.582,80.0,211.0,0.379,194.0,300.0,494.0,47.0,59.0,92.0,60.0,190.0,542.0,0.0,,2016,2015-16
194.0,Jerryd Bayless,27.0,MIL,SG,52.0,18.0,1505.0,185.0,437.0,0.423,101.0,231.0,0.437,84.0,206.0,0.408,0.539,70.0,90.0,0.778,21.0,120.0,141.0,163.0,47.0,11.0,73.0,111.0,541.0,0.0,,2016,2015-16
195.0,Tony Allen,34.0,MEM,SG,64.0,57.0,1620.0,215.0,469.0,0.458,15.0,42.0,0.357,200.0,427.0,0.468,0.474,90.0,138.0,0.652,104.0,192.0,296.0,70.0,110.0,18.0,78.0,175.0,535.0,0.0,"DPOY-8,DEF2",2016,2015-16
196.0,Toney Douglas,29.0,NOP,PG,61.0,18.0,1262.0,183.0,445.0,0.411,81.0,203.0,0.399,102.0,242.0,0.421,0.502,84.0,99.0,0.848,25.0,118.0,143.0,157.0,70.0,5.0,64.0,131.0,531.0,0.0,,2016,2015-16
197.0,Ben McLemore,22.0,SAC,SG,68.0,53.0,1443.0,195.0,455.0,0.429,67.0,185.0,0.362,128.0,270.0,0.474,0.502,74.0,103.0,0.718,34.0,114.0,148.0,79.0,52.0,10.0,99.0,140.0,531.0,0.0,,2016,2015-16
198.0,Kosta Koufos,26.0,SAC,C,78.0,14.0,1482.0,236.0,444.0,0.532,0.0,0.0,,236.0,444.0,0.532,0.532,57.0,104.0,0.548,169.0,254.0,423.0,33.0,40.0,70.0,48.0,185.0,529.0,0.0,,2016,2015-16
199.0,Darrell Arthur,27.0,DEN,PF,70.0,16.0,1516.0,221.0,489.0,0.452,45.0,117.0,0.385,176.0,372.0,0.473,0.498,40.0,53.0,0.755,86.0,207.0,293.0,96.0,53.0,48.0,66.0,185.0,527.0,0.0,,2016,2015-16
200.0,Ed Davis,26.0,POR,PF,81.0,0.0,1684.0,206.0,337.0,0.611,0.0,0.0,,206.0,337.0,0.611,0.611,114.0,204.0,0.559,224.0,375.0,599.0,88.0,57.0,72.0,64.0,202.0,526.0,0.0,6MOY-8,2016,2015-16
201.0,Nenê,33.0,WAS,PF,57.0,11.0,1094.0,209.0,384.0,0.544,0.0,3.0,0.0,209.0,381.0,0.549,0.544,107.0,185.0,0.578,52.0,207.0,259.0,97.0,54.0,26.0,76.0,156.0,525.0,0.0,,2016,2015-16
202.0,Tim Duncan,39.0,SAS,C,61.0,60.0,1536.0,215.0,441.0,0.488,0.0,2.0,0.0,215.0,439.0,0.49,0.488,92.0,131.0,0.702,115.0,332.0,447.0,163.0,47.0,78.0,90.0,125.0,522.0,0.0,,2016,2015-16
203.0,Rodney Stuckey,29.0,IND,PG,58.0,1.0,1275.0,183.0,443.0,0.413,20.0,83.0,0.241,163.0,360.0,0.453,0.436,131.0,158.0,0.829,19.0,137.0,156.0,142.0,43.0,8.0,76.0,77.0,517.0,0.0,,2016,2015-16
204.0,T.J. Warren,22.0,PHO,SF,47.0,4.0,1070.0,221.0,441.0,0.501,28.0,70.0,0.4,193.0,371.0,0.52,0.533,45.0,64.0,0.703,57.0,90.0,147.0,44.0,37.0,16.0,32.0,94.0,515.0,0.0,,2016,2015-16
205.0,Aron Baynes,29.0,DET,C,81.0,1.0,1233.0,194.0,384.0,0.505,0.0,2.0,0.0,194.0,382.0,0.508,0.505,126.0,165.0,0.764,140.0,244.0,384.0,51.0,21.0,52.0,67.0,151.0,514.0,0.0,,2016,2015-16
206.0,Kevin Martin,32.0,2TM,SG,55.0,13.0,1095.0,156.0,419.0,0.372,49.0,136.0,0.36,107.0,283.0,0.378,0.431,153.0,172.0,0.89,14.0,96.0,110.0,58.0,26.0,3.0,54.0,83.0,514.0,0.0,,2016,2015-16
206.0,Kevin Martin,32.0,MIN,SG,39.0,12.0,834.0,126.0,334.0,0.377,38.0,103.0,0.369,88.0,231.0,0.381,0.434,125.0,142.0,0.88,10.0,71.0,81.0,46.0,17.0,1.0,41.0,68.0,415.0,0.0,,2016,2015-16
206.0,Kevin Martin,32.0,SAS,SG,16.0,1.0,261.0,30.0,85.0,0.353,11.0,33.0,0.333,19.0,52.0,0.365,0.418,28.0,30.0,0.933,4.0,25.0,29.0,12.0,9.0,2.0,13.0,15.0,99.0,0.0,,2016,2015-16
207.0,Marreese Speights,28.0,GSW,C,72.0,0.0,832.0,197.0,456.0,0.432,24.0,62.0,0.387,173.0,394.0,0.439,0.458,94.0,114.0,0.825,77.0,162.0,239.0,61.0,19.0,34.0,66.0,117.0,512.0,0.0,,2016,2015-16
208.0,Meyers Leonard,23.0,POR,PF,61.0,10.0,1333.0,195.0,435.0,0.448,86.0,228.0,0.377,109.0,207.0,0.527,0.547,35.0,46.0,0.761,51.0,263.0,314.0,92.0,8.0,18.0,77.0,183.0,511.0,0.0,,2016,2015-16
209.0,Archie Goodwin,21.0,PHO,PG,57.0,13.0,1114.0,176.0,422.0,0.417,23.0,99.0,0.232,153.0,323.0,0.474,0.444,130.0,193.0,0.674,27.0,115.0,142.0,118.0,27.0,13.0,100.0,84.0,505.0,0.0,,2016,2015-16
210.0,Justise Winslow,19.0,MIA,SF,78.0,8.0,2232.0,195.0,462.0,0.422,32.0,116.0,0.276,163.0,346.0,0.471,0.457,80.0,117.0,0.684,81.0,322.0,403.0,117.0,68.0,26.0,95.0,184.0,502.0,0.0,ROY-6,2016,2015-16
211.0,Maurice Harkless,22.0,POR,SF,78.0,14.0,1457.0,195.0,411.0,0.474,39.0,140.0,0.279,156.0,271.0,0.576,0.522,69.0,111.0,0.622,101.0,179.0,280.0,67.0,49.0,35.0,62.0,124.0,498.0,0.0,,2016,2015-16
212.0,T.J. McConnell,23.0,PHI,PG,81.0,17.0,1606.0,218.0,464.0,0.47,31.0,89.0,0.348,187.0,375.0,0.499,0.503,26.0,41.0,0.634,43.0,207.0,250.0,367.0,95.0,10.0,140.0,114.0,493.0,0.0,,2016,2015-16
213.0,Aaron Brooks,31.0,CHI,PG,69.0,0.0,1108.0,188.0,469.0,0.401,66.0,185.0,0.357,122.0,284.0,0.43,0.471,49.0,64.0,0.766,21.0,80.0,101.0,180.0,30.0,10.0,82.0,132.0,491.0,0.0,,2016,2015-16
214.0,Shaun Livingston,30.0,GSW,PG,78.0,3.0,1520.0,203.0,379.0,0.536,2.0,12.0,0.167,201.0,367.0,0.548,0.538,80.0,93.0,0.86,42.0,127.0,169.0,237.0,57.0,27.0,78.0,140.0,488.0,0.0,6MOY-11,2016,2015-16
215.0,Trey Lyles,20.0,UTA,PF,80.0,33.0,1382.0,191.0,436.0,0.438,49.0,128.0,0.383,142.0,308.0,0.461,0.494,57.0,82.0,0.695,59.0,240.0,299.0,59.0,26.0,18.0,65.0,114.0,488.0,0.0,,2016,2015-16
216.0,Devin Harris,32.0,DAL,PG,64.0,0.0,1280.0,167.0,374.0,0.447,52.0,158.0,0.329,115.0,216.0,0.532,0.516,101.0,140.0,0.721,18.0,120.0,138.0,118.0,60.0,13.0,66.0,124.0,487.0,0.0,,2016,2015-16
217.0,Boris Diaw,33.0,SAS,PF,76.0,4.0,1386.0,202.0,383.0,0.527,25.0,69.0,0.362,177.0,314.0,0.564,0.56,56.0,76.0,0.737,58.0,175.0,233.0,176.0,26.0,21.0,97.0,102.0,485.0,0.0,6MOY-12,2016,2015-16
218.0,Dante Cunningham,28.0,NOP,SF,80.0,46.0,1971.0,186.0,412.0,0.451,55.0,174.0,0.316,131.0,238.0,0.55,0.518,57.0,82.0,0.695,57.0,179.0,236.0,77.0,42.0,33.0,41.0,173.0,484.0,0.0,,2016,2015-16
219.0,Lance Thomas,27.0,NYK,PF,59.0,5.0,1313.0,169.0,382.0,0.442,44.0,109.0,0.404,125.0,273.0,0.458,0.5,102.0,119.0,0.857,34.0,97.0,131.0,53.0,22.0,7.0,57.0,109.0,484.0,0.0,,2016,2015-16
220.0,Roy Hibbert,29.0,LAL,C,81.0,81.0,1878.0,182.0,411.0,0.443,0.0,2.0,0.0,182.0,409.0,0.445,0.443,117.0,145.0,0.807,132.0,266.0,398.0,95.0,32.0,110.0,76.0,252.0,481.0,0.0,,2016,2015-16
221.0,Thabo Sefolosha,31.0,ATL,SF,75.0,11.0,1758.0,188.0,372.0,0.505,42.0,123.0,0.341,146.0,249.0,0.586,0.562,62.0,99.0,0.626,52.0,282.0,334.0,107.0,85.0,37.0,68.0,109.0,480.0,0.0,,2016,2015-16
222.0,Mario Hezonja,20.0,ORL,SF,79.0,9.0,1413.0,181.0,418.0,0.433,67.0,192.0,0.349,114.0,226.0,0.504,0.513,49.0,54.0,0.907,28.0,148.0,176.0,109.0,39.0,17.0,97.0,124.0,478.0,0.0,,2016,2015-16
223.0,Norris Cole,27.0,NOP,PG,45.0,23.0,1198.0,196.0,484.0,0.405,33.0,102.0,0.324,163.0,382.0,0.427,0.439,52.0,65.0,0.8,10.0,141.0,151.0,167.0,37.0,5.0,75.0,102.0,477.0,0.0,,2016,2015-16
224.0,Raul Neto,23.0,UTA,PG,81.0,53.0,1499.0,180.0,418.0,0.431,64.0,162.0,0.395,116.0,256.0,0.453,0.507,52.0,70.0,0.743,17.0,103.0,120.0,174.0,62.0,2.0,109.0,122.0,476.0,0.0,,2016,2015-16
225.0,Timofey Mozgov,29.0,CLE,C,76.0,48.0,1326.0,203.0,359.0,0.565,1.0,7.0,0.143,202.0,352.0,0.574,0.567,68.0,95.0,0.716,110.0,227.0,337.0,33.0,22.0,57.0,71.0,159.0,475.0,0.0,,2016,2015-16
226.0,Randy Foye,32.0,2TM,SG,81.0,8.0,1642.0,169.0,482.0,0.351,75.0,250.0,0.3,94.0,232.0,0.405,0.428,61.0,74.0,0.824,24.0,132.0,156.0,161.0,39.0,29.0,86.0,131.0,474.0,0.0,,2016,2015-16
226.0,Randy Foye,32.0,DEN,SG,54.0,7.0,1070.0,117.0,333.0,0.351,50.0,169.0,0.296,67.0,164.0,0.409,0.426,39.0,47.0,0.83,16.0,89.0,105.0,112.0,26.0,16.0,58.0,83.0,323.0,0.0,,2016,2015-16
226.0,Randy Foye,32.0,OKC,SG,27.0,1.0,572.0,52.0,149.0,0.349,25.0,81.0,0.309,27.0,68.0,0.397,0.433,22.0,27.0,0.815,8.0,43.0,51.0,49.0,13.0,13.0,28.0,48.0,151.0,0.0,,2016,2015-16
227.0,Brandon Bass,30.0,LAL,PF,66.0,0.0,1342.0,174.0,317.0,0.549,0.0,2.0,0.0,174.0,315.0,0.552,0.549,125.0,148.0,0.845,104.0,181.0,285.0,74.0,33.0,55.0,42.0,125.0,473.0,0.0,,2016,2015-16
228.0,Tyson Chandler,33.0,PHO,C,66.0,60.0,1618.0,183.0,314.0,0.583,0.0,1.0,0.0,183.0,313.0,0.585,0.583,106.0,171.0,0.62,175.0,401.0,576.0,64.0,36.0,44.0,93.0,145.0,472.0,0.0,,2016,2015-16
229.0,D.J. Augustin,28.0,2TM,PG,62.0,0.0,1178.0,148.0,350.0,0.423,68.0,168.0,0.405,80.0,182.0,0.44,0.52,103.0,128.0,0.805,8.0,87.0,95.0,198.0,38.0,4.0,84.0,85.0,467.0,0.0,,2016,2015-16
229.0,D.J. Augustin,28.0,OKC,PG,34.0,0.0,519.0,46.0,121.0,0.38,24.0,61.0,0.393,22.0,60.0,0.367,0.479,26.0,34.0,0.765,5.0,38.0,43.0,66.0,13.0,2.0,30.0,41.0,142.0,0.0,,2016,2015-16
229.0,D.J. Augustin,28.0,DEN,PG,28.0,0.0,659.0,102.0,229.0,0.445,44.0,107.0,0.411,58.0,122.0,0.475,0.541,77.0,94.0,0.819,3.0,49.0,52.0,132.0,25.0,2.0,54.0,44.0,325.0,0.0,,2016,2015-16
230.0,Joffrey Lauvergne,24.0,DEN,C,59.0,15.0,1041.0,195.0,380.0,0.513,13.0,53.0,0.245,182.0,327.0,0.557,0.53,62.0,69.0,0.899,77.0,213.0,290.0,56.0,13.0,15.0,54.0,115.0,465.0,0.0,,2016,2015-16
231.0,Mike Scott,27.0,ATL,PF,75.0,0.0,1146.0,176.0,376.0,0.468,62.0,158.0,0.392,114.0,218.0,0.523,0.551,50.0,63.0,0.794,53.0,153.0,206.0,78.0,25.0,17.0,42.0,102.0,464.0,0.0,,2016,2015-16
232.0,Trevor Booker,28.0,UTA,PF,79.0,2.0,1632.0,190.0,388.0,0.49,12.0,41.0,0.293,178.0,347.0,0.513,0.505,71.0,106.0,0.67,166.0,286.0,452.0,84.0,59.0,41.0,81.0,169.0,463.0,0.0,,2016,2015-16
233.0,Willie Cauley-Stein,22.0,SAC,C,66.0,39.0,1412.0,191.0,339.0,0.563,0.0,2.0,0.0,191.0,337.0,0.567,0.563,81.0,125.0,0.648,134.0,218.0,352.0,37.0,48.0,66.0,46.0,146.0,463.0,0.0,,2016,2015-16
234.0,Andre Iguodala,32.0,GSW,SF,65.0,1.0,1732.0,176.0,368.0,0.478,54.0,154.0,0.351,122.0,214.0,0.57,0.552,51.0,83.0,0.614,52.0,211.0,263.0,219.0,73.0,19.0,79.0,102.0,457.0,0.0,6MOY-2,2016,2015-16
235.0,Bismack Biyombo,23.0,TOR,C,82.0,22.0,1808.0,156.0,288.0,0.542,0.0,1.0,0.0,156.0,287.0,0.544,0.542,142.0,226.0,0.628,182.0,473.0,655.0,29.0,19.0,133.0,71.0,225.0,454.0,0.0,,2016,2015-16
236.0,Shelvin Mack,25.0,2TM,PG,52.0,27.0,1058.0,182.0,415.0,0.439,39.0,125.0,0.312,143.0,290.0,0.493,0.486,45.0,61.0,0.738,13.0,115.0,128.0,187.0,34.0,3.0,95.0,72.0,448.0,0.0,,2016,2015-16
236.0,Shelvin Mack,25.0,ATL,PG,24.0,0.0,179.0,40.0,95.0,0.421,4.0,27.0,0.148,36.0,68.0,0.529,0.442,9.0,12.0,0.75,2.0,20.0,22.0,38.0,8.0,0.0,14.0,7.0,93.0,0.0,,2016,2015-16
236.0,Shelvin Mack,25.0,UTA,PG,28.0,27.0,879.0,142.0,320.0,0.444,35.0,98.0,0.357,107.0,222.0,0.482,0.498,36.0,49.0,0.735,11.0,95.0,106.0,149.0,26.0,3.0,81.0,65.0,355.0,0.0,,2016,2015-16
237.0,E'Twaun Moore,26.0,CHI,SG,59.0,22.0,1263.0,187.0,389.0,0.481,47.0,104.0,0.452,140.0,285.0,0.491,0.541,22.0,35.0,0.629,19.0,114.0,133.0,99.0,37.0,18.0,53.0,103.0,443.0,0.0,,2016,2015-16
238.0,Bobby Portis,20.0,CHI,PF,62.0,4.0,1102.0,186.0,436.0,0.427,16.0,52.0,0.308,170.0,384.0,0.443,0.445,48.0,66.0,0.727,123.0,214.0,337.0,52.0,25.0,22.0,54.0,100.0,436.0,0.0,,2016,2015-16
239.0,Terrence Jones,24.0,HOU,PF,50.0,11.0,1044.0,166.0,367.0,0.452,25.0,79.0,0.316,141.0,288.0,0.49,0.486,77.0,116.0,0.664,62.0,149.0,211.0,41.0,23.0,39.0,49.0,86.0,434.0,0.0,,2016,2015-16
240.0,Leandro Barbosa,33.0,GSW,SG,68.0,0.0,1079.0,171.0,370.0,0.462,39.0,110.0,0.355,132.0,260.0,0.508,0.515,52.0,62.0,0.839,28.0,89.0,117.0,82.0,44.0,10.0,53.0,107.0,433.0,0.0,,2016,2015-16
241.0,Lavoy Allen,26.0,IND,PF,79.0,28.0,1599.0,191.0,370.0,0.516,0.0,0.0,,191.0,370.0,0.516,0.516,46.0,73.0,0.63,162.0,262.0,424.0,76.0,26.0,42.0,69.0,147.0,428.0,0.0,,2016,2015-16
242.0,David Lee,32.0,2TM,PF,55.0,5.0,903.0,178.0,335.0,0.531,0.0,1.0,0.0,178.0,334.0,0.533,0.531,71.0,93.0,0.763,101.0,204.0,305.0,84.0,22.0,28.0,66.0,114.0,427.0,0.0,,2016,2015-16
242.0,David Lee,32.0,BOS,PF,30.0,4.0,470.0,87.0,192.0,0.453,0.0,1.0,0.0,87.0,191.0,0.455,0.453,40.0,51.0,0.784,41.0,89.0,130.0,54.0,12.0,13.0,38.0,51.0,214.0,0.0,,2016,2015-16
242.0,David Lee,32.0,DAL,PF,25.0,1.0,433.0,91.0,143.0,0.636,0.0,0.0,,91.0,143.0,0.636,0.636,31.0,42.0,0.738,60.0,115.0,175.0,30.0,10.0,15.0,28.0,63.0,213.0,0.0,,2016,2015-16
243.0,Jerian Grant,23.0,NYK,PG,76.0,6.0,1265.0,154.0,391.0,0.394,22.0,100.0,0.22,132.0,291.0,0.454,0.422,96.0,123.0,0.78,23.0,120.0,143.0,177.0,50.0,10.0,87.0,97.0,426.0,0.0,,2016,2015-16
244.0,Channing Frye,32.0,2TM,C,70.0,32.0,1200.0,152.0,347.0,0.438,91.0,235.0,0.387,61.0,112.0,0.545,0.569,30.0,35.0,0.857,35.0,199.0,234.0,71.0,29.0,28.0,43.0,127.0,425.0,0.0,,2016,2015-16
244.0,Channing Frye,32.0,ORL,PF,44.0,29.0,754.0,81.0,186.0,0.435,48.0,121.0,0.397,33.0,65.0,0.508,0.565,19.0,21.0,0.905,23.0,118.0,141.0,45.0,21.0,20.0,30.0,71.0,229.0,0.0,,2016,2015-16
244.0,Channing Frye,32.0,CLE,C,26.0,3.0,446.0,71.0,161.0,0.441,43.0,114.0,0.377,28.0,47.0,0.596,0.575,11.0,14.0,0.786,12.0,81.0,93.0,26.0,8.0,8.0,13.0,56.0,196.0,0.0,,2016,2015-16
245.0,Donald Sloan,28.0,BRK,PG,61.0,33.0,1318.0,154.0,350.0,0.44,38.0,99.0,0.384,116.0,251.0,0.462,0.494,78.0,104.0,0.75,17.0,156.0,173.0,268.0,32.0,4.0,80.0,73.0,424.0,0.0,,2016,2015-16
246.0,Jason Terry,38.0,HOU,SG,72.0,7.0,1258.0,151.0,376.0,0.402,93.0,261.0,0.356,58.0,115.0,0.504,0.525,27.0,33.0,0.818,14.0,65.0,79.0,103.0,47.0,9.0,49.0,91.0,422.0,0.0,,2016,2015-16
247.0,Paul Pierce,38.0,LAC,SF,68.0,38.0,1231.0,144.0,397.0,0.363,75.0,242.0,0.31,69.0,155.0,0.445,0.457,54.0,66.0,0.818,12.0,174.0,186.0,71.0,33.0,17.0,58.0,129.0,417.0,0.0,,2016,2015-16
248.0,Alec Burks,24.0,UTA,SG,31.0,3.0,797.0,137.0,334.0,0.41,32.0,79.0,0.405,105.0,255.0,0.412,0.458,106.0,141.0,0.752,16.0,93.0,109.0,63.0,18.0,4.0,51.0,71.0,412.0,0.0,,2016,2015-16
249.0,Jarrett Jack,32.0,BRK,PG,32.0,32.0,1027.0,140.0,358.0,0.391,31.0,102.0,0.304,109.0,256.0,0.426,0.434,100.0,112.0,0.893,9.0,127.0,136.0,236.0,34.0,7.0,94.0,77.0,411.0,0.0,,2016,2015-16
250.0,Richard Jefferson,35.0,CLE,SF,74.0,5.0,1326.0,143.0,312.0,0.458,66.0,173.0,0.382,77.0,139.0,0.554,0.564,58.0,87.0,0.667,15.0,113.0,128.0,59.0,33.0,14.0,43.0,129.0,410.0,0.0,,2016,2015-16
251.0,P.J. Hairston,23.0,2TM,SF,66.0,52.0,1313.0,145.0,408.0,0.355,70.0,241.0,0.29,75.0,167.0,0.449,0.441,50.0,64.0,0.781,25.0,149.0,174.0,38.0,32.0,11.0,41.0,137.0,410.0,0.0,,2016,2015-16
251.0,P.J. Hairston,23.0,CHO,SF,48.0,43.0,938.0,99.0,276.0,0.359,54.0,172.0,0.314,45.0,104.0,0.433,0.457,34.0,42.0,0.81,18.0,110.0,128.0,29.0,24.0,7.0,24.0,106.0,286.0,0.0,,2016,2015-16
251.0,P.J. Hairston,23.0,MEM,SF,18.0,9.0,375.0,46.0,132.0,0.348,16.0,69.0,0.232,30.0,63.0,0.476,0.409,16.0,22.0,0.727,7.0,39.0,46.0,9.0,8.0,4.0,17.0,31.0,124.0,0.0,,2016,2015-16
252.0,Dwight Powell,24.0,DAL,PF,69.0,2.0,992.0,146.0,296.0,0.493,2.0,16.0,0.125,144.0,280.0,0.514,0.497,105.0,142.0,0.739,84.0,189.0,273.0,44.0,36.0,24.0,40.0,118.0,399.0,0.0,,2016,2015-16
253.0,John Henson,25.0,MIL,C,57.0,1.0,960.0,164.0,291.0,0.564,0.0,1.0,0.0,164.0,290.0,0.566,0.564,69.0,117.0,0.59,87.0,134.0,221.0,54.0,18.0,109.0,64.0,131.0,397.0,0.0,,2016,2015-16
254.0,Vince Carter,39.0,MEM,SG,60.0,3.0,1005.0,133.0,343.0,0.388,59.0,169.0,0.349,74.0,174.0,0.425,0.474,70.0,84.0,0.833,31.0,115.0,146.0,56.0,38.0,16.0,35.0,101.0,395.0,0.0,,2016,2015-16
255.0,Nick Young,30.0,LAL,SG,54.0,2.0,1033.0,126.0,372.0,0.339,77.0,237.0,0.325,49.0,135.0,0.363,0.442,63.0,76.0,0.829,14.0,83.0,97.0,34.0,23.0,7.0,30.0,50.0,392.0,0.0,,2016,2015-16
256.0,Gary Neal,31.0,WAS,SG,40.0,2.0,807.0,151.0,325.0,0.465,41.0,100.0,0.41,110.0,225.0,0.489,0.528,47.0,55.0,0.855,11.0,72.0,83.0,47.0,20.0,1.0,29.0,55.0,390.0,0.0,,2016,2015-16
257.0,Andrew Nicholson,26.0,ORL,PF,56.0,0.0,823.0,146.0,310.0,0.471,41.0,114.0,0.36,105.0,196.0,0.536,0.537,51.0,65.0,0.785,34.0,167.0,201.0,25.0,10.0,22.0,41.0,69.0,384.0,0.0,,2016,2015-16
258.0,Anthony Tolliver,30.0,DET,PF,72.0,5.0,1341.0,128.0,332.0,0.386,98.0,272.0,0.36,30.0,60.0,0.5,0.533,29.0,47.0,0.617,39.0,190.0,229.0,52.0,26.0,16.0,28.0,86.0,383.0,0.0,,2016,2015-16
259.0,Anthony Morrow,30.0,OKC,SG,68.0,6.0,926.0,136.0,333.0,0.408,79.0,204.0,0.387,57.0,129.0,0.442,0.527,29.0,39.0,0.744,10.0,52.0,62.0,24.0,22.0,5.0,17.0,64.0,380.0,0.0,,2016,2015-16
260.0,Tyreke Evans,26.0,NOP,SG,25.0,25.0,765.0,136.0,314.0,0.433,33.0,85.0,0.388,103.0,229.0,0.45,0.486,74.0,93.0,0.796,20.0,109.0,129.0,164.0,32.0,8.0,73.0,66.0,379.0,0.0,,2016,2015-16
261.0,Andrew Bogut,31.0,GSW,C,70.0,66.0,1451.0,175.0,279.0,0.627,1.0,1.0,1.0,174.0,278.0,0.626,0.629,24.0,50.0,0.48,121.0,371.0,492.0,162.0,33.0,114.0,83.0,221.0,375.0,0.0,,2016,2015-16
262.0,JaKarr Sampson,22.0,2TM,SF,73.0,40.0,1160.0,140.0,317.0,0.442,14.0,63.0,0.222,126.0,254.0,0.496,0.464,80.0,122.0,0.656,46.0,144.0,190.0,46.0,23.0,33.0,70.0,142.0,374.0,0.0,,2016,2015-16
262.0,JaKarr Sampson,22.0,PHI,SF,47.0,18.0,691.0,86.0,202.0,0.426,6.0,34.0,0.176,80.0,168.0,0.476,0.441,62.0,97.0,0.639,30.0,99.0,129.0,30.0,11.0,16.0,51.0,91.0,240.0,0.0,,2016,2015-16
262.0,JaKarr Sampson,22.0,DEN,SF,26.0,22.0,469.0,54.0,115.0,0.47,8.0,29.0,0.276,46.0,86.0,0.535,0.504,18.0,25.0,0.72,16.0,45.0,61.0,16.0,12.0,17.0,19.0,51.0,134.0,0.0,,2016,2015-16
263.0,Ty Lawson,28.0,2TM,PG,66.0,13.0,1411.0,139.0,354.0,0.393,36.0,108.0,0.333,103.0,246.0,0.419,0.444,59.0,86.0,0.686,26.0,94.0,120.0,237.0,53.0,7.0,95.0,87.0,373.0,0.0,,2016,2015-16
263.0,Ty Lawson,28.0,HOU,PG,53.0,12.0,1176.0,111.0,287.0,0.387,31.0,94.0,0.33,80.0,193.0,0.415,0.441,56.0,80.0,0.7,20.0,69.0,89.0,180.0,43.0,6.0,82.0,71.0,309.0,0.0,,2016,2015-16
263.0,Ty Lawson,28.0,IND,PG,13.0,1.0,235.0,28.0,67.0,0.418,5.0,14.0,0.357,23.0,53.0,0.434,0.455,3.0,6.0,0.5,6.0,25.0,31.0,57.0,10.0,1.0,13.0,16.0,64.0,0.0,,2016,2015-16
264.0,Tyler Zeller,26.0,BOS,C,60.0,3.0,710.0,138.0,290.0,0.476,0.0,0.0,,138.0,290.0,0.476,0.476,88.0,108.0,0.815,62.0,116.0,178.0,29.0,10.0,22.0,46.0,97.0,364.0,0.0,,2016,2015-16
265.0,Markel Brown,24.0,BRK,SG,62.0,6.0,982.0,127.0,322.0,0.394,38.0,121.0,0.314,89.0,201.0,0.443,0.453,71.0,94.0,0.755,23.0,99.0,122.0,91.0,38.0,15.0,54.0,94.0,363.0,0.0,,2016,2015-16
266.0,Alexis Ajinça,27.0,NOP,C,59.0,17.0,861.0,150.0,315.0,0.476,0.0,1.0,0.0,150.0,314.0,0.478,0.476,52.0,62.0,0.839,75.0,194.0,269.0,31.0,19.0,36.0,54.0,134.0,352.0,0.0,,2016,2015-16
267.0,Carl Landry,32.0,PHI,PF,36.0,12.0,569.0,139.0,250.0,0.556,6.0,13.0,0.462,133.0,237.0,0.561,0.568,67.0,91.0,0.736,49.0,97.0,146.0,32.0,12.0,9.0,22.0,69.0,351.0,0.0,,2016,2015-16
268.0,Kyle Anderson,22.0,SAS,SF,78.0,11.0,1245.0,138.0,295.0,0.468,12.0,37.0,0.324,126.0,258.0,0.488,0.488,62.0,83.0,0.747,25.0,219.0,244.0,123.0,60.0,29.0,59.0,97.0,350.0,0.0,,2016,2015-16
269.0,Larry Nance Jr.,23.0,LAL,PF,63.0,22.0,1266.0,158.0,300.0,0.527,1.0,10.0,0.1,157.0,290.0,0.541,0.528,32.0,47.0,0.681,101.0,211.0,312.0,44.0,54.0,23.0,41.0,124.0,349.0,0.0,,2016,2015-16
270.0,Sean Kilpatrick,26.0,2TM,SG,31.0,0.0,616.0,123.0,270.0,0.456,39.0,114.0,0.342,84.0,156.0,0.538,0.528,60.0,67.0,0.896,12.0,44.0,56.0,29.0,12.0,2.0,31.0,37.0,345.0,0.0,,2016,2015-16
270.0,Sean Kilpatrick,26.0,DEN,SG,8.0,0.0,82.0,8.0,21.0,0.381,4.0,17.0,0.235,4.0,4.0,1.0,0.476,7.0,8.0,0.875,2.0,4.0,6.0,3.0,2.0,0.0,4.0,7.0,27.0,0.0,,2016,2015-16
270.0,Sean Kilpatrick,26.0,BRK,SG,23.0,0.0,534.0,115.0,249.0,0.462,35.0,97.0,0.361,80.0,152.0,0.526,0.532,53.0,59.0,0.898,10.0,40.0,50.0,26.0,10.0,2.0,27.0,30.0,318.0,0.0,,2016,2015-16
271.0,Kris Humphries,30.0,3TM,PF,53.0,17.0,835.0,121.0,295.0,0.41,34.0,108.0,0.315,87.0,187.0,0.465,0.468,67.0,84.0,0.798,57.0,161.0,218.0,36.0,16.0,23.0,38.0,94.0,343.0,0.0,,2016,2015-16
271.0,Kris Humphries,30.0,WAS,PF,28.0,14.0,466.0,64.0,158.0,0.405,23.0,67.0,0.343,41.0,91.0,0.451,0.478,29.0,31.0,0.935,26.0,89.0,115.0,16.0,3.0,14.0,20.0,42.0,180.0,0.0,,2016,2015-16
271.0,Kris Humphries,30.0,PHO,PF,4.0,3.0,74.0,10.0,36.0,0.278,3.0,10.0,0.3,7.0,26.0,0.269,0.319,6.0,8.0,0.75,11.0,21.0,32.0,7.0,3.0,2.0,4.0,8.0,29.0,0.0,,2016,2015-16
271.0,Kris Humphries,30.0,ATL,PF,21.0,0.0,295.0,47.0,101.0,0.465,8.0,31.0,0.258,39.0,70.0,0.557,0.505,32.0,45.0,0.711,20.0,51.0,71.0,13.0,10.0,7.0,14.0,44.0,134.0,0.0,,2016,2015-16
272.0,Joe Ingles,28.0,UTA,SF,81.0,2.0,1241.0,124.0,291.0,0.426,81.0,210.0,0.386,43.0,81.0,0.531,0.565,13.0,18.0,0.722,19.0,132.0,151.0,96.0,55.0,4.0,65.0,98.0,342.0,0.0,,2016,2015-16
273.0,Josh Richardson,22.0,MIA,SG,52.0,2.0,1107.0,123.0,272.0,0.452,53.0,115.0,0.461,70.0,157.0,0.446,0.55,42.0,63.0,0.667,21.0,86.0,107.0,73.0,36.0,25.0,35.0,107.0,341.0,0.0,,2016,2015-16
274.0,Spencer Hawes,27.0,CHO,PF,57.0,6.0,1035.0,124.0,306.0,0.405,38.0,102.0,0.373,86.0,204.0,0.422,0.467,54.0,65.0,0.831,51.0,193.0,244.0,109.0,22.0,27.0,58.0,111.0,340.0,0.0,,2016,2015-16
275.0,Jonas Jerebko,28.0,BOS,PF,78.0,0.0,1176.0,118.0,286.0,0.413,43.0,108.0,0.398,75.0,178.0,0.421,0.488,61.0,78.0,0.782,77.0,211.0,288.0,62.0,20.0,24.0,52.0,137.0,340.0,0.0,,2016,2015-16
276.0,Tony Snell,24.0,CHI,SF,64.0,33.0,1301.0,126.0,339.0,0.372,56.0,155.0,0.361,70.0,184.0,0.38,0.454,30.0,33.0,0.909,19.0,180.0,199.0,63.0,16.0,17.0,52.0,100.0,338.0,0.0,,2016,2015-16
277.0,Mo Williams,33.0,CLE,PG,41.0,14.0,748.0,132.0,302.0,0.437,36.0,102.0,0.353,96.0,200.0,0.48,0.497,38.0,42.0,0.905,6.0,66.0,72.0,98.0,14.0,5.0,57.0,60.0,338.0,0.0,,2016,2015-16
278.0,Andre Roberson,24.0,OKC,SG,70.0,70.0,1553.0,136.0,274.0,0.496,32.0,103.0,0.311,104.0,171.0,0.608,0.555,33.0,54.0,0.611,79.0,172.0,251.0,47.0,53.0,42.0,35.0,133.0,337.0,0.0,,2016,2015-16
279.0,Josh Smith,30.0,2TM,PF,55.0,7.0,880.0,127.0,349.0,0.364,41.0,143.0,0.287,86.0,206.0,0.417,0.423,37.0,67.0,0.552,51.0,141.0,192.0,90.0,34.0,47.0,77.0,118.0,332.0,0.0,,2016,2015-16
279.0,Josh Smith,30.0,LAC,PF,32.0,1.0,459.0,69.0,180.0,0.383,18.0,58.0,0.31,51.0,122.0,0.418,0.433,25.0,42.0,0.595,33.0,92.0,125.0,42.0,18.0,34.0,41.0,62.0,181.0,0.0,,2016,2015-16
279.0,Josh Smith,30.0,HOU,PF,23.0,6.0,421.0,58.0,169.0,0.343,23.0,85.0,0.271,35.0,84.0,0.417,0.411,12.0,25.0,0.48,18.0,49.0,67.0,48.0,16.0,13.0,36.0,56.0,151.0,0.0,,2016,2015-16
280.0,Brandon Jennings,26.0,2TM,PG,48.0,7.0,868.0,112.0,304.0,0.368,51.0,155.0,0.329,61.0,149.0,0.409,0.452,57.0,78.0,0.731,16.0,80.0,96.0,170.0,29.0,7.0,57.0,57.0,332.0,0.0,,2016,2015-16
280.0,Brandon Jennings,26.0,DET,PG,23.0,1.0,416.0,53.0,143.0,0.371,24.0,77.0,0.312,29.0,66.0,0.439,0.455,27.0,38.0,0.711,5.0,41.0,46.0,70.0,11.0,2.0,22.0,24.0,157.0,0.0,,2016,2015-16
280.0,Brandon Jennings,26.0,ORL,PG,25.0,6.0,452.0,59.0,161.0,0.366,27.0,78.0,0.346,32.0,83.0,0.386,0.45,30.0,40.0,0.75,11.0,39.0,50.0,100.0,18.0,5.0,35.0,33.0,175.0,0.0,,2016,2015-16
281.0,Ronnie Price,32.0,PHO,PG,62.0,18.0,1211.0,116.0,302.0,0.384,68.0,196.0,0.347,48.0,106.0,0.453,0.497,31.0,41.0,0.756,25.0,74.0,99.0,147.0,74.0,13.0,70.0,161.0,331.0,0.0,,2016,2015-16
282.0,Jonathon Simmons,26.0,SAS,SG,55.0,2.0,813.0,122.0,242.0,0.504,18.0,47.0,0.383,104.0,195.0,0.533,0.541,69.0,92.0,0.75,16.0,80.0,96.0,58.0,24.0,5.0,53.0,103.0,331.0,0.0,,2016,2015-16
283.0,Cole Aldrich,27.0,LAC,C,60.0,5.0,800.0,134.0,225.0,0.596,0.0,0.0,,134.0,225.0,0.596,0.596,60.0,84.0,0.714,86.0,202.0,288.0,50.0,47.0,68.0,64.0,139.0,328.0,0.0,,2016,2015-16
284.0,Luke Babbitt,26.0,NOP,SF,47.0,13.0,845.0,122.0,289.0,0.422,44.0,109.0,0.404,78.0,180.0,0.433,0.498,39.0,50.0,0.78,25.0,123.0,148.0,53.0,11.0,7.0,23.0,90.0,327.0,0.0,,2016,2015-16
285.0,Tim Hardaway Jr.,23.0,ATL,SG,51.0,1.0,864.0,114.0,265.0,0.43,48.0,143.0,0.336,66.0,122.0,0.541,0.521,50.0,56.0,0.893,7.0,79.0,86.0,51.0,21.0,7.0,23.0,48.0,326.0,0.0,,2016,2015-16
286.0,Alonzo Gee,28.0,NOP,SF,73.0,38.0,1632.0,132.0,255.0,0.518,17.0,60.0,0.283,115.0,195.0,0.59,0.551,44.0,66.0,0.667,60.0,185.0,245.0,72.0,63.0,13.0,55.0,169.0,325.0,0.0,,2016,2015-16
287.0,O.J. Mayo,28.0,MIL,SG,41.0,24.0,1090.0,119.0,321.0,0.371,52.0,162.0,0.321,67.0,159.0,0.421,0.452,31.0,40.0,0.775,13.0,92.0,105.0,118.0,48.0,8.0,72.0,126.0,321.0,0.0,,2016,2015-16
288.0,Festus Ezeli,26.0,GSW,C,46.0,13.0,770.0,125.0,228.0,0.548,0.0,0.0,,125.0,228.0,0.548,0.548,70.0,132.0,0.53,91.0,166.0,257.0,32.0,18.0,50.0,38.0,94.0,320.0,0.0,,2016,2015-16
289.0,Charlie Villanueva,31.0,DAL,PF,62.0,4.0,665.0,125.0,327.0,0.382,47.0,172.0,0.273,78.0,155.0,0.503,0.454,22.0,24.0,0.917,24.0,128.0,152.0,24.0,18.0,15.0,31.0,71.0,319.0,0.0,,2016,2015-16
290.0,Tyler Johnson,23.0,MIA,SG,36.0,5.0,863.0,118.0,243.0,0.486,27.0,71.0,0.38,91.0,172.0,0.529,0.541,51.0,64.0,0.797,28.0,81.0,109.0,79.0,24.0,14.0,47.0,66.0,314.0,0.0,,2016,2015-16
291.0,Miles Plumlee,27.0,MIL,C,61.0,14.0,870.0,140.0,233.0,0.601,0.0,0.0,,140.0,233.0,0.601,0.601,34.0,59.0,0.576,94.0,138.0,232.0,16.0,21.0,50.0,40.0,73.0,314.0,0.0,,2016,2015-16
292.0,Iman Shumpert,25.0,CLE,SG,54.0,5.0,1316.0,114.0,305.0,0.374,43.0,146.0,0.295,71.0,159.0,0.447,0.444,40.0,51.0,0.784,32.0,171.0,203.0,92.0,54.0,19.0,57.0,119.0,311.0,0.0,,2016,2015-16
293.0,Kyle O'Quinn,25.0,NYK,PF,65.0,1.0,764.0,129.0,271.0,0.476,5.0,22.0,0.227,124.0,249.0,0.498,0.485,46.0,60.0,0.767,76.0,174.0,250.0,72.0,20.0,49.0,61.0,107.0,309.0,0.0,,2016,2015-16
294.0,Nemanja Bjelica,27.0,MIN,PF,60.0,0.0,1075.0,110.0,235.0,0.468,48.0,125.0,0.384,62.0,110.0,0.564,0.57,40.0,55.0,0.727,49.0,161.0,210.0,83.0,26.0,21.0,47.0,154.0,308.0,0.0,,2016,2015-16
295.0,Quincy Acy,25.0,SAC,PF,59.0,29.0,876.0,119.0,214.0,0.556,19.0,49.0,0.388,100.0,165.0,0.606,0.6,50.0,68.0,0.735,65.0,123.0,188.0,27.0,29.0,24.0,27.0,103.0,307.0,0.0,,2016,2015-16
296.0,Thomas Robinson,24.0,BRK,PF,71.0,7.0,917.0,130.0,291.0,0.447,0.0,1.0,0.0,130.0,290.0,0.448,0.447,47.0,109.0,0.431,136.0,223.0,359.0,46.0,39.0,36.0,69.0,111.0,307.0,0.0,,2016,2015-16
297.0,Brandon Rush,30.0,GSW,SG,72.0,25.0,1055.0,111.0,260.0,0.427,65.0,157.0,0.414,46.0,103.0,0.447,0.552,18.0,28.0,0.643,21.0,160.0,181.0,57.0,20.0,23.0,33.0,57.0,305.0,0.0,,2016,2015-16
298.0,Andrea Bargnani,30.0,BRK,C,46.0,0.0,634.0,127.0,279.0,0.455,3.0,16.0,0.188,124.0,263.0,0.471,0.461,47.0,57.0,0.825,28.0,69.0,97.0,18.0,4.0,9.0,26.0,61.0,304.0,0.0,,2016,2015-16
299.0,Amar'e Stoudemire,33.0,MIA,C,52.0,36.0,762.0,125.0,221.0,0.566,0.0,0.0,,125.0,221.0,0.566,0.566,50.0,67.0,0.746,65.0,157.0,222.0,27.0,18.0,41.0,47.0,92.0,300.0,0.0,,2016,2015-16
300.0,Seth Curry,25.0,SAC,PG,44.0,9.0,692.0,102.0,224.0,0.455,50.0,111.0,0.45,52.0,113.0,0.46,0.567,45.0,54.0,0.833,9.0,51.0,60.0,67.0,22.0,3.0,36.0,41.0,299.0,0.0,,2016,2015-16
301.0,Jameer Nelson,33.0,DEN,PG,39.0,15.0,1036.0,113.0,307.0,0.368,43.0,144.0,0.299,70.0,163.0,0.429,0.438,30.0,35.0,0.857,19.0,96.0,115.0,190.0,25.0,5.0,66.0,100.0,299.0,0.0,,2016,2015-16
302.0,Boban Marjanović,27.0,SAS,C,54.0,4.0,508.0,105.0,174.0,0.603,0.0,0.0,,105.0,174.0,0.603,0.603,87.0,114.0,0.763,73.0,121.0,194.0,21.0,12.0,23.0,29.0,54.0,297.0,0.0,,2016,2015-16
303.0,Sasha Vujačić,31.0,NYK,SG,61.0,25.0,908.0,106.0,277.0,0.383,52.0,143.0,0.364,54.0,134.0,0.403,0.477,32.0,39.0,0.821,26.0,123.0,149.0,84.0,34.0,5.0,44.0,83.0,296.0,0.0,,2016,2015-16
304.0,Richaun Holmes,22.0,PHI,PF,51.0,1.0,702.0,114.0,222.0,0.514,8.0,44.0,0.182,106.0,178.0,0.596,0.532,51.0,74.0,0.689,62.0,73.0,135.0,33.0,19.0,40.0,32.0,92.0,287.0,0.0,,2016,2015-16
305.0,James Johnson,28.0,TOR,PF,57.0,32.0,926.0,114.0,240.0,0.475,20.0,66.0,0.303,94.0,174.0,0.54,0.517,39.0,68.0,0.574,28.0,98.0,126.0,67.0,29.0,33.0,54.0,84.0,287.0,0.0,,2016,2015-16
306.0,DeMarre Carroll,29.0,TOR,SF,26.0,22.0,786.0,105.0,270.0,0.389,46.0,118.0,0.39,59.0,152.0,0.388,0.474,30.0,50.0,0.6,31.0,91.0,122.0,27.0,44.0,6.0,28.0,63.0,286.0,0.0,,2016,2015-16
307.0,Cameron Payne,21.0,OKC,PG,57.0,1.0,698.0,114.0,278.0,0.41,36.0,111.0,0.324,78.0,167.0,0.467,0.475,19.0,24.0,0.792,9.0,76.0,85.0,108.0,36.0,6.0,44.0,80.0,283.0,0.0,,2016,2015-16
308.0,Noah Vonleh,20.0,POR,PF,78.0,56.0,1174.0,117.0,278.0,0.421,11.0,46.0,0.239,106.0,232.0,0.457,0.441,38.0,51.0,0.745,91.0,214.0,305.0,30.0,27.0,26.0,50.0,152.0,283.0,0.0,,2016,2015-16
309.0,Norman Powell,22.0,TOR,SG,49.0,24.0,725.0,97.0,229.0,0.424,36.0,89.0,0.404,61.0,140.0,0.436,0.502,43.0,53.0,0.811,16.0,95.0,111.0,47.0,29.0,10.0,32.0,59.0,273.0,0.0,,2016,2015-16
310.0,Chase Budinger,27.0,2TM,SF,66.0,2.0,929.0,104.0,239.0,0.435,24.0,86.0,0.279,80.0,153.0,0.523,0.485,39.0,56.0,0.696,43.0,107.0,150.0,64.0,32.0,10.0,44.0,62.0,271.0,0.0,,2016,2015-16
310.0,Chase Budinger,27.0,IND,SF,49.0,2.0,729.0,81.0,194.0,0.418,20.0,69.0,0.29,61.0,125.0,0.488,0.469,34.0,48.0,0.708,31.0,90.0,121.0,49.0,29.0,9.0,31.0,46.0,216.0,0.0,,2016,2015-16
310.0,Chase Budinger,27.0,PHO,SF,17.0,0.0,200.0,23.0,45.0,0.511,4.0,17.0,0.235,19.0,28.0,0.679,0.556,5.0,8.0,0.625,12.0,17.0,29.0,15.0,3.0,1.0,13.0,16.0,55.0,0.0,,2016,2015-16
311.0,Ömer Aşık,29.0,NOP,C,68.0,64.0,1178.0,104.0,195.0,0.533,0.0,0.0,,104.0,195.0,0.533,0.533,61.0,112.0,0.545,120.0,294.0,414.0,26.0,21.0,23.0,60.0,124.0,269.0,0.0,,2016,2015-16
312.0,Jusuf Nurkić,21.0,DEN,C,32.0,3.0,547.0,101.0,242.0,0.417,0.0,3.0,0.0,101.0,239.0,0.423,0.417,61.0,99.0,0.616,65.0,110.0,175.0,40.0,24.0,44.0,55.0,91.0,263.0,0.0,,2016,2015-16
313.0,Tim Frazier,25.0,2TM,PG,51.0,2.0,741.0,96.0,229.0,0.419,16.0,48.0,0.333,80.0,181.0,0.442,0.454,53.0,74.0,0.716,26.0,84.0,110.0,162.0,33.0,2.0,65.0,73.0,261.0,0.0,,2016,2015-16
313.0,Tim Frazier,25.0,POR,PG,35.0,1.0,272.0,20.0,60.0,0.333,3.0,17.0,0.176,17.0,43.0,0.395,0.358,8.0,15.0,0.533,11.0,28.0,39.0,42.0,10.0,1.0,27.0,31.0,51.0,0.0,,2016,2015-16
313.0,Tim Frazier,25.0,NOP,PG,16.0,1.0,469.0,76.0,169.0,0.45,13.0,31.0,0.419,63.0,138.0,0.457,0.488,45.0,59.0,0.763,15.0,56.0,71.0,120.0,23.0,1.0,38.0,42.0,210.0,0.0,,2016,2015-16
314.0,Michael Beasley,27.0,HOU,PF,20.0,0.0,363.0,107.0,205.0,0.522,3.0,9.0,0.333,104.0,196.0,0.531,0.529,38.0,49.0,0.776,29.0,69.0,98.0,16.0,11.0,9.0,24.0,39.0,255.0,0.0,,2016,2015-16
315.0,Dewayne Dedmon,26.0,ORL,C,58.0,20.0,705.0,99.0,177.0,0.559,0.0,0.0,,99.0,177.0,0.559,0.559,57.0,76.0,0.75,67.0,161.0,228.0,13.0,22.0,46.0,32.0,109.0,255.0,0.0,,2016,2015-16
316.0,Steve Blake,35.0,DET,PG,58.0,2.0,986.0,93.0,240.0,0.388,52.0,151.0,0.344,41.0,89.0,0.461,0.496,16.0,20.0,0.8,9.0,80.0,89.0,200.0,24.0,5.0,81.0,70.0,254.0,0.0,,2016,2015-16
317.0,Solomon Hill,24.0,IND,SF,59.0,3.0,866.0,93.0,208.0,0.447,24.0,74.0,0.324,69.0,134.0,0.515,0.505,36.0,42.0,0.857,39.0,127.0,166.0,57.0,37.0,11.0,33.0,68.0,246.0,0.0,,2016,2015-16
318.0,Troy Daniels,24.0,CHO,SG,43.0,0.0,476.0,89.0,187.0,0.476,59.0,122.0,0.484,30.0,65.0,0.462,0.634,5.0,9.0,0.556,7.0,50.0,57.0,21.0,11.0,3.0,24.0,40.0,242.0,0.0,,2016,2015-16
319.0,Justin Holiday,26.0,2TM,SG,53.0,5.0,773.0,88.0,228.0,0.386,36.0,105.0,0.343,52.0,123.0,0.423,0.465,27.0,37.0,0.73,12.0,78.0,90.0,56.0,32.0,19.0,39.0,61.0,239.0,0.0,,2016,2015-16
319.0,Justin Holiday,26.0,ATL,SG,26.0,1.0,263.0,24.0,73.0,0.329,10.0,45.0,0.222,14.0,28.0,0.5,0.397,5.0,10.0,0.5,4.0,23.0,27.0,11.0,13.0,4.0,13.0,21.0,63.0,0.0,,2016,2015-16
319.0,Justin Holiday,26.0,CHI,SG,27.0,4.0,510.0,64.0,155.0,0.413,26.0,60.0,0.433,38.0,95.0,0.4,0.497,22.0,27.0,0.815,8.0,55.0,63.0,45.0,19.0,15.0,26.0,40.0,176.0,0.0,,2016,2015-16
320.0,Marcelo Huertas,32.0,LAL,PG,53.0,0.0,869.0,97.0,230.0,0.422,16.0,61.0,0.262,81.0,169.0,0.479,0.457,27.0,29.0,0.931,18.0,72.0,90.0,182.0,26.0,7.0,80.0,76.0,237.0,0.0,,2016,2015-16
321.0,Ian Clark,24.0,GSW,SG,66.0,1.0,578.0,89.0,202.0,0.441,30.0,84.0,0.357,59.0,118.0,0.5,0.515,28.0,34.0,0.824,13.0,55.0,68.0,64.0,17.0,13.0,43.0,58.0,236.0,0.0,,2016,2015-16
322.0,Kelly Oubre Jr.,20.0,WAS,SF,63.0,9.0,671.0,90.0,211.0,0.427,25.0,79.0,0.316,65.0,132.0,0.492,0.486,31.0,49.0,0.633,25.0,108.0,133.0,13.0,22.0,7.0,34.0,100.0,236.0,0.0,,2016,2015-16
323.0,Luc Mbah a Moute,29.0,LAC,PF,75.0,61.0,1274.0,94.0,207.0,0.454,13.0,40.0,0.325,81.0,167.0,0.485,0.486,30.0,57.0,0.526,60.0,111.0,171.0,30.0,44.0,19.0,34.0,100.0,231.0,0.0,,2016,2015-16
324.0,Kyle Singler,27.0,OKC,SF,68.0,2.0,977.0,86.0,221.0,0.389,30.0,97.0,0.309,56.0,124.0,0.452,0.457,29.0,44.0,0.659,50.0,91.0,141.0,24.0,30.0,9.0,32.0,120.0,231.0,0.0,,2016,2015-16
325.0,Donatas Motiejūnas,25.0,HOU,PF,37.0,22.0,547.0,90.0,205.0,0.439,16.0,57.0,0.281,74.0,148.0,0.5,0.478,34.0,53.0,0.642,37.0,72.0,109.0,41.0,17.0,5.0,44.0,69.0,230.0,0.0,,2016,2015-16
326.0,Mike Dunleavy,35.0,CHI,SF,31.0,30.0,703.0,77.0,188.0,0.41,39.0,99.0,0.394,38.0,89.0,0.427,0.513,29.0,37.0,0.784,8.0,75.0,83.0,39.0,14.0,10.0,26.0,66.0,222.0,0.0,,2016,2015-16
327.0,Tayshaun Prince,35.0,MIN,SF,77.0,44.0,1462.0,102.0,229.0,0.445,4.0,23.0,0.174,98.0,206.0,0.476,0.454,13.0,19.0,0.684,32.0,115.0,147.0,73.0,36.0,13.0,27.0,62.0,221.0,0.0,,2016,2015-16
328.0,Rashad Vaughn,19.0,MIL,SG,70.0,6.0,1001.0,81.0,266.0,0.305,43.0,147.0,0.293,38.0,119.0,0.319,0.385,12.0,15.0,0.8,11.0,77.0,88.0,39.0,29.0,16.0,28.0,73.0,217.0,0.0,,2016,2015-16
329.0,Jeff Withey,25.0,UTA,C,51.0,10.0,658.0,87.0,162.0,0.537,0.0,2.0,0.0,87.0,160.0,0.544,0.537,43.0,59.0,0.729,56.0,117.0,173.0,20.0,21.0,53.0,28.0,75.0,217.0,0.0,,2016,2015-16
330.0,Justin Anderson,22.0,DAL,SF,55.0,9.0,647.0,71.0,175.0,0.406,22.0,83.0,0.265,49.0,92.0,0.533,0.469,44.0,55.0,0.8,18.0,114.0,132.0,29.0,19.0,25.0,24.0,45.0,208.0,0.0,,2016,2015-16
331.0,Tyler Ennis,21.0,MIL,PG,46.0,7.0,654.0,84.0,187.0,0.449,13.0,39.0,0.333,71.0,148.0,0.48,0.484,25.0,34.0,0.735,13.0,62.0,75.0,95.0,25.0,1.0,46.0,64.0,206.0,0.0,,2016,2015-16
332.0,J.J. Hickson,27.0,2TM,C,35.0,9.0,436.0,80.0,155.0,0.516,0.0,1.0,0.0,80.0,154.0,0.519,0.516,46.0,103.0,0.447,39.0,93.0,132.0,23.0,15.0,14.0,25.0,47.0,206.0,0.0,,2016,2015-16
332.0,J.J. Hickson,27.0,DEN,C,20.0,9.0,305.0,55.0,109.0,0.505,0.0,0.0,,55.0,109.0,0.505,0.505,27.0,59.0,0.458,22.0,65.0,87.0,16.0,10.0,12.0,16.0,35.0,137.0,0.0,,2016,2015-16
332.0,J.J. Hickson,27.0,WAS,C,15.0,0.0,131.0,25.0,46.0,0.543,0.0,1.0,0.0,25.0,45.0,0.556,0.543,19.0,44.0,0.432,17.0,28.0,45.0,7.0,5.0,2.0,9.0,12.0,69.0,0.0,,2016,2015-16
333.0,Chris Johnson,25.0,UTA,SF,70.0,2.0,857.0,72.0,194.0,0.371,27.0,99.0,0.273,45.0,95.0,0.474,0.441,34.0,42.0,0.81,27.0,105.0,132.0,45.0,32.0,20.0,40.0,100.0,205.0,0.0,,2016,2015-16
334.0,Beno Udrih,33.0,2TM,PG,44.0,5.0,707.0,86.0,198.0,0.434,15.0,44.0,0.341,71.0,154.0,0.461,0.472,18.0,20.0,0.9,8.0,64.0,72.0,116.0,14.0,1.0,53.0,51.0,205.0,0.0,,2016,2015-16
334.0,Beno Udrih,33.0,MEM,PG,8.0,0.0,120.0,20.0,46.0,0.435,4.0,11.0,0.364,16.0,35.0,0.457,0.478,3.0,3.0,1.0,2.0,7.0,9.0,26.0,3.0,1.0,11.0,11.0,47.0,0.0,,2016,2015-16
334.0,Beno Udrih,33.0,MIA,PG,36.0,5.0,587.0,66.0,152.0,0.434,11.0,33.0,0.333,55.0,119.0,0.462,0.47,15.0,17.0,0.882,6.0,57.0,63.0,90.0,11.0,0.0,42.0,40.0,158.0,0.0,,2016,2015-16
335.0,Brian Roberts,30.0,2TM,PG,51.0,0.0,470.0,74.0,165.0,0.448,15.0,42.0,0.357,59.0,123.0,0.48,0.494,42.0,47.0,0.894,6.0,35.0,41.0,54.0,10.0,2.0,23.0,35.0,205.0,0.0,,2016,2015-16
335.0,Brian Roberts,30.0,CHO,PG,30.0,0.0,333.0,51.0,115.0,0.443,9.0,27.0,0.333,42.0,88.0,0.477,0.483,34.0,37.0,0.919,4.0,25.0,29.0,38.0,7.0,1.0,16.0,23.0,145.0,0.0,,2016,2015-16
335.0,Brian Roberts,30.0,POR,PG,21.0,0.0,137.0,23.0,50.0,0.46,6.0,15.0,0.4,17.0,35.0,0.486,0.52,8.0,10.0,0.8,2.0,10.0,12.0,16.0,3.0,1.0,7.0,12.0,60.0,0.0,,2016,2015-16
336.0,Shabazz Napier,24.0,ORL,PG,55.0,0.0,600.0,68.0,201.0,0.338,34.0,104.0,0.327,34.0,97.0,0.351,0.423,33.0,45.0,0.733,9.0,46.0,55.0,97.0,23.0,1.0,46.0,38.0,203.0,0.0,,2016,2015-16
337.0,Tiago Splitter,31.0,ATL,C,36.0,2.0,579.0,81.0,155.0,0.523,0.0,2.0,0.0,81.0,153.0,0.529,0.523,39.0,48.0,0.813,45.0,75.0,120.0,30.0,20.0,12.0,24.0,71.0,201.0,0.0,,2016,2015-16
338.0,Johnny O'Bryant,22.0,MIL,PF,66.0,4.0,857.0,86.0,209.0,0.411,1.0,1.0,1.0,85.0,208.0,0.409,0.414,27.0,40.0,0.675,65.0,111.0,176.0,32.0,18.0,8.0,31.0,100.0,200.0,0.0,,2016,2015-16
339.0,Mike Muscala,24.0,ATL,C,60.0,0.0,565.0,76.0,152.0,0.5,12.0,39.0,0.308,64.0,113.0,0.566,0.539,31.0,39.0,0.795,38.0,79.0,117.0,34.0,13.0,27.0,27.0,72.0,195.0,0.0,,2016,2015-16
340.0,Kevin Séraphin,26.0,NYK,C,48.0,0.0,526.0,84.0,205.0,0.41,0.0,2.0,0.0,84.0,203.0,0.414,0.41,19.0,23.0,0.826,31.0,95.0,126.0,47.0,8.0,36.0,43.0,67.0,187.0,0.0,,2016,2015-16
341.0,Willie Reed,25.0,BRK,C,39.0,2.0,426.0,76.0,133.0,0.571,0.0,0.0,,76.0,133.0,0.571,0.571,30.0,55.0,0.545,49.0,73.0,122.0,10.0,6.0,30.0,16.0,47.0,182.0,0.0,,2016,2015-16
342.0,James Anderson,26.0,SAC,SG,51.0,15.0,721.0,67.0,178.0,0.376,23.0,86.0,0.267,44.0,92.0,0.478,0.441,22.0,29.0,0.759,13.0,73.0,86.0,41.0,21.0,14.0,42.0,54.0,179.0,0.0,,2016,2015-16
343.0,James Jones,35.0,CLE,SF,48.0,0.0,463.0,58.0,142.0,0.408,41.0,104.0,0.394,17.0,38.0,0.447,0.553,21.0,26.0,0.808,8.0,42.0,50.0,14.0,11.0,10.0,13.0,50.0,178.0,0.0,,2016,2015-16
344.0,John Jenkins,24.0,2TM,SG,43.0,3.0,480.0,71.0,160.0,0.444,16.0,51.0,0.314,55.0,109.0,0.505,0.494,20.0,24.0,0.833,8.0,49.0,57.0,35.0,8.0,1.0,27.0,22.0,178.0,0.0,,2016,2015-16
344.0,John Jenkins,24.0,DAL,SG,21.0,1.0,193.0,29.0,70.0,0.414,3.0,19.0,0.158,26.0,51.0,0.51,0.436,8.0,9.0,0.889,4.0,18.0,22.0,9.0,3.0,0.0,11.0,11.0,69.0,0.0,,2016,2015-16
344.0,John Jenkins,24.0,PHO,SG,22.0,2.0,287.0,42.0,90.0,0.467,13.0,32.0,0.406,29.0,58.0,0.5,0.539,12.0,15.0,0.8,4.0,31.0,35.0,26.0,5.0,1.0,16.0,11.0,109.0,0.0,,2016,2015-16
345.0,Metta World Peace,36.0,LAL,SF,35.0,5.0,590.0,55.0,177.0,0.311,26.0,84.0,0.31,29.0,93.0,0.312,0.384,40.0,57.0,0.702,19.0,70.0,89.0,27.0,22.0,11.0,15.0,67.0,176.0,0.0,,2016,2015-16
346.0,JaVale McGee,28.0,DAL,C,34.0,2.0,370.0,77.0,134.0,0.575,0.0,1.0,0.0,77.0,133.0,0.579,0.575,18.0,36.0,0.5,53.0,80.0,133.0,3.0,5.0,26.0,21.0,49.0,172.0,0.0,,2016,2015-16
347.0,Glenn Robinson III,22.0,IND,SF,45.0,4.0,508.0,65.0,151.0,0.43,14.0,37.0,0.378,51.0,114.0,0.447,0.477,27.0,39.0,0.692,12.0,56.0,68.0,26.0,17.0,9.0,18.0,21.0,171.0,0.0,,2016,2015-16
348.0,Rondae Hollis-Jefferson,21.0,BRK,SF,29.0,17.0,615.0,63.0,138.0,0.457,4.0,14.0,0.286,59.0,124.0,0.476,0.471,37.0,52.0,0.712,39.0,115.0,154.0,43.0,39.0,16.0,26.0,61.0,167.0,0.0,,2016,2015-16
349.0,James Ennis III,25.0,3TM,SF,22.0,5.0,329.0,54.0,113.0,0.478,26.0,58.0,0.448,28.0,55.0,0.509,0.593,25.0,34.0,0.735,21.0,21.0,42.0,21.0,16.0,5.0,19.0,28.0,159.0,0.0,,2016,2015-16
349.0,James Ennis III,25.0,MIA,SF,3.0,0.0,7.0,0.0,0.0,,0.0,0.0,,0.0,0.0,,,0.0,0.0,,0.0,0.0,0.0,1.0,0.0,0.0,0.0,1.0,0.0,0.0,,2016,2015-16
349.0,James Ennis III,25.0,MEM,SF,10.0,0.0,40.0,4.0,13.0,0.308,2.0,8.0,0.25,2.0,5.0,0.4,0.385,6.0,10.0,0.6,4.0,3.0,7.0,2.0,4.0,2.0,2.0,1.0,16.0,0.0,,2016,2015-16
349.0,James Ennis III,25.0,NOP,SF,9.0,5.0,282.0,50.0,100.0,0.5,24.0,50.0,0.48,26.0,50.0,0.52,0.62,19.0,24.0,0.792,17.0,18.0,35.0,18.0,12.0,3.0,17.0,26.0,143.0,0.0,,2016,2015-16
350.0,Tyus Jones,19.0,MIN,PG,37.0,0.0,573.0,56.0,156.0,0.359,16.0,53.0,0.302,40.0,103.0,0.388,0.41,28.0,39.0,0.718,7.0,40.0,47.0,108.0,31.0,3.0,33.0,33.0,156.0,0.0,,2016,2015-16
351.0,Joe Young,23.0,IND,PG,41.0,0.0,384.0,62.0,169.0,0.367,10.0,46.0,0.217,52.0,123.0,0.423,0.396,20.0,25.0,0.8,6.0,44.0,50.0,65.0,15.0,0.0,33.0,30.0,154.0,0.0,,2016,2015-16
352.0,Jarell Martin,21.0,MEM,PF,27.0,0.0,380.0,54.0,116.0,0.466,0.0,2.0,0.0,54.0,114.0,0.474,0.466,45.0,62.0,0.726,39.0,47.0,86.0,15.0,8.0,7.0,19.0,58.0,153.0,0.0,,2016,2015-16
353.0,Darrun Hilliard,22.0,DET,SG,38.0,2.0,383.0,52.0,131.0,0.397,19.0,50.0,0.38,33.0,81.0,0.407,0.469,29.0,40.0,0.725,5.0,40.0,45.0,27.0,9.0,1.0,19.0,28.0,152.0,0.0,,2016,2015-16
354.0,Ryan Kelly,24.0,LAL,PF,36.0,0.0,470.0,55.0,149.0,0.369,5.0,37.0,0.135,50.0,112.0,0.446,0.386,37.0,54.0,0.685,21.0,100.0,121.0,20.0,13.0,10.0,18.0,39.0,152.0,0.0,,2016,2015-16
355.0,Josh McRoberts,28.0,MIA,PF,42.0,1.0,595.0,55.0,148.0,0.372,12.0,49.0,0.245,43.0,99.0,0.434,0.412,28.0,40.0,0.7,22.0,83.0,105.0,81.0,18.0,7.0,30.0,68.0,150.0,0.0,,2016,2015-16
356.0,Jason Thompson,29.0,2TM,C,47.0,7.0,471.0,52.0,108.0,0.481,5.0,15.0,0.333,47.0,93.0,0.505,0.505,38.0,54.0,0.704,32.0,102.0,134.0,29.0,12.0,20.0,15.0,80.0,147.0,0.0,,2016,2015-16
356.0,Jason Thompson,29.0,GSW,C,28.0,1.0,179.0,20.0,42.0,0.476,0.0,0.0,,20.0,42.0,0.476,0.476,20.0,32.0,0.625,10.0,44.0,54.0,19.0,4.0,8.0,7.0,40.0,60.0,0.0,,2016,2015-16
356.0,Jason Thompson,29.0,TOR,C,19.0,6.0,292.0,32.0,66.0,0.485,5.0,15.0,0.333,27.0,51.0,0.529,0.523,18.0,22.0,0.818,22.0,58.0,80.0,10.0,8.0,12.0,8.0,40.0,87.0,0.0,,2016,2015-16
357.0,Pablo Prigioni,38.0,LAC,PG,59.0,3.0,823.0,55.0,147.0,0.374,28.0,95.0,0.295,27.0,52.0,0.519,0.469,7.0,8.0,0.875,38.0,76.0,114.0,130.0,53.0,1.0,49.0,82.0,145.0,0.0,,2016,2015-16
358.0,Andre Miller,39.0,2TM,PG,39.0,4.0,461.0,59.0,106.0,0.557,2.0,8.0,0.25,57.0,98.0,0.582,0.566,24.0,32.0,0.75,12.0,39.0,51.0,87.0,16.0,0.0,37.0,46.0,144.0,0.0,,2016,2015-16
358.0,Andre Miller,39.0,MIN,PG,26.0,0.0,280.0,36.0,58.0,0.621,1.0,4.0,0.25,35.0,54.0,0.648,0.629,15.0,19.0,0.789,6.0,18.0,24.0,58.0,9.0,0.0,25.0,32.0,88.0,0.0,,2016,2015-16
358.0,Andre Miller,39.0,SAS,PG,13.0,4.0,181.0,23.0,48.0,0.479,1.0,4.0,0.25,22.0,44.0,0.5,0.49,9.0,13.0,0.692,6.0,21.0,27.0,29.0,7.0,0.0,12.0,14.0,56.0,0.0,,2016,2015-16
359.0,C.J. Watson,31.0,ORL,PG,33.0,2.0,656.0,47.0,137.0,0.343,14.0,48.0,0.292,33.0,89.0,0.371,0.394,34.0,39.0,0.872,10.0,56.0,66.0,88.0,19.0,5.0,25.0,49.0,142.0,0.0,,2016,2015-16
360.0,Montrezl Harrell,22.0,HOU,PF,39.0,1.0,379.0,58.0,90.0,0.644,0.0,1.0,0.0,58.0,89.0,0.652,0.644,24.0,46.0,0.522,25.0,40.0,65.0,17.0,11.0,11.0,17.0,48.0,140.0,0.0,,2016,2015-16
361.0,Anderson Varejão,33.0,2TM,C,53.0,0.0,496.0,53.0,124.0,0.427,0.0,1.0,0.0,53.0,123.0,0.431,0.427,32.0,50.0,0.64,37.0,104.0,141.0,35.0,16.0,10.0,22.0,70.0,138.0,0.0,,2016,2015-16
361.0,Anderson Varejão,33.0,CLE,C,31.0,0.0,310.0,32.0,76.0,0.421,0.0,1.0,0.0,32.0,75.0,0.427,0.421,16.0,21.0,0.762,24.0,67.0,91.0,20.0,11.0,5.0,16.0,35.0,80.0,0.0,,2016,2015-16
361.0,Anderson Varejão,33.0,GSW,C,22.0,0.0,186.0,21.0,48.0,0.438,0.0,0.0,,21.0,48.0,0.438,0.438,16.0,29.0,0.552,13.0,37.0,50.0,15.0,5.0,5.0,6.0,35.0,58.0,0.0,,2016,2015-16
362.0,Kirk Hinrich,35.0,2TM,PG,46.0,7.0,631.0,49.0,129.0,0.38,24.0,62.0,0.387,25.0,67.0,0.373,0.473,15.0,16.0,0.938,8.0,62.0,70.0,73.0,15.0,2.0,30.0,64.0,137.0,0.0,,2016,2015-16
362.0,Kirk Hinrich,35.0,CHI,PG,35.0,7.0,555.0,47.0,118.0,0.398,23.0,56.0,0.411,24.0,62.0,0.387,0.496,15.0,16.0,0.938,7.0,51.0,58.0,59.0,13.0,1.0,27.0,63.0,132.0,0.0,,2016,2015-16
362.0,Kirk Hinrich,35.0,ATL,PG,11.0,0.0,76.0,2.0,11.0,0.182,1.0,6.0,0.167,1.0,5.0,0.2,0.227,0.0,0.0,,1.0,11.0,12.0,14.0,2.0,1.0,3.0,1.0,5.0,0.0,,2016,2015-16
363.0,Ray McCallum,24.0,2TM,PG,41.0,6.0,475.0,55.0,146.0,0.377,15.0,42.0,0.357,40.0,104.0,0.385,0.428,12.0,15.0,0.8,8.0,39.0,47.0,60.0,12.0,7.0,24.0,29.0,137.0,0.0,,2016,2015-16
363.0,Ray McCallum,24.0,SAS,PG,31.0,3.0,256.0,27.0,67.0,0.403,5.0,16.0,0.313,22.0,51.0,0.431,0.44,9.0,10.0,0.9,6.0,25.0,31.0,33.0,5.0,4.0,11.0,14.0,68.0,0.0,,2016,2015-16
363.0,Ray McCallum,24.0,MEM,PG,10.0,3.0,219.0,28.0,79.0,0.354,10.0,26.0,0.385,18.0,53.0,0.34,0.418,3.0,5.0,0.6,2.0,14.0,16.0,27.0,7.0,3.0,13.0,15.0,69.0,0.0,,2016,2015-16
364.0,Tarik Black,24.0,LAL,C,39.0,0.0,496.0,57.0,104.0,0.548,0.0,0.0,,57.0,104.0,0.548,0.548,19.0,45.0,0.422,44.0,113.0,157.0,16.0,14.0,18.0,22.0,78.0,133.0,0.0,,2016,2015-16
365.0,Adreian Payne,24.0,MIN,PF,52.0,2.0,486.0,53.0,145.0,0.366,9.0,32.0,0.281,44.0,113.0,0.389,0.397,17.0,26.0,0.654,20.0,91.0,111.0,29.0,16.0,11.0,36.0,77.0,132.0,0.0,,2016,2015-16
366.0,Greivis Vásquez,29.0,MIL,PG,23.0,0.0,460.0,45.0,138.0,0.326,18.0,73.0,0.247,27.0,65.0,0.415,0.391,22.0,26.0,0.846,5.0,42.0,47.0,91.0,10.0,0.0,40.0,42.0,130.0,0.0,,2016,2015-16
367.0,Jordan Hamilton,25.0,NOP,SF,11.0,4.0,304.0,49.0,116.0,0.422,13.0,45.0,0.289,36.0,71.0,0.507,0.478,14.0,21.0,0.667,12.0,50.0,62.0,25.0,8.0,3.0,17.0,24.0,125.0,0.0,,2016,2015-16
368.0,Salah Mejri,29.0,DAL,C,34.0,6.0,397.0,49.0,78.0,0.628,0.0,1.0,0.0,49.0,77.0,0.636,0.628,27.0,46.0,0.587,41.0,82.0,123.0,10.0,8.0,36.0,23.0,54.0,125.0,0.0,,2016,2015-16
369.0,Rasual Butler,36.0,SAS,SF,46.0,0.0,432.0,49.0,104.0,0.471,15.0,49.0,0.306,34.0,55.0,0.618,0.543,11.0,16.0,0.688,3.0,53.0,56.0,24.0,13.0,23.0,8.0,11.0,124.0,0.0,,2016,2015-16
370.0,Joakim Noah,30.0,CHI,C,29.0,2.0,635.0,51.0,133.0,0.383,0.0,1.0,0.0,51.0,132.0,0.386,0.383,22.0,45.0,0.489,87.0,168.0,255.0,110.0,18.0,29.0,52.0,77.0,124.0,0.0,,2016,2015-16
371.0,Ryan Hollins,31.0,2TM,C,37.0,12.0,460.0,49.0,79.0,0.62,0.0,0.0,,49.0,79.0,0.62,0.62,26.0,42.0,0.619,47.0,51.0,98.0,10.0,6.0,21.0,24.0,62.0,124.0,0.0,,2016,2015-16
371.0,Ryan Hollins,31.0,WAS,C,5.0,3.0,48.0,4.0,7.0,0.571,0.0,0.0,,4.0,7.0,0.571,0.571,0.0,0.0,,7.0,4.0,11.0,0.0,0.0,1.0,3.0,4.0,8.0,0.0,,2016,2015-16
371.0,Ryan Hollins,31.0,MEM,C,32.0,9.0,412.0,45.0,72.0,0.625,0.0,0.0,,45.0,72.0,0.625,0.625,26.0,42.0,0.619,40.0,47.0,87.0,10.0,6.0,20.0,21.0,58.0,116.0,0.0,,2016,2015-16
372.0,Nick Collison,35.0,OKC,PF,59.0,4.0,699.0,50.0,109.0,0.459,0.0,2.0,0.0,50.0,107.0,0.467,0.459,23.0,33.0,0.697,68.0,103.0,171.0,52.0,15.0,16.0,50.0,107.0,123.0,0.0,,2016,2015-16
373.0,Reggie Bullock,24.0,DET,SF,37.0,0.0,429.0,43.0,98.0,0.439,22.0,53.0,0.415,21.0,45.0,0.467,0.551,14.0,15.0,0.933,14.0,54.0,68.0,27.0,10.0,2.0,8.0,29.0,122.0,0.0,,2016,2015-16
374.0,Kevin Garnett,39.0,MIN,PF,38.0,38.0,556.0,54.0,115.0,0.47,0.0,1.0,0.0,54.0,114.0,0.474,0.47,14.0,21.0,0.667,15.0,135.0,150.0,62.0,28.0,10.0,16.0,70.0,122.0,0.0,,2016,2015-16
375.0,Jared Cunningham,24.0,2TM,SG,44.0,3.0,410.0,36.0,105.0,0.343,12.0,39.0,0.308,24.0,66.0,0.364,0.4,36.0,55.0,0.655,3.0,35.0,38.0,20.0,14.0,2.0,21.0,41.0,120.0,0.0,,2016,2015-16
375.0,Jared Cunningham,24.0,CLE,SG,40.0,3.0,355.0,32.0,91.0,0.352,10.0,32.0,0.313,22.0,59.0,0.373,0.407,30.0,48.0,0.625,3.0,26.0,29.0,19.0,12.0,2.0,18.0,37.0,104.0,0.0,,2016,2015-16
375.0,Jared Cunningham,24.0,MIL,SG,4.0,0.0,55.0,4.0,14.0,0.286,2.0,7.0,0.286,2.0,7.0,0.286,0.357,6.0,7.0,0.857,0.0,9.0,9.0,1.0,2.0,0.0,3.0,4.0,16.0,0.0,,2016,2015-16
376.0,James Michael McAdoo,23.0,GSW,PF,41.0,1.0,262.0,45.0,84.0,0.536,1.0,2.0,0.5,44.0,82.0,0.537,0.542,26.0,49.0,0.531,30.0,28.0,58.0,17.0,10.0,8.0,16.0,39.0,117.0,0.0,,2016,2015-16
377.0,Anthony Brown,23.0,LAL,SF,29.0,11.0,599.0,39.0,126.0,0.31,20.0,70.0,0.286,19.0,56.0,0.339,0.389,17.0,20.0,0.85,9.0,61.0,70.0,19.0,14.0,5.0,15.0,34.0,115.0,0.0,,2016,2015-16
378.0,Chris McCullough,20.0,BRK,PF,24.0,4.0,362.0,44.0,109.0,0.404,13.0,34.0,0.382,31.0,75.0,0.413,0.463,11.0,23.0,0.478,25.0,43.0,68.0,9.0,28.0,12.0,15.0,39.0,112.0,0.0,,2016,2015-16
379.0,Kendall Marshall,24.0,PHI,PG,30.0,6.0,400.0,43.0,118.0,0.364,16.0,49.0,0.327,27.0,69.0,0.391,0.432,9.0,13.0,0.692,2.0,26.0,28.0,73.0,16.0,2.0,43.0,30.0,111.0,0.0,,2016,2015-16
380.0,Jordan Farmar,29.0,MEM,PG,12.0,10.0,291.0,42.0,100.0,0.42,16.0,45.0,0.356,26.0,55.0,0.473,0.5,10.0,10.0,1.0,4.0,21.0,25.0,37.0,15.0,2.0,18.0,22.0,110.0,0.0,,2016,2015-16
381.0,Sonny Weems,29.0,2TM,SF,43.0,0.0,499.0,42.0,110.0,0.382,15.0,41.0,0.366,27.0,69.0,0.391,0.45,8.0,15.0,0.533,7.0,46.0,53.0,49.0,10.0,1.0,41.0,47.0,107.0,0.0,,2016,2015-16
381.0,Sonny Weems,29.0,PHO,SG,36.0,0.0,421.0,35.0,89.0,0.393,13.0,32.0,0.406,22.0,57.0,0.386,0.466,7.0,13.0,0.538,6.0,35.0,41.0,47.0,10.0,1.0,37.0,40.0,90.0,0.0,,2016,2015-16
381.0,Sonny Weems,29.0,PHI,SF,7.0,0.0,78.0,7.0,21.0,0.333,2.0,9.0,0.222,5.0,12.0,0.417,0.381,1.0,2.0,0.5,1.0,11.0,12.0,2.0,0.0,0.0,4.0,7.0,17.0,0.0,,2016,2015-16
382.0,Cristiano Felício,23.0,CHI,C,31.0,4.0,321.0,40.0,72.0,0.556,0.0,4.0,0.0,40.0,68.0,0.588,0.556,25.0,35.0,0.714,30.0,72.0,102.0,26.0,6.0,13.0,13.0,31.0,105.0,0.0,,2016,2015-16
383.0,Chris Andersen,37.0,2TM,C,27.0,15.0,402.0,38.0,72.0,0.528,4.0,14.0,0.286,34.0,58.0,0.586,0.556,25.0,36.0,0.694,36.0,62.0,98.0,12.0,15.0,13.0,9.0,29.0,105.0,0.0,,2016,2015-16
383.0,Chris Andersen,37.0,MIA,C,7.0,1.0,36.0,4.0,10.0,0.4,2.0,5.0,0.4,2.0,5.0,0.4,0.5,3.0,4.0,0.75,3.0,6.0,9.0,3.0,1.0,3.0,2.0,4.0,13.0,0.0,,2016,2015-16
383.0,Chris Andersen,37.0,MEM,C,20.0,14.0,366.0,34.0,62.0,0.548,2.0,9.0,0.222,32.0,53.0,0.604,0.565,22.0,32.0,0.688,33.0,56.0,89.0,9.0,14.0,10.0,7.0,25.0,92.0,0.0,,2016,2015-16
384.0,Tyler Hansbrough,30.0,CHO,PF,44.0,0.0,343.0,32.0,71.0,0.451,2.0,3.0,0.667,30.0,68.0,0.441,0.465,38.0,65.0,0.585,40.0,49.0,89.0,8.0,12.0,7.0,12.0,55.0,104.0,0.0,,2016,2015-16
385.0,Delon Wright,23.0,TOR,PG,27.0,1.0,229.0,36.0,80.0,0.45,5.0,13.0,0.385,31.0,67.0,0.463,0.481,26.0,35.0,0.743,8.0,29.0,37.0,31.0,8.0,3.0,16.0,7.0,103.0,0.0,,2016,2015-16
386.0,Jordan McRae,24.0,2TM,PG,22.0,1.0,195.0,34.0,78.0,0.436,10.0,22.0,0.455,24.0,56.0,0.429,0.5,21.0,28.0,0.75,4.0,16.0,20.0,25.0,3.0,1.0,15.0,17.0,99.0,0.0,,2016,2015-16
386.0,Jordan McRae,24.0,PHO,PG,7.0,0.0,82.0,11.0,26.0,0.423,3.0,11.0,0.273,8.0,15.0,0.533,0.481,12.0,15.0,0.8,2.0,6.0,8.0,10.0,3.0,0.0,6.0,7.0,37.0,0.0,,2016,2015-16
386.0,Jordan McRae,24.0,CLE,PG,15.0,1.0,113.0,23.0,52.0,0.442,7.0,11.0,0.636,16.0,41.0,0.39,0.51,9.0,13.0,0.692,2.0,10.0,12.0,15.0,0.0,1.0,9.0,10.0,62.0,0.0,,2016,2015-16
387.0,R.J. Hunter,22.0,BOS,SG,36.0,0.0,315.0,36.0,98.0,0.367,19.0,63.0,0.302,17.0,35.0,0.486,0.464,6.0,7.0,0.857,2.0,35.0,37.0,13.0,14.0,4.0,11.0,29.0,97.0,0.0,,2016,2015-16
388.0,Sergey Karasev,22.0,BRK,SF,40.0,5.0,399.0,30.0,74.0,0.405,11.0,37.0,0.297,19.0,37.0,0.514,0.48,26.0,28.0,0.929,8.0,50.0,58.0,35.0,6.0,2.0,22.0,27.0,97.0,0.0,,2016,2015-16
389.0,Kendrick Perkins,31.0,NOP,C,37.0,5.0,542.0,40.0,75.0,0.533,0.0,0.0,,40.0,75.0,0.533,0.533,11.0,25.0,0.44,25.0,103.0,128.0,31.0,11.0,11.0,41.0,64.0,91.0,0.0,,2016,2015-16
390.0,Henry Sims,25.0,BRK,C,14.0,4.0,263.0,33.0,77.0,0.429,0.0,0.0,,33.0,77.0,0.429,0.429,25.0,30.0,0.833,21.0,51.0,72.0,9.0,9.0,14.0,12.0,37.0,91.0,0.0,,2016,2015-16
391.0,Michael Kidd-Gilchrist,22.0,CHO,SF,7.0,7.0,205.0,33.0,61.0,0.541,3.0,7.0,0.429,30.0,54.0,0.556,0.566,20.0,29.0,0.69,12.0,33.0,45.0,9.0,3.0,3.0,8.0,9.0,89.0,0.0,,2016,2015-16
392.0,K.J. McDaniels,22.0,HOU,SF,37.0,1.0,235.0,29.0,72.0,0.403,7.0,25.0,0.28,22.0,47.0,0.468,0.451,24.0,30.0,0.8,16.0,26.0,42.0,10.0,7.0,6.0,17.0,30.0,89.0,0.0,,2016,2015-16
393.0,Robert Sacre,26.0,LAL,C,25.0,1.0,320.0,31.0,75.0,0.413,0.0,0.0,,31.0,75.0,0.413,0.413,25.0,38.0,0.658,32.0,40.0,72.0,14.0,4.0,10.0,12.0,43.0,87.0,0.0,,2016,2015-16
394.0,Lamar Patterson,24.0,ATL,SG,35.0,0.0,395.0,28.0,80.0,0.35,12.0,49.0,0.245,16.0,31.0,0.516,0.425,16.0,22.0,0.727,4.0,46.0,50.0,39.0,9.0,2.0,23.0,45.0,84.0,0.0,,2016,2015-16
395.0,Brandan Wright,28.0,MEM,PF,12.0,2.0,212.0,35.0,52.0,0.673,0.0,0.0,,35.0,52.0,0.673,0.673,13.0,24.0,0.542,14.0,29.0,43.0,6.0,5.0,15.0,10.0,21.0,83.0,0.0,,2016,2015-16
396.0,Drew Gooden,34.0,WAS,PF,30.0,0.0,305.0,33.0,103.0,0.32,7.0,41.0,0.171,26.0,62.0,0.419,0.354,9.0,14.0,0.643,28.0,57.0,85.0,13.0,8.0,11.0,13.0,40.0,82.0,0.0,,2016,2015-16
397.0,Xavier Munford,23.0,MEM,SG,14.0,0.0,244.0,32.0,77.0,0.416,9.0,23.0,0.391,23.0,54.0,0.426,0.474,7.0,14.0,0.5,3.0,28.0,31.0,22.0,13.0,3.0,15.0,25.0,80.0,0.0,,2016,2015-16
398.0,Bryce Dejean-Jones,23.0,NOP,SG,14.0,11.0,279.0,28.0,69.0,0.406,12.0,32.0,0.375,16.0,37.0,0.432,0.493,11.0,21.0,0.524,8.0,40.0,48.0,15.0,10.0,2.0,11.0,17.0,79.0,0.0,,2016,2015-16
399.0,Phil Pressey,24.0,2TM,PG,23.0,0.0,283.0,30.0,78.0,0.385,4.0,18.0,0.222,26.0,60.0,0.433,0.41,13.0,25.0,0.52,3.0,28.0,31.0,75.0,18.0,4.0,33.0,28.0,77.0,0.0,,2016,2015-16
399.0,Phil Pressey,24.0,PHI,PG,14.0,0.0,170.0,21.0,55.0,0.382,4.0,13.0,0.308,17.0,42.0,0.405,0.418,9.0,18.0,0.5,0.0,23.0,23.0,46.0,11.0,1.0,19.0,14.0,55.0,0.0,,2016,2015-16
399.0,Phil Pressey,24.0,PHO,PG,9.0,0.0,113.0,9.0,23.0,0.391,0.0,5.0,0.0,9.0,18.0,0.5,0.391,4.0,7.0,0.571,3.0,5.0,8.0,29.0,7.0,3.0,14.0,14.0,22.0,0.0,,2016,2015-16
400.0,Matt Bonner,35.0,SAS,C,30.0,2.0,206.0,29.0,57.0,0.509,15.0,34.0,0.441,14.0,23.0,0.609,0.64,3.0,4.0,0.75,3.0,24.0,27.0,9.0,6.0,1.0,3.0,16.0,76.0,0.0,,2016,2015-16
401.0,Axel Toupane,23.0,DEN,SF,21.0,0.0,305.0,25.0,70.0,0.357,13.0,40.0,0.325,12.0,30.0,0.4,0.45,13.0,17.0,0.765,8.0,23.0,31.0,15.0,7.0,6.0,6.0,40.0,76.0,0.0,,2016,2015-16
402.0,Damjan Rudež,29.0,MIN,SF,33.0,0.0,277.0,25.0,62.0,0.403,17.0,50.0,0.34,8.0,12.0,0.667,0.54,8.0,8.0,1.0,5.0,15.0,20.0,11.0,3.0,1.0,13.0,33.0,75.0,0.0,,2016,2015-16
403.0,Terry Rozier,21.0,BOS,PG,39.0,0.0,311.0,29.0,106.0,0.274,6.0,27.0,0.222,23.0,79.0,0.291,0.302,8.0,10.0,0.8,24.0,39.0,63.0,37.0,6.0,1.0,19.0,23.0,72.0,0.0,,2016,2015-16
404.0,Jeremy Evans,28.0,DAL,SF,30.0,2.0,251.0,26.0,48.0,0.542,4.0,16.0,0.25,22.0,32.0,0.688,0.583,15.0,21.0,0.714,11.0,43.0,54.0,2.0,6.0,9.0,7.0,19.0,71.0,0.0,,2016,2015-16
405.0,Elton Brand,36.0,PHI,C,17.0,1.0,225.0,31.0,72.0,0.431,0.0,1.0,0.0,31.0,71.0,0.437,0.431,8.0,9.0,0.889,9.0,54.0,63.0,18.0,9.0,8.0,11.0,32.0,70.0,0.0,,2016,2015-16
406.0,C.J. Wilcox,25.0,LAC,SG,23.0,0.0,167.0,26.0,66.0,0.394,9.0,23.0,0.391,17.0,43.0,0.395,0.462,9.0,12.0,0.75,1.0,11.0,12.0,10.0,10.0,2.0,2.0,15.0,70.0,0.0,,2016,2015-16
407.0,Kostas Papanikolaou,25.0,DEN,SF,26.0,6.0,294.0,24.0,66.0,0.364,10.0,32.0,0.313,14.0,34.0,0.412,0.439,9.0,14.0,0.643,8.0,32.0,40.0,16.0,13.0,5.0,21.0,24.0,67.0,0.0,,2016,2015-16
408.0,Tony Wroten,22.0,PHI,PG,8.0,3.0,144.0,22.0,65.0,0.338,3.0,17.0,0.176,19.0,48.0,0.396,0.362,20.0,37.0,0.541,2.0,19.0,21.0,20.0,3.0,0.0,29.0,11.0,67.0,0.0,,2016,2015-16
409.0,Alan Anderson,33.0,WAS,SG,13.0,0.0,192.0,21.0,59.0,0.356,12.0,37.0,0.324,9.0,22.0,0.409,0.458,11.0,15.0,0.733,1.0,26.0,27.0,14.0,4.0,1.0,2.0,25.0,65.0,0.0,,2016,2015-16
410.0,Lucas Nogueira,23.0,TOR,C,29.0,1.0,225.0,28.0,44.0,0.636,1.0,3.0,0.333,27.0,41.0,0.659,0.648,8.0,15.0,0.533,18.0,28.0,46.0,7.0,12.0,12.0,11.0,29.0,65.0,0.0,,2016,2015-16
411.0,Caron Butler,35.0,SAC,SF,17.0,1.0,176.0,25.0,59.0,0.424,3.0,18.0,0.167,22.0,41.0,0.537,0.449,10.0,12.0,0.833,5.0,17.0,22.0,10.0,9.0,1.0,3.0,19.0,63.0,0.0,,2016,2015-16
412.0,Jarell Eddie,24.0,WAS,SF,26.0,0.0,147.0,20.0,65.0,0.308,15.0,47.0,0.319,5.0,18.0,0.278,0.423,8.0,8.0,1.0,2.0,21.0,23.0,5.0,5.0,1.0,1.0,5.0,63.0,0.0,,2016,2015-16
413.0,Mike Miller,35.0,DEN,SF,47.0,2.0,373.0,22.0,62.0,0.355,19.0,52.0,0.365,3.0,10.0,0.3,0.508,0.0,0.0,,6.0,47.0,53.0,40.0,13.0,4.0,17.0,53.0,63.0,0.0,,2016,2015-16
414.0,DeJuan Blair,26.0,WAS,C,29.0,0.0,218.0,28.0,68.0,0.412,0.0,1.0,0.0,28.0,67.0,0.418,0.412,5.0,13.0,0.385,20.0,37.0,57.0,11.0,8.0,2.0,15.0,53.0,61.0,0.0,,2016,2015-16
415.0,Christian Wood,20.0,PHI,PF,17.0,0.0,145.0,22.0,53.0,0.415,4.0,11.0,0.364,18.0,42.0,0.429,0.453,13.0,21.0,0.619,13.0,25.0,38.0,3.0,5.0,7.0,2.0,11.0,61.0,0.0,,2016,2015-16
416.0,Devyn Marble,23.0,ORL,SG,28.0,0.0,249.0,21.0,71.0,0.296,8.0,32.0,0.25,13.0,39.0,0.333,0.352,10.0,24.0,0.417,6.0,32.0,38.0,12.0,13.0,1.0,7.0,25.0,60.0,0.0,,2016,2015-16
417.0,Udonis Haslem,35.0,MIA,PF,37.0,0.0,260.0,23.0,61.0,0.377,1.0,9.0,0.111,22.0,52.0,0.423,0.385,12.0,16.0,0.75,10.0,65.0,75.0,14.0,5.0,2.0,5.0,25.0,59.0,0.0,,2016,2015-16
418.0,Spencer Dinwiddie,22.0,DET,PG,12.0,0.0,159.0,19.0,54.0,0.352,1.0,10.0,0.1,18.0,44.0,0.409,0.361,19.0,33.0,0.576,4.0,13.0,17.0,22.0,3.0,0.0,7.0,20.0,58.0,0.0,,2016,2015-16
419.0,Nikola Peković,30.0,MIN,C,12.0,3.0,156.0,19.0,50.0,0.38,0.0,0.0,,19.0,50.0,0.38,0.38,16.0,20.0,0.8,7.0,14.0,21.0,11.0,1.0,0.0,9.0,22.0,54.0,0.0,,2016,2015-16
420.0,Lou Amundson,33.0,NYK,PF,29.0,0.0,204.0,19.0,53.0,0.358,0.0,0.0,,19.0,53.0,0.358,0.358,14.0,27.0,0.519,23.0,26.0,49.0,12.0,6.0,7.0,15.0,44.0,52.0,0.0,,2016,2015-16
421.0,Chris Copeland,31.0,MIL,PF,24.0,1.0,156.0,17.0,51.0,0.333,10.0,36.0,0.278,7.0,15.0,0.467,0.431,6.0,7.0,0.857,1.0,9.0,10.0,11.0,2.0,0.0,6.0,17.0,50.0,0.0,,2016,2015-16
422.0,Chris Kaman,33.0,POR,C,16.0,2.0,112.0,20.0,43.0,0.465,1.0,4.0,0.25,19.0,39.0,0.487,0.477,3.0,3.0,1.0,7.0,17.0,24.0,11.0,1.0,1.0,8.0,15.0,44.0,0.0,,2016,2015-16
423.0,Greg Smith,25.0,MIN,PF,18.0,0.0,192.0,18.0,32.0,0.563,0.0,0.0,,18.0,32.0,0.563,0.563,7.0,17.0,0.412,12.0,30.0,42.0,6.0,4.0,1.0,7.0,28.0,43.0,0.0,,2016,2015-16
424.0,Pat Connaughton,23.0,POR,SG,34.0,0.0,143.0,13.0,49.0,0.265,5.0,21.0,0.238,8.0,28.0,0.286,0.316,5.0,5.0,1.0,11.0,21.0,32.0,10.0,2.0,0.0,10.0,6.0,36.0,0.0,,2016,2015-16
425.0,Damien Inglis,20.0,MIL,SF,20.0,1.0,156.0,13.0,37.0,0.351,3.0,13.0,0.231,10.0,24.0,0.417,0.392,7.0,8.0,0.875,2.0,29.0,31.0,10.0,6.0,3.0,11.0,11.0,36.0,0.0,,2016,2015-16
426.0,Elijah Millsap,28.0,UTA,SG,20.0,0.0,173.0,11.0,39.0,0.282,1.0,12.0,0.083,10.0,27.0,0.37,0.295,13.0,18.0,0.722,6.0,29.0,35.0,19.0,7.0,3.0,9.0,33.0,36.0,0.0,,2016,2015-16
427.0,Cameron Bairstow,25.0,CHI,C,18.0,2.0,103.0,13.0,40.0,0.325,1.0,5.0,0.2,12.0,35.0,0.343,0.338,7.0,8.0,0.875,4.0,24.0,28.0,6.0,2.0,3.0,4.0,19.0,34.0,0.0,,2016,2015-16
428.0,Cleanthony Early,24.0,NYK,SF,17.0,2.0,154.0,12.0,40.0,0.3,4.0,15.0,0.267,8.0,25.0,0.32,0.35,3.0,4.0,0.75,4.0,22.0,26.0,6.0,2.0,3.0,9.0,16.0,31.0,0.0,,2016,2015-16
429.0,Briante Weber,23.0,2TM,PG,7.0,4.0,169.0,14.0,39.0,0.359,0.0,5.0,0.0,14.0,34.0,0.412,0.359,3.0,4.0,0.75,8.0,17.0,25.0,21.0,9.0,3.0,9.0,12.0,31.0,0.0,,2016,2015-16
429.0,Briante Weber,23.0,MEM,PG,6.0,4.0,166.0,13.0,38.0,0.342,0.0,5.0,0.0,13.0,33.0,0.394,0.342,3.0,4.0,0.75,8.0,16.0,24.0,20.0,9.0,3.0,9.0,11.0,29.0,0.0,,2016,2015-16
429.0,Briante Weber,23.0,MIA,PG,1.0,0.0,3.0,1.0,1.0,1.0,0.0,0.0,,1.0,1.0,1.0,1.0,0.0,0.0,,0.0,1.0,1.0,1.0,0.0,0.0,0.0,1.0,2.0,0.0,,2016,2015-16
430.0,Jeff Ayres,28.0,LAC,C,17.0,0.0,107.0,12.0,23.0,0.522,0.0,1.0,0.0,12.0,22.0,0.545,0.522,6.0,6.0,1.0,4.0,18.0,22.0,5.0,0.0,3.0,6.0,18.0,30.0,0.0,,2016,2015-16
431.0,Alan Williams,23.0,PHO,PF,10.0,0.0,68.0,10.0,24.0,0.417,0.0,0.0,,10.0,24.0,0.417,0.417,9.0,14.0,0.643,14.0,24.0,38.0,5.0,4.0,5.0,6.0,15.0,29.0,0.0,,2016,2015-16
432.0,James Young,20.0,BOS,SG,29.0,0.0,199.0,11.0,36.0,0.306,6.0,26.0,0.231,5.0,10.0,0.5,0.389,1.0,4.0,0.25,4.0,22.0,26.0,9.0,6.0,1.0,5.0,17.0,29.0,0.0,,2016,2015-16
433.0,Anthony Bennett,22.0,TOR,PF,19.0,0.0,84.0,8.0,27.0,0.296,3.0,14.0,0.214,5.0,13.0,0.385,0.352,9.0,10.0,0.9,6.0,17.0,23.0,0.0,5.0,0.0,4.0,8.0,28.0,0.0,,2016,2015-16
434.0,Mitch McGary,23.0,OKC,PF,20.0,0.0,72.0,11.0,23.0,0.478,0.0,4.0,0.0,11.0,19.0,0.579,0.478,4.0,10.0,0.4,4.0,14.0,18.0,3.0,1.0,2.0,7.0,10.0,26.0,0.0,,2016,2015-16
435.0,Orlando Johnson,26.0,2TM,SG,7.0,1.0,101.0,9.0,34.0,0.265,2.0,10.0,0.2,7.0,24.0,0.292,0.294,6.0,8.0,0.75,4.0,11.0,15.0,2.0,3.0,3.0,4.0,9.0,26.0,0.0,,2016,2015-16
435.0,Orlando Johnson,26.0,PHO,SG,2.0,0.0,47.0,5.0,17.0,0.294,1.0,5.0,0.2,4.0,12.0,0.333,0.324,5.0,6.0,0.833,3.0,6.0,9.0,0.0,2.0,3.0,1.0,5.0,16.0,0.0,,2016,2015-16
435.0,Orlando Johnson,26.0,NOP,SG,5.0,1.0,54.0,4.0,17.0,0.235,1.0,5.0,0.2,3.0,12.0,0.25,0.265,1.0,2.0,0.5,1.0,5.0,6.0,2.0,1.0,0.0,3.0,4.0,10.0,0.0,,2016,2015-16
436.0,Edy Tavares,23.0,ATL,C,11.0,0.0,73.0,11.0,19.0,0.579,0.0,0.0,,11.0,19.0,0.579,0.579,3.0,8.0,0.375,7.0,14.0,21.0,3.0,1.0,6.0,5.0,8.0,25.0,0.0,,2016,2015-16
437.0,Tibor Pleiß,26.0,UTA,C,12.0,0.0,82.0,11.0,25.0,0.44,0.0,2.0,0.0,11.0,23.0,0.478,0.44,2.0,2.0,1.0,6.0,9.0,15.0,2.0,1.0,2.0,8.0,19.0,24.0,0.0,,2016,2015-16
438.0,Steve Novak,32.0,2TM,PF,10.0,0.0,44.0,8.0,18.0,0.444,7.0,15.0,0.467,1.0,3.0,0.333,0.639,1.0,1.0,1.0,0.0,5.0,5.0,0.0,0.0,0.0,1.0,3.0,24.0,0.0,,2016,2015-16
438.0,Steve Novak,32.0,OKC,PF,7.0,0.0,24.0,6.0,12.0,0.5,5.0,9.0,0.556,1.0,3.0,0.333,0.708,0.0,0.0,,0.0,4.0,4.0,0.0,0.0,0.0,1.0,1.0,17.0,0.0,,2016,2015-16
438.0,Steve Novak,32.0,MIL,PF,3.0,0.0,20.0,2.0,6.0,0.333,2.0,6.0,0.333,0.0,0.0,,0.5,1.0,1.0,1.0,0.0,1.0,1.0,0.0,0.0,0.0,0.0,2.0,7.0,0.0,,2016,2015-16
439.0,Sasha Kaun,30.0,CLE,C,25.0,0.0,95.0,9.0,17.0,0.529,0.0,0.0,,9.0,17.0,0.529,0.529,5.0,11.0,0.455,12.0,14.0,26.0,3.0,4.0,5.0,7.0,11.0,23.0,0.0,,2016,2015-16
440.0,Russ Smith,24.0,MEM,PG,15.0,0.0,66.0,7.0,22.0,0.318,1.0,5.0,0.2,6.0,17.0,0.353,0.341,8.0,13.0,0.615,1.0,8.0,9.0,11.0,5.0,1.0,7.0,5.0,23.0,0.0,,2016,2015-16
441.0,Andrew Goudelock,27.0,HOU,PG,8.0,0.0,50.0,9.0,20.0,0.45,1.0,9.0,0.111,8.0,11.0,0.727,0.475,3.0,4.0,0.75,1.0,1.0,2.0,4.0,6.0,2.0,7.0,4.0,22.0,0.0,,2016,2015-16
442.0,Jorge Gutiérrez,27.0,CHO,PG,12.0,0.0,63.0,6.0,11.0,0.545,0.0,2.0,0.0,6.0,9.0,0.667,0.545,10.0,11.0,0.909,0.0,7.0,7.0,17.0,3.0,0.0,6.0,3.0,22.0,0.0,,2016,2015-16
443.0,Cory Jefferson,25.0,PHO,PF,8.0,0.0,50.0,9.0,22.0,0.409,0.0,1.0,0.0,9.0,21.0,0.429,0.409,4.0,6.0,0.667,6.0,10.0,16.0,0.0,0.0,1.0,0.0,8.0,22.0,0.0,,2016,2015-16
444.0,Jodie Meeks,28.0,DET,SG,3.0,0.0,43.0,7.0,20.0,0.35,4.0,9.0,0.444,3.0,11.0,0.273,0.45,4.0,4.0,1.0,1.0,4.0,5.0,3.0,0.0,0.0,1.0,2.0,22.0,0.0,,2016,2015-16
445.0,Alex Stepheson,28.0,2TM,PF,8.0,0.0,73.0,9.0,27.0,0.333,0.0,0.0,,9.0,27.0,0.333,0.333,4.0,12.0,0.333,19.0,9.0,28.0,2.0,1.0,5.0,0.0,12.0,22.0,0.0,,2016,2015-16
445.0,Alex Stepheson,28.0,LAC,PF,4.0,0.0,12.0,1.0,1.0,1.0,0.0,0.0,,1.0,1.0,1.0,1.0,0.0,2.0,0.0,1.0,1.0,2.0,0.0,0.0,2.0,0.0,4.0,2.0,0.0,,2016,2015-16
445.0,Alex Stepheson,28.0,MEM,PF,4.0,0.0,61.0,8.0,26.0,0.308,0.0,0.0,,8.0,26.0,0.308,0.308,4.0,10.0,0.4,18.0,8.0,26.0,2.0,1.0,3.0,0.0,8.0,20.0,0.0,,2016,2015-16
446.0,Jordan Mickey,21.0,BOS,PF,16.0,0.0,57.0,8.0,22.0,0.364,0.0,0.0,,8.0,22.0,0.364,0.364,5.0,10.0,0.5,6.0,7.0,13.0,1.0,0.0,11.0,1.0,5.0,21.0,0.0,,2016,2015-16
447.0,Lorenzo Brown,25.0,PHO,PG,8.0,0.0,61.0,8.0,25.0,0.32,1.0,8.0,0.125,7.0,17.0,0.412,0.34,3.0,4.0,0.75,0.0,7.0,7.0,11.0,3.0,1.0,9.0,4.0,20.0,0.0,,2016,2015-16
448.0,Joel Anthony,33.0,DET,C,19.0,0.0,96.0,6.0,10.0,0.6,0.0,0.0,,6.0,10.0,0.6,0.6,6.0,8.0,0.75,8.0,13.0,21.0,1.0,2.0,12.0,2.0,15.0,18.0,0.0,,2016,2015-16
449.0,Aaron Harrison,21.0,CHO,SG,21.0,0.0,93.0,5.0,19.0,0.263,3.0,10.0,0.3,2.0,9.0,0.222,0.342,5.0,12.0,0.417,4.0,11.0,15.0,2.0,6.0,0.0,4.0,10.0,18.0,0.0,,2016,2015-16
450.0,Josh Huestis,24.0,OKC,PF,5.0,0.0,55.0,5.0,12.0,0.417,4.0,6.0,0.667,1.0,6.0,0.167,0.583,0.0,4.0,0.0,2.0,8.0,10.0,0.0,1.0,2.0,3.0,3.0,14.0,0.0,,2016,2015-16
451.0,Luis Montero,22.0,POR,SG,12.0,0.0,42.0,5.0,19.0,0.263,1.0,9.0,0.111,4.0,10.0,0.4,0.289,3.0,4.0,0.75,0.0,4.0,4.0,1.0,0.0,0.0,4.0,1.0,14.0,0.0,,2016,2015-16
452.0,Erick Green,24.0,2TM,PG,9.0,0.0,42.0,5.0,13.0,0.385,1.0,5.0,0.2,4.0,8.0,0.5,0.423,2.0,2.0,1.0,3.0,3.0,6.0,3.0,1.0,0.0,0.0,4.0,13.0,0.0,,2016,2015-16
452.0,Erick Green,24.0,DEN,PG,3.0,0.0,7.0,0.0,1.0,0.0,0.0,1.0,0.0,0.0,0.0,,0.0,0.0,0.0,,0.0,1.0,1.0,1.0,0.0,0.0,0.0,0.0,0.0,0.0,,2016,2015-16
452.0,Erick Green,24.0,UTA,PG,6.0,0.0,35.0,5.0,12.0,0.417,1.0,4.0,0.25,4.0,8.0,0.5,0.458,2.0,2.0,1.0,3.0,2.0,5.0,2.0,1.0,0.0,0.0,4.0,13.0,0.0,,2016,2015-16
453.0,Justin Harper,26.0,DET,PF,5.0,0.0,35.0,4.0,10.0,0.4,4.0,9.0,0.444,0.0,1.0,0.0,0.6,1.0,2.0,0.5,0.0,1.0,1.0,0.0,1.0,0.0,2.0,3.0,13.0,0.0,,2016,2015-16
454.0,Dahntay Jones,35.0,CLE,SF,1.0,0.0,42.0,6.0,14.0,0.429,1.0,2.0,0.5,5.0,12.0,0.417,0.464,0.0,0.0,,1.0,4.0,5.0,2.0,1.0,2.0,0.0,6.0,13.0,0.0,,2016,2015-16
455.0,Shayne Whittington,24.0,IND,PF,7.0,0.0,41.0,5.0,11.0,0.455,0.0,2.0,0.0,5.0,9.0,0.556,0.455,1.0,2.0,0.5,5.0,7.0,12.0,3.0,1.0,1.0,5.0,7.0,11.0,0.0,,2016,2015-16
456.0,Cliff Alexander,20.0,POR,PF,8.0,0.0,36.0,5.0,10.0,0.5,0.0,0.0,,5.0,10.0,0.5,0.5,0.0,0.0,,2.0,4.0,6.0,0.0,1.0,2.0,1.0,1.0,10.0,0.0,,2016,2015-16
457.0,Kevon Looney,19.0,GSW,PF,5.0,0.0,21.0,4.0,7.0,0.571,1.0,2.0,0.5,3.0,5.0,0.6,0.643,0.0,0.0,,4.0,6.0,10.0,0.0,0.0,0.0,1.0,2.0,9.0,0.0,,2016,2015-16
458.0,Jimmer Fredette,26.0,2TM,SG,6.0,0.0,18.0,2.0,5.0,0.4,1.0,2.0,0.5,1.0,3.0,0.333,0.5,4.0,5.0,0.8,0.0,0.0,0.0,1.0,1.0,0.0,2.0,2.0,9.0,0.0,,2016,2015-16
458.0,Jimmer Fredette,26.0,NOP,SG,4.0,0.0,13.0,1.0,4.0,0.25,0.0,1.0,0.0,1.0,3.0,0.333,0.25,0.0,0.0,,0.0,0.0,0.0,1.0,1.0,0.0,1.0,1.0,2.0,0.0,,2016,2015-16
458.0,Jimmer Fredette,26.0,NYK,SG,2.0,0.0,5.0,1.0,1.0,1.0,1.0,1.0,1.0,0.0,0.0,,1.5,4.0,5.0,0.8,0.0,0.0,0.0,0.0,0.0,0.0,1.0,1.0,7.0,0.0,,2016,2015-16
459.0,Nazr Mohammed,38.0,OKC,C,5.0,0.0,19.0,3.0,5.0,0.6,0.0,0.0,,3.0,5.0,0.6,0.6,2.0,2.0,1.0,1.0,3.0,4.0,0.0,0.0,0.0,3.0,4.0,8.0,0.0,,2016,2015-16
460.0,Eric Moreland,24.0,SAC,PF,8.0,0.0,48.0,3.0,6.0,0.5,0.0,0.0,,3.0,6.0,0.5,0.5,2.0,4.0,0.5,3.0,8.0,11.0,1.0,0.0,4.0,3.0,4.0,8.0,0.0,,2016,2015-16
461.0,Elliot Williams,26.0,MEM,PG,5.0,0.0,45.0,2.0,10.0,0.2,1.0,4.0,0.25,1.0,6.0,0.167,0.25,3.0,4.0,0.75,1.0,3.0,4.0,4.0,0.0,0.0,1.0,2.0,8.0,0.0,,2016,2015-16
462.0,Bryce Cotton,23.0,2TM,PG,8.0,0.0,39.0,4.0,10.0,0.4,0.0,3.0,0.0,4.0,7.0,0.571,0.4,0.0,0.0,,0.0,0.0,0.0,3.0,3.0,0.0,5.0,2.0,8.0,0.0,,2016,2015-16
462.0,Bryce Cotton,23.0,PHO,PG,3.0,0.0,33.0,2.0,8.0,0.25,0.0,3.0,0.0,2.0,5.0,0.4,0.25,0.0,0.0,,0.0,0.0,0.0,3.0,3.0,0.0,5.0,2.0,4.0,0.0,,2016,2015-16
462.0,Bryce Cotton,23.0,MEM,PG,5.0,0.0,6.0,2.0,2.0,1.0,0.0,0.0,,2.0,2.0,1.0,1.0,0.0,0.0,,0.0,0.0,0.0,0.0,0.0,0.0,0.0,0.0,4.0,0.0,,2016,2015-16
463.0,Jordan Adams,21.0,MEM,SG,2.0,0.0,15.0,2.0,6.0,0.333,0.0,1.0,0.0,2.0,5.0,0.4,0.333,3.0,5.0,0.6,0.0,2.0,2.0,3.0,3.0,0.0,2.0,2.0,7.0,0.0,,2016,2015-16
464.0,Jarnell Stokes,22.0,2TM,C,7.0,0.0,18.0,3.0,5.0,0.6,0.0,0.0,,3.0,5.0,0.6,0.6,1.0,2.0,0.5,1.0,3.0,4.0,1.0,1.0,0.0,0.0,1.0,7.0,0.0,,2016,2015-16
464.0,Jarnell Stokes,22.0,MEM,C,2.0,0.0,4.0,0.0,0.0,,0.0,0.0,,0.0,0.0,,,0.0,0.0,,1.0,1.0,2.0,0.0,0.0,0.0,0.0,0.0,0.0,0.0,,2016,2015-16
464.0,Jarnell Stokes,22.0,MIA,C,5.0,0.0,14.0,3.0,5.0,0.6,0.0,0.0,,3.0,5.0,0.6,0.6,1.0,2.0,0.5,0.0,2.0,2.0,1.0,1.0,0.0,0.0,1.0,7.0,0.0,,2016,2015-16
465.0,Thanasis Antetokounmpo,23.0,NYK,SF,2.0,0.0,6.0,3.0,4.0,0.75,0.0,1.0,0.0,3.0,3.0,1.0,0.75,0.0,0.0,,0.0,1.0,1.0,0.0,0.0,0.0,0.0,2.0,6.0,0.0,,2016,2015-16
466.0,Keith Appling,23.0,ORL,PG,5.0,0.0,27.0,2.0,8.0,0.25,0.0,3.0,0.0,2.0,5.0,0.4,0.25,2.0,2.0,1.0,0.0,1.0,1.0,1.0,1.0,0.0,3.0,5.0,6.0,0.0,,2016,2015-16
467.0,Coty Clarke,23.0,BOS,SF,3.0,0.0,6.0,2.0,4.0,0.5,2.0,2.0,1.0,0.0,2.0,0.0,0.75,0.0,0.0,,0.0,1.0,1.0,0.0,0.0,0.0,1.0,0.0,6.0,0.0,,2016,2015-16
468.0,Duje Dukan,24.0,SAC,SF,1.0,0.0,24.0,2.0,10.0,0.2,2.0,5.0,0.4,0.0,5.0,0.0,0.3,0.0,0.0,,2.0,2.0,4.0,1.0,1.0,0.0,0.0,2.0,6.0,0.0,,2016,2015-16
469.0,Branden Dawson,22.0,LAC,PF,6.0,0.0,29.0,2.0,5.0,0.4,0.0,0.0,,2.0,5.0,0.4,0.4,1.0,1.0,1.0,2.0,2.0,4.0,0.0,0.0,1.0,0.0,2.0,5.0,0.0,,2016,2015-16
470.0,Rakeem Christmas,24.0,IND,PF,1.0,0.0,6.0,2.0,2.0,1.0,0.0,0.0,,2.0,2.0,1.0,1.0,0.0,0.0,,1.0,0.0,1.0,0.0,0.0,0.0,0.0,1.0,4.0,0.0,,2016,2015-16
471.0,Chuck Hayes,32.0,HOU,C,2.0,0.0,24.0,1.0,2.0,0.5,0.0,0.0,,1.0,2.0,0.5,0.5,2.0,2.0,1.0,0.0,8.0,8.0,2.0,0.0,0.0,3.0,6.0,4.0,0.0,,2016,2015-16
472.0,Bruno Caboclo,20.0,TOR,SF,6.0,1.0,43.0,1.0,12.0,0.083,1.0,7.0,0.143,0.0,5.0,0.0,0.125,0.0,0.0,,1.0,1.0,2.0,1.0,2.0,1.0,4.0,2.0,3.0,0.0,,2016,2015-16
473.0,Joe Harris,24.0,CLE,SG,5.0,0.0,15.0,1.0,4.0,0.25,1.0,4.0,0.25,0.0,0.0,,0.375,0.0,0.0,,0.0,3.0,3.0,2.0,0.0,0.0,1.0,1.0,3.0,0.0,,2016,2015-16
474.0,Sam Dekker,21.0,HOU,PF,3.0,0.0,6.0,0.0,0.0,,0.0,0.0,,0.0,0.0,,,0.0,0.0,,0.0,1.0,1.0,0.0,1.0,0.0,0.0,0.0,0.0,0.0,,2016,2015-16
475.0,J.J. O'Brien,23.0,UTA,SF,2.0,0.0,6.0,0.0,1.0,0.0,0.0,0.0,,0.0,1.0,0.0,0.0,0.0,0.0,,0.0,1.0,1.0,0.0,1.0,0.0,0.0,1.0,0.0,0.0,,2016,2015-16
476.0,Nate Robinson,31.0,NOP,PG,2.0,1.0,23.0,0.0,1.0,0.0,0.0,1.0,0.0,0.0,0.0,,0.0,0.0,0.0,,0.0,0.0,0.0,4.0,1.0,0.0,0.0,5.0,0.0,0.0,,2016,2015-16
,League Average,,,,,,,,,0.452,,,0.354,,,0.491,0.502,,,0.757,,,,,,,,,,,,2016,2015-16
