Rk,Player,Age,Team,Pos,G,GS,MP,FG,FGA,FG%,3P,3PA,3P%,2P,2PA,2P%,eFG%,FT,FTA,FT%,ORB,DRB,TRB,AST,STL,BLK,TOV,PF,PTS,Awards,season_end_year,season
1.0,Russell Westbrook,26.0,OKC,PG,67.0,67.0,34.4,9.4,22.0,0.426,1.3,4.3,0.299,8.1,17.7,0.457,0.455,8.1,9.8,0.835,1.9,5.4,7.3,8.6,2.1,0.2,4.4,2.7,28.1,"MVP-4,AS,NBA2",2015,2014-15
2.0,James Harden,25.0,HOU,SG,81.0,81.0,36.8,8.0,18.1,0.44,2.6,6.9,0.375,5.4,11.3,0.48,0.511,8.8,10.2,0.868,0.9,4.7,5.7,7.0,1.9,0.7,4.0,2.6,27.4,"MVP-2,AS,NBA1",2015,2014-15
3.0,Kevin Durant,26.0,OKC,SF,27.0,27.0,33.8,8.8,17.3,0.51,2.4,5.9,0.403,6.4,11.4,0.565,0.578,5.4,6.3,0.854,0.6,6.0,6.6,4.1,0.9,0.9,2.7,1.5,25.4,AS,2015,2014-15
4.0,LeBron James,30.0,CLE,SF,69.0,69.0,36.1,9.0,18.5,0.488,1.7,4.9,0.354,7.3,13.6,0.536,0.535,5.4,7.7,0.71,0.7,5.3,6.0,7.4,1.6,0.7,3.9,2.0,25.3,"MVP-3,DPOY-13,AS,NBA1",2015,2014-15
5.0,Anthony Davis,21.0,NOP,PF,68.0,68.0,36.1,9.4,17.6,0.535,0.0,0.2,0.083,9.4,17.5,0.54,0.536,5.5,6.8,0.805,2.5,7.7,10.2,2.2,1.5,2.9,1.4,2.1,24.4,"MVP-5,DPOY-4,AS,NBA1,DEF2",2015,2014-15
6.0,Carmelo Anthony,30.0,NYK,SF,40.0,40.0,35.7,9.0,20.2,0.444,1.5,4.5,0.341,7.4,15.7,0.474,0.482,4.7,5.9,0.797,1.8,4.8,6.6,3.1,1.0,0.4,2.2,2.2,24.2,AS,2015,2014-15
7.0,DeMarcus Cousins,24.0,SAC,C,59.0,59.0,34.1,8.4,18.1,0.467,0.0,0.1,0.25,8.4,17.9,0.469,0.468,7.2,9.2,0.782,3.1,9.5,12.7,3.6,1.5,1.7,4.3,4.1,24.1,"AS,NBA2",2015,2014-15
8.0,Stephen Curry,26.0,GSW,PG,80.0,80.0,32.7,8.2,16.8,0.487,3.6,8.1,0.443,4.6,8.7,0.528,0.594,3.9,4.2,0.914,0.7,3.6,4.3,7.7,2.0,0.2,3.1,2.0,23.8,"MVP-1,AS,NBA1",2015,2014-15
9.0,LaMarcus Aldridge,29.0,POR,PF,71.0,71.0,35.4,9.3,19.9,0.466,0.5,1.5,0.352,8.8,18.5,0.475,0.479,4.3,5.1,0.845,2.5,7.7,10.2,1.7,0.7,1.0,1.7,1.8,23.4,"MVP-7,AS,NBA2",2015,2014-15
10.0,Kobe Bryant,36.0,LAL,SG,35.0,35.0,34.5,7.6,20.4,0.373,1.5,5.3,0.293,6.1,15.1,0.401,0.411,5.6,6.9,0.813,0.7,4.9,5.7,5.6,1.3,0.2,3.7,1.9,22.3,AS,2015,2014-15
11.0,Blake Griffin,25.0,LAC,PF,67.0,67.0,35.2,8.6,17.1,0.502,0.1,0.4,0.4,8.4,16.7,0.504,0.506,4.6,6.4,0.728,1.9,5.7,7.6,5.3,0.9,0.5,2.3,2.9,21.9,"MVP-8,AS,NBA3",2015,2014-15
12.0,Kyrie Irving,22.0,CLE,PG,75.0,75.0,36.4,7.7,16.5,0.468,2.1,5.0,0.415,5.6,11.4,0.491,0.532,4.2,4.9,0.863,0.7,2.4,3.2,5.2,1.5,0.3,2.5,1.9,21.7,"AS,NBA3",2015,2014-15
13.0,Klay Thompson,24.0,GSW,SG,77.0,77.0,31.9,7.8,16.9,0.463,3.1,7.1,0.439,4.7,9.8,0.481,0.555,2.9,3.3,0.879,0.4,2.9,3.2,2.9,1.1,0.8,1.9,1.6,21.7,"MVP-10,AS,NBA3",2015,2014-15
14.0,Dwyane Wade,33.0,MIA,SG,62.0,62.0,31.8,8.2,17.5,0.47,0.5,1.6,0.284,7.7,15.8,0.489,0.483,4.6,6.0,0.768,0.9,2.6,3.5,4.8,1.2,0.3,3.4,1.7,21.5,AS,2015,2014-15
15.0,Chris Bosh,30.0,MIA,C,44.0,44.0,35.4,7.8,16.9,0.46,1.4,3.8,0.375,6.4,13.1,0.485,0.503,4.1,5.3,0.772,1.0,6.0,7.0,2.2,0.9,0.6,2.2,1.6,21.1,AS,2015,2014-15
16.0,Rudy Gay,28.0,SAC,SF,68.0,67.0,35.4,7.5,16.4,0.455,1.2,3.2,0.359,6.3,13.2,0.479,0.491,5.0,5.8,0.858,1.4,4.4,5.9,3.7,1.0,0.6,2.7,2.3,21.1,,2015,2014-15
17.0,Damian Lillard,24.0,POR,PG,82.0,82.0,35.7,7.2,16.6,0.434,2.4,7.0,0.343,4.8,9.6,0.5,0.506,4.2,4.9,0.864,0.6,4.0,4.6,6.2,1.2,0.3,2.7,2.0,21.0,AS,2015,2014-15
18.0,DeMar DeRozan,25.0,TOR,SG,60.0,60.0,35.0,6.8,16.5,0.413,0.4,1.5,0.284,6.4,15.0,0.426,0.426,6.0,7.2,0.832,0.7,3.9,4.6,3.5,1.2,0.2,2.3,2.0,20.1,,2015,2014-15
19.0,Jimmy Butler,25.0,CHI,SG,65.0,65.0,38.7,6.5,14.0,0.462,1.1,3.0,0.378,5.4,11.1,0.484,0.502,5.9,7.1,0.834,1.8,4.1,5.8,3.3,1.8,0.6,1.4,1.7,20.0,"DPOY-10,MIP-1,AS,DEF2",2015,2014-15
20.0,Kevin Martin,31.0,MIN,SG,39.0,36.0,33.4,6.8,16.0,0.427,1.9,4.9,0.393,4.9,11.1,0.442,0.487,4.4,4.9,0.881,0.5,3.2,3.6,2.3,0.8,0.0,1.9,1.9,20.0,,2015,2014-15
21.0,Gordon Hayward,24.0,UTA,SF,76.0,76.0,34.4,6.4,14.3,0.445,1.6,4.3,0.364,4.8,10.0,0.481,0.5,4.9,6.1,0.812,0.7,4.2,4.9,4.1,1.4,0.4,2.7,1.7,19.3,,2015,2014-15
22.0,Nikola Vučević,24.0,ORL,C,74.0,74.0,34.2,8.5,16.3,0.523,0.0,0.1,0.333,8.5,16.2,0.524,0.524,2.2,2.9,0.752,3.2,7.7,10.9,2.0,0.7,0.7,2.0,3.0,19.3,,2015,2014-15
23.0,Chris Paul,29.0,LAC,PG,82.0,82.0,34.8,6.9,14.3,0.485,1.7,4.3,0.398,5.2,10.0,0.523,0.545,3.5,3.9,0.9,0.6,4.0,4.6,10.2,1.9,0.2,2.3,2.5,19.1,"MVP-6,DPOY-15,AS,NBA2,DEF1",2015,2014-15
24.0,Monta Ellis,29.0,DAL,SG,80.0,80.0,33.7,7.5,16.9,0.445,1.0,3.6,0.285,6.5,13.4,0.487,0.475,2.9,3.8,0.752,0.4,2.0,2.4,4.1,1.9,0.3,2.5,2.5,18.9,,2015,2014-15
25.0,Pau Gasol,34.0,CHI,PF,78.0,78.0,34.4,7.3,14.8,0.494,0.2,0.3,0.462,7.2,14.4,0.495,0.5,3.8,4.7,0.803,2.8,9.0,11.8,2.7,0.3,1.9,2.0,1.9,18.5,"AS,NBA2",2015,2014-15
26.0,Victor Oladipo,22.0,ORL,SG,72.0,71.0,35.7,6.6,15.1,0.436,1.2,3.4,0.339,5.4,11.6,0.464,0.474,3.6,4.4,0.819,0.7,3.5,4.2,4.1,1.7,0.3,2.8,2.6,17.9,,2015,2014-15
27.0,Kyle Lowry,28.0,TOR,PG,70.0,70.0,34.5,6.1,14.9,0.412,1.9,5.6,0.338,4.3,9.3,0.457,0.476,3.6,4.5,0.808,0.8,3.9,4.7,6.8,1.6,0.2,2.5,3.0,17.8,AS,2015,2014-15
28.0,Derrick Rose,26.0,CHI,PG,51.0,51.0,30.0,6.6,16.4,0.405,1.5,5.3,0.28,5.1,11.1,0.465,0.45,3.0,3.7,0.813,0.7,2.5,3.2,4.9,0.7,0.3,3.2,1.2,17.7,,2015,2014-15
29.0,John Wall,24.0,WAS,PG,79.0,79.0,35.9,6.6,14.8,0.445,0.8,2.7,0.3,5.7,12.0,0.478,0.473,3.6,4.6,0.785,0.5,4.2,4.6,10.0,1.7,0.6,3.8,2.3,17.6,"AS,DEF2",2015,2014-15
30.0,Marc Gasol,30.0,MEM,C,81.0,81.0,33.2,6.5,13.2,0.494,0.0,0.2,0.176,6.5,13.0,0.5,0.496,4.3,5.4,0.795,1.4,6.4,7.8,3.8,0.9,1.6,2.2,2.6,17.4,"MVP-8,DPOY-10,AS,NBA1",2015,2014-15
31.0,Dirk Nowitzki,36.0,DAL,PF,77.0,77.0,29.6,6.3,13.8,0.459,1.4,3.6,0.38,5.0,10.2,0.486,0.508,3.3,3.8,0.882,0.6,5.4,5.9,1.9,0.5,0.4,1.1,2.1,17.3,AS,2015,2014-15
32.0,Kemba Walker,24.0,CHO,PG,62.0,58.0,34.2,6.1,15.8,0.385,1.4,4.5,0.304,4.7,11.3,0.418,0.429,3.8,4.6,0.827,0.6,3.0,3.5,5.1,1.4,0.5,1.6,1.5,17.3,,2015,2014-15
33.0,Brook Lopez,26.0,BRK,C,72.0,44.0,29.2,7.0,13.7,0.513,0.0,0.1,0.1,7.0,13.6,0.517,0.513,3.1,3.8,0.814,3.0,4.5,7.4,0.7,0.6,1.8,1.4,2.9,17.2,,2015,2014-15
34.0,Tobias Harris,22.0,ORL,SF,68.0,63.0,34.8,6.5,14.0,0.466,1.3,3.5,0.364,5.2,10.4,0.5,0.512,2.8,3.6,0.788,1.1,5.3,6.3,1.8,1.0,0.5,1.7,2.0,17.1,,2015,2014-15
35.0,Brandon Knight,23.0,2TM,PG,63.0,61.0,32.3,6.0,14.1,0.422,2.0,5.1,0.389,4.0,9.0,0.441,0.493,3.1,3.5,0.874,0.4,3.4,3.9,5.2,1.4,0.2,3.0,1.8,17.0,,2015,2014-15
35.0,Brandon Knight,23.0,MIL,PG,52.0,52.0,32.5,6.2,14.3,0.435,2.0,4.9,0.409,4.2,9.4,0.448,0.505,3.3,3.7,0.881,0.5,3.8,4.3,5.4,1.6,0.2,3.2,1.8,17.8,,2015,2014-15
35.0,Brandon Knight,23.0,PHO,SG,11.0,9.0,31.5,4.6,13.0,0.357,1.9,6.1,0.313,2.7,6.9,0.395,0.43,2.2,2.6,0.828,0.2,1.9,2.1,4.5,0.5,0.1,2.1,1.9,13.4,,2015,2014-15
36.0,Eric Bledsoe,25.0,PHO,PG,81.0,81.0,34.6,5.8,12.9,0.447,1.1,3.4,0.324,4.7,9.6,0.491,0.489,4.4,5.4,0.8,0.9,4.3,5.2,6.1,1.6,0.6,3.4,2.3,17.0,,2015,2014-15
37.0,Andrew Wiggins,19.0,MIN,SF,82.0,82.0,36.2,6.1,13.9,0.437,0.5,1.5,0.31,5.6,12.3,0.453,0.454,4.3,5.7,0.76,1.6,2.9,4.6,2.1,1.0,0.6,2.2,2.3,16.9,ROY-1,2015,2014-15
38.0,Tony Wroten,21.0,PHI,PG,30.0,15.0,29.8,5.8,14.5,0.403,1.2,4.7,0.261,4.6,9.7,0.473,0.446,4.0,6.0,0.667,0.7,2.1,2.9,5.2,1.6,0.3,3.8,2.4,16.9,,2015,2014-15
39.0,Paul Millsap,29.0,ATL,PF,73.0,73.0,32.7,6.1,12.7,0.476,1.1,3.0,0.356,5.0,9.8,0.513,0.518,3.5,4.6,0.757,1.9,5.9,7.8,3.1,1.8,0.9,2.3,2.8,16.7,AS,2015,2014-15
40.0,Tyreke Evans,25.0,NOP,SG,79.0,76.0,34.1,6.6,14.7,0.447,0.9,2.9,0.304,5.7,11.9,0.482,0.477,2.6,3.7,0.694,1.0,4.2,5.3,6.6,1.3,0.5,3.1,2.5,16.6,,2015,2014-15
41.0,Al Jefferson,30.0,CHO,C,65.0,61.0,30.6,7.5,15.5,0.481,0.0,0.1,0.4,7.4,15.5,0.482,0.482,1.7,2.5,0.655,1.5,6.9,8.4,1.7,0.7,1.3,1.0,2.1,16.6,,2015,2014-15
42.0,Kawhi Leonard,23.0,SAS,SF,64.0,64.0,31.8,6.2,12.8,0.479,1.0,3.0,0.349,5.1,9.8,0.519,0.52,3.2,3.9,0.802,1.3,5.9,7.2,2.5,2.3,0.8,1.5,2.0,16.5,"MVP-10,DPOY-1,DEF1",2015,2014-15
43.0,Isaiah Thomas,25.0,2TM,PG,67.0,1.0,25.8,5.0,11.9,0.42,1.9,5.2,0.373,3.1,6.7,0.457,0.501,4.5,5.2,0.868,0.5,1.8,2.3,4.2,0.9,0.1,2.1,2.2,16.4,6MOY-2,2015,2014-15
43.0,Isaiah Thomas,25.0,PHO,PG,46.0,1.0,25.7,4.7,11.1,0.426,1.8,4.5,0.391,3.0,6.6,0.449,0.505,4.0,4.6,0.872,0.6,1.8,2.4,3.7,1.0,0.1,1.9,2.3,15.2,,2015,2014-15
43.0,Isaiah Thomas,25.0,BOS,PG,21.0,0.0,26.0,5.6,13.6,0.411,2.3,6.6,0.345,3.3,7.0,0.473,0.495,5.6,6.5,0.861,0.3,1.8,2.1,5.4,0.6,0.0,2.6,2.1,19.0,,2015,2014-15
44.0,Kevin Love,26.0,CLE,PF,75.0,75.0,33.8,5.5,12.7,0.434,1.9,5.2,0.367,3.6,7.5,0.48,0.509,3.4,4.3,0.804,1.9,7.9,9.7,2.2,0.7,0.5,1.6,1.9,16.4,,2015,2014-15
45.0,JJ Redick,30.0,LAC,SG,78.0,78.0,30.9,5.7,12.0,0.477,2.6,5.9,0.437,3.2,6.2,0.515,0.583,2.3,2.6,0.901,0.3,1.9,2.1,1.8,0.5,0.1,1.2,1.7,16.4,,2015,2014-15
46.0,Goran Dragić,28.0,2TM,PG,78.0,78.0,33.8,6.4,12.8,0.501,1.2,3.3,0.347,5.3,9.5,0.555,0.546,2.3,3.0,0.774,1.0,2.5,3.5,4.5,1.0,0.2,2.2,2.5,16.3,,2015,2014-15
46.0,Goran Dragić,28.0,PHO,SG,52.0,52.0,33.4,6.5,13.1,0.501,1.3,3.6,0.355,5.3,9.5,0.556,0.549,1.9,2.5,0.746,1.0,2.6,3.6,4.1,1.0,0.2,2.2,2.3,16.2,,2015,2014-15
46.0,Goran Dragić,28.0,MIA,PG,26.0,26.0,34.8,6.2,12.4,0.502,0.9,2.8,0.329,5.3,9.6,0.552,0.539,3.2,4.0,0.808,1.2,2.3,3.4,5.3,1.1,0.2,2.3,2.9,16.6,,2015,2014-15
47.0,Darren Collison,27.0,SAC,PG,45.0,45.0,34.8,5.8,12.2,0.473,1.3,3.6,0.373,4.4,8.6,0.514,0.527,3.2,4.1,0.788,0.4,2.8,3.2,5.6,1.5,0.3,2.5,2.1,16.1,,2015,2014-15
48.0,George Hill,28.0,IND,PG,43.0,36.0,29.5,5.9,12.4,0.477,1.6,4.5,0.358,4.3,8.0,0.544,0.541,2.6,3.3,0.79,0.6,3.6,4.2,5.1,1.0,0.3,1.6,2.6,16.1,,2015,2014-15
49.0,Zach Randolph,33.0,MEM,PF,71.0,71.0,32.5,6.4,13.1,0.487,0.1,0.3,0.35,6.3,12.8,0.49,0.491,3.2,4.2,0.765,3.2,7.4,10.5,2.2,1.0,0.2,2.2,2.5,16.1,,2015,2014-15
50.0,Derrick Favors,23.0,UTA,PF,74.0,74.0,30.8,6.5,12.4,0.525,0.0,0.1,0.167,6.5,12.3,0.527,0.526,3.0,4.5,0.669,2.6,5.6,8.2,1.5,0.8,1.7,1.6,2.8,16.0,,2015,2014-15
51.0,Wesley Matthews,28.0,POR,SG,60.0,60.0,33.7,5.6,12.5,0.448,2.9,7.4,0.389,2.7,5.1,0.534,0.563,1.8,2.4,0.752,0.6,3.1,3.7,2.3,1.3,0.2,1.4,2.2,15.9,,2015,2014-15
52.0,Greg Monroe,24.0,DET,PF,69.0,57.0,31.0,6.1,12.4,0.496,0.0,0.0,,6.1,12.4,0.496,0.496,3.7,4.9,0.75,3.3,6.9,10.2,2.1,1.1,0.5,2.2,2.1,15.9,,2015,2014-15
53.0,Jeff Teague,26.0,ATL,PG,73.0,72.0,30.5,5.6,12.2,0.46,1.0,2.8,0.343,4.6,9.3,0.496,0.5,3.8,4.4,0.862,0.4,2.1,2.5,7.0,1.7,0.4,2.8,1.9,15.9,AS,2015,2014-15
54.0,Mike Conley,27.0,MEM,PG,70.0,70.0,31.8,5.6,12.6,0.446,1.5,4.0,0.386,4.1,8.6,0.473,0.506,3.1,3.6,0.859,0.4,2.6,3.0,5.4,1.3,0.2,2.2,2.0,15.8,,2015,2014-15
55.0,Jamal Crawford,34.0,LAC,SG,64.0,4.0,26.6,5.2,13.1,0.396,1.9,5.7,0.327,3.3,7.4,0.448,0.467,3.5,3.9,0.901,0.3,1.7,1.9,2.5,0.9,0.2,1.4,1.7,15.8,6MOY-3,2015,2014-15
56.0,Dwight Howard,29.0,HOU,C,41.0,41.0,29.8,6.1,10.3,0.593,0.0,0.0,0.5,6.1,10.3,0.594,0.595,3.5,6.6,0.528,2.7,7.8,10.5,1.2,0.7,1.3,2.8,3.3,15.8,,2015,2014-15
57.0,Chandler Parsons,26.0,DAL,SF,66.0,66.0,33.1,5.8,12.6,0.462,2.0,5.3,0.38,3.8,7.3,0.521,0.542,2.1,2.9,0.72,1.0,3.9,4.9,2.4,1.0,0.3,1.5,2.1,15.7,,2015,2014-15
58.0,Enes Freedom,22.0,2TM,C,75.0,74.0,28.5,6.4,12.4,0.519,0.2,0.6,0.356,6.2,11.8,0.528,0.528,2.4,3.1,0.782,3.7,5.3,8.9,0.7,0.5,0.4,1.9,2.5,15.5,,2015,2014-15
58.0,Enes Freedom,22.0,UTA,C,49.0,48.0,27.1,5.8,11.9,0.491,0.3,0.8,0.317,5.6,11.0,0.505,0.503,1.9,2.4,0.788,3.0,4.8,7.8,0.5,0.5,0.3,1.9,2.3,13.8,,2015,2014-15
58.0,Enes Freedom,22.0,OKC,C,26.0,26.0,31.1,7.5,13.3,0.566,0.1,0.2,0.75,7.4,13.2,0.564,0.571,3.5,4.5,0.776,5.0,6.0,11.0,1.1,0.5,0.5,2.0,2.9,18.7,,2015,2014-15
59.0,Lou Williams,28.0,TOR,SG,80.0,0.0,25.2,4.7,11.6,0.404,1.9,5.6,0.34,2.8,6.0,0.464,0.486,4.3,4.9,0.861,0.3,1.6,1.9,2.1,1.1,0.1,1.3,1.3,15.5,6MOY-1,2015,2014-15
60.0,Brandon Jennings,25.0,DET,PG,41.0,41.0,28.6,5.3,13.2,0.401,1.9,5.1,0.36,3.5,8.1,0.428,0.471,2.9,3.5,0.839,0.5,2.0,2.5,6.6,1.1,0.1,2.2,1.6,15.4,,2015,2014-15
61.0,Bradley Beal,21.0,WAS,SG,63.0,59.0,33.4,5.8,13.5,0.427,1.7,4.1,0.409,4.1,9.4,0.434,0.489,2.1,2.6,0.783,0.9,2.9,3.8,3.1,1.2,0.3,2.0,2.2,15.3,,2015,2014-15
62.0,Markieff Morris,25.0,PHO,PF,82.0,82.0,31.5,6.2,13.4,0.465,0.7,2.2,0.318,5.5,11.2,0.494,0.491,2.2,2.8,0.763,1.3,4.8,6.2,2.3,1.2,0.5,2.1,3.0,15.3,,2015,2014-15
63.0,Al Horford,28.0,ATL,C,76.0,76.0,30.5,6.8,12.7,0.538,0.1,0.5,0.306,6.7,12.2,0.547,0.544,1.4,1.9,0.759,1.7,5.4,7.2,3.2,0.9,1.3,1.3,1.6,15.2,AS,2015,2014-15
64.0,Ty Lawson,27.0,DEN,PG,75.0,75.0,35.5,5.4,12.3,0.436,0.9,2.7,0.341,4.5,9.6,0.463,0.474,3.5,4.8,0.73,0.6,2.6,3.1,9.6,1.2,0.1,2.5,1.7,15.2,,2015,2014-15
65.0,Jeff Green,28.0,2TM,SF,78.0,70.0,31.5,5.3,12.4,0.43,1.2,3.7,0.332,4.1,8.7,0.473,0.48,3.1,3.7,0.833,0.8,3.4,4.2,1.7,0.7,0.4,1.4,1.9,15.0,,2015,2014-15
65.0,Jeff Green,28.0,BOS,SF,33.0,33.0,33.1,6.2,14.4,0.434,1.4,4.7,0.305,4.8,9.7,0.495,0.483,3.7,4.4,0.84,0.6,3.6,4.3,1.6,0.8,0.4,1.7,2.0,17.6,,2015,2014-15
65.0,Jeff Green,28.0,MEM,SF,45.0,37.0,30.2,4.7,10.9,0.427,1.1,3.1,0.362,3.6,7.9,0.452,0.478,2.6,3.2,0.825,1.0,3.2,4.2,1.8,0.6,0.5,1.2,1.8,13.1,,2015,2014-15
66.0,Andrea Bargnani,29.0,NYK,C,29.0,22.0,27.1,5.7,12.4,0.454,0.5,1.4,0.366,5.1,11.0,0.466,0.475,3.0,3.7,0.813,1.1,3.3,4.4,1.6,0.1,0.9,1.4,1.8,14.8,,2015,2014-15
67.0,Jrue Holiday,24.0,NOP,PG,40.0,37.0,32.6,6.0,13.4,0.446,1.3,3.4,0.378,4.7,10.0,0.469,0.493,1.6,1.9,0.855,0.8,2.6,3.4,6.9,1.6,0.6,2.3,2.8,14.8,,2015,2014-15
68.0,Michael Carter-Williams,23.0,2TM,PG,66.0,63.0,32.6,5.5,13.9,0.396,0.5,2.3,0.235,5.0,11.6,0.428,0.416,3.1,4.4,0.694,1.0,4.4,5.3,6.7,1.7,0.5,3.8,2.5,14.6,,2015,2014-15
68.0,Michael Carter-Williams,23.0,PHI,PG,41.0,38.0,33.9,5.7,14.9,0.38,0.8,3.0,0.256,4.9,11.9,0.412,0.406,2.9,4.4,0.643,1.0,5.1,6.2,7.4,1.5,0.4,4.2,2.5,15.0,,2015,2014-15
68.0,Michael Carter-Williams,23.0,MIL,PG,25.0,25.0,30.3,5.3,12.3,0.429,0.2,1.1,0.143,5.1,11.2,0.457,0.435,3.4,4.4,0.78,0.8,3.1,4.0,5.6,2.0,0.5,3.2,2.6,14.1,,2015,2014-15
69.0,Reggie Jackson,24.0,2TM,PG,77.0,40.0,29.5,5.6,12.9,0.434,0.9,3.1,0.299,4.7,9.8,0.477,0.47,2.4,2.8,0.83,0.7,3.5,4.2,6.0,0.8,0.1,2.4,2.2,14.5,,2015,2014-15
69.0,Reggie Jackson,24.0,OKC,PG,50.0,13.0,28.0,5.0,11.5,0.432,0.9,3.2,0.278,4.1,8.4,0.49,0.47,2.0,2.3,0.861,0.6,3.5,4.0,4.3,0.8,0.1,1.8,1.9,12.8,,2015,2014-15
69.0,Reggie Jackson,24.0,DET,PG,27.0,27.0,32.2,6.8,15.6,0.436,1.0,3.1,0.337,5.7,12.5,0.46,0.469,3.0,3.8,0.796,1.0,3.6,4.7,9.2,0.7,0.1,3.5,2.7,17.6,,2015,2014-15
70.0,Joe Johnson,33.0,BRK,SG,80.0,80.0,34.9,5.6,12.8,0.435,1.5,4.2,0.359,4.1,8.6,0.472,0.494,1.8,2.2,0.801,0.7,4.1,4.8,3.7,0.7,0.2,1.7,1.5,14.4,,2015,2014-15
71.0,Tony Parker,32.0,SAS,PG,68.0,68.0,28.7,5.9,12.2,0.486,0.6,1.3,0.427,5.4,10.9,0.493,0.508,1.9,2.4,0.783,0.2,1.7,1.9,4.9,0.6,0.0,2.1,1.6,14.4,,2015,2014-15
72.0,Serge Ibaka,25.0,OKC,PF,64.0,64.0,33.1,5.8,12.3,0.476,1.2,3.2,0.376,4.6,9.1,0.511,0.525,1.4,1.7,0.836,2.1,5.7,7.8,0.9,0.5,2.4,1.5,3.0,14.3,,2015,2014-15
73.0,Mo Williams,32.0,2TM,PG,68.0,33.0,29.1,5.0,12.6,0.397,1.8,5.1,0.342,3.3,7.5,0.434,0.466,2.4,2.8,0.872,0.3,2.2,2.6,6.2,0.7,0.2,2.5,2.4,14.2,,2015,2014-15
73.0,Mo Williams,32.0,MIN,PG,41.0,19.0,28.0,4.4,10.9,0.403,1.4,4.1,0.347,3.0,6.8,0.437,0.469,2.0,2.3,0.851,0.3,2.1,2.4,6.4,0.7,0.2,2.5,2.5,12.2,,2015,2014-15
73.0,Mo Williams,32.0,CHO,PG,27.0,14.0,30.8,6.0,15.3,0.39,2.2,6.6,0.337,3.7,8.7,0.43,0.462,3.1,3.4,0.892,0.3,2.5,2.8,6.0,0.6,0.2,2.6,2.2,17.2,,2015,2014-15
74.0,Thaddeus Young,26.0,2TM,PF,76.0,68.0,32.0,5.9,12.7,0.466,0.5,1.5,0.33,5.4,11.2,0.484,0.486,1.7,2.6,0.655,1.7,3.7,5.4,2.3,1.6,0.3,1.5,2.3,14.1,,2015,2014-15
74.0,Thaddeus Young,26.0,MIN,PF,48.0,48.0,33.4,6.0,13.4,0.451,0.4,1.4,0.292,5.6,12.0,0.469,0.466,1.8,2.7,0.682,1.6,3.5,5.1,2.8,1.8,0.4,1.6,2.4,14.3,,2015,2014-15
74.0,Thaddeus Young,26.0,BRK,PF,28.0,20.0,29.6,5.8,11.7,0.495,0.7,1.8,0.38,5.1,9.9,0.516,0.524,1.5,2.5,0.606,1.9,4.1,5.9,1.4,1.4,0.3,1.5,2.0,13.8,,2015,2014-15
75.0,Luol Deng,29.0,MIA,SF,72.0,72.0,33.6,5.1,10.9,0.469,1.1,3.1,0.355,4.0,7.9,0.513,0.518,2.7,3.5,0.761,1.4,3.8,5.2,1.9,0.9,0.3,1.5,1.5,14.0,,2015,2014-15
76.0,Avery Bradley,24.0,BOS,SG,77.0,77.0,31.5,5.6,13.1,0.429,1.6,4.6,0.352,4.0,8.6,0.47,0.49,1.0,1.3,0.79,0.6,2.5,3.1,1.8,1.1,0.2,1.4,2.3,13.9,,2015,2014-15
77.0,Alec Burks,23.0,UTA,SG,27.0,27.0,33.3,4.5,11.1,0.403,1.0,2.5,0.382,3.5,8.6,0.409,0.447,3.9,4.8,0.822,0.7,3.5,4.2,3.0,0.6,0.2,1.9,2.4,13.9,,2015,2014-15
78.0,Wilson Chandler,27.0,DEN,SF,78.0,75.0,31.7,5.4,12.5,0.429,1.8,5.2,0.342,3.6,7.3,0.49,0.5,1.4,1.8,0.775,1.2,4.9,6.1,1.7,0.7,0.4,1.4,3.0,13.9,,2015,2014-15
79.0,Tim Duncan,38.0,SAS,C,77.0,77.0,28.9,5.4,10.6,0.512,0.0,0.1,0.286,5.4,10.5,0.514,0.513,3.0,4.0,0.74,2.2,6.9,9.1,3.0,0.8,2.0,1.7,2.1,13.9,"MVP-10,DPOY-8,AS,NBA3,DEF2",2015,2014-15
80.0,Andre Drummond,21.0,DET,C,82.0,82.0,30.5,6.0,11.7,0.514,0.0,0.0,0.0,6.0,11.7,0.515,0.514,1.7,4.5,0.389,5.3,8.1,13.5,0.7,0.9,1.9,1.5,3.5,13.8,,2015,2014-15
81.0,Ryan Anderson,26.0,NOP,PF,61.0,5.0,27.5,4.8,12.0,0.399,2.0,5.9,0.34,2.8,6.1,0.457,0.483,2.1,2.5,0.854,1.8,3.1,4.8,0.9,0.5,0.3,1.0,1.9,13.7,,2015,2014-15
82.0,Robert Covington,24.0,PHI,SF,70.0,49.0,27.9,4.3,10.8,0.396,2.4,6.4,0.374,1.9,4.4,0.426,0.506,2.5,3.1,0.82,0.9,3.6,4.5,1.5,1.4,0.4,1.8,2.7,13.5,,2015,2014-15
83.0,C.J. Miles,27.0,IND,SG,70.0,40.0,26.3,4.7,11.8,0.398,2.2,6.4,0.345,2.5,5.4,0.459,0.491,1.9,2.3,0.807,0.3,2.8,3.1,1.1,0.9,0.4,1.0,1.9,13.5,,2015,2014-15
84.0,Shabazz Muhammad,22.0,MIN,SG,38.0,13.0,22.8,5.1,10.4,0.489,0.5,1.3,0.392,4.6,9.1,0.503,0.514,2.7,3.8,0.717,1.7,2.4,4.1,1.2,0.5,0.2,0.9,1.3,13.5,,2015,2014-15
85.0,Eric Gordon,26.0,NOP,SG,61.0,60.0,33.1,4.7,11.4,0.411,2.3,5.2,0.448,2.4,6.2,0.38,0.512,1.8,2.2,0.805,0.5,2.1,2.6,3.8,0.8,0.2,2.0,2.4,13.4,,2015,2014-15
86.0,Khris Middleton,23.0,MIL,SF,79.0,58.0,30.1,5.1,11.0,0.467,1.4,3.4,0.407,3.8,7.6,0.494,0.53,1.7,2.0,0.859,0.6,3.8,4.4,2.3,1.5,0.1,1.4,2.3,13.4,,2015,2014-15
87.0,Nick Young,29.0,LAL,SG,42.0,0.0,23.8,4.1,11.3,0.366,2.0,5.4,0.369,2.2,6.0,0.363,0.453,3.1,3.5,0.892,0.4,1.9,2.3,1.0,0.5,0.3,1.0,2.0,13.4,,2015,2014-15
88.0,Arron Afflalo,29.0,2TM,SG,78.0,72.0,32.1,4.8,11.3,0.424,1.5,4.3,0.354,3.3,7.1,0.466,0.491,2.1,2.5,0.843,0.3,2.8,3.2,1.7,0.5,0.1,1.5,2.1,13.3,,2015,2014-15
88.0,Arron Afflalo,29.0,DEN,SG,53.0,53.0,33.0,5.3,12.4,0.428,1.5,4.6,0.337,3.8,7.8,0.481,0.49,2.4,2.8,0.841,0.4,3.0,3.4,1.9,0.6,0.1,1.6,2.0,14.5,,2015,2014-15
88.0,Arron Afflalo,29.0,POR,SG,25.0,19.0,30.1,3.8,9.1,0.414,1.4,3.6,0.4,2.3,5.5,0.423,0.493,1.6,1.9,0.851,0.2,2.4,2.7,1.1,0.4,0.1,1.3,2.4,10.6,,2015,2014-15
89.0,Jared Sullinger,22.0,BOS,PF,58.0,49.0,27.0,5.4,12.2,0.439,0.9,3.2,0.283,4.5,9.0,0.494,0.476,1.7,2.2,0.744,2.5,5.1,7.6,2.3,0.8,0.7,1.3,2.6,13.3,,2015,2014-15
90.0,Deron Williams,30.0,BRK,PG,68.0,55.0,31.1,4.4,11.3,0.387,1.3,3.5,0.367,3.1,7.9,0.395,0.443,3.0,3.5,0.834,0.4,3.1,3.5,6.6,0.9,0.3,2.3,2.3,13.0,,2015,2014-15
91.0,Trevor Ariza,29.0,HOU,SF,82.0,82.0,35.7,4.5,11.1,0.402,2.4,6.8,0.35,2.1,4.3,0.485,0.509,1.5,1.7,0.853,0.9,4.7,5.6,2.5,1.9,0.2,1.7,2.3,12.8,DPOY-13,2015,2014-15
92.0,Trey Burke,22.0,UTA,PG,76.0,43.0,30.1,4.9,13.2,0.368,1.6,5.1,0.318,3.2,8.1,0.4,0.43,1.4,1.9,0.752,0.4,2.3,2.7,4.3,0.9,0.2,1.6,1.6,12.8,,2015,2014-15
93.0,Giannis Antetokounmpo,20.0,MIL,SG,81.0,71.0,31.4,4.7,9.6,0.491,0.1,0.5,0.159,4.6,9.1,0.511,0.496,3.2,4.3,0.741,1.2,5.5,6.7,2.6,0.9,1.0,2.1,3.1,12.7,,2015,2014-15
94.0,Kentavious Caldwell-Pope,21.0,DET,SG,82.0,82.0,31.5,4.8,11.9,0.401,1.9,5.4,0.345,2.9,6.4,0.449,0.48,1.3,1.9,0.696,0.6,2.5,3.1,1.3,1.1,0.2,1.1,2.0,12.7,,2015,2014-15
95.0,DeMarre Carroll,28.0,ATL,SF,70.0,69.0,31.3,4.5,9.3,0.487,1.7,4.3,0.395,2.8,5.0,0.567,0.579,1.8,2.6,0.702,1.4,3.9,5.3,1.7,1.3,0.2,1.1,2.2,12.6,DPOY-15,2015,2014-15
96.0,Kenneth Faried,25.0,DEN,PF,75.0,71.0,27.8,5.0,9.8,0.507,0.0,0.1,0.125,5.0,9.7,0.511,0.507,2.7,3.8,0.691,3.2,5.7,8.9,1.2,0.8,0.8,1.6,2.8,12.6,,2015,2014-15
97.0,Rodney Stuckey,28.0,IND,PG,71.0,36.0,26.4,4.7,10.6,0.44,0.8,2.0,0.39,3.9,8.6,0.452,0.477,2.5,3.0,0.819,0.5,3.0,3.5,3.1,0.8,0.1,1.7,1.8,12.6,,2015,2014-15
98.0,Nikola Peković,29.0,MIN,C,31.0,29.0,26.3,4.5,10.6,0.424,0.0,0.0,,4.5,10.6,0.424,0.424,3.5,4.2,0.837,2.9,4.7,7.5,0.9,0.6,0.4,1.4,1.9,12.5,,2015,2014-15
99.0,Josh Smith,29.0,2TM,PF,83.0,35.0,27.7,5.0,11.9,0.419,0.9,2.7,0.316,4.1,9.1,0.451,0.456,1.5,3.1,0.498,1.8,4.6,6.4,3.3,1.0,1.4,2.5,2.7,12.4,,2015,2014-15
99.0,Josh Smith,29.0,DET,PF,28.0,28.0,32.0,5.5,14.0,0.391,0.3,1.3,0.243,5.1,12.6,0.407,0.403,1.9,4.0,0.468,1.9,5.4,7.2,4.7,1.3,1.7,2.6,2.9,13.1,,2015,2014-15
99.0,Josh Smith,29.0,HOU,PF,55.0,7.0,25.5,4.7,10.8,0.438,1.1,3.5,0.33,3.6,7.4,0.489,0.491,1.4,2.6,0.521,1.8,4.1,6.0,2.6,0.9,1.2,2.4,2.7,12.0,,2015,2014-15
100.0,Danilo Gallinari,26.0,DEN,SF,59.0,27.0,24.2,3.9,9.6,0.401,1.8,5.1,0.355,2.1,4.5,0.453,0.496,2.9,3.2,0.895,0.5,3.2,3.7,1.4,0.8,0.3,1.0,1.6,12.4,,2015,2014-15
101.0,Jabari Parker,19.0,MIL,PF,25.0,25.0,29.5,5.2,10.5,0.49,0.2,0.6,0.25,5.0,9.9,0.506,0.498,1.8,2.6,0.697,2.0,3.5,5.5,1.7,1.2,0.2,1.9,1.7,12.3,,2015,2014-15
102.0,Marcin Gortat,30.0,WAS,C,82.0,82.0,29.9,5.4,9.5,0.566,0.0,0.0,0.0,5.4,9.4,0.569,0.566,1.5,2.1,0.703,2.2,6.5,8.7,1.2,0.6,1.3,1.2,2.3,12.2,,2015,2014-15
103.0,J.R. Smith,29.0,2TM,SG,70.0,51.0,29.7,4.5,10.8,0.417,2.3,6.1,0.383,2.2,4.7,0.462,0.525,0.8,1.0,0.75,0.4,2.7,3.1,2.8,1.2,0.3,1.4,2.3,12.1,,2015,2014-15
103.0,J.R. Smith,29.0,NYK,SG,24.0,6.0,25.8,4.2,10.5,0.402,1.3,3.8,0.356,2.9,6.7,0.429,0.466,1.1,1.6,0.692,0.2,2.3,2.4,3.4,0.8,0.2,1.9,1.8,10.9,,2015,2014-15
103.0,J.R. Smith,29.0,CLE,SG,46.0,45.0,31.8,4.7,11.0,0.425,2.8,7.3,0.39,1.8,3.7,0.494,0.555,0.6,0.7,0.818,0.6,2.9,3.5,2.5,1.4,0.4,1.1,2.6,12.7,,2015,2014-15
104.0,Gerald Henderson,27.0,CHO,SG,80.0,72.0,28.9,4.6,10.6,0.437,0.6,1.7,0.331,4.1,8.9,0.457,0.463,2.3,2.7,0.848,0.5,3.0,3.4,2.6,0.6,0.3,1.4,1.7,12.1,,2015,2014-15
105.0,Kyle Korver,33.0,ATL,SG,75.0,75.0,32.2,3.9,8.0,0.487,2.9,6.0,0.492,0.9,2.0,0.47,0.671,1.4,1.6,0.898,0.2,3.9,4.1,2.6,0.7,0.6,1.4,1.9,12.1,AS,2015,2014-15
106.0,Ben McLemore,21.0,SAC,SG,82.0,82.0,32.6,4.4,10.1,0.437,1.7,4.8,0.358,2.7,5.4,0.507,0.521,1.6,2.0,0.813,0.4,2.6,2.9,1.7,0.9,0.2,1.7,2.7,12.1,,2015,2014-15
107.0,Evan Fournier,22.0,ORL,SG,58.0,32.0,28.6,4.4,9.9,0.44,1.5,3.9,0.378,2.9,6.0,0.48,0.514,1.8,2.5,0.728,0.5,2.2,2.6,2.1,0.7,0.0,1.4,2.0,12.0,,2015,2014-15
108.0,Jordan Hill,27.0,LAL,C,70.0,57.0,26.8,5.1,11.1,0.459,0.0,0.2,0.273,5.1,10.9,0.462,0.461,1.8,2.4,0.738,2.5,5.5,7.9,1.5,0.5,0.7,1.5,2.3,12.0,,2015,2014-15
109.0,Jarrett Jack,31.0,BRK,PG,80.0,27.0,28.0,4.5,10.2,0.439,0.5,1.8,0.267,4.0,8.4,0.477,0.463,2.5,2.8,0.881,0.2,2.8,3.1,4.7,0.9,0.2,2.4,1.8,12.0,,2015,2014-15
110.0,Donatas Motiejūnas,24.0,HOU,PF,71.0,62.0,28.7,5.0,9.9,0.504,0.7,1.9,0.368,4.3,8.0,0.536,0.539,1.4,2.3,0.602,1.9,4.0,5.9,1.8,0.8,0.5,1.7,2.9,12.0,,2015,2014-15
111.0,Jonas Valančiūnas,22.0,TOR,C,80.0,80.0,26.2,4.7,8.2,0.572,0.0,0.0,0.0,4.7,8.1,0.573,0.572,2.7,3.5,0.786,2.7,6.0,8.7,0.5,0.4,1.2,1.4,2.8,12.0,,2015,2014-15
112.0,Jabari Brown,22.0,LAL,SG,19.0,5.0,29.9,3.7,8.9,0.412,1.2,3.3,0.371,2.5,5.7,0.435,0.479,3.4,4.5,0.753,0.2,1.7,1.9,2.1,0.6,0.1,1.7,1.7,11.9,,2015,2014-15
113.0,Jordan Clarkson,22.0,LAL,PG,59.0,38.0,25.0,4.5,10.1,0.448,0.6,2.1,0.314,3.9,8.1,0.482,0.48,2.2,2.7,0.829,0.9,2.3,3.2,3.5,0.9,0.2,1.6,1.8,11.9,ROY-7,2015,2014-15
114.0,Gerald Green,29.0,PHO,SG,74.0,4.0,19.5,4.4,10.5,0.416,1.9,5.2,0.354,2.5,5.3,0.478,0.504,1.3,1.6,0.825,0.4,2.1,2.5,1.2,0.6,0.2,1.4,2.0,11.9,,2015,2014-15
115.0,Paul Pierce,37.0,WAS,SF,73.0,73.0,26.2,4.0,9.0,0.447,1.6,4.2,0.389,2.4,4.8,0.496,0.537,2.2,2.9,0.781,0.6,3.4,4.0,2.0,0.6,0.3,1.3,2.2,11.9,,2015,2014-15
116.0,Dion Waiters,23.0,2TM,SG,80.0,23.0,27.6,4.7,11.8,0.396,0.9,3.1,0.297,3.8,8.8,0.431,0.435,1.5,2.2,0.68,0.5,1.9,2.4,2.0,1.1,0.3,1.4,1.9,11.8,,2015,2014-15
116.0,Dion Waiters,23.0,CLE,SG,33.0,3.0,23.8,4.2,10.4,0.404,0.7,2.6,0.256,3.5,7.8,0.453,0.436,1.4,1.8,0.783,0.4,1.4,1.7,2.2,1.3,0.3,1.5,1.8,10.5,,2015,2014-15
116.0,Dion Waiters,23.0,OKC,SG,47.0,20.0,30.3,5.0,12.9,0.392,1.1,3.4,0.319,4.0,9.4,0.419,0.435,1.5,2.4,0.625,0.6,2.3,2.9,1.9,1.0,0.2,1.3,2.0,12.7,,2015,2014-15
117.0,Carlos Boozer,33.0,LAL,PF,71.0,26.0,23.8,5.2,10.5,0.499,0.0,0.0,,5.2,10.5,0.499,0.499,1.3,2.1,0.627,1.6,5.2,6.8,1.3,0.6,0.2,1.3,2.6,11.8,,2015,2014-15
118.0,Langston Galloway,23.0,NYK,PG,45.0,41.0,32.4,4.5,11.4,0.399,1.4,3.9,0.352,3.2,7.4,0.424,0.46,1.4,1.7,0.808,0.8,3.4,4.2,3.3,1.2,0.3,1.4,2.9,11.8,,2015,2014-15
119.0,Hassan Whiteside,25.0,MIA,C,48.0,32.0,23.8,5.1,8.1,0.628,0.0,0.0,,5.1,8.1,0.628,0.628,1.6,3.3,0.5,3.0,7.0,10.0,0.1,0.6,2.6,1.2,2.7,11.8,DPOY-15,2015,2014-15
120.0,Danny Green,27.0,SAS,SG,81.0,80.0,28.5,4.0,9.1,0.436,2.4,5.6,0.418,1.6,3.5,0.466,0.566,1.4,1.6,0.874,0.7,3.6,4.2,2.0,1.2,1.1,1.1,2.0,11.7,,2015,2014-15
121.0,Draymond Green,24.0,GSW,PF,79.0,79.0,31.5,4.3,9.7,0.443,1.4,4.2,0.337,2.9,5.5,0.523,0.516,1.7,2.5,0.66,1.4,6.7,8.2,3.7,1.6,1.3,1.7,3.2,11.7,"DPOY-2,DEF1",2015,2014-15
122.0,Terrence Jones,23.0,HOU,PF,33.0,24.0,26.9,4.8,9.1,0.528,0.4,1.1,0.351,4.4,7.9,0.553,0.55,1.7,2.8,0.606,2.4,4.3,6.7,1.1,0.5,1.8,1.1,2.4,11.7,,2015,2014-15
123.0,David West,34.0,IND,PF,66.0,66.0,28.7,4.9,10.4,0.471,0.1,0.3,0.2,4.8,10.1,0.479,0.474,1.8,2.4,0.739,1.6,5.2,6.8,3.4,0.7,0.7,1.8,2.4,11.7,,2015,2014-15
124.0,Aaron Brooks,30.0,CHI,PG,82.0,21.0,23.0,4.2,10.0,0.421,1.5,3.8,0.387,2.7,6.1,0.442,0.495,1.8,2.1,0.833,0.4,1.6,2.0,3.2,0.7,0.2,1.9,2.3,11.6,6MOY-11,2015,2014-15
125.0,Amar'e Stoudemire,32.0,2TM,PF,59.0,15.0,21.1,4.6,8.3,0.557,0.0,0.1,0.0,4.6,8.2,0.562,0.557,2.3,3.2,0.72,1.9,3.7,5.6,0.8,0.5,0.6,1.3,2.7,11.5,,2015,2014-15
125.0,Amar'e Stoudemire,32.0,NYK,PF,36.0,14.0,24.0,4.7,8.6,0.543,0.0,0.1,0.0,4.7,8.6,0.549,0.543,2.6,3.5,0.74,2.3,4.5,6.8,1.0,0.6,0.9,1.8,3.1,12.0,,2015,2014-15
125.0,Amar'e Stoudemire,32.0,DAL,PF,23.0,1.0,16.5,4.5,7.8,0.581,0.0,0.0,0.0,4.5,7.7,0.584,0.581,1.7,2.6,0.678,1.2,2.5,3.7,0.3,0.4,0.2,0.7,2.2,10.8,,2015,2014-15
126.0,Corey Brewer,28.0,2TM,SF,80.0,17.0,26.1,4.3,10.1,0.426,0.8,2.9,0.268,3.5,7.1,0.491,0.465,2.1,2.8,0.743,1.0,2.7,3.7,2.2,1.4,0.2,1.6,2.2,11.5,6MOY-8,2015,2014-15
126.0,Corey Brewer,28.0,MIN,SF,24.0,16.0,28.3,3.9,9.4,0.418,0.3,1.7,0.195,3.6,7.7,0.467,0.436,2.3,3.3,0.705,1.3,2.6,3.9,3.3,2.3,0.2,2.1,2.6,10.5,,2015,2014-15
126.0,Corey Brewer,28.0,HOU,SF,56.0,1.0,25.1,4.4,10.4,0.429,1.0,3.5,0.284,3.5,6.9,0.503,0.477,2.0,2.6,0.764,0.9,2.8,3.6,1.7,1.1,0.3,1.4,2.0,11.9,,2015,2014-15
127.0,Tim Hardaway Jr.,22.0,NYK,SG,70.0,30.0,24.0,4.0,10.2,0.389,1.7,5.1,0.342,2.3,5.2,0.435,0.474,1.8,2.2,0.801,0.2,2.1,2.2,1.8,0.3,0.2,1.2,1.7,11.5,,2015,2014-15
128.0,Ersan İlyasova,27.0,MIL,PF,58.0,36.0,22.7,4.5,9.6,0.472,1.3,3.3,0.389,3.3,6.3,0.515,0.539,1.2,1.8,0.645,1.4,3.4,4.8,1.0,0.6,0.3,0.8,2.6,11.5,,2015,2014-15
129.0,DeAndre Jordan,26.0,LAC,C,82.0,82.0,34.4,4.6,6.5,0.71,0.0,0.0,0.25,4.6,6.5,0.713,0.711,2.3,5.7,0.397,4.8,10.1,15.0,0.7,1.0,2.2,1.3,3.0,11.5,"DPOY-3,NBA3,DEF1",2015,2014-15
130.0,O.J. Mayo,27.0,MIL,SG,71.0,15.0,23.9,4.2,9.9,0.422,1.4,3.9,0.357,2.8,6.0,0.465,0.493,1.6,2.0,0.827,0.4,2.2,2.6,2.8,0.8,0.3,1.8,2.3,11.4,,2015,2014-15
131.0,Jeremy Lin,26.0,LAL,PG,74.0,30.0,25.8,3.7,8.8,0.424,0.9,2.4,0.369,2.9,6.5,0.444,0.473,2.9,3.6,0.795,0.4,2.3,2.6,4.6,1.1,0.4,2.2,2.6,11.2,,2015,2014-15
132.0,Jodie Meeks,27.0,DET,SG,60.0,0.0,24.4,3.7,8.9,0.416,1.2,3.5,0.349,2.5,5.4,0.46,0.485,2.4,2.7,0.906,0.2,1.5,1.7,1.3,1.0,0.1,1.0,1.3,11.1,,2015,2014-15
133.0,Vander Blue,22.0,LAL,SG,2.0,1.0,37.0,4.5,15.0,0.3,1.0,5.0,0.2,3.5,10.0,0.35,0.333,1.0,2.5,0.4,1.0,3.5,4.5,4.0,1.5,0.0,3.0,2.0,11.0,,2015,2014-15
134.0,Nenê,32.0,WAS,PF,67.0,58.0,25.3,4.6,9.0,0.511,0.0,0.1,0.2,4.6,8.9,0.513,0.512,1.8,3.0,0.604,1.3,3.9,5.1,1.8,1.0,0.3,1.9,2.7,11.0,,2015,2014-15
135.0,Michael Kidd-Gilchrist,21.0,CHO,SF,55.0,52.0,28.9,4.1,8.8,0.465,0.0,0.0,,4.1,8.8,0.465,0.465,2.7,3.9,0.701,2.0,5.6,7.6,1.4,0.5,0.7,1.1,2.1,10.9,DPOY-9,2015,2014-15
136.0,Anthony Morrow,29.0,OKC,SG,74.0,0.0,24.4,3.9,8.3,0.463,1.9,4.4,0.434,1.9,3.9,0.497,0.578,1.1,1.2,0.888,0.5,2.1,2.6,0.8,0.7,0.1,0.5,1.8,10.7,6MOY-11,2015,2014-15
137.0,Brandon Bass,29.0,BOS,PF,82.0,43.0,23.5,4.2,8.3,0.504,0.1,0.4,0.281,4.1,7.9,0.515,0.51,2.1,2.6,0.79,1.7,3.2,4.9,1.3,0.5,0.4,1.0,1.7,10.6,,2015,2014-15
138.0,Roy Hibbert,28.0,IND,C,76.0,76.0,25.3,4.2,9.3,0.446,0.0,0.0,0.0,4.2,9.3,0.448,0.446,2.2,2.7,0.824,2.1,5.1,7.1,1.1,0.2,1.6,1.4,2.8,10.6,,2015,2014-15
139.0,Manu Ginóbili,37.0,SAS,SG,70.0,0.0,22.7,3.6,8.4,0.426,1.3,3.7,0.345,2.3,4.7,0.489,0.502,2.1,2.9,0.721,0.4,2.6,3.0,4.2,1.0,0.3,2.2,2.0,10.5,6MOY-8,2015,2014-15
140.0,Marcus Morris,25.0,PHO,PF,81.0,35.0,25.2,4.1,9.4,0.434,1.4,3.9,0.358,2.7,5.6,0.487,0.507,0.9,1.4,0.628,0.9,3.9,4.8,1.6,0.8,0.2,0.9,2.3,10.4,,2015,2014-15
141.0,Marreese Speights,27.0,GSW,C,76.0,9.0,15.9,4.2,8.5,0.492,0.1,0.2,0.278,4.1,8.3,0.498,0.496,2.0,2.3,0.843,1.4,2.8,4.3,0.9,0.3,0.4,1.1,2.5,10.4,6MOY-7,2015,2014-15
142.0,Alexey Shved,26.0,3TM,SG,42.0,9.0,18.3,3.2,8.0,0.397,1.1,3.3,0.338,2.0,4.7,0.439,0.467,2.9,3.6,0.807,0.5,1.8,2.4,2.5,0.7,0.1,1.1,1.1,10.3,,2015,2014-15
142.0,Alexey Shved,26.0,PHI,SG,17.0,0.0,16.8,3.1,7.6,0.4,1.0,3.4,0.298,2.1,4.3,0.479,0.465,2.8,3.4,0.842,0.5,0.8,1.3,2.7,0.8,0.1,1.1,1.2,9.9,,2015,2014-15
142.0,Alexey Shved,26.0,HOU,SG,9.0,0.0,6.6,0.9,2.7,0.333,0.4,1.3,0.333,0.4,1.3,0.333,0.417,1.0,1.2,0.818,0.1,0.3,0.4,0.3,0.1,0.0,0.6,0.2,3.2,,2015,2014-15
142.0,Alexey Shved,26.0,NYK,SG,16.0,9.0,26.4,4.6,11.3,0.403,1.6,4.4,0.371,2.9,6.9,0.423,0.475,4.0,5.1,0.78,0.9,3.7,4.6,3.6,0.9,0.3,1.6,1.6,14.8,,2015,2014-15
143.0,Tyson Chandler,32.0,DAL,C,75.0,75.0,30.5,3.9,5.9,0.666,0.0,0.0,,3.9,5.9,0.666,0.666,2.5,3.4,0.72,3.9,7.6,11.5,1.1,0.6,1.2,1.4,2.3,10.3,,2015,2014-15
144.0,Taj Gibson,29.0,CHI,PF,62.0,17.0,27.3,4.1,8.2,0.502,0.0,0.0,,4.1,8.2,0.502,0.502,2.1,3.0,0.717,2.6,3.8,6.4,1.1,0.6,1.2,1.2,2.6,10.3,6MOY-10,2015,2014-15
145.0,Kelly Olynyk,23.0,BOS,C,64.0,13.0,22.2,3.9,8.3,0.475,1.0,2.7,0.349,3.0,5.5,0.538,0.533,1.5,2.1,0.684,1.4,3.3,4.7,1.7,1.0,0.6,1.5,3.3,10.3,,2015,2014-15
146.0,Ricky Rubio,24.0,MIN,PG,22.0,22.0,31.5,3.5,10.0,0.356,0.6,2.3,0.255,3.0,7.6,0.387,0.386,2.6,3.2,0.803,0.9,4.8,5.7,8.8,1.7,0.0,2.9,2.7,10.3,,2015,2014-15
147.0,Mario Chalmers,28.0,MIA,PG,80.0,37.0,29.6,3.3,8.3,0.403,0.9,3.1,0.294,2.4,5.2,0.467,0.458,2.6,3.3,0.774,0.3,2.3,2.6,3.8,1.5,0.1,2.2,3.1,10.2,,2015,2014-15
148.0,Nikola Mirotić,23.0,CHI,PF,82.0,3.0,20.2,3.1,7.6,0.405,1.2,3.8,0.316,1.9,3.8,0.495,0.485,2.8,3.5,0.803,0.8,4.2,4.9,1.2,0.7,0.7,1.1,2.1,10.2,"ROY-2,6MOY-6",2015,2014-15
149.0,Tyler Zeller,25.0,BOS,C,82.0,59.0,21.1,4.1,7.5,0.549,0.0,0.0,,4.1,7.5,0.549,0.549,1.9,2.3,0.823,1.8,3.9,5.7,1.4,0.2,0.6,0.9,2.5,10.2,,2015,2014-15
150.0,Gary Neal,30.0,2TM,SG,54.0,1.0,22.1,3.5,9.3,0.374,0.9,3.0,0.305,2.6,6.3,0.407,0.423,2.2,2.5,0.867,0.3,2.1,2.4,1.9,0.4,0.0,1.2,1.6,10.1,,2015,2014-15
150.0,Gary Neal,30.0,CHO,SG,43.0,0.0,21.7,3.3,9.3,0.359,0.9,3.1,0.293,2.4,6.2,0.392,0.408,2.0,2.4,0.863,0.3,1.9,2.2,1.9,0.4,0.0,1.3,1.6,9.6,,2015,2014-15
150.0,Gary Neal,30.0,MIN,SG,11.0,1.0,23.8,4.1,9.5,0.429,1.0,2.8,0.355,3.1,6.7,0.459,0.481,2.6,3.0,0.879,0.0,3.2,3.2,1.8,0.6,0.0,0.9,1.6,11.8,,2015,2014-15
151.0,Harrison Barnes,22.0,GSW,SF,82.0,82.0,28.3,3.9,8.0,0.482,1.1,2.6,0.405,2.8,5.4,0.519,0.548,1.3,1.8,0.72,1.4,4.1,5.5,1.4,0.7,0.2,0.9,1.8,10.1,,2015,2014-15
152.0,Matt Barnes,34.0,LAC,SF,76.0,74.0,29.9,3.6,8.2,0.444,1.8,4.9,0.362,1.9,3.3,0.569,0.553,1.0,1.3,0.779,0.7,3.3,4.0,1.5,0.9,0.7,1.1,3.2,10.1,,2015,2014-15
153.0,Patrick Beverley,26.0,HOU,PG,56.0,55.0,30.8,3.6,9.5,0.383,2.1,5.8,0.356,1.6,3.7,0.426,0.492,0.8,1.1,0.75,1.2,3.0,4.2,3.4,1.1,0.4,1.5,3.3,10.1,DPOY-15,2015,2014-15
154.0,Zach LaVine,19.0,MIN,PG,77.0,40.0,24.7,3.7,8.8,0.422,0.7,2.2,0.341,3.0,6.6,0.449,0.465,1.9,2.3,0.842,0.4,2.4,2.8,3.6,0.7,0.1,2.5,2.1,10.1,,2015,2014-15
155.0,Courtney Lee,29.0,MEM,SG,77.0,74.0,30.6,3.7,8.4,0.448,1.2,2.9,0.402,2.6,5.4,0.473,0.518,1.4,1.7,0.86,0.3,2.0,2.3,2.0,1.0,0.2,1.0,1.7,10.1,,2015,2014-15
156.0,Wayne Ellington,27.0,LAL,SG,65.0,36.0,25.8,3.9,9.5,0.412,1.4,3.7,0.37,2.5,5.8,0.439,0.485,0.8,1.0,0.813,0.5,2.8,3.2,1.6,0.5,0.0,0.8,1.2,10.0,,2015,2014-15
157.0,Dennis Schröder,21.0,ATL,PG,77.0,10.0,19.7,3.7,8.6,0.427,0.7,1.9,0.351,3.0,6.7,0.449,0.466,1.9,2.3,0.827,0.4,1.8,2.1,4.1,0.6,0.1,1.9,1.6,10.0,6MOY-11,2015,2014-15
158.0,C.J. Watson,30.0,IND,PG,57.0,21.0,24.9,3.2,7.3,0.434,1.2,3.1,0.4,1.9,4.2,0.459,0.518,2.4,2.9,0.826,0.3,2.5,2.9,3.6,1.0,0.2,1.8,1.9,10.0,,2015,2014-15
159.0,Wesley Johnson,27.0,LAL,SF,76.0,59.0,29.5,3.8,9.1,0.414,1.2,3.4,0.351,2.6,5.7,0.451,0.48,1.2,1.5,0.804,0.9,3.3,4.2,1.6,0.8,0.6,1.1,2.1,9.9,,2015,2014-15
160.0,Luc Mbah a Moute,28.0,PHI,PF,67.0,61.0,28.6,3.7,9.5,0.395,0.9,3.0,0.307,2.8,6.5,0.435,0.443,1.4,2.4,0.589,1.2,3.7,4.9,1.6,1.2,0.3,1.5,1.6,9.9,,2015,2014-15
161.0,Nerlens Noel,20.0,PHI,C,75.0,71.0,30.8,4.0,8.7,0.462,0.0,0.0,,4.0,8.7,0.462,0.462,1.9,3.1,0.609,2.5,5.7,8.1,1.7,1.8,1.9,1.9,2.8,9.9,"ROY-3,DPOY-15",2015,2014-15
162.0,Terrence Ross,23.0,TOR,SF,82.0,61.0,25.5,3.8,9.2,0.41,1.8,4.8,0.372,2.0,4.4,0.452,0.507,0.5,0.7,0.786,0.4,2.4,2.8,1.0,0.6,0.3,0.8,1.7,9.8,,2015,2014-15
163.0,Anderson Varejão,32.0,CLE,C,26.0,26.0,24.5,4.3,7.7,0.555,0.0,0.1,0.0,4.3,7.6,0.561,0.555,1.3,1.7,0.733,2.2,4.3,6.5,1.3,0.7,0.6,1.3,2.2,9.8,,2015,2014-15
164.0,Timofey Mozgov,28.0,2TM,C,81.0,80.0,25.2,3.9,7.0,0.555,0.0,0.1,0.333,3.9,6.9,0.557,0.557,1.9,2.7,0.718,2.5,4.8,7.3,0.7,0.4,1.2,1.4,2.8,9.7,,2015,2014-15
164.0,Timofey Mozgov,28.0,DEN,C,35.0,35.0,25.6,3.3,6.6,0.504,0.1,0.2,0.333,3.3,6.5,0.509,0.509,1.8,2.5,0.733,2.6,5.2,7.8,0.5,0.4,1.2,1.3,3.3,8.5,,2015,2014-15
164.0,Timofey Mozgov,28.0,CLE,C,46.0,45.0,25.0,4.3,7.3,0.59,0.0,0.0,,4.3,7.3,0.59,0.59,2.0,2.8,0.708,2.4,4.5,6.9,0.8,0.4,1.2,1.5,2.5,10.6,,2015,2014-15
165.0,Gorgui Dieng,25.0,MIN,C,73.0,49.0,30.0,3.5,7.0,0.506,0.0,0.1,0.167,3.5,6.9,0.51,0.507,2.6,3.3,0.783,3.1,5.3,8.3,2.0,1.0,1.7,1.7,2.6,9.7,,2015,2014-15
166.0,Robin Lopez,26.0,POR,C,59.0,59.0,27.8,4.0,7.4,0.535,0.0,0.0,0.0,4.0,7.4,0.537,0.535,1.7,2.2,0.772,3.2,3.5,6.7,0.9,0.3,1.4,1.2,2.1,9.6,,2015,2014-15
167.0,D.J. Augustin,27.0,2TM,PG,82.0,14.0,24.0,3.1,7.9,0.399,1.0,3.0,0.337,2.1,4.9,0.436,0.463,2.2,2.5,0.868,0.2,1.7,2.0,4.3,0.6,0.0,1.8,1.1,9.5,,2015,2014-15
167.0,D.J. Augustin,27.0,DET,PG,54.0,13.0,23.8,3.5,8.5,0.41,0.9,2.8,0.327,2.6,5.8,0.45,0.463,2.7,3.1,0.87,0.2,1.6,1.9,4.9,0.6,0.0,2.0,1.1,10.6,,2015,2014-15
167.0,D.J. Augustin,27.0,OKC,PG,28.0,1.0,24.2,2.5,6.6,0.371,1.2,3.4,0.354,1.3,3.2,0.389,0.462,1.1,1.3,0.861,0.3,1.9,2.2,3.1,0.6,0.0,1.3,1.1,7.3,,2015,2014-15
168.0,Evan Turner,26.0,BOS,SG,82.0,57.0,27.6,3.9,9.1,0.429,0.4,1.5,0.277,3.5,7.6,0.458,0.451,1.3,1.7,0.752,0.5,4.6,5.1,5.5,1.0,0.2,2.4,2.2,9.5,,2015,2014-15
169.0,Greivis Vásquez,28.0,TOR,PG,82.0,29.0,24.3,3.6,8.8,0.408,1.6,4.3,0.379,2.0,4.6,0.436,0.5,0.6,0.8,0.758,0.3,2.4,2.6,3.7,0.6,0.1,1.5,2.2,9.5,,2015,2014-15
170.0,Nicolas Batum,26.0,POR,SF,71.0,71.0,33.5,3.4,8.5,0.4,1.4,4.4,0.324,2.0,4.1,0.481,0.483,1.2,1.4,0.857,0.9,5.0,5.9,4.8,1.1,0.6,1.9,1.5,9.4,,2015,2014-15
171.0,Mike Dunleavy,34.0,CHI,SF,63.0,63.0,29.2,3.3,7.6,0.435,1.7,4.2,0.407,1.6,3.5,0.468,0.546,1.1,1.4,0.805,0.4,3.5,3.9,1.8,0.6,0.3,1.0,2.0,9.4,,2015,2014-15
172.0,Luis Scola,34.0,IND,PF,81.0,16.0,20.5,3.7,7.9,0.467,0.1,0.2,0.25,3.6,7.7,0.474,0.471,2.0,2.8,0.699,1.7,4.8,6.5,1.3,0.6,0.2,1.2,2.4,9.4,,2015,2014-15
173.0,Amir Johnson,27.0,TOR,PF,75.0,72.0,26.4,4.0,6.9,0.574,0.3,0.6,0.413,3.7,6.3,0.59,0.592,1.1,1.7,0.612,2.1,4.0,6.1,1.6,0.6,0.8,1.5,3.0,9.3,,2015,2014-15
174.0,Isaiah Canaan,23.0,2TM,PG,47.0,21.0,20.0,3.1,8.0,0.386,1.9,5.2,0.37,1.2,2.8,0.417,0.507,1.0,1.3,0.817,0.4,1.5,1.9,2.1,0.6,0.1,1.3,1.8,9.2,,2015,2014-15
174.0,Isaiah Canaan,23.0,HOU,PG,25.0,9.0,14.8,2.1,5.2,0.405,1.3,3.4,0.381,0.8,1.9,0.447,0.527,0.6,0.8,0.762,0.4,0.9,1.3,1.2,0.6,0.0,0.9,1.1,6.2,,2015,2014-15
174.0,Isaiah Canaan,23.0,PHI,PG,22.0,12.0,25.9,4.2,11.2,0.377,2.7,7.4,0.364,1.5,3.9,0.4,0.496,1.5,1.8,0.846,0.3,2.1,2.5,3.1,0.7,0.1,1.8,2.5,12.6,,2015,2014-15
175.0,Marco Belinelli,28.0,SAS,SG,62.0,9.0,22.4,3.2,7.6,0.423,1.4,3.7,0.374,1.8,3.9,0.471,0.515,1.4,1.6,0.848,0.4,2.1,2.5,1.5,0.5,0.0,1.0,1.4,9.2,,2015,2014-15
176.0,José Calderón,33.0,NYK,PG,42.0,42.0,30.2,3.5,8.4,0.415,1.4,3.4,0.415,2.1,5.0,0.415,0.499,0.7,0.8,0.906,0.5,2.5,3.0,4.7,0.7,0.0,1.8,1.8,9.1,,2015,2014-15
177.0,Jason Richardson,34.0,PHI,SG,19.0,15.0,21.9,3.3,9.4,0.348,1.6,5.1,0.323,1.6,4.3,0.378,0.435,0.9,1.2,0.773,0.7,2.8,3.5,2.0,0.7,0.2,0.8,1.5,9.1,,2015,2014-15
178.0,P.J. Tucker,29.0,PHO,SF,78.0,63.0,30.6,3.3,7.6,0.438,1.1,3.2,0.345,2.2,4.4,0.506,0.511,1.3,1.8,0.727,1.5,5.0,6.4,1.6,1.4,0.3,1.2,2.3,9.1,,2015,2014-15
179.0,Bojan Bogdanović,25.0,BRK,SF,78.0,28.0,23.8,3.3,7.4,0.453,1.2,3.3,0.355,2.2,4.1,0.531,0.532,1.1,1.4,0.821,0.6,2.1,2.7,0.9,0.4,0.1,1.0,1.3,9.0,,2015,2014-15
180.0,Rajon Rondo,28.0,2TM,PG,68.0,68.0,29.7,4.0,9.5,0.426,0.4,1.3,0.314,3.6,8.2,0.444,0.447,0.5,1.1,0.397,1.1,4.4,5.5,7.9,1.3,0.1,3.1,2.3,8.9,,2015,2014-15
180.0,Rajon Rondo,28.0,BOS,PG,22.0,22.0,31.8,3.7,9.1,0.405,0.4,1.5,0.25,3.3,7.6,0.435,0.425,0.5,1.6,0.333,1.1,6.4,7.5,10.8,1.7,0.1,3.4,1.9,8.3,,2015,2014-15
180.0,Rajon Rondo,28.0,DAL,PG,46.0,46.0,28.7,4.2,9.7,0.436,0.4,1.2,0.352,3.8,8.5,0.448,0.457,0.4,0.9,0.452,1.0,3.5,4.5,6.5,1.2,0.1,2.9,2.4,9.3,,2015,2014-15
181.0,Omri Casspi,26.0,SAC,SF,67.0,19.0,21.1,3.1,6.4,0.489,0.5,1.3,0.402,2.6,5.1,0.512,0.53,2.1,2.9,0.733,0.8,3.1,3.9,1.5,0.5,0.1,1.3,1.6,8.9,,2015,2014-15
182.0,Solomon Hill,23.0,IND,SF,82.0,78.0,29.0,3.1,7.7,0.396,0.8,2.5,0.327,2.2,5.2,0.43,0.45,1.9,2.4,0.824,0.9,3.0,3.8,2.2,0.8,0.2,1.4,2.2,8.9,,2015,2014-15
183.0,Elfrid Payton,20.0,ORL,PG,82.0,63.0,30.4,3.7,8.6,0.425,0.1,0.5,0.262,3.5,8.1,0.435,0.433,1.4,2.6,0.551,1.3,3.0,4.3,6.5,1.7,0.2,2.5,2.4,8.9,ROY-4,2015,2014-15
184.0,Michael Beasley,26.0,MIA,PF,24.0,1.0,21.0,3.8,8.8,0.434,0.3,1.4,0.235,3.5,7.4,0.472,0.453,0.8,1.1,0.769,0.5,3.2,3.7,1.3,0.6,0.5,1.5,2.8,8.8,,2015,2014-15
185.0,Paul George,24.0,IND,SF,6.0,0.0,15.2,3.0,8.2,0.367,1.5,3.7,0.409,1.5,4.5,0.333,0.459,1.3,1.8,0.727,0.7,3.0,3.7,1.0,0.8,0.2,2.0,1.8,8.8,,2015,2014-15
186.0,Devin Harris,31.0,DAL,PG,76.0,3.0,22.2,2.9,6.9,0.418,1.3,3.5,0.357,1.6,3.4,0.481,0.509,1.7,2.1,0.815,0.2,1.6,1.8,3.1,1.0,0.2,1.1,1.9,8.8,,2015,2014-15
187.0,Hollis Thompson,23.0,PHI,SG,71.0,23.0,25.0,3.2,7.6,0.413,1.6,4.0,0.401,1.5,3.6,0.426,0.518,0.9,1.3,0.708,0.7,2.0,2.8,1.2,0.8,0.4,0.9,2.0,8.8,,2015,2014-15
188.0,Dwight Buycks,25.0,LAL,PG,6.0,0.0,20.5,3.0,6.7,0.45,1.2,1.8,0.636,1.8,4.8,0.379,0.538,1.5,1.7,0.9,0.3,1.7,2.0,2.3,0.5,0.0,2.0,0.5,8.7,,2015,2014-15
189.0,Boris Diaw,32.0,SAS,PF,81.0,15.0,24.5,3.6,7.8,0.46,0.7,2.1,0.32,2.9,5.7,0.512,0.503,0.9,1.1,0.774,1.0,3.3,4.3,2.9,0.4,0.3,1.6,1.8,8.7,,2015,2014-15
190.0,Randy Foye,31.0,DEN,SG,50.0,21.0,21.7,3.0,8.0,0.368,1.9,5.3,0.357,1.1,2.8,0.388,0.485,0.9,1.1,0.818,0.2,1.5,1.7,2.4,0.7,0.2,1.2,1.9,8.7,,2015,2014-15
191.0,Rodney Hood,22.0,UTA,SG,50.0,21.0,21.3,3.1,7.5,0.414,1.2,3.4,0.365,1.9,4.1,0.456,0.497,1.2,1.6,0.763,0.2,2.2,2.3,1.7,0.6,0.2,0.9,2.4,8.7,,2015,2014-15
192.0,Mason Plumlee,24.0,BRK,C,82.0,45.0,21.3,3.4,6.0,0.573,0.0,0.0,0.0,3.4,5.9,0.576,0.573,1.9,3.9,0.495,2.1,4.1,6.2,0.9,0.8,0.8,1.3,2.5,8.7,,2015,2014-15
193.0,Tony Allen,33.0,MEM,SG,63.0,41.0,26.2,3.6,7.2,0.495,0.2,0.5,0.345,3.4,6.8,0.505,0.505,1.3,2.0,0.627,1.6,2.8,4.4,1.4,2.0,0.5,1.4,2.6,8.6,"DPOY-7,DEF1",2015,2014-15
194.0,Chris Kaman,32.0,POR,C,74.0,13.0,18.9,3.8,7.4,0.515,0.0,0.0,,3.8,7.4,0.515,0.515,1.0,1.4,0.706,2.0,4.5,6.5,0.9,0.2,0.7,1.5,1.9,8.6,6MOY-11,2015,2014-15
195.0,Mirza Teletović,29.0,BRK,PF,40.0,4.0,22.3,3.1,8.0,0.382,1.6,4.8,0.321,1.5,3.2,0.476,0.48,0.8,1.2,0.717,0.7,4.2,4.9,1.2,0.4,0.4,1.3,1.9,8.5,,2015,2014-15
196.0,Tristan Thompson,23.0,CLE,PF,82.0,15.0,26.8,3.3,6.0,0.547,0.0,0.0,,3.3,6.0,0.547,0.547,1.9,3.0,0.641,3.3,4.7,8.0,0.5,0.4,0.7,1.0,2.3,8.5,6MOY-5,2015,2014-15
197.0,Rudy Gobert,22.0,UTA,C,82.0,37.0,26.3,3.1,5.2,0.604,0.0,0.0,0.0,3.1,5.2,0.607,0.604,2.1,3.3,0.623,3.2,6.2,9.5,1.3,0.8,2.3,1.4,2.1,8.4,DPOY-5,2015,2014-15
198.0,Sebastian Telfair,29.0,OKC,PG,16.0,1.0,20.4,2.9,7.8,0.368,1.1,3.8,0.3,1.8,4.1,0.431,0.44,1.5,2.1,0.706,0.1,1.8,1.9,2.8,0.6,0.0,1.1,1.8,8.4,,2015,2014-15
199.0,Jameer Nelson,32.0,3TM,PG,63.0,29.0,22.3,3.3,8.0,0.407,1.4,4.1,0.345,1.8,3.9,0.472,0.495,0.4,0.6,0.667,0.5,1.8,2.3,4.0,0.7,0.1,1.7,2.2,8.3,,2015,2014-15
199.0,Jameer Nelson,32.0,DAL,PG,23.0,23.0,25.4,2.7,7.1,0.374,1.7,4.5,0.369,1.0,2.6,0.383,0.491,0.3,0.3,0.875,0.6,2.1,2.7,4.1,0.7,0.1,1.7,2.3,7.3,,2015,2014-15
199.0,Jameer Nelson,32.0,BOS,PG,6.0,1.0,20.2,1.5,6.8,0.22,0.8,4.2,0.2,0.7,2.7,0.25,0.28,1.0,1.5,0.667,0.5,2.3,2.8,5.5,1.2,0.0,1.5,2.2,4.8,,2015,2014-15
199.0,Jameer Nelson,32.0,DEN,PG,34.0,5.0,20.6,4.0,8.8,0.45,1.4,3.8,0.354,2.6,5.0,0.524,0.527,0.3,0.6,0.579,0.5,1.5,1.9,3.7,0.7,0.1,1.8,2.1,9.6,,2015,2014-15
200.0,Ed Davis,25.0,LAL,PF,79.0,24.0,23.3,3.6,5.9,0.601,0.0,0.0,,3.6,5.9,0.601,0.601,1.2,2.4,0.487,2.9,4.7,7.6,1.2,0.6,1.2,0.7,2.6,8.3,,2015,2014-15
201.0,Zaza Pachulia,30.0,MIL,C,73.0,45.0,23.7,3.3,7.2,0.454,0.0,0.0,0.0,3.3,7.2,0.456,0.454,1.7,2.2,0.788,2.7,4.2,6.8,2.4,1.1,0.3,1.8,2.3,8.3,,2015,2014-15
202.0,Derrick Williams,23.0,SAC,PF,74.0,6.0,19.8,2.9,6.6,0.447,0.7,2.1,0.314,2.3,4.4,0.511,0.498,1.8,2.6,0.684,0.6,2.2,2.7,0.7,0.5,0.1,0.8,0.9,8.3,,2015,2014-15
203.0,Tiago Splitter,30.0,SAS,C,52.0,35.0,19.8,3.3,5.8,0.558,0.0,0.0,,3.3,5.8,0.558,0.558,1.7,2.3,0.75,1.8,3.1,4.8,1.5,0.7,0.7,1.2,2.0,8.2,,2015,2014-15
204.0,Lance Stephenson,24.0,CHO,SG,61.0,25.0,25.8,3.4,9.0,0.376,0.3,1.7,0.171,3.1,7.3,0.425,0.393,1.1,1.8,0.627,0.6,3.9,4.5,3.9,0.6,0.1,2.1,2.2,8.2,,2015,2014-15
205.0,Iman Shumpert,24.0,2TM,SG,62.0,25.0,24.9,3.1,7.6,0.41,1.1,3.2,0.342,2.0,4.4,0.458,0.481,0.7,1.0,0.672,0.9,2.7,3.6,2.2,1.3,0.3,1.5,2.2,8.0,,2015,2014-15
205.0,Iman Shumpert,24.0,NYK,SG,24.0,24.0,26.0,3.7,9.0,0.409,1.0,2.8,0.348,2.7,6.2,0.436,0.463,1.0,1.5,0.676,0.9,2.5,3.4,3.3,1.3,0.1,1.8,2.8,9.3,,2015,2014-15
205.0,Iman Shumpert,24.0,CLE,SG,38.0,1.0,24.2,2.8,6.7,0.41,1.2,3.4,0.338,1.6,3.3,0.484,0.496,0.5,0.7,0.667,0.9,2.9,3.8,1.5,1.3,0.3,1.3,1.9,7.2,,2015,2014-15
206.0,Kris Humphries,29.0,WAS,PF,64.0,17.0,21.0,3.3,7.0,0.473,0.0,0.1,0.0,3.3,6.9,0.481,0.473,1.4,1.8,0.744,1.8,4.7,6.5,0.9,0.5,0.4,0.7,2.0,8.0,,2015,2014-15
207.0,Patrick Patterson,25.0,TOR,PF,81.0,4.0,26.6,3.0,6.6,0.449,1.3,3.5,0.371,1.7,3.1,0.536,0.547,0.8,1.0,0.788,1.6,3.8,5.3,1.9,0.7,0.5,0.7,1.8,8.0,,2015,2014-15
208.0,Henry Sims,24.0,PHI,C,73.0,32.0,19.2,3.3,6.9,0.474,0.1,0.3,0.182,3.2,6.6,0.488,0.478,1.5,1.9,0.774,1.7,3.3,4.9,1.1,0.5,0.4,1.4,1.8,8.0,,2015,2014-15
209.0,Jason Smith,28.0,NYK,C,82.0,31.0,21.8,3.1,7.2,0.434,0.2,0.5,0.357,3.0,6.7,0.44,0.447,1.5,1.9,0.83,1.2,2.8,4.0,1.7,0.4,0.5,1.3,2.5,8.0,,2015,2014-15
210.0,K.J. McDaniels,21.0,2TM,SG,62.0,15.0,21.8,2.8,7.0,0.396,0.7,2.4,0.287,2.1,4.6,0.454,0.446,1.6,2.1,0.752,1.0,2.2,3.2,1.2,0.7,1.1,1.7,2.0,7.9,,2015,2014-15
210.0,K.J. McDaniels,21.0,PHI,SG,52.0,15.0,25.4,3.2,8.1,0.399,0.8,2.8,0.293,2.4,5.2,0.456,0.45,1.9,2.5,0.756,1.2,2.5,3.8,1.3,0.8,1.3,2.0,2.3,9.2,,2015,2014-15
210.0,K.J. McDaniels,21.0,HOU,SG,10.0,0.0,3.3,0.5,1.5,0.333,0.0,0.3,0.0,0.5,1.2,0.417,0.333,0.1,0.2,0.5,0.1,0.4,0.5,0.2,0.0,0.2,0.1,0.5,1.1,,2015,2014-15
211.0,Marcus Thornton,27.0,2TM,SG,48.0,0.0,15.0,2.9,7.2,0.406,1.1,3.0,0.378,1.8,4.2,0.426,0.484,1.0,1.2,0.821,0.5,1.3,1.8,0.8,0.6,0.1,0.6,0.8,7.9,,2015,2014-15
211.0,Marcus Thornton,27.0,BOS,SG,39.0,0.0,16.4,3.3,7.8,0.416,1.3,3.2,0.419,1.9,4.6,0.414,0.502,1.1,1.3,0.824,0.5,1.4,1.9,0.9,0.5,0.2,0.6,0.9,8.9,,2015,2014-15
211.0,Marcus Thornton,27.0,PHO,SG,9.0,0.0,9.0,1.4,4.4,0.325,0.2,2.1,0.105,1.2,2.3,0.524,0.35,0.4,0.6,0.8,0.4,1.0,1.4,0.2,0.7,0.0,0.6,0.3,3.6,,2015,2014-15
212.0,James Johnson,27.0,TOR,PF,70.0,17.0,19.6,3.4,5.8,0.589,0.2,0.7,0.216,3.2,5.0,0.643,0.603,1.0,1.5,0.657,0.9,2.8,3.7,1.4,0.8,1.0,1.1,2.2,7.9,,2015,2014-15
213.0,David Lee,31.0,GSW,PF,49.0,4.0,18.4,3.3,6.4,0.511,0.0,0.0,0.0,3.3,6.3,0.514,0.511,1.4,2.1,0.654,1.7,3.6,5.2,1.7,0.6,0.5,1.0,1.7,7.9,,2015,2014-15
214.0,Jerryd Bayless,26.0,MIL,PG,77.0,4.0,22.3,2.9,6.7,0.426,0.5,1.6,0.308,2.4,5.1,0.462,0.462,1.6,1.8,0.883,0.3,2.5,2.7,3.0,0.8,0.2,1.7,2.1,7.8,,2015,2014-15
215.0,Andre Iguodala,31.0,GSW,SF,77.0,0.0,26.9,3.0,6.4,0.466,1.0,2.8,0.349,2.0,3.7,0.553,0.54,0.9,1.5,0.596,0.6,2.8,3.3,3.0,1.2,0.3,1.1,1.3,7.8,6MOY-4,2015,2014-15
216.0,Mike Scott,26.0,ATL,PF,68.0,0.0,16.5,3.0,6.7,0.444,1.0,2.8,0.344,2.0,3.8,0.517,0.517,0.9,1.1,0.792,0.7,2.3,2.9,1.1,0.4,0.0,0.6,1.2,7.8,,2015,2014-15
217.0,Marcus Smart,20.0,BOS,PG,67.0,38.0,27.0,2.6,7.1,0.367,1.4,4.1,0.335,1.3,3.1,0.41,0.462,1.2,1.9,0.646,0.9,2.4,3.3,3.1,1.5,0.3,1.3,2.6,7.8,ROY-5,2015,2014-15
218.0,Jae Crowder,24.0,2TM,SF,82.0,17.0,20.1,2.8,6.6,0.42,0.7,2.5,0.293,2.0,4.1,0.499,0.476,1.3,1.7,0.773,0.9,2.7,3.6,1.1,0.9,0.3,0.6,1.7,7.7,,2015,2014-15
218.0,Jae Crowder,24.0,DAL,SF,25.0,0.0,10.6,1.3,3.0,0.434,0.5,1.5,0.342,0.8,1.5,0.526,0.52,0.4,0.4,0.909,0.5,0.7,1.2,0.5,0.6,0.2,0.4,1.0,3.6,,2015,2014-15
218.0,Jae Crowder,24.0,BOS,SF,57.0,17.0,24.2,3.4,8.2,0.418,0.8,3.0,0.282,2.6,5.2,0.495,0.469,1.7,2.3,0.762,1.1,3.6,4.6,1.4,1.0,0.4,0.7,1.9,9.5,,2015,2014-15
219.0,Steven Adams,21.0,OKC,C,70.0,67.0,25.3,3.1,5.7,0.544,0.0,0.0,0.0,3.1,5.7,0.547,0.544,1.5,2.9,0.502,2.8,4.6,7.5,0.9,0.5,1.2,1.4,3.2,7.7,,2015,2014-15
220.0,Rasual Butler,35.0,WAS,SF,75.0,1.0,20.1,2.9,6.9,0.422,1.2,3.1,0.387,1.7,3.8,0.45,0.51,0.7,0.9,0.791,0.4,2.3,2.6,0.8,0.4,0.3,0.6,1.3,7.7,,2015,2014-15
221.0,Beno Udrih,32.0,MEM,PG,79.0,12.0,18.9,3.1,6.4,0.487,0.3,1.2,0.268,2.8,5.2,0.539,0.513,1.1,1.3,0.853,0.3,1.6,1.8,2.8,0.6,0.1,1.1,1.1,7.7,,2015,2014-15
222.0,Norris Cole,26.0,2TM,PG,75.0,25.0,24.4,3.1,7.4,0.412,0.7,2.3,0.313,2.3,5.1,0.458,0.461,0.8,1.1,0.716,0.2,1.9,2.1,3.4,0.8,0.2,1.3,1.7,7.6,,2015,2014-15
222.0,Norris Cole,26.0,MIA,PG,47.0,23.0,24.4,2.5,6.5,0.386,0.6,2.2,0.265,1.9,4.3,0.446,0.43,0.7,1.0,0.696,0.3,2.0,2.3,3.5,0.9,0.2,1.2,1.6,6.3,,2015,2014-15
222.0,Norris Cole,26.0,NOP,PG,28.0,2.0,24.4,4.0,9.0,0.444,1.0,2.6,0.378,3.0,6.4,0.472,0.5,0.9,1.3,0.743,0.0,1.8,1.8,3.2,0.5,0.3,1.5,1.8,9.9,,2015,2014-15
223.0,J.J. Hickson,26.0,DEN,C,73.0,8.0,19.3,3.0,6.3,0.475,0.0,0.0,0.0,3.0,6.3,0.477,0.475,1.6,2.8,0.577,2.1,4.1,6.2,0.8,0.5,0.5,1.3,1.9,7.6,,2015,2014-15
224.0,Cody Zeller,22.0,CHO,C,62.0,45.0,24.0,2.8,6.0,0.461,0.0,0.0,1.0,2.8,6.0,0.46,0.462,2.0,2.6,0.774,1.6,4.3,5.8,1.6,0.5,0.8,1.0,2.5,7.6,,2015,2014-15
225.0,Tayshaun Prince,34.0,3TM,SF,58.0,16.0,24.1,3.1,6.9,0.44,0.5,1.2,0.463,2.5,5.8,0.436,0.479,0.8,1.1,0.754,0.9,2.7,3.6,1.6,0.5,0.3,0.6,0.9,7.5,,2015,2014-15
225.0,Tayshaun Prince,34.0,MEM,SF,26.0,9.0,24.2,2.9,7.0,0.41,0.6,1.3,0.455,2.3,5.8,0.4,0.451,1.0,1.2,0.833,0.8,2.4,3.2,1.4,0.3,0.2,0.6,0.8,7.3,,2015,2014-15
225.0,Tayshaun Prince,34.0,BOS,SF,9.0,0.0,22.0,3.7,6.6,0.559,0.6,0.9,0.625,3.1,5.7,0.549,0.602,0.6,0.7,0.833,0.7,2.7,3.3,2.0,0.6,0.2,0.4,0.8,8.4,,2015,2014-15
225.0,Tayshaun Prince,34.0,DET,SF,23.0,7.0,24.8,3.0,7.0,0.431,0.5,1.1,0.423,2.5,5.8,0.433,0.466,0.8,1.3,0.655,1.1,3.1,4.2,1.7,0.7,0.3,0.7,1.1,7.3,,2015,2014-15
226.0,J.J. Barea,30.0,DAL,PG,77.0,10.0,17.7,2.9,7.0,0.42,0.7,2.2,0.323,2.2,4.8,0.463,0.47,1.0,1.2,0.809,0.3,1.4,1.7,3.4,0.4,0.0,0.9,1.4,7.5,,2015,2014-15
227.0,Alan Anderson,32.0,BRK,SG,74.0,19.0,23.6,2.6,5.9,0.443,1.0,2.8,0.348,1.6,3.1,0.53,0.526,1.1,1.4,0.812,0.4,2.3,2.8,1.1,0.8,0.1,0.8,2.0,7.4,,2015,2014-15
228.0,Ray McCallum,23.0,SAC,PG,68.0,30.0,21.1,3.0,6.9,0.438,0.5,1.6,0.306,2.5,5.3,0.479,0.474,0.8,1.2,0.679,0.8,1.9,2.6,2.8,0.7,0.2,1.3,1.4,7.4,,2015,2014-15
229.0,Donald Sloan,27.0,IND,PG,53.0,21.0,20.9,2.7,6.7,0.408,0.8,2.5,0.313,2.0,4.2,0.464,0.466,1.1,1.5,0.779,0.2,2.5,2.7,3.6,0.4,0.0,1.2,0.9,7.4,,2015,2014-15
230.0,Marvin Williams,28.0,CHO,PF,78.0,37.0,26.1,2.7,6.3,0.424,1.2,3.4,0.358,1.5,2.9,0.5,0.52,0.8,1.1,0.713,0.7,4.2,4.9,1.3,0.9,0.5,0.8,1.9,7.4,,2015,2014-15
231.0,Brandan Wright,27.0,3TM,PF,75.0,7.0,19.3,3.1,4.8,0.642,0.0,0.0,0.0,3.1,4.8,0.647,0.642,1.0,1.5,0.696,1.7,2.6,4.3,0.5,0.7,1.3,0.5,1.4,7.3,,2015,2014-15
231.0,Brandan Wright,27.0,DAL,PF,27.0,0.0,18.7,3.7,5.0,0.748,0.0,0.0,,3.7,5.0,0.748,0.748,1.3,1.8,0.75,1.9,2.2,4.1,0.4,0.6,1.6,0.5,1.6,8.8,,2015,2014-15
231.0,Brandan Wright,27.0,BOS,PF,8.0,0.0,10.8,1.5,2.6,0.571,0.0,0.0,,1.5,2.6,0.571,0.571,0.3,0.5,0.5,0.9,1.3,2.1,1.0,0.1,0.6,0.6,0.5,3.3,,2015,2014-15
231.0,Brandan Wright,27.0,PHO,PF,40.0,7.0,21.5,3.0,5.2,0.58,0.0,0.1,0.0,3.0,5.1,0.588,0.58,1.0,1.5,0.667,1.8,3.1,4.9,0.6,0.8,1.2,0.4,1.4,7.0,,2015,2014-15
232.0,Ömer Aşık,28.0,NOP,C,76.0,76.0,26.1,2.8,5.4,0.517,0.0,0.0,,2.8,5.4,0.517,0.517,1.7,3.0,0.582,3.2,6.6,9.8,0.9,0.4,0.7,1.3,1.9,7.3,,2015,2014-15
233.0,Channing Frye,31.0,ORL,PF,75.0,51.0,24.9,2.5,6.5,0.392,1.8,4.6,0.393,0.7,1.9,0.39,0.532,0.4,0.5,0.886,0.4,3.5,3.9,1.3,0.6,0.5,1.0,2.5,7.3,,2015,2014-15
234.0,Larry Sanders,26.0,MIL,C,27.0,26.0,21.7,3.2,6.4,0.5,0.0,0.0,,3.2,6.4,0.5,0.5,0.9,1.8,0.5,2.5,3.7,6.1,0.9,1.0,1.4,1.0,3.9,7.3,,2015,2014-15
235.0,Henry Walker,27.0,MIA,SF,24.0,13.0,26.2,2.4,7.0,0.345,1.9,5.5,0.341,0.5,1.5,0.361,0.479,0.6,0.8,0.778,0.3,3.1,3.4,1.2,1.0,0.4,1.0,3.2,7.3,,2015,2014-15
236.0,Quincy Pondexter,26.0,2TM,SG,75.0,30.0,23.9,2.5,6.0,0.421,1.2,3.3,0.373,1.3,2.7,0.478,0.522,0.9,1.3,0.74,0.7,1.9,2.6,1.3,0.3,0.3,0.7,2.0,7.2,,2015,2014-15
236.0,Quincy Pondexter,26.0,MEM,SG,30.0,2.0,18.0,1.6,4.5,0.356,0.6,2.4,0.233,1.0,2.1,0.5,0.419,0.7,1.0,0.7,0.7,1.2,1.9,0.9,0.2,0.2,0.3,1.6,4.5,,2015,2014-15
236.0,Quincy Pondexter,26.0,NOP,SF,45.0,28.0,27.8,3.1,6.9,0.449,1.6,3.8,0.433,1.5,3.1,0.468,0.567,1.1,1.5,0.758,0.7,2.3,3.1,1.5,0.3,0.4,0.9,2.3,9.0,,2015,2014-15
237.0,Trevor Booker,27.0,UTA,PF,79.0,5.0,19.8,2.9,5.9,0.487,0.4,1.1,0.345,2.5,4.8,0.518,0.518,1.1,1.9,0.581,1.8,3.3,5.0,1.1,0.5,0.5,1.1,1.8,7.2,,2015,2014-15
238.0,Jared Dudley,29.0,MIL,SG,72.0,22.0,23.8,2.8,5.9,0.468,1.0,2.7,0.385,1.7,3.2,0.537,0.556,0.7,0.9,0.716,0.6,2.4,3.1,1.8,1.0,0.2,0.9,1.6,7.2,,2015,2014-15
239.0,Carl Landry,31.0,SAC,PF,70.0,15.0,17.0,2.7,5.3,0.515,0.0,0.0,,2.7,5.3,0.515,0.515,1.8,2.1,0.82,1.4,2.4,3.8,0.4,0.2,0.2,0.8,1.9,7.2,,2015,2014-15
240.0,Joakim Noah,29.0,CHI,C,67.0,67.0,30.6,2.8,6.4,0.445,0.0,0.0,0.0,2.8,6.3,0.447,0.445,1.6,2.6,0.603,3.3,6.4,9.6,4.7,0.7,1.1,1.8,3.0,7.2,DPOY-12,2015,2014-15
241.0,Lance Thomas,26.0,2TM,PF,62.0,37.0,24.0,2.9,7.1,0.412,0.1,0.4,0.318,2.8,6.8,0.417,0.42,1.2,1.6,0.727,1.0,2.1,3.1,1.1,0.6,0.1,1.2,1.6,7.1,,2015,2014-15
241.0,Lance Thomas,26.0,OKC,SF,22.0,13.0,20.5,2.0,5.7,0.357,0.0,0.0,0.0,2.0,5.7,0.36,0.357,1.0,1.5,0.697,1.3,2.1,3.4,0.9,0.5,0.0,0.8,1.7,5.1,,2015,2014-15
241.0,Lance Thomas,26.0,NYK,PF,40.0,24.0,26.0,3.4,7.9,0.434,0.2,0.5,0.333,3.3,7.4,0.441,0.445,1.2,1.7,0.742,0.9,2.1,3.0,1.2,0.7,0.2,1.4,1.6,8.3,,2015,2014-15
242.0,Leandro Barbosa,32.0,GSW,SG,66.0,1.0,14.9,2.8,5.8,0.474,0.7,1.7,0.384,2.1,4.2,0.511,0.53,0.9,1.1,0.784,0.3,1.0,1.4,1.5,0.6,0.1,0.7,1.3,7.1,,2015,2014-15
243.0,Austin Rivers,22.0,2TM,SG,76.0,5.0,20.6,2.7,6.5,0.409,0.5,1.7,0.298,2.2,4.8,0.449,0.449,1.1,1.7,0.675,0.4,1.6,2.0,2.0,0.6,0.2,0.9,1.9,7.0,,2015,2014-15
243.0,Austin Rivers,22.0,NOP,SG,35.0,3.0,22.1,2.5,6.3,0.387,0.4,1.4,0.28,2.1,4.9,0.419,0.419,1.5,2.0,0.746,0.3,1.6,1.9,2.5,0.5,0.2,0.9,1.9,6.8,,2015,2014-15
243.0,Austin Rivers,22.0,LAC,SG,41.0,2.0,19.3,2.9,6.7,0.427,0.6,2.0,0.309,2.2,4.7,0.477,0.473,0.8,1.3,0.582,0.4,1.7,2.0,1.7,0.7,0.2,0.9,2.0,7.1,,2015,2014-15
244.0,John Henson,24.0,MIL,C,67.0,11.0,18.3,2.9,5.2,0.566,0.0,0.0,,2.9,5.2,0.566,0.566,1.2,2.0,0.569,1.9,2.8,4.7,0.9,0.4,2.0,1.3,2.3,7.0,,2015,2014-15
245.0,Jason Terry,37.0,HOU,SG,77.0,18.0,21.3,2.4,5.8,0.422,1.6,4.2,0.39,0.8,1.6,0.504,0.563,0.5,0.6,0.813,0.2,1.4,1.6,1.9,0.9,0.2,1.0,1.5,7.0,,2015,2014-15
246.0,Kevin Garnett,38.0,2TM,PF,47.0,47.0,20.3,3.0,6.5,0.467,0.0,0.1,0.143,3.0,6.4,0.475,0.469,0.8,1.0,0.8,1.0,5.6,6.6,1.6,1.0,0.4,1.0,2.3,6.9,,2015,2014-15
246.0,Kevin Garnett,38.0,BRK,PF,42.0,42.0,20.3,3.0,6.5,0.455,0.0,0.1,0.167,3.0,6.4,0.461,0.456,0.8,1.0,0.829,1.1,5.7,6.8,1.6,1.0,0.3,1.1,2.3,6.8,,2015,2014-15
246.0,Kevin Garnett,38.0,MIN,PF,5.0,5.0,19.6,3.6,6.2,0.581,0.0,0.2,0.0,3.6,6.0,0.6,0.581,0.4,0.8,0.5,0.4,4.8,5.2,1.6,1.0,0.8,0.2,2.6,7.6,,2015,2014-15
247.0,Patty Mills,26.0,SAS,PG,51.0,0.0,15.7,2.5,6.6,0.381,1.2,3.6,0.341,1.3,3.0,0.429,0.473,0.6,0.8,0.825,0.4,1.1,1.5,1.7,0.5,0.0,0.7,1.1,6.9,,2015,2014-15
248.0,Jusuf Nurkić,20.0,DEN,C,62.0,27.0,17.8,2.8,6.2,0.446,0.0,0.0,0.0,2.8,6.1,0.449,0.446,1.4,2.1,0.636,2.0,4.1,6.2,0.8,0.8,1.1,1.4,3.3,6.9,ROY-6,2015,2014-15
249.0,Will Barton,24.0,2TM,SG,58.0,0.0,16.9,2.6,6.1,0.425,0.4,1.5,0.271,2.2,4.6,0.474,0.458,1.3,1.6,0.787,0.4,2.3,2.8,1.4,0.8,0.3,1.1,1.2,6.8,,2015,2014-15
249.0,Will Barton,24.0,POR,SG,30.0,0.0,10.0,1.3,3.3,0.38,0.1,0.6,0.222,1.1,2.7,0.415,0.4,0.3,0.5,0.667,0.1,1.0,1.1,0.9,0.5,0.1,0.6,0.7,3.0,,2015,2014-15
249.0,Will Barton,24.0,DEN,SG,28.0,0.0,24.4,4.0,9.0,0.443,0.7,2.4,0.284,3.3,6.6,0.5,0.48,2.3,2.8,0.81,0.8,3.8,4.6,1.9,1.2,0.5,1.6,1.8,11.0,,2015,2014-15
250.0,Chase Budinger,26.0,MIN,SF,67.0,4.0,19.2,2.5,5.8,0.433,0.8,2.1,0.364,1.7,3.7,0.474,0.5,1.0,1.2,0.827,0.5,2.5,3.0,1.0,0.7,0.1,0.7,1.1,6.8,,2015,2014-15
251.0,Cory Joseph,23.0,SAS,PG,79.0,14.0,18.3,2.6,5.2,0.504,0.2,0.6,0.364,2.4,4.6,0.52,0.523,1.3,1.8,0.734,0.6,1.9,2.4,2.4,0.6,0.2,0.8,1.3,6.8,,2015,2014-15
252.0,CJ McCollum,23.0,POR,SG,62.0,3.0,15.7,2.6,5.9,0.436,0.9,2.2,0.396,1.7,3.6,0.46,0.511,0.8,1.2,0.699,0.2,1.2,1.5,1.0,0.7,0.1,0.8,1.3,6.8,,2015,2014-15
253.0,Adreian Payne,23.0,2TM,PF,32.0,22.0,23.1,2.8,6.9,0.414,0.0,0.3,0.111,2.8,6.6,0.427,0.416,0.9,1.4,0.652,1.5,3.6,5.1,0.9,0.6,0.3,1.4,2.8,6.7,,2015,2014-15
253.0,Adreian Payne,23.0,ATL,PF,3.0,0.0,6.3,0.7,2.3,0.286,0.0,0.3,0.0,0.7,2.0,0.333,0.286,0.3,0.7,0.5,0.3,1.0,1.3,0.0,0.3,0.0,0.0,1.3,1.7,,2015,2014-15
253.0,Adreian Payne,23.0,MIN,PF,29.0,22.0,24.8,3.1,7.3,0.418,0.0,0.3,0.125,3.0,7.1,0.429,0.42,1.0,1.5,0.659,1.6,3.8,5.4,1.0,0.6,0.3,1.5,2.9,7.2,,2015,2014-15
254.0,Brian Roberts,29.0,CHO,PG,72.0,10.0,18.5,2.4,6.3,0.389,0.9,2.7,0.321,1.6,3.6,0.44,0.458,0.9,1.0,0.892,0.2,1.3,1.5,2.3,0.5,0.1,0.8,1.0,6.7,,2015,2014-15
255.0,Darrell Arthur,26.0,DEN,PF,58.0,4.0,17.0,2.7,6.6,0.404,0.4,1.9,0.236,2.2,4.7,0.471,0.438,0.8,1.0,0.78,0.9,2.0,2.9,1.0,0.8,0.4,0.8,2.5,6.6,,2015,2014-15
256.0,Aron Baynes,28.0,SAS,C,70.0,17.0,16.0,2.6,4.7,0.566,0.0,0.1,0.25,2.6,4.6,0.57,0.567,1.3,1.5,0.865,1.6,3.0,4.5,0.5,0.2,0.3,0.9,2.3,6.6,,2015,2014-15
257.0,Kevin Séraphin,25.0,WAS,C,79.0,0.0,15.6,2.9,5.7,0.513,0.0,0.0,0.0,2.9,5.7,0.516,0.513,0.7,1.0,0.707,1.1,2.5,3.6,0.7,0.1,0.7,1.2,2.5,6.6,,2015,2014-15
258.0,Alexis Ajinça,26.0,NOP,C,68.0,8.0,14.1,2.7,4.8,0.55,0.0,0.0,,2.7,4.8,0.55,0.55,1.2,1.5,0.818,1.5,3.1,4.6,0.7,0.3,0.8,1.0,2.2,6.5,,2015,2014-15
259.0,Ryan Kelly,23.0,LAL,PF,52.0,34.0,23.7,2.0,5.9,0.337,0.9,2.6,0.336,1.1,3.4,0.337,0.409,1.5,1.8,0.832,0.3,2.6,2.8,1.8,0.6,0.5,0.7,2.3,6.4,,2015,2014-15
260.0,Anthony Tolliver,29.0,2TM,PF,76.0,11.0,18.8,2.1,5.2,0.41,1.4,3.8,0.366,0.7,1.4,0.534,0.545,0.7,0.9,0.783,0.7,2.4,3.1,0.8,0.3,0.2,0.7,1.8,6.3,,2015,2014-15
260.0,Anthony Tolliver,29.0,PHO,PF,24.0,0.0,11.3,1.1,3.1,0.351,1.0,2.6,0.387,0.1,0.5,0.167,0.514,0.2,0.3,0.667,0.3,1.6,1.8,0.4,0.2,0.0,0.5,0.8,3.3,,2015,2014-15
260.0,Anthony Tolliver,29.0,DET,PF,52.0,11.0,22.3,2.6,6.1,0.423,1.6,4.4,0.36,1.0,1.8,0.582,0.552,1.0,1.2,0.794,0.9,2.8,3.7,0.9,0.4,0.3,0.8,2.3,7.7,,2015,2014-15
261.0,Ramon Sessions,28.0,2TM,PG,64.0,10.0,18.6,2.0,5.2,0.374,0.3,0.9,0.317,1.7,4.3,0.387,0.403,2.1,2.7,0.769,0.4,1.9,2.3,2.8,0.5,0.0,1.3,1.1,6.3,,2015,2014-15
261.0,Ramon Sessions,28.0,SAC,PG,36.0,7.0,17.8,1.8,5.1,0.344,0.2,0.8,0.214,1.6,4.3,0.368,0.361,1.8,2.4,0.727,0.4,1.6,1.9,2.7,0.4,0.0,1.4,1.3,5.4,,2015,2014-15
261.0,Ramon Sessions,28.0,WAS,PG,28.0,3.0,19.5,2.2,5.4,0.411,0.5,1.1,0.406,1.8,4.3,0.412,0.454,2.5,3.0,0.812,0.4,2.3,2.7,3.1,0.6,0.0,1.3,1.0,7.4,,2015,2014-15
262.0,Andrew Bogut,30.0,GSW,C,67.0,65.0,23.6,3.0,5.3,0.563,0.0,0.0,,3.0,5.3,0.563,0.563,0.3,0.6,0.524,2.1,6.0,8.1,2.7,0.6,1.7,1.6,2.8,6.3,"DPOY-6,DEF2",2015,2014-15
263.0,Danny Granger,31.0,MIA,SF,30.0,6.0,20.4,2.2,5.4,0.401,1.0,2.8,0.357,1.2,2.6,0.449,0.494,0.9,1.2,0.757,0.7,2.0,2.7,0.6,0.4,0.2,0.8,2.2,6.3,,2015,2014-15
264.0,Jerami Grant,20.0,PHI,SF,65.0,11.0,21.2,1.9,5.4,0.352,0.8,2.4,0.314,1.2,3.0,0.383,0.422,1.8,3.0,0.591,0.8,2.3,3.0,1.2,0.6,1.0,1.3,2.2,6.3,,2015,2014-15
265.0,Jeremy Lamb,22.0,OKC,SG,47.0,8.0,13.5,2.2,5.3,0.416,0.8,2.4,0.342,1.4,3.0,0.475,0.492,1.0,1.2,0.891,0.2,2.1,2.3,0.9,0.4,0.1,0.6,1.1,6.3,,2015,2014-15
266.0,Alex Len,21.0,PHO,C,69.0,44.0,22.0,2.6,5.1,0.507,0.0,0.0,0.333,2.6,5.1,0.509,0.508,1.1,1.5,0.702,2.1,4.5,6.6,0.5,0.5,1.5,1.1,3.1,6.3,,2015,2014-15
267.0,Mitch McGary,22.0,OKC,PF,32.0,2.0,15.2,2.8,5.2,0.533,0.0,0.1,0.0,2.8,5.1,0.54,0.533,0.8,1.3,0.625,1.7,3.5,5.2,0.4,0.5,0.5,1.0,2.3,6.3,,2015,2014-15
268.0,Charlie Villanueva,30.0,DAL,PF,64.0,1.0,10.6,2.3,5.7,0.414,1.3,3.5,0.376,1.0,2.2,0.475,0.529,0.3,0.5,0.571,0.5,1.9,2.3,0.3,0.2,0.3,0.4,1.0,6.3,,2015,2014-15
269.0,Chris Copeland,30.0,IND,SF,50.0,12.0,16.6,2.2,6.2,0.361,1.0,3.3,0.311,1.2,2.9,0.42,0.445,0.7,0.9,0.733,0.5,1.8,2.2,1.0,0.2,0.2,1.2,1.6,6.2,,2015,2014-15
270.0,Ben Gordon,31.0,ORL,SG,56.0,0.0,14.1,2.3,5.3,0.437,0.6,1.7,0.361,1.7,3.5,0.475,0.497,1.0,1.2,0.836,0.1,1.0,1.1,0.9,0.3,0.0,1.0,1.1,6.2,,2015,2014-15
271.0,Shane Larkin,22.0,NYK,PG,76.0,22.0,24.5,2.5,5.7,0.433,0.5,1.5,0.302,2.0,4.2,0.481,0.473,0.8,1.0,0.782,0.4,1.9,2.3,3.0,1.2,0.1,1.1,2.0,6.2,,2015,2014-15
272.0,Ish Smith,26.0,2TM,PG,55.0,14.0,15.1,2.6,6.7,0.39,0.3,1.1,0.3,2.3,5.6,0.407,0.414,0.6,1.0,0.596,0.3,1.5,1.8,3.3,0.7,0.1,1.4,0.9,6.1,,2015,2014-15
272.0,Ish Smith,26.0,OKC,PG,30.0,0.0,5.2,0.5,1.5,0.333,0.0,0.2,0.2,0.5,1.3,0.35,0.344,0.2,0.3,0.667,0.2,0.7,0.9,0.9,0.1,0.0,0.3,0.4,1.2,,2015,2014-15
272.0,Ish Smith,26.0,PHI,PG,25.0,14.0,27.1,5.1,12.9,0.398,0.7,2.2,0.309,4.4,10.7,0.416,0.424,1.1,1.9,0.583,0.4,2.5,2.9,6.1,1.3,0.2,2.8,1.5,12.0,,2015,2014-15
273.0,Jason Thompson,28.0,SAC,PF,81.0,63.0,24.6,2.5,5.3,0.47,0.0,0.0,0.0,2.5,5.3,0.471,0.47,1.1,1.8,0.622,1.7,4.8,6.5,1.0,0.4,0.7,1.0,3.0,6.1,,2015,2014-15
274.0,T.J. Warren,21.0,PHO,SF,40.0,1.0,15.4,2.8,5.4,0.528,0.1,0.5,0.238,2.7,4.8,0.56,0.54,0.4,0.5,0.737,1.0,1.1,2.1,0.6,0.5,0.2,0.7,1.3,6.1,,2015,2014-15
275.0,Tarik Black,23.0,2TM,C,63.0,39.0,19.0,2.5,4.3,0.575,0.0,0.0,0.0,2.5,4.3,0.577,0.575,1.0,1.9,0.551,2.3,3.6,5.8,0.7,0.3,0.4,0.8,2.5,6.0,,2015,2014-15
275.0,Tarik Black,23.0,HOU,C,25.0,12.0,15.7,1.8,3.3,0.542,0.0,0.0,0.0,1.8,3.3,0.549,0.542,0.6,1.2,0.517,2.3,2.8,5.1,0.3,0.2,0.1,0.8,2.2,4.2,,2015,2014-15
275.0,Tarik Black,23.0,LAL,C,38.0,27.0,21.1,2.9,5.0,0.589,0.0,0.0,,2.9,5.0,0.589,0.589,1.3,2.3,0.562,2.2,4.1,6.3,0.9,0.3,0.6,0.8,2.7,7.2,,2015,2014-15
276.0,Jonas Jerebko,27.0,2TM,PF,75.0,0.0,16.4,2.3,5.1,0.446,0.7,1.9,0.386,1.5,3.2,0.481,0.517,0.7,0.9,0.848,1.2,2.5,3.8,0.9,0.6,0.2,0.6,1.8,6.0,,2015,2014-15
276.0,Jonas Jerebko,27.0,DET,PF,46.0,0.0,15.3,2.0,4.3,0.46,0.6,1.7,0.368,1.4,2.7,0.516,0.53,0.7,0.8,0.861,1.0,2.1,3.1,0.9,0.6,0.2,0.6,1.7,5.2,,2015,2014-15
276.0,Jonas Jerebko,27.0,BOS,PF,29.0,0.0,18.2,2.7,6.2,0.431,0.9,2.2,0.406,1.8,4.0,0.444,0.503,0.9,1.0,0.833,1.6,3.2,4.8,1.0,0.7,0.2,0.6,2.0,7.1,,2015,2014-15
277.0,Kyle Singler,26.0,2TM,SF,80.0,58.0,21.8,2.2,5.6,0.386,1.2,3.0,0.398,1.0,2.6,0.371,0.493,0.5,0.7,0.769,0.4,2.0,2.4,1.1,0.6,0.3,0.7,1.9,6.0,,2015,2014-15
277.0,Kyle Singler,26.0,DET,SF,54.0,40.0,23.8,2.6,6.5,0.4,1.4,3.5,0.406,1.2,3.0,0.393,0.509,0.5,0.7,0.806,0.4,2.1,2.6,1.2,0.6,0.3,0.8,1.8,7.1,,2015,2014-15
277.0,Kyle Singler,26.0,OKC,SF,26.0,18.0,17.5,1.2,3.7,0.333,0.8,2.1,0.37,0.5,1.6,0.286,0.438,0.4,0.6,0.688,0.4,1.7,2.1,0.7,0.5,0.3,0.5,2.1,3.7,,2015,2014-15
278.0,Otto Porter Jr.,21.0,WAS,SF,74.0,13.0,19.4,2.4,5.3,0.45,0.5,1.4,0.337,1.9,3.9,0.491,0.495,0.8,1.1,0.734,0.9,2.0,3.0,0.9,0.6,0.4,0.7,1.3,6.0,,2015,2014-15
279.0,Tony Snell,23.0,CHI,SF,72.0,22.0,19.6,2.2,5.2,0.429,1.0,2.7,0.371,1.2,2.4,0.494,0.527,0.6,0.8,0.8,0.4,2.0,2.4,0.9,0.4,0.2,0.7,1.2,6.0,,2015,2014-15
280.0,Quincy Acy,24.0,NYK,PF,68.0,22.0,18.9,2.2,4.9,0.459,0.3,0.9,0.3,2.0,4.0,0.494,0.486,1.1,1.4,0.784,1.2,3.3,4.4,1.0,0.4,0.3,0.9,2.2,5.9,,2015,2014-15
281.0,Caron Butler,34.0,DET,SF,78.0,21.0,20.8,2.1,5.1,0.407,1.1,2.8,0.379,1.0,2.3,0.441,0.511,0.7,0.8,0.902,0.3,2.2,2.5,1.0,0.6,0.1,0.6,1.5,5.9,,2015,2014-15
282.0,Willie Green,33.0,ORL,SG,52.0,2.0,18.3,2.3,5.9,0.386,0.8,2.3,0.347,1.5,3.6,0.411,0.454,0.5,0.7,0.824,0.3,1.3,1.5,1.3,0.5,0.1,0.9,1.6,5.9,,2015,2014-15
283.0,Tyler Johnson,22.0,MIA,SG,32.0,2.0,18.8,2.2,5.2,0.419,0.6,1.5,0.375,1.6,3.7,0.437,0.473,1.0,1.5,0.681,0.4,2.1,2.5,1.3,1.0,0.3,0.9,1.3,5.9,,2015,2014-15
284.0,Meyers Leonard,22.0,POR,C,55.0,7.0,15.4,2.3,4.5,0.51,0.9,2.0,0.42,1.4,2.4,0.586,0.606,0.5,0.6,0.938,0.8,3.7,4.5,0.6,0.2,0.3,0.7,2.1,5.9,,2015,2014-15
285.0,Shaun Livingston,29.0,GSW,PG,78.0,2.0,18.8,2.5,5.1,0.5,0.0,0.0,0.0,2.5,5.1,0.503,0.5,0.8,1.2,0.714,0.6,1.8,2.3,3.3,0.6,0.3,1.3,1.4,5.9,,2015,2014-15
286.0,Vince Carter,38.0,MEM,SG,66.0,1.0,16.5,2.0,6.2,0.333,1.0,3.5,0.297,1.0,2.6,0.379,0.417,0.7,0.9,0.789,0.4,1.6,2.0,1.2,0.7,0.2,0.7,1.5,5.8,,2015,2014-15
287.0,Spencer Hawes,26.0,LAC,PF,73.0,15.0,17.5,2.2,5.7,0.393,0.8,2.4,0.313,1.5,3.3,0.452,0.459,0.6,0.9,0.647,0.4,3.1,3.5,1.2,0.3,0.7,0.8,2.4,5.8,,2015,2014-15
288.0,Richard Jefferson,34.0,DAL,SF,74.0,18.0,16.8,1.9,4.4,0.444,0.9,2.1,0.426,1.1,2.3,0.462,0.546,1.1,1.5,0.684,0.3,2.1,2.5,0.8,0.4,0.1,0.7,1.6,5.8,,2015,2014-15
289.0,Kyle O'Quinn,24.0,ORL,PF,51.0,17.0,16.2,2.3,4.7,0.492,0.2,0.8,0.279,2.1,3.9,0.538,0.517,0.9,1.1,0.772,0.9,3.0,3.9,1.2,0.6,0.8,1.1,2.2,5.8,,2015,2014-15
290.0,Thomas Robinson,23.0,2TM,PF,54.0,4.0,14.8,2.3,4.8,0.485,0.0,0.0,0.0,2.3,4.8,0.488,0.485,1.0,2.0,0.528,1.8,3.9,5.6,0.6,0.6,0.4,1.1,1.9,5.7,,2015,2014-15
290.0,Thomas Robinson,23.0,POR,PF,32.0,4.0,12.2,1.5,2.8,0.516,0.0,0.0,,1.5,2.8,0.516,0.516,0.7,1.5,0.438,1.0,3.1,4.2,0.3,0.5,0.3,1.0,1.7,3.6,,2015,2014-15
290.0,Thomas Robinson,23.0,PHI,PF,22.0,0.0,18.5,3.6,7.7,0.467,0.0,0.1,0.0,3.6,7.6,0.473,0.467,1.6,2.6,0.603,2.8,4.9,7.7,1.1,0.7,0.4,1.2,2.3,8.8,,2015,2014-15
291.0,Chris Johnson,24.0,3TM,SF,29.0,2.0,18.1,2.1,5.3,0.403,1.0,3.3,0.295,1.2,2.0,0.576,0.494,0.5,0.6,0.875,0.3,1.6,1.9,0.5,0.9,0.2,0.5,1.5,5.7,,2015,2014-15
291.0,Chris Johnson,24.0,PHI,SF,9.0,2.0,20.8,2.1,6.7,0.317,1.1,4.3,0.256,1.0,2.3,0.429,0.4,0.7,0.9,0.75,0.3,2.6,2.9,0.3,1.0,0.6,1.0,2.1,6.0,,2015,2014-15
291.0,Chris Johnson,24.0,UTA,SF,12.0,0.0,17.6,2.6,5.3,0.484,1.1,3.2,0.342,1.5,2.2,0.692,0.586,0.5,0.5,1.0,0.3,1.3,1.5,0.6,1.0,0.0,0.5,1.5,6.8,,2015,2014-15
291.0,Chris Johnson,24.0,MIL,SF,8.0,0.0,16.0,1.5,3.8,0.4,0.6,2.3,0.278,0.9,1.5,0.583,0.483,0.3,0.3,1.0,0.3,1.1,1.4,0.6,0.6,0.3,0.0,0.9,3.9,,2015,2014-15
292.0,Nate Robinson,30.0,2TM,PG,42.0,1.0,14.1,2.1,6.1,0.345,0.7,2.7,0.277,1.4,3.4,0.399,0.406,0.7,1.1,0.674,0.4,0.8,1.2,2.3,0.5,0.1,0.7,1.8,5.7,,2015,2014-15
292.0,Nate Robinson,30.0,DEN,PG,33.0,1.0,14.1,2.2,6.2,0.348,0.7,2.8,0.261,1.4,3.4,0.42,0.407,0.8,1.2,0.65,0.4,0.8,1.2,2.3,0.4,0.1,0.7,2.1,5.8,,2015,2014-15
292.0,Nate Robinson,30.0,LAC,PG,9.0,0.0,14.0,1.9,5.7,0.333,0.8,2.2,0.35,1.1,3.4,0.323,0.402,0.6,0.7,0.833,0.3,0.9,1.2,2.2,0.7,0.0,0.9,0.9,5.1,,2015,2014-15
293.0,Pero Antić,32.0,ATL,C,63.0,3.0,16.5,1.7,4.7,0.365,0.8,2.7,0.301,0.9,2.0,0.455,0.453,1.4,2.0,0.715,0.9,2.1,3.0,0.8,0.3,0.2,0.8,2.1,5.7,,2015,2014-15
294.0,Kirk Hinrich,34.0,CHI,SG,66.0,22.0,24.4,2.2,5.8,0.373,0.9,2.5,0.345,1.3,3.2,0.394,0.449,0.5,0.8,0.7,0.3,1.5,1.8,2.2,0.7,0.2,1.1,2.2,5.7,,2015,2014-15
295.0,Al-Farouq Aminu,24.0,DAL,SF,74.0,3.0,18.5,2.0,4.8,0.412,0.5,1.7,0.274,1.5,3.1,0.485,0.459,1.1,1.6,0.712,1.5,3.1,4.6,0.8,0.9,0.8,0.7,1.9,5.6,,2015,2014-15
296.0,Archie Goodwin,20.0,PHO,SG,41.0,2.0,13.0,1.9,4.9,0.393,0.3,1.0,0.293,1.6,3.9,0.419,0.423,1.5,2.0,0.735,0.7,1.1,1.8,1.1,0.4,0.2,1.2,1.3,5.6,,2015,2014-15
297.0,P.J. Hairston,22.0,CHO,SG,45.0,2.0,15.3,1.9,6.0,0.323,1.1,3.6,0.301,0.8,2.4,0.358,0.414,0.7,0.8,0.861,0.5,1.6,2.0,0.5,0.5,0.3,0.5,1.4,5.6,,2015,2014-15
298.0,John Jenkins,23.0,ATL,SG,24.0,3.0,12.4,2.0,4.1,0.495,0.9,2.2,0.404,1.2,2.0,0.596,0.601,0.7,0.8,0.842,0.1,1.5,1.6,0.5,0.4,0.0,0.3,0.6,5.6,,2015,2014-15
299.0,Cole Aldrich,26.0,NYK,C,61.0,16.0,16.0,2.4,4.9,0.478,0.0,0.0,,2.4,4.9,0.478,0.478,0.8,1.0,0.781,1.7,3.9,5.5,1.2,0.6,1.1,1.0,2.0,5.5,,2015,2014-15
300.0,Sean Kilpatrick,25.0,MIN,SG,4.0,0.0,18.0,1.8,5.0,0.35,1.0,3.3,0.308,0.8,1.8,0.429,0.45,1.0,1.0,1.0,0.3,1.3,1.5,1.0,0.8,0.0,0.5,0.8,5.5,,2015,2014-15
301.0,Shawne Williams,28.0,2TM,SF,63.0,22.0,17.3,1.9,4.8,0.403,1.0,2.8,0.36,0.9,1.9,0.467,0.51,0.6,0.6,0.875,0.6,2.1,2.6,0.7,0.4,0.3,0.5,2.1,5.4,,2015,2014-15
301.0,Shawne Williams,28.0,MIA,SF,44.0,22.0,21.0,2.3,5.5,0.425,1.4,3.5,0.395,1.0,2.0,0.477,0.55,0.6,0.8,0.848,0.6,2.5,3.2,0.8,0.5,0.4,0.5,2.6,6.6,,2015,2014-15
301.0,Shawne Williams,28.0,DET,SF,19.0,0.0,8.6,1.0,3.2,0.317,0.2,1.4,0.154,0.8,1.8,0.441,0.35,0.4,0.4,1.0,0.5,0.9,1.4,0.4,0.2,0.2,0.4,1.0,2.6,,2015,2014-15
302.0,Cleanthony Early,23.0,NYK,SF,39.0,7.0,16.6,1.9,5.5,0.355,0.6,2.2,0.262,1.4,3.3,0.415,0.407,0.9,1.2,0.75,0.6,1.9,2.5,0.9,0.6,0.3,1.0,1.5,5.4,,2015,2014-15
303.0,Drew Gooden,33.0,WAS,PF,51.0,7.0,16.9,2.2,5.4,0.399,0.5,1.2,0.39,1.7,4.3,0.401,0.44,0.7,0.9,0.773,1.4,3.0,4.4,1.0,0.4,0.2,0.5,1.8,5.4,,2015,2014-15
304.0,Shelvin Mack,24.0,ATL,PG,55.0,0.0,15.1,2.1,5.3,0.401,0.7,2.3,0.315,1.4,3.0,0.467,0.469,0.5,0.6,0.806,0.1,1.3,1.4,2.8,0.5,0.0,0.9,0.6,5.4,,2015,2014-15
305.0,Justin Hamilton,24.0,2TM,C,41.0,14.0,17.4,2.1,4.3,0.478,0.2,0.8,0.323,1.8,3.6,0.51,0.506,1.0,1.1,0.83,1.4,1.9,3.3,0.9,0.7,0.7,0.6,1.7,5.3,,2015,2014-15
305.0,Justin Hamilton,24.0,MIA,C,24.0,5.0,12.0,1.1,2.7,0.415,0.3,0.8,0.316,0.9,1.9,0.457,0.462,0.3,0.3,0.857,1.0,1.0,2.0,0.5,0.3,0.2,0.3,1.4,2.8,,2015,2014-15
305.0,Justin Hamilton,24.0,MIN,C,17.0,9.0,24.9,3.4,6.6,0.513,0.2,0.7,0.333,3.2,5.9,0.535,0.531,1.9,2.4,0.825,1.9,3.1,5.1,1.4,1.1,1.5,1.1,2.2,9.0,,2015,2014-15
306.0,Ricky Ledo,22.0,2TM,SG,17.0,0.0,14.4,1.9,5.6,0.333,0.6,1.6,0.37,1.3,4.1,0.319,0.385,0.9,1.3,0.727,0.9,1.2,2.1,1.1,0.4,0.1,1.5,1.2,5.3,,2015,2014-15
306.0,Ricky Ledo,22.0,DAL,SG,5.0,0.0,2.2,0.0,1.2,0.0,0.0,0.6,0.0,0.0,0.6,0.0,0.0,0.2,0.4,0.5,0.2,0.2,0.4,0.2,0.0,0.0,0.4,0.2,0.2,,2015,2014-15
306.0,Ricky Ledo,22.0,NYK,SG,12.0,0.0,19.4,2.7,7.5,0.356,0.8,2.0,0.417,1.8,5.5,0.333,0.411,1.3,1.7,0.75,1.3,1.6,2.8,1.5,0.5,0.1,2.0,1.7,7.4,,2015,2014-15
307.0,Brandon Davies,23.0,2TM,PF,27.0,6.0,15.7,2.0,5.1,0.401,0.3,1.3,0.235,1.7,3.8,0.456,0.431,0.9,1.4,0.649,1.4,1.7,3.1,1.1,0.7,0.3,1.1,2.2,5.3,,2015,2014-15
307.0,Brandon Davies,23.0,PHI,PF,20.0,6.0,19.0,2.5,6.0,0.412,0.4,1.5,0.233,2.1,4.5,0.472,0.441,1.1,1.7,0.636,1.8,1.9,3.7,1.4,0.9,0.2,1.3,2.7,6.3,,2015,2014-15
307.0,Brandon Davies,23.0,BRK,PF,7.0,0.0,6.3,0.9,2.6,0.333,0.1,0.6,0.25,0.7,2.0,0.357,0.361,0.4,0.6,0.75,0.4,1.0,1.4,0.3,0.1,0.4,0.6,0.7,2.3,,2015,2014-15
308.0,Chris Andersen,36.0,MIA,C,60.0,20.0,18.9,2.0,3.5,0.58,0.1,0.2,0.308,1.9,3.2,0.598,0.589,1.3,1.9,0.667,1.3,3.7,5.0,0.7,0.4,1.0,0.7,1.5,5.3,,2015,2014-15
309.0,Bryce Cotton,22.0,UTA,PG,15.0,0.0,10.6,1.9,4.6,0.42,0.5,1.3,0.35,1.5,3.3,0.449,0.471,1.0,1.2,0.833,0.2,1.0,1.2,1.0,0.3,0.0,0.8,0.4,5.3,,2015,2014-15
310.0,Elijah Millsap,27.0,UTA,SG,47.0,5.0,19.7,1.7,5.1,0.34,0.6,1.9,0.311,1.1,3.1,0.358,0.399,1.2,1.8,0.674,0.6,2.6,3.2,1.2,1.2,0.3,1.4,2.6,5.3,,2015,2014-15
311.0,Thabo Sefolosha,30.0,ATL,SF,52.0,7.0,18.8,2.0,4.8,0.418,0.5,1.5,0.321,1.5,3.3,0.462,0.468,0.9,1.1,0.776,1.0,3.3,4.3,1.4,1.0,0.4,0.7,1.3,5.3,,2015,2014-15
312.0,Tim Frazier,24.0,2TM,PG,11.0,3.0,21.7,1.9,5.5,0.344,0.5,1.5,0.294,1.5,4.0,0.364,0.385,0.9,1.9,0.476,0.5,2.0,2.5,5.5,0.7,0.0,2.3,2.4,5.2,,2015,2014-15
312.0,Tim Frazier,24.0,PHI,PG,6.0,3.0,28.5,2.2,7.2,0.302,0.5,1.8,0.273,1.7,5.3,0.313,0.337,0.8,2.5,0.333,0.7,2.5,3.2,7.2,1.0,0.0,3.0,2.7,5.7,,2015,2014-15
312.0,Tim Frazier,24.0,POR,PG,5.0,0.0,13.6,1.6,3.6,0.444,0.4,1.2,0.333,1.2,2.4,0.5,0.5,1.0,1.2,0.833,0.4,1.4,1.8,3.4,0.4,0.0,1.4,2.0,4.6,,2015,2014-15
313.0,Kent Bazemore,25.0,ATL,SG,75.0,10.0,17.7,1.9,4.4,0.426,0.6,1.8,0.364,1.2,2.7,0.467,0.498,0.8,1.3,0.6,0.3,2.7,3.0,1.0,0.7,0.4,1.0,1.7,5.2,,2015,2014-15
314.0,Anthony Bennett,21.0,MIN,PF,57.0,3.0,15.7,2.2,5.2,0.421,0.1,0.4,0.304,2.1,4.8,0.431,0.433,0.7,1.1,0.641,0.9,2.9,3.8,0.8,0.5,0.3,0.6,1.5,5.2,,2015,2014-15
315.0,Dante Cunningham,27.0,NOP,PF,66.0,27.0,25.0,2.3,5.1,0.457,0.0,0.2,0.1,2.3,5.0,0.468,0.459,0.4,0.7,0.617,1.1,2.8,3.9,0.8,0.7,0.6,0.5,1.5,5.2,,2015,2014-15
316.0,Aaron Gordon,19.0,ORL,PF,47.0,8.0,17.0,2.0,4.4,0.447,0.3,1.0,0.271,1.7,3.4,0.5,0.478,0.9,1.3,0.721,1.0,2.6,3.6,0.7,0.4,0.5,0.8,1.8,5.2,,2015,2014-15
317.0,Kosta Koufos,25.0,MEM,C,81.0,3.0,16.6,2.2,4.4,0.508,0.0,0.0,,2.2,4.4,0.508,0.508,0.7,1.0,0.647,1.5,3.8,5.3,0.5,0.4,0.8,0.9,1.8,5.2,,2015,2014-15
318.0,JaKarr Sampson,21.0,PHI,SF,74.0,32.0,15.3,2.0,4.7,0.422,0.4,1.7,0.244,1.6,3.0,0.525,0.467,0.9,1.3,0.67,0.5,1.7,2.2,1.0,0.5,0.4,1.0,1.8,5.2,,2015,2014-15
319.0,A.J. Price,28.0,3TM,PG,26.0,0.0,12.5,2.0,5.3,0.372,0.6,2.2,0.263,1.4,3.1,0.45,0.427,0.6,0.9,0.667,0.2,1.0,1.2,1.8,0.3,0.0,0.5,0.6,5.1,,2015,2014-15
319.0,A.J. Price,28.0,IND,PG,10.0,0.0,19.3,3.9,8.9,0.438,1.5,3.9,0.385,2.4,5.0,0.48,0.522,1.2,1.8,0.667,0.2,1.2,1.4,2.7,0.4,0.0,1.0,0.9,10.5,,2015,2014-15
319.0,A.J. Price,28.0,CLE,PG,11.0,0.0,7.9,0.8,3.1,0.265,0.0,1.0,0.0,0.8,2.1,0.391,0.265,0.4,0.5,0.667,0.4,1.0,1.4,1.2,0.3,0.0,0.3,0.1,2.0,,2015,2014-15
319.0,A.J. Price,28.0,PHO,PG,5.0,0.0,8.8,0.6,2.8,0.214,0.0,1.4,0.0,0.6,1.4,0.429,0.214,0.0,0.0,,0.0,0.6,0.6,1.2,0.0,0.0,0.2,1.0,1.2,,2015,2014-15
320.0,Shabazz Napier,23.0,MIA,PG,51.0,10.0,19.8,1.7,4.5,0.382,0.8,2.3,0.364,0.9,2.2,0.4,0.476,0.9,1.1,0.786,0.3,1.9,2.2,2.5,0.8,0.1,1.6,1.5,5.1,,2015,2014-15
321.0,Ronnie Price,31.0,LAL,PG,43.0,20.0,22.8,1.8,5.2,0.345,0.7,2.5,0.284,1.1,2.7,0.404,0.415,0.8,1.0,0.8,0.4,1.2,1.6,3.8,1.6,0.1,1.2,2.7,5.1,,2015,2014-15
322.0,Gigi Datome,27.0,2TM,SF,21.0,1.0,10.0,2.0,4.2,0.483,0.9,1.9,0.45,1.2,2.3,0.51,0.584,0.0,0.0,1.0,0.1,1.2,1.4,0.4,0.1,0.3,0.4,0.7,5.0,,2015,2014-15
322.0,Gigi Datome,27.0,DET,SF,3.0,0.0,5.7,1.7,4.0,0.417,0.3,1.3,0.25,1.3,2.7,0.5,0.458,0.0,0.0,,0.3,1.0,1.3,0.7,0.3,0.0,0.7,0.3,3.7,,2015,2014-15
322.0,Gigi Datome,27.0,BOS,SF,18.0,1.0,10.7,2.1,4.3,0.494,0.9,2.0,0.472,1.2,2.3,0.512,0.604,0.1,0.1,1.0,0.1,1.3,1.4,0.4,0.1,0.4,0.4,0.8,5.2,,2015,2014-15
323.0,Lavoy Allen,25.0,IND,C,63.0,0.0,17.0,2.2,4.7,0.472,0.0,0.0,,2.2,4.7,0.472,0.472,0.5,0.7,0.702,2.0,3.2,5.1,1.2,0.2,0.7,0.6,1.6,5.0,,2015,2014-15
324.0,James Ennis III,24.0,MIA,SF,62.0,3.0,17.0,1.6,4.0,0.409,0.5,1.5,0.326,1.1,2.5,0.461,0.472,1.3,1.5,0.84,0.8,2.0,2.8,0.8,0.4,0.3,0.6,1.4,5.0,,2015,2014-15
325.0,Joe Ingles,27.0,UTA,SF,79.0,32.0,21.2,1.9,4.5,0.415,0.9,2.6,0.356,0.9,1.9,0.493,0.517,0.4,0.5,0.75,0.3,1.9,2.2,2.3,0.9,0.1,1.2,1.6,5.0,,2015,2014-15
326.0,Lou Amundson,32.0,2TM,PF,53.0,35.0,17.7,2.1,4.8,0.427,0.0,0.0,0.0,2.1,4.8,0.429,0.427,0.8,1.6,0.471,1.8,3.3,5.1,1.3,0.4,1.0,1.2,2.4,4.9,,2015,2014-15
326.0,Lou Amundson,32.0,CLE,PF,12.0,0.0,6.6,0.3,1.0,0.333,0.0,0.0,,0.3,1.0,0.333,0.333,0.3,0.4,0.6,0.4,1.3,1.7,0.4,0.1,0.0,0.4,0.9,0.9,,2015,2014-15
326.0,Lou Amundson,32.0,NYK,PF,41.0,35.0,20.9,2.6,5.9,0.432,0.0,0.0,0.0,2.6,5.9,0.434,0.432,0.9,2.0,0.463,2.2,3.9,6.0,1.6,0.5,1.3,1.4,2.8,6.0,,2015,2014-15
327.0,Mike Muscala,23.0,ATL,PF,40.0,8.0,12.6,2.1,3.8,0.55,0.2,0.6,0.409,1.9,3.2,0.574,0.579,0.6,0.6,0.88,1.3,1.7,3.0,0.6,0.4,0.5,0.5,1.3,4.9,,2015,2014-15
328.0,Andrew Nicholson,25.0,ORL,PF,40.0,3.0,12.3,2.1,4.8,0.437,0.3,1.0,0.317,1.8,3.7,0.47,0.471,0.4,0.6,0.6,0.4,1.6,2.1,0.6,0.2,0.3,0.6,1.3,4.9,,2015,2014-15
329.0,Bismack Biyombo,22.0,CHO,C,64.0,21.0,19.4,1.6,2.9,0.543,0.0,0.0,,1.6,2.9,0.543,0.543,1.6,2.7,0.583,2.5,3.9,6.4,0.3,0.3,1.5,0.8,2.2,4.8,,2015,2014-15
330.0,Matthew Dellavedova,24.0,CLE,SG,67.0,13.0,20.6,1.7,4.6,0.362,1.0,2.5,0.407,0.6,2.1,0.307,0.472,0.4,0.6,0.763,0.6,1.3,1.9,3.0,0.4,0.0,0.9,2.3,4.8,,2015,2014-15
331.0,Dante Exum,19.0,UTA,PG,82.0,41.0,22.2,1.8,5.1,0.349,1.0,3.2,0.314,0.8,1.9,0.408,0.448,0.2,0.4,0.625,0.3,1.3,1.6,2.4,0.5,0.2,1.4,1.8,4.8,,2015,2014-15
332.0,Shawn Marion,36.0,CLE,SF,57.0,24.0,19.3,2.1,4.7,0.446,0.2,0.8,0.261,1.9,3.9,0.484,0.468,0.5,0.6,0.765,1.1,2.4,3.5,0.9,0.5,0.5,0.6,1.0,4.8,,2015,2014-15
333.0,Damjan Rudež,28.0,IND,SF,68.0,2.0,15.4,1.8,3.9,0.452,1.0,2.5,0.406,0.7,1.4,0.538,0.584,0.2,0.3,0.696,0.1,0.6,0.7,0.8,0.2,0.1,0.7,1.2,4.8,,2015,2014-15
334.0,John Lucas III,32.0,DET,PG,21.0,0.0,13.0,2.0,5.0,0.404,0.4,1.4,0.31,1.6,3.6,0.44,0.447,0.2,0.2,1.0,0.2,0.6,0.8,2.9,0.4,0.0,0.8,0.9,4.7,,2015,2014-15
335.0,JaVale McGee,27.0,2TM,C,23.0,0.0,11.1,1.8,3.4,0.532,0.0,0.0,,1.8,3.4,0.532,0.532,1.0,1.4,0.667,0.8,1.9,2.7,0.1,0.1,0.9,0.8,1.3,4.6,,2015,2014-15
335.0,JaVale McGee,27.0,DEN,C,17.0,0.0,11.5,2.0,3.6,0.557,0.0,0.0,,2.0,3.6,0.557,0.557,1.2,1.7,0.69,0.8,2.0,2.8,0.1,0.1,1.1,0.8,1.6,5.2,,2015,2014-15
335.0,JaVale McGee,27.0,PHI,C,6.0,0.0,10.2,1.3,3.0,0.444,0.0,0.0,,1.3,3.0,0.444,0.444,0.3,0.7,0.5,0.7,1.5,2.2,0.3,0.0,0.2,0.8,0.3,3.0,,2015,2014-15
336.0,Markel Brown,23.0,BRK,SG,47.0,29.0,16.6,1.6,4.5,0.362,0.4,1.4,0.266,1.3,3.1,0.404,0.402,1.0,1.2,0.825,0.3,1.9,2.3,0.8,0.7,0.3,0.6,1.2,4.6,,2015,2014-15
337.0,Jordan Farmar,28.0,LAC,PG,36.0,0.0,14.7,1.7,4.4,0.386,1.0,2.7,0.361,0.7,1.7,0.426,0.497,0.3,0.3,0.909,0.2,0.9,1.2,1.9,0.6,0.1,0.9,1.4,4.6,,2015,2014-15
338.0,Sergey Karasev,21.0,BRK,SG,33.0,16.0,16.8,1.6,4.1,0.403,0.5,1.6,0.296,1.2,2.4,0.475,0.463,0.9,1.2,0.763,0.7,1.3,2.0,1.4,0.7,0.0,0.7,1.4,4.6,,2015,2014-15
339.0,Jannero Pargo,35.0,CHO,PG,9.0,0.0,8.1,1.7,3.9,0.429,1.0,2.4,0.409,0.7,1.4,0.462,0.557,0.2,0.2,1.0,0.0,0.3,0.3,0.9,0.0,0.0,0.3,0.9,4.6,,2015,2014-15
340.0,Robert Sacre,25.0,LAL,C,67.0,18.0,16.9,1.9,4.6,0.412,0.0,0.0,0.0,1.9,4.6,0.413,0.412,0.8,1.2,0.671,1.3,2.1,3.5,0.8,0.4,0.6,0.5,1.8,4.6,,2015,2014-15
341.0,Dorell Wright,29.0,POR,SF,48.0,2.0,12.3,1.5,4.0,0.379,0.9,2.3,0.38,0.6,1.7,0.378,0.487,0.7,0.9,0.81,0.3,2.0,2.3,0.9,0.4,0.2,0.4,1.1,4.6,,2015,2014-15
342.0,Alonzo Gee,27.0,2TM,SF,54.0,2.0,12.3,1.6,3.4,0.468,0.2,0.6,0.371,1.4,2.8,0.49,0.503,1.0,1.4,0.701,0.7,1.1,1.7,0.5,0.6,0.1,0.6,1.1,4.5,,2015,2014-15
342.0,Alonzo Gee,27.0,DEN,SF,39.0,0.0,13.1,1.7,3.5,0.482,0.3,0.6,0.417,1.4,2.9,0.496,0.518,1.2,1.7,0.738,0.7,1.1,1.8,0.5,0.7,0.2,0.6,1.1,4.9,,2015,2014-15
342.0,Alonzo Gee,27.0,POR,SF,15.0,2.0,10.1,1.4,3.3,0.429,0.2,0.7,0.273,1.2,2.5,0.474,0.459,0.4,0.8,0.5,0.5,1.1,1.6,0.4,0.5,0.1,0.5,1.1,3.4,,2015,2014-15
343.0,Jon Leuer,25.0,MEM,PF,63.0,6.0,13.1,1.9,4.3,0.443,0.1,0.5,0.241,1.8,3.9,0.467,0.456,0.6,0.9,0.627,0.8,2.5,3.3,0.7,0.3,0.1,0.6,1.4,4.5,,2015,2014-15
344.0,Arinze Onuaku,27.0,MIN,C,6.0,1.0,11.3,2.0,2.3,0.857,0.0,0.0,,2.0,2.3,0.857,0.857,0.5,1.3,0.375,1.2,2.3,3.5,0.7,0.2,0.5,0.3,1.0,4.5,,2015,2014-15
345.0,Andre Miller,38.0,2TM,PG,81.0,0.0,15.5,1.8,3.6,0.5,0.1,0.4,0.206,1.7,3.2,0.539,0.512,0.7,1.0,0.753,0.5,1.4,1.9,3.5,0.4,0.1,1.3,1.3,4.4,,2015,2014-15
345.0,Andre Miller,38.0,WAS,PG,51.0,0.0,12.4,1.5,2.8,0.542,0.0,0.2,0.125,1.5,2.6,0.567,0.546,0.5,0.8,0.718,0.4,1.1,1.5,2.8,0.3,0.0,0.9,1.1,3.6,,2015,2014-15
345.0,Andre Miller,38.0,SAC,PG,30.0,0.0,20.7,2.3,4.9,0.459,0.2,0.9,0.231,2.1,4.1,0.508,0.48,1.0,1.3,0.789,0.5,2.0,2.5,4.7,0.6,0.1,1.9,1.6,5.7,,2015,2014-15
346.0,Festus Ezeli,25.0,GSW,C,46.0,7.0,11.0,1.7,3.0,0.547,0.0,0.0,,1.7,3.0,0.547,0.547,1.1,1.7,0.628,1.3,2.1,3.4,0.2,0.2,0.9,0.7,1.7,4.4,,2015,2014-15
347.0,Robbie Hummel,25.0,MIN,SF,45.0,4.0,16.5,1.8,3.8,0.459,0.4,1.1,0.314,1.4,2.7,0.521,0.506,0.5,0.6,0.828,0.7,2.3,3.0,0.6,0.4,0.2,0.4,1.9,4.4,,2015,2014-15
348.0,James Jones,34.0,CLE,SF,57.0,2.0,11.7,1.3,3.5,0.368,1.1,3.1,0.36,0.2,0.5,0.423,0.525,0.7,0.8,0.848,0.2,0.9,1.1,0.4,0.2,0.1,0.2,1.2,4.4,,2015,2014-15
349.0,Nik Stauskas,21.0,SAC,SG,73.0,1.0,15.4,1.5,4.1,0.365,0.7,2.0,0.322,0.8,2.0,0.408,0.446,0.8,0.9,0.859,0.2,1.1,1.2,0.9,0.3,0.2,0.5,1.3,4.4,,2015,2014-15
350.0,Jeff Taylor,25.0,CHO,SF,29.0,13.0,14.8,1.6,3.9,0.395,0.4,1.2,0.306,1.2,2.7,0.436,0.443,0.9,1.4,0.634,0.5,1.3,1.8,0.8,0.4,0.0,0.7,1.2,4.4,,2015,2014-15
351.0,Steve Blake,34.0,POR,PG,81.0,0.0,18.9,1.5,4.0,0.373,1.0,2.7,0.352,0.6,1.3,0.417,0.491,0.4,0.5,0.707,0.2,1.5,1.7,3.6,0.5,0.1,1.3,1.5,4.3,,2015,2014-15
352.0,Spencer Dinwiddie,21.0,DET,PG,34.0,1.0,13.4,1.5,5.0,0.302,0.4,1.9,0.185,1.1,3.1,0.375,0.337,0.9,1.0,0.912,0.1,1.3,1.4,3.1,0.6,0.2,1.0,1.6,4.3,,2015,2014-15
353.0,Toney Douglas,28.0,NOP,SG,12.0,0.0,14.8,1.6,4.3,0.373,0.4,1.5,0.278,1.2,2.8,0.424,0.422,0.7,1.1,0.615,0.2,1.7,1.8,2.0,0.9,0.3,0.8,1.7,4.3,,2015,2014-15
354.0,Justin Holiday,25.0,GSW,SG,59.0,4.0,11.1,1.5,4.0,0.387,0.6,1.8,0.321,0.9,2.1,0.444,0.462,0.6,0.8,0.822,0.2,1.0,1.2,0.8,0.7,0.2,0.5,0.9,4.3,,2015,2014-15
355.0,Perry Jones,23.0,OKC,SF,43.0,13.0,14.7,1.7,4.3,0.397,0.3,1.4,0.233,1.4,2.9,0.476,0.435,0.6,0.9,0.649,0.1,1.6,1.8,0.4,0.4,0.2,0.6,1.2,4.3,,2015,2014-15
356.0,Ian Mahinmi,28.0,IND,C,61.0,6.0,18.8,1.9,3.5,0.552,0.0,0.0,,1.9,3.5,0.552,0.552,0.5,1.7,0.304,1.7,4.1,5.8,0.5,0.5,0.8,1.0,2.8,4.3,,2015,2014-15
357.0,Lorenzo Brown,24.0,MIN,PG,29.0,7.0,18.9,1.8,4.2,0.426,0.2,1.0,0.214,1.6,3.2,0.489,0.451,0.4,0.7,0.632,0.5,1.9,2.4,3.1,1.0,0.2,1.0,1.7,4.2,,2015,2014-15
358.0,Nick Calathes,25.0,MEM,SG,58.0,0.0,14.4,1.8,4.3,0.421,0.2,0.7,0.256,1.6,3.5,0.456,0.443,0.4,0.8,0.533,0.3,1.5,1.8,2.5,1.1,0.1,1.1,1.7,4.2,,2015,2014-15
359.0,Udonis Haslem,34.0,MIA,PF,62.0,25.0,16.0,1.7,3.9,0.448,0.0,0.2,0.2,1.7,3.7,0.459,0.452,0.7,1.0,0.703,1.1,3.0,4.2,0.7,0.3,0.2,0.7,1.8,4.2,,2015,2014-15
360.0,Kendall Marshall,23.0,MIL,PG,28.0,3.0,14.9,1.6,3.6,0.455,0.6,1.6,0.391,1.0,2.0,0.509,0.545,0.3,0.3,0.889,0.1,0.9,1.0,3.1,0.8,0.0,1.3,0.9,4.2,,2015,2014-15
361.0,Josh McRoberts,27.0,MIA,PF,17.0,4.0,17.4,1.6,3.1,0.528,0.5,1.1,0.421,1.2,2.0,0.588,0.604,0.5,0.8,0.615,0.4,2.2,2.6,1.9,0.7,0.2,1.3,2.4,4.2,,2015,2014-15
362.0,Kostas Papanikolaou,24.0,HOU,SF,43.0,1.0,18.5,1.6,4.6,0.35,0.7,2.5,0.292,0.9,2.1,0.418,0.429,0.3,0.4,0.722,0.9,1.8,2.7,2.0,0.7,0.3,1.3,1.7,4.2,,2015,2014-15
363.0,Pablo Prigioni,37.0,2TM,PG,67.0,3.0,17.9,1.4,3.4,0.399,0.9,2.5,0.343,0.5,0.9,0.548,0.524,0.5,0.6,0.854,0.4,1.3,1.8,2.6,1.2,0.0,0.9,1.3,4.1,,2015,2014-15
363.0,Pablo Prigioni,37.0,NYK,PG,43.0,3.0,18.5,1.6,3.7,0.422,1.0,2.7,0.374,0.6,1.1,0.543,0.556,0.5,0.6,0.846,0.4,1.4,1.9,2.4,1.2,0.0,1.1,1.2,4.7,,2015,2014-15
363.0,Pablo Prigioni,37.0,HOU,PG,24.0,0.0,16.8,1.0,2.8,0.343,0.6,2.1,0.275,0.4,0.7,0.563,0.448,0.5,0.6,0.867,0.5,1.1,1.6,2.8,1.1,0.0,0.6,1.5,3.0,,2015,2014-15
364.0,Luke Babbitt,25.0,NOP,SF,63.0,19.0,13.2,1.5,3.0,0.479,0.9,1.8,0.513,0.5,1.2,0.429,0.633,0.2,0.3,0.684,0.2,1.6,1.8,0.4,0.3,0.2,0.4,1.0,4.1,,2015,2014-15
365.0,Nick Collison,34.0,OKC,PF,66.0,2.0,16.7,1.6,3.8,0.419,0.2,0.9,0.267,1.4,2.9,0.466,0.451,0.7,1.0,0.692,1.4,2.4,3.8,1.4,0.5,0.4,0.7,2.4,4.1,,2015,2014-15
366.0,James Michael McAdoo,22.0,GSW,PF,15.0,0.0,9.1,1.6,2.9,0.545,0.0,0.0,,1.6,2.9,0.545,0.545,0.9,1.7,0.56,1.0,1.5,2.5,0.1,0.3,0.6,0.4,1.4,4.1,,2015,2014-15
367.0,Miles Plumlee,26.0,2TM,C,73.0,28.0,16.4,1.9,3.5,0.535,0.0,0.0,,1.9,3.5,0.535,0.535,0.3,0.6,0.478,1.5,2.8,4.4,0.5,0.6,0.9,0.7,1.5,4.0,,2015,2014-15
367.0,Miles Plumlee,26.0,PHO,C,54.0,28.0,18.6,2.0,3.6,0.549,0.0,0.0,,2.0,3.6,0.549,0.549,0.4,0.7,0.5,1.8,3.3,5.1,0.5,0.6,1.0,0.8,1.8,4.3,,2015,2014-15
367.0,Miles Plumlee,26.0,MIL,C,19.0,0.0,9.9,1.5,3.1,0.492,0.0,0.0,,1.5,3.1,0.492,0.492,0.2,0.4,0.375,0.9,1.5,2.4,0.4,0.3,0.6,0.3,0.6,3.2,,2015,2014-15
368.0,Shannon Brown,29.0,MIA,SG,5.0,2.0,17.8,1.4,3.8,0.368,0.6,1.4,0.429,0.8,2.4,0.333,0.447,0.6,0.8,0.75,0.0,0.2,0.2,0.6,0.8,0.0,0.8,1.6,4.0,,2015,2014-15
369.0,Samuel Dalembert,33.0,NYK,C,32.0,21.0,17.0,1.8,4.1,0.438,0.0,0.0,,1.8,4.1,0.438,0.438,0.4,0.6,0.7,1.7,3.6,5.3,0.9,0.4,1.3,1.2,2.2,4.0,,2015,2014-15
370.0,Glen Davis,29.0,LAC,PF,74.0,0.0,12.2,1.6,3.4,0.459,0.0,0.1,0.0,1.6,3.4,0.466,0.459,0.8,1.3,0.632,0.6,1.7,2.3,0.5,0.6,0.3,0.5,1.8,4.0,,2015,2014-15
371.0,Luke Ridnour,33.0,ORL,PG,47.0,0.0,14.5,1.6,3.7,0.426,0.4,1.3,0.317,1.2,2.4,0.487,0.483,0.4,0.4,0.857,0.2,1.3,1.4,2.0,0.4,0.1,0.8,1.4,4.0,,2015,2014-15
372.0,Joffrey Lauvergne,23.0,DEN,C,24.0,1.0,11.2,1.5,3.7,0.404,0.1,0.7,0.188,1.4,3.0,0.452,0.421,0.8,1.2,0.643,1.1,2.1,3.2,0.5,0.3,0.4,0.9,1.8,3.9,,2015,2014-15
373.0,Garrett Temple,28.0,WAS,SG,52.0,18.0,14.1,1.3,3.3,0.4,0.6,1.7,0.375,0.7,1.6,0.427,0.497,0.7,0.9,0.729,0.5,1.3,1.7,1.1,0.8,0.2,0.7,1.5,3.9,,2015,2014-15
374.0,Travis Wear,24.0,NYK,SF,51.0,1.0,13.2,1.6,4.1,0.402,0.2,0.6,0.367,1.4,3.5,0.408,0.428,0.4,0.5,0.769,0.6,1.5,2.1,0.8,0.3,0.2,0.7,1.1,3.9,,2015,2014-15
375.0,Austin Daye,26.0,2TM,SF,34.0,4.0,10.1,1.5,4.1,0.355,0.7,2.1,0.338,0.8,2.1,0.371,0.44,0.1,0.2,0.833,0.3,1.9,2.2,0.5,0.4,0.1,0.7,1.1,3.8,,2015,2014-15
375.0,Austin Daye,26.0,SAS,SF,26.0,4.0,10.3,1.5,4.4,0.348,0.7,2.2,0.333,0.8,2.2,0.362,0.43,0.2,0.2,1.0,0.2,2.1,2.3,0.3,0.3,0.1,0.7,1.2,4.0,,2015,2014-15
375.0,Austin Daye,26.0,ATL,SF,8.0,0.0,9.5,1.3,3.3,0.385,0.6,1.8,0.357,0.6,1.5,0.417,0.481,0.1,0.3,0.5,0.5,1.3,1.8,1.0,0.5,0.3,0.6,1.1,3.3,,2015,2014-15
376.0,Larry Drew II,24.0,PHI,PG,12.0,1.0,18.3,1.7,4.8,0.345,0.3,2.2,0.154,1.3,2.7,0.5,0.379,0.2,0.3,0.667,0.1,1.2,1.3,3.8,0.5,0.0,2.1,1.1,3.8,,2015,2014-15
377.0,Troy Daniels,23.0,3TM,SG,47.0,0.0,8.4,1.3,3.5,0.37,0.9,2.5,0.364,0.4,1.0,0.383,0.5,0.2,0.3,0.846,0.2,0.5,0.7,0.5,0.1,0.0,0.4,0.9,3.7,,2015,2014-15
377.0,Troy Daniels,23.0,HOU,SG,17.0,0.0,6.4,0.9,2.8,0.319,0.8,2.5,0.302,0.1,0.2,0.5,0.457,0.2,0.2,0.75,0.0,0.4,0.4,0.2,0.0,0.0,0.3,0.8,2.7,,2015,2014-15
377.0,Troy Daniels,23.0,MIN,SG,19.0,0.0,8.1,1.0,3.1,0.322,0.7,2.1,0.333,0.3,1.1,0.3,0.432,0.1,0.1,1.0,0.3,0.7,1.0,0.7,0.2,0.0,0.4,0.7,2.8,,2015,2014-15
377.0,Troy Daniels,23.0,CHO,SG,11.0,0.0,12.3,2.5,5.4,0.458,1.5,3.3,0.472,0.9,2.1,0.435,0.602,0.5,0.6,0.857,0.2,0.5,0.7,0.5,0.3,0.1,0.6,1.1,7.0,,2015,2014-15
378.0,Tyler Ennis,20.0,2TM,PG,33.0,1.0,12.5,1.6,4.4,0.361,0.4,1.3,0.279,1.2,3.1,0.396,0.403,0.2,0.2,0.714,0.2,0.8,1.1,2.2,0.5,0.2,1.3,1.1,3.7,,2015,2014-15
378.0,Tyler Ennis,20.0,PHO,PG,8.0,0.0,7.3,1.1,2.6,0.429,0.3,0.8,0.333,0.9,1.9,0.467,0.476,0.3,0.3,1.0,0.1,0.8,0.9,1.8,0.0,0.3,1.0,0.4,2.8,,2015,2014-15
378.0,Tyler Ennis,20.0,MIL,PG,25.0,1.0,14.1,1.7,4.9,0.35,0.4,1.5,0.27,1.3,3.4,0.384,0.39,0.1,0.2,0.6,0.2,0.9,1.1,2.4,0.7,0.1,1.4,1.3,4.0,,2015,2014-15
379.0,Matt Bonner,34.0,SAS,PF,72.0,19.0,13.0,1.3,3.2,0.409,0.6,1.8,0.365,0.7,1.4,0.462,0.509,0.4,0.5,0.811,0.4,1.2,1.6,0.7,0.1,0.2,0.2,0.9,3.7,,2015,2014-15
380.0,Dewayne Dedmon,25.0,ORL,C,59.0,15.0,14.3,1.5,2.7,0.562,0.0,0.0,0.0,1.5,2.7,0.565,0.562,0.6,1.1,0.531,2.0,3.0,5.0,0.2,0.3,0.8,0.9,2.4,3.7,,2015,2014-15
381.0,Reggie Evans,34.0,SAC,PF,47.0,7.0,16.3,1.2,2.9,0.423,0.0,0.0,0.0,1.2,2.9,0.43,0.423,1.3,2.1,0.619,2.1,4.3,6.4,0.7,0.5,0.1,1.0,1.9,3.7,,2015,2014-15
382.0,Raymond Felton,30.0,DAL,PG,29.0,3.0,9.7,1.5,3.7,0.406,0.3,1.2,0.294,1.1,2.5,0.458,0.453,0.4,0.5,0.8,0.1,0.8,0.9,1.4,0.4,0.1,0.6,0.6,3.7,,2015,2014-15
383.0,Cory Jefferson,24.0,BRK,PF,50.0,1.0,10.6,1.5,3.3,0.449,0.0,0.3,0.133,1.5,3.0,0.48,0.455,0.6,1.1,0.574,0.9,2.0,2.9,0.3,0.2,0.4,0.4,1.2,3.7,,2015,2014-15
384.0,Hedo Türkoğlu,35.0,LAC,SF,62.0,2.0,11.4,1.3,3.0,0.441,1.0,2.2,0.432,0.4,0.8,0.469,0.601,0.1,0.2,0.545,0.1,1.5,1.6,0.6,0.3,0.1,0.5,1.1,3.7,,2015,2014-15
385.0,Kendrick Perkins,30.0,2TM,C,68.0,3.0,16.9,1.5,3.3,0.449,0.0,0.0,0.0,1.5,3.3,0.451,0.449,0.6,1.2,0.506,1.3,3.4,4.7,0.8,0.2,0.6,1.4,2.4,3.6,,2015,2014-15
385.0,Kendrick Perkins,30.0,OKC,C,51.0,3.0,19.2,1.6,3.6,0.441,0.0,0.0,0.0,1.6,3.6,0.443,0.441,0.7,1.5,0.507,1.6,3.9,5.5,0.8,0.3,0.7,1.5,2.6,4.0,,2015,2014-15
385.0,Kendrick Perkins,30.0,CLE,C,17.0,0.0,9.8,1.2,2.4,0.488,0.0,0.0,,1.2,2.4,0.488,0.488,0.2,0.5,0.5,0.6,1.8,2.4,0.5,0.1,0.2,1.2,1.6,2.6,,2015,2014-15
386.0,Jimmer Fredette,25.0,NOP,PG,50.0,0.0,10.2,1.3,3.3,0.38,0.2,1.0,0.188,1.1,2.4,0.458,0.407,0.9,0.9,0.956,0.2,0.6,0.8,1.2,0.3,0.0,0.7,0.9,3.6,,2015,2014-15
387.0,Tyler Hansbrough,29.0,TOR,PF,74.0,8.0,14.3,1.2,2.2,0.521,0.0,0.1,0.143,1.1,2.1,0.538,0.524,1.3,1.9,0.698,1.4,2.1,3.6,0.3,0.4,0.2,0.3,1.9,3.6,,2015,2014-15
388.0,Lester Hudson,30.0,LAC,SG,5.0,0.0,11.2,1.2,2.8,0.429,0.6,1.2,0.5,0.6,1.6,0.375,0.536,0.6,0.8,0.75,0.2,1.4,1.6,1.0,1.2,0.2,0.6,0.8,3.6,,2015,2014-15
389.0,Jeff Adrien,28.0,MIN,PF,17.0,0.0,12.6,1.1,2.6,0.432,0.0,0.0,,1.1,2.6,0.432,0.432,1.3,2.2,0.579,1.4,3.2,4.5,0.9,0.2,0.5,0.5,1.8,3.5,,2015,2014-15
390.0,Joel Freeland,27.0,POR,C,48.0,8.0,12.9,1.5,3.1,0.49,0.0,0.0,,1.5,3.1,0.49,0.49,0.4,0.5,0.84,1.3,2.7,4.0,0.3,0.2,0.5,0.5,1.9,3.5,,2015,2014-15
391.0,Maurice Harkless,21.0,ORL,SF,45.0,4.0,15.0,1.4,3.5,0.399,0.2,1.2,0.179,1.2,2.3,0.52,0.43,0.5,0.9,0.537,0.8,1.5,2.4,0.6,0.7,0.2,0.6,1.5,3.5,,2015,2014-15
392.0,Phil Pressey,23.0,BOS,PG,50.0,0.0,12.0,1.3,3.5,0.368,0.3,1.3,0.246,1.0,2.2,0.44,0.414,0.7,1.0,0.673,0.3,1.3,1.6,2.3,0.6,0.1,0.8,1.1,3.5,,2015,2014-15
393.0,Erick Green,23.0,DEN,PG,43.0,1.0,9.5,1.4,3.8,0.377,0.3,1.1,0.298,1.1,2.7,0.409,0.42,0.2,0.3,0.833,0.2,0.6,0.7,0.9,0.3,0.0,0.3,0.6,3.4,,2015,2014-15
394.0,Gary Harris,20.0,DEN,SG,55.0,6.0,13.1,1.2,3.9,0.304,0.4,1.9,0.204,0.8,2.1,0.395,0.353,0.6,0.9,0.745,0.4,0.8,1.2,0.5,0.7,0.1,0.7,1.3,3.4,,2015,2014-15
395.0,Andre Roberson,23.0,OKC,SG,67.0,65.0,19.2,1.4,3.0,0.458,0.3,1.3,0.247,1.1,1.7,0.612,0.51,0.3,0.7,0.479,0.9,2.9,3.8,1.0,0.8,0.4,0.7,2.1,3.4,,2015,2014-15
396.0,James Young,19.0,BOS,SG,31.0,0.0,10.7,1.2,3.3,0.353,0.5,2.1,0.258,0.6,1.2,0.528,0.436,0.5,0.9,0.552,0.3,1.1,1.4,0.4,0.3,0.1,0.2,0.7,3.4,,2015,2014-15
397.0,Allen Crabbe,22.0,POR,SG,51.0,9.0,13.4,1.2,3.0,0.412,0.6,1.7,0.353,0.6,1.3,0.485,0.51,0.2,0.3,0.75,0.1,1.3,1.4,0.8,0.4,0.3,0.3,1.5,3.3,,2015,2014-15
398.0,Jason Maxiell,31.0,CHO,PF,61.0,0.0,14.4,1.3,3.1,0.422,0.0,0.0,,1.3,3.1,0.422,0.422,0.7,1.2,0.577,1.4,1.9,3.3,0.3,0.3,0.7,0.5,1.6,3.3,,2015,2014-15
399.0,Noah Vonleh,19.0,CHO,PF,25.0,0.0,10.4,1.2,3.0,0.395,0.2,0.5,0.385,1.0,2.5,0.397,0.428,0.7,1.0,0.692,1.1,2.3,3.4,0.2,0.2,0.4,0.4,0.8,3.3,,2015,2014-15
400.0,Martell Webster,28.0,WAS,SF,32.0,0.0,11.0,0.8,2.8,0.264,0.3,1.3,0.233,0.4,1.5,0.292,0.319,1.5,2.0,0.75,0.3,1.1,1.4,0.5,0.2,0.0,0.7,0.8,3.3,,2015,2014-15
401.0,Francisco García,33.0,HOU,SF,14.0,0.0,14.3,1.2,4.5,0.27,0.7,3.2,0.222,0.5,1.3,0.389,0.349,0.1,0.3,0.25,0.2,1.0,1.2,1.1,0.6,0.4,0.7,1.4,3.2,,2015,2014-15
402.0,Dwight Powell,23.0,2TM,PF,29.0,0.0,8.1,1.1,2.3,0.463,0.1,0.4,0.273,1.0,1.9,0.5,0.485,0.9,1.1,0.758,0.6,1.1,1.7,0.3,0.3,0.2,0.4,1.4,3.1,,2015,2014-15
402.0,Dwight Powell,23.0,BOS,PF,5.0,0.0,1.8,0.8,1.0,0.8,0.0,0.0,,0.8,1.0,0.8,0.8,0.2,0.4,0.5,0.0,0.2,0.2,0.0,0.4,0.0,0.4,0.2,1.8,,2015,2014-15
402.0,Dwight Powell,23.0,DAL,PF,24.0,0.0,9.5,1.1,2.6,0.435,0.1,0.5,0.273,1.0,2.1,0.471,0.46,1.0,1.3,0.774,0.8,1.3,2.0,0.4,0.3,0.3,0.4,1.6,3.4,,2015,2014-15
403.0,Jordan Adams,20.0,MEM,SG,30.0,0.0,8.3,1.2,2.9,0.407,0.3,0.8,0.4,0.8,2.0,0.41,0.465,0.5,0.8,0.609,0.3,0.6,0.9,0.5,0.5,0.2,0.5,0.8,3.1,,2015,2014-15
404.0,Will Bynum,32.0,WAS,SG,7.0,0.0,9.6,1.4,4.4,0.323,0.0,1.3,0.0,1.4,3.1,0.455,0.323,0.3,0.6,0.5,0.3,0.6,0.9,2.6,0.1,0.1,1.1,1.3,3.1,,2015,2014-15
405.0,Jerome Jordan,28.0,BRK,C,44.0,0.0,8.7,1.1,2.1,0.532,0.0,0.0,,1.1,2.1,0.532,0.532,0.9,1.0,0.864,1.2,1.2,2.4,0.3,0.2,0.3,0.5,1.3,3.1,,2015,2014-15
406.0,Ryan Hollins,30.0,SAC,C,46.0,9.0,9.6,1.2,1.8,0.646,0.0,0.0,,1.2,1.8,0.646,0.646,0.7,1.2,0.574,0.8,1.5,2.2,0.3,0.1,0.4,0.5,1.4,3.0,,2015,2014-15
407.0,Doug McDermott,23.0,CHI,SF,36.0,0.0,8.9,1.2,3.0,0.402,0.4,1.1,0.317,0.8,1.8,0.455,0.463,0.3,0.4,0.667,0.2,1.0,1.2,0.2,0.1,0.0,0.5,0.8,3.0,,2015,2014-15
408.0,Jarnell Stokes,21.0,MEM,PF,19.0,2.0,6.6,1.1,1.9,0.568,0.0,0.0,,1.1,1.9,0.568,0.568,0.8,1.5,0.536,0.8,0.9,1.8,0.2,0.3,0.3,0.4,1.3,3.0,,2015,2014-15
409.0,Quincy Miller,22.0,2TM,PF,10.0,0.0,11.9,0.9,3.8,0.237,0.3,1.8,0.167,0.6,2.0,0.3,0.276,0.8,1.1,0.727,0.4,1.6,2.0,0.8,0.7,0.5,0.5,0.9,2.9,,2015,2014-15
409.0,Quincy Miller,22.0,SAC,PF,6.0,0.0,10.2,0.7,3.0,0.222,0.2,1.2,0.143,0.5,1.8,0.273,0.25,1.3,1.8,0.727,0.3,1.7,2.0,0.5,1.0,0.5,0.5,0.7,2.8,,2015,2014-15
409.0,Quincy Miller,22.0,DET,PF,4.0,0.0,14.5,1.3,5.0,0.25,0.5,2.8,0.182,0.8,2.3,0.333,0.3,0.0,0.0,,0.5,1.5,2.0,1.3,0.3,0.5,0.5,1.3,3.0,,2015,2014-15
410.0,Johnny O'Bryant,21.0,MIL,PF,34.0,15.0,10.8,1.3,3.5,0.367,0.0,0.0,,1.3,3.5,0.367,0.367,0.4,0.8,0.444,0.8,1.1,1.9,0.5,0.1,0.1,0.7,1.3,2.9,,2015,2014-15
411.0,Shayne Whittington,23.0,IND,PF,20.0,0.0,5.4,1.0,2.1,0.452,0.1,0.3,0.167,0.9,1.8,0.5,0.464,0.9,1.2,0.783,0.5,1.0,1.5,0.3,0.3,0.1,0.3,0.9,2.9,,2015,2014-15
412.0,Elliot Williams,25.0,2TM,SG,13.0,0.0,9.2,1.1,2.8,0.378,0.6,1.4,0.444,0.5,1.5,0.316,0.486,0.1,0.3,0.25,0.0,0.6,0.6,0.9,0.3,0.0,0.3,0.9,2.8,,2015,2014-15
412.0,Elliot Williams,25.0,UTA,SG,5.0,0.0,8.4,1.2,2.6,0.462,1.0,1.4,0.714,0.2,1.2,0.167,0.654,0.2,0.4,0.5,0.0,0.6,0.6,0.8,0.4,0.0,0.8,0.2,3.6,,2015,2014-15
412.0,Elliot Williams,25.0,NOP,SG,8.0,0.0,9.6,1.0,3.0,0.333,0.4,1.4,0.273,0.6,1.6,0.385,0.396,0.0,0.3,0.0,0.0,0.6,0.6,1.0,0.3,0.0,0.0,1.4,2.4,,2015,2014-15
413.0,Bernard James,29.0,DAL,C,16.0,2.0,9.9,0.8,1.7,0.444,0.0,0.0,,0.8,1.7,0.444,0.444,1.3,1.4,0.87,1.1,1.3,2.4,0.3,0.1,0.9,0.4,1.1,2.8,,2015,2014-15
414.0,Jorge Gutiérrez,26.0,2TM,PG,20.0,1.0,8.8,1.1,2.1,0.537,0.0,0.2,0.0,1.1,1.9,0.579,0.537,0.5,0.7,0.692,0.3,1.0,1.3,1.1,0.3,0.0,0.6,1.3,2.7,,2015,2014-15
414.0,Jorge Gutiérrez,26.0,BRK,PG,10.0,0.0,4.4,0.7,1.4,0.5,0.0,0.1,0.0,0.7,1.3,0.538,0.5,0.2,0.3,0.667,0.0,0.7,0.7,0.7,0.1,0.0,0.3,0.9,1.6,,2015,2014-15
414.0,Jorge Gutiérrez,26.0,MIL,PG,10.0,1.0,13.1,1.5,2.7,0.556,0.0,0.2,0.0,1.5,2.5,0.6,0.556,0.7,1.0,0.7,0.5,1.3,1.8,1.5,0.5,0.0,0.9,1.6,3.7,,2015,2014-15
415.0,Jeff Ayres,27.0,SAS,PF,51.0,0.0,7.5,1.1,1.9,0.579,0.0,0.0,,1.1,1.9,0.579,0.579,0.5,0.7,0.75,0.7,1.6,2.3,0.3,0.2,0.2,0.5,1.2,2.7,,2015,2014-15
416.0,Elton Brand,35.0,ATL,C,36.0,4.0,13.5,1.2,2.6,0.442,0.0,0.0,0.0,1.2,2.6,0.447,0.442,0.3,0.6,0.522,0.8,2.0,2.8,0.6,0.5,0.7,0.5,1.5,2.7,,2015,2014-15
417.0,Clint Capela,20.0,HOU,C,12.0,0.0,7.5,1.2,2.4,0.483,0.0,0.0,,1.2,2.4,0.483,0.483,0.3,1.9,0.174,0.8,2.2,3.0,0.2,0.1,0.8,0.4,1.2,2.7,,2015,2014-15
418.0,Earl Clark,27.0,BRK,PF,10.0,0.0,9.3,1.1,3.0,0.367,0.4,1.4,0.286,0.7,1.6,0.438,0.433,0.1,0.4,0.25,0.1,2.2,2.3,0.3,0.3,0.4,0.6,1.2,2.7,,2015,2014-15
419.0,Joey Dorsey,31.0,HOU,PF,69.0,17.0,12.4,1.2,2.1,0.552,0.0,0.0,0.0,1.2,2.1,0.556,0.552,0.3,1.2,0.289,1.5,2.6,4.0,0.4,0.6,0.4,0.6,2.3,2.7,,2015,2014-15
420.0,Jordan Hamilton,24.0,LAC,SF,14.0,2.0,8.7,1.0,2.5,0.4,0.7,1.5,0.476,0.3,1.0,0.286,0.543,0.0,0.0,,0.1,1.0,1.1,0.5,0.1,0.0,0.3,1.0,2.7,,2015,2014-15
421.0,Joe Harris,23.0,CLE,SG,51.0,1.0,9.7,0.9,2.4,0.4,0.6,1.6,0.369,0.3,0.7,0.472,0.529,0.2,0.3,0.6,0.1,0.7,0.8,0.5,0.1,0.0,0.5,1.2,2.7,,2015,2014-15
422.0,E'Twaun Moore,25.0,CHI,SG,56.0,0.0,9.0,1.1,2.5,0.446,0.2,0.7,0.342,0.9,1.8,0.485,0.493,0.2,0.4,0.6,0.2,0.6,0.8,0.6,0.4,0.1,0.3,0.8,2.7,,2015,2014-15
423.0,David Stockton,23.0,SAC,PG,3.0,0.0,11.0,0.7,2.0,0.333,0.3,0.7,0.5,0.3,1.3,0.25,0.417,1.0,2.0,0.5,0.0,0.7,0.7,3.0,0.7,0.0,1.3,0.3,2.7,,2015,2014-15
424.0,JaMychal Green,24.0,2TM,PF,24.0,1.0,6.8,1.1,2.0,0.574,0.0,0.3,0.0,1.1,1.7,0.659,0.574,0.3,0.4,0.8,0.8,1.1,1.9,0.2,0.2,0.2,0.6,1.0,2.6,,2015,2014-15
424.0,JaMychal Green,24.0,SAS,PF,4.0,0.0,6.3,1.0,1.8,0.571,0.0,0.5,0.0,1.0,1.3,0.8,0.571,0.0,0.0,,0.8,0.8,1.5,0.0,0.0,0.5,0.5,1.5,2.0,,2015,2014-15
424.0,JaMychal Green,24.0,MEM,PF,20.0,1.0,7.0,1.2,2.0,0.575,0.0,0.2,0.0,1.2,1.8,0.639,0.575,0.4,0.5,0.8,0.8,1.2,2.0,0.2,0.3,0.2,0.6,1.0,2.7,,2015,2014-15
425.0,Nick Johnson,22.0,HOU,SG,28.0,0.0,9.4,0.9,2.7,0.347,0.2,0.8,0.238,0.8,1.9,0.389,0.38,0.6,0.9,0.68,0.5,0.9,1.4,0.4,0.3,0.1,0.7,1.2,2.6,,2015,2014-15
426.0,Malcolm Thomas,26.0,PHI,PF,17.0,0.0,11.4,1.1,2.4,0.45,0.0,0.4,0.0,1.1,1.9,0.545,0.45,0.5,0.8,0.692,0.9,2.4,3.3,0.4,0.2,0.1,0.8,1.0,2.6,,2015,2014-15
427.0,Jeff Withey,24.0,NOP,C,37.0,0.0,7.0,0.9,1.7,0.5,0.0,0.0,,0.9,1.7,0.5,0.5,0.9,1.4,0.68,0.6,1.1,1.7,0.3,0.1,0.5,0.3,0.7,2.6,,2015,2014-15
428.0,Russ Smith,23.0,2TM,PG,12.0,0.0,5.4,0.7,2.1,0.32,0.2,0.9,0.182,0.5,1.2,0.429,0.36,1.0,1.1,0.923,0.1,0.4,0.5,0.7,0.3,0.0,1.0,1.1,2.5,,2015,2014-15
428.0,Russ Smith,23.0,NOP,PG,6.0,0.0,4.8,0.3,1.7,0.2,0.2,1.0,0.167,0.2,0.7,0.25,0.25,0.0,0.0,,0.0,0.5,0.5,0.3,0.0,0.0,1.2,1.0,0.8,,2015,2014-15
428.0,Russ Smith,23.0,MEM,PG,6.0,0.0,6.0,1.0,2.5,0.4,0.2,0.8,0.2,0.8,1.7,0.5,0.433,2.0,2.2,0.923,0.2,0.3,0.5,1.0,0.5,0.0,0.8,1.2,4.2,,2015,2014-15
429.0,Victor Claver,26.0,POR,SF,10.0,0.0,7.6,0.9,2.0,0.45,0.6,1.1,0.545,0.3,0.9,0.333,0.6,0.0,0.0,,0.3,1.7,2.0,0.1,0.1,0.1,0.4,1.2,2.4,,2015,2014-15
430.0,Jeremy Evans,27.0,UTA,SF,38.0,0.0,7.0,0.8,1.5,0.552,0.1,0.1,0.4,0.8,1.4,0.566,0.569,0.6,0.8,0.828,0.7,1.2,1.9,0.3,0.3,0.3,0.1,0.8,2.4,,2015,2014-15
431.0,Furkan Aldemir,23.0,PHI,PF,41.0,9.0,13.2,1.0,1.9,0.513,0.0,0.1,0.0,1.0,1.8,0.548,0.513,0.3,0.7,0.481,1.9,2.4,4.3,0.7,0.4,0.4,0.4,2.3,2.3,,2015,2014-15
432.0,Devyn Marble,22.0,ORL,SG,16.0,7.0,13.0,0.9,2.8,0.318,0.3,1.4,0.182,0.6,1.4,0.455,0.364,0.3,1.0,0.313,0.3,1.6,1.9,1.1,0.6,0.1,0.6,0.9,2.3,,2015,2014-15
433.0,Kyle Anderson,21.0,SAS,SF,33.0,8.0,10.8,0.9,2.7,0.348,0.1,0.3,0.273,0.8,2.4,0.359,0.365,0.3,0.4,0.643,0.2,2.0,2.2,0.8,0.5,0.2,0.3,0.8,2.2,,2015,2014-15
434.0,Xavier Henry,23.0,LAL,SF,9.0,0.0,9.6,0.3,1.4,0.231,0.0,0.0,,0.3,1.4,0.231,0.231,1.6,2.7,0.583,0.2,0.2,0.4,0.3,0.3,0.0,0.3,0.7,2.2,,2015,2014-15
435.0,Darius Morris,24.0,BRK,PG,38.0,0.0,7.9,0.9,2.8,0.34,0.2,0.9,0.212,0.8,1.9,0.397,0.373,0.1,0.2,0.444,0.2,0.5,0.7,1.3,0.2,0.0,0.6,0.5,2.2,,2015,2014-15
436.0,Glen Rice Jr.,24.0,WAS,SG,5.0,0.0,8.6,0.6,3.0,0.2,0.2,1.4,0.143,0.4,1.6,0.25,0.233,0.8,1.2,0.667,0.4,0.4,0.8,0.4,0.0,0.0,0.4,2.2,2.2,,2015,2014-15
437.0,Glenn Robinson III,21.0,2TM,SG,35.0,1.0,7.5,0.7,1.9,0.388,0.1,0.5,0.263,0.6,1.4,0.438,0.425,0.5,0.7,0.667,0.4,0.7,1.1,0.3,0.2,0.0,0.3,0.4,2.1,,2015,2014-15
437.0,Glenn Robinson III,21.0,MIN,SG,25.0,0.0,4.3,0.3,1.0,0.333,0.0,0.2,0.167,0.3,0.7,0.389,0.354,0.5,0.6,0.75,0.2,0.4,0.6,0.1,0.1,0.0,0.1,0.2,1.2,,2015,2014-15
437.0,Glenn Robinson III,21.0,PHI,SF,10.0,1.0,15.3,1.8,4.3,0.419,0.4,1.3,0.308,1.4,3.0,0.467,0.465,0.4,0.8,0.5,1.1,1.4,2.5,0.8,0.3,0.1,0.8,1.0,4.4,,2015,2014-15
438.0,Mike Miller,34.0,CLE,SF,52.0,15.0,13.5,0.7,2.2,0.325,0.6,1.9,0.327,0.1,0.3,0.313,0.465,0.1,0.1,0.75,0.1,1.7,1.8,0.9,0.3,0.1,0.4,1.4,2.1,,2015,2014-15
439.0,Grant Jerrett,21.0,2TM,PF,8.0,0.0,6.4,0.9,3.3,0.269,0.1,1.9,0.067,0.8,1.4,0.545,0.288,0.1,0.1,1.0,0.3,0.9,1.1,0.4,0.3,0.3,0.4,1.4,2.0,,2015,2014-15
439.0,Grant Jerrett,21.0,OKC,PF,5.0,0.0,5.0,0.6,3.4,0.176,0.2,2.6,0.077,0.4,0.8,0.5,0.206,0.0,0.0,,0.2,0.6,0.8,0.2,0.0,0.4,0.4,1.4,1.4,,2015,2014-15
439.0,Grant Jerrett,21.0,UTA,PF,3.0,0.0,8.7,1.3,3.0,0.444,0.0,0.7,0.0,1.3,2.3,0.571,0.444,0.3,0.3,1.0,0.3,1.3,1.7,0.7,0.7,0.0,0.3,1.3,3.0,,2015,2014-15
440.0,Nate Wolters,23.0,2TM,PG,21.0,0.0,11.8,1.0,2.7,0.351,0.0,0.3,0.0,1.0,2.4,0.4,0.351,0.1,0.3,0.333,0.4,1.2,1.6,1.0,0.4,0.1,0.6,0.9,2.0,,2015,2014-15
440.0,Nate Wolters,23.0,MIL,PG,11.0,0.0,12.9,1.1,2.8,0.387,0.0,0.5,0.0,1.1,2.4,0.462,0.387,0.1,0.4,0.25,0.2,1.3,1.5,0.9,0.5,0.0,0.3,1.0,2.3,,2015,2014-15
440.0,Nate Wolters,23.0,NOP,PG,10.0,0.0,10.5,0.8,2.6,0.308,0.0,0.2,0.0,0.8,2.4,0.333,0.308,0.1,0.2,0.5,0.6,1.2,1.8,1.1,0.3,0.2,1.0,0.7,1.7,,2015,2014-15
441.0,Earl Barron,33.0,PHO,C,16.0,1.0,8.9,0.8,2.4,0.308,0.1,0.3,0.5,0.6,2.2,0.286,0.333,0.4,0.8,0.5,0.9,0.9,1.8,0.3,0.3,0.1,0.3,1.6,2.0,,2015,2014-15
442.0,Julius Randle,20.0,LAL,PF,1.0,0.0,14.0,1.0,3.0,0.333,0.0,0.0,,1.0,3.0,0.333,0.333,0.0,2.0,0.0,0.0,0.0,0.0,0.0,0.0,0.0,1.0,1.0,2.0,,2015,2014-15
443.0,John Salmons,35.0,NOP,SF,21.0,0.0,12.9,0.8,2.3,0.333,0.4,1.2,0.308,0.4,1.0,0.364,0.417,0.1,0.2,0.5,0.2,0.8,1.0,0.6,0.4,0.2,0.2,1.2,2.0,,2015,2014-15
444.0,Tyrus Thomas,28.0,MEM,PF,2.0,0.0,3.5,0.5,0.5,1.0,0.0,0.0,,0.5,0.5,1.0,1.0,1.0,1.0,1.0,0.0,0.0,0.0,0.5,0.0,0.0,0.0,0.0,2.0,,2015,2014-15
445.0,C.J. Wilcox,24.0,LAC,SG,21.0,0.0,4.8,0.8,1.8,0.421,0.3,0.9,0.368,0.4,0.9,0.474,0.513,0.1,0.1,1.0,0.0,0.3,0.3,0.4,0.1,0.0,0.5,0.3,2.0,,2015,2014-15
446.0,Reggie Bullock,23.0,2TM,SF,36.0,2.0,9.4,0.7,1.9,0.343,0.4,1.3,0.326,0.3,0.7,0.375,0.45,0.2,0.3,0.667,0.0,1.4,1.4,0.2,0.3,0.1,0.2,0.5,1.9,,2015,2014-15
446.0,Reggie Bullock,23.0,LAC,SF,25.0,2.0,10.5,0.9,2.2,0.426,0.6,1.6,0.385,0.3,0.6,0.533,0.565,0.2,0.2,0.8,0.0,1.6,1.6,0.2,0.4,0.1,0.2,0.7,2.6,,2015,2014-15
446.0,Reggie Bullock,23.0,PHO,SF,11.0,0.0,6.8,0.1,1.5,0.063,0.0,0.6,0.0,0.1,0.8,0.111,0.063,0.2,0.4,0.5,0.1,0.8,0.9,0.2,0.1,0.2,0.2,0.2,0.4,,2015,2014-15
447.0,DeJuan Blair,25.0,WAS,PF,29.0,0.0,6.2,0.9,2.0,0.456,0.0,0.0,,0.9,2.0,0.456,0.456,0.1,0.2,0.667,0.6,1.4,1.9,0.1,0.2,0.0,0.4,1.4,1.9,,2015,2014-15
448.0,Will Cherry,23.0,CLE,PG,8.0,0.0,8.6,0.6,2.4,0.263,0.3,1.1,0.222,0.4,1.3,0.3,0.316,0.4,0.8,0.5,0.1,0.5,0.6,1.0,0.8,0.1,0.5,1.3,1.9,,2015,2014-15
449.0,Ian Clark,23.0,2TM,SG,30.0,0.0,6.4,0.6,1.8,0.345,0.3,1.0,0.333,0.3,0.8,0.36,0.436,0.3,0.3,1.0,0.1,0.4,0.5,0.4,0.3,0.1,0.3,0.7,1.9,,2015,2014-15
449.0,Ian Clark,23.0,UTA,SG,23.0,0.0,7.0,0.7,1.9,0.341,0.4,1.1,0.36,0.3,0.8,0.316,0.443,0.2,0.2,1.0,0.2,0.4,0.6,0.4,0.3,0.1,0.3,0.5,1.9,,2015,2014-15
449.0,Ian Clark,23.0,DEN,SG,7.0,0.0,4.4,0.6,1.6,0.364,0.1,0.7,0.2,0.4,0.9,0.5,0.409,0.6,0.6,1.0,0.0,0.4,0.4,0.3,0.4,0.1,0.3,1.1,1.9,,2015,2014-15
450.0,Drew Gordon,24.0,PHI,PF,9.0,0.0,7.9,0.9,2.1,0.421,0.0,0.3,0.0,0.9,1.8,0.5,0.421,0.1,0.2,0.5,0.8,1.2,2.0,0.2,0.1,0.0,0.9,0.8,1.9,,2015,2014-15
451.0,Greg Smith,24.0,DAL,PF,42.0,2.0,8.6,0.7,1.2,0.612,0.0,0.0,,0.7,1.2,0.612,0.612,0.5,0.9,0.513,0.6,1.3,1.9,0.2,0.2,0.3,0.3,1.3,1.9,,2015,2014-15
452.0,Reggie Williams,28.0,SAS,SF,20.0,0.0,5.3,0.8,2.0,0.385,0.2,1.0,0.158,0.6,1.0,0.6,0.423,0.2,0.2,1.0,0.3,0.6,0.9,0.5,0.1,0.0,0.1,0.6,1.9,,2015,2014-15
453.0,Zoran Dragić,25.0,2TM,SG,16.0,1.0,4.7,0.7,1.9,0.367,0.2,0.9,0.214,0.5,1.0,0.5,0.417,0.2,0.3,0.6,0.3,0.2,0.5,0.3,0.1,0.0,0.3,0.4,1.8,,2015,2014-15
453.0,Zoran Dragić,25.0,PHO,SG,6.0,0.0,2.2,0.3,1.3,0.25,0.0,0.8,0.0,0.3,0.5,0.667,0.25,0.3,0.5,0.667,0.3,0.2,0.5,0.2,0.0,0.0,0.0,0.2,1.0,,2015,2014-15
453.0,Zoran Dragić,25.0,MIA,SG,10.0,1.0,6.2,0.9,2.2,0.409,0.3,0.9,0.333,0.6,1.3,0.462,0.477,0.1,0.2,0.5,0.3,0.2,0.5,0.4,0.2,0.0,0.5,0.5,2.2,,2015,2014-15
454.0,Steve Novak,31.0,2TM,PF,35.0,0.0,5.6,0.6,1.6,0.393,0.5,1.4,0.396,0.1,0.2,0.375,0.563,0.0,0.1,0.0,0.1,0.6,0.6,0.3,0.0,0.1,0.1,0.7,1.8,,2015,2014-15
454.0,Steve Novak,31.0,UTA,SF,22.0,0.0,5.0,0.7,1.6,0.457,0.7,1.5,0.485,0.0,0.1,0.0,0.686,0.0,0.1,0.0,0.0,0.7,0.7,0.3,0.0,0.0,0.1,0.6,2.2,,2015,2014-15
454.0,Steve Novak,31.0,OKC,PF,13.0,0.0,6.8,0.5,1.6,0.286,0.2,1.2,0.2,0.2,0.5,0.5,0.357,0.0,0.0,,0.1,0.4,0.5,0.4,0.0,0.1,0.2,0.8,1.2,,2015,2014-15
455.0,Joel Anthony,32.0,DET,C,49.0,0.0,8.3,0.7,1.3,0.581,0.0,0.0,,0.7,1.3,0.581,0.581,0.3,0.4,0.682,0.7,1.2,1.9,0.1,0.2,1.0,0.2,1.1,1.8,,2015,2014-15
456.0,Jared Cunningham,23.0,LAC,SG,19.0,0.0,4.7,0.6,1.7,0.364,0.2,0.7,0.308,0.4,1.1,0.4,0.424,0.4,0.7,0.538,0.1,0.4,0.5,0.5,0.2,0.0,0.4,0.6,1.8,,2015,2014-15
457.0,Landry Fields,26.0,TOR,SF,26.0,9.0,8.3,0.8,1.6,0.488,0.0,0.1,0.5,0.7,1.5,0.487,0.5,0.2,0.2,0.833,0.4,0.6,1.0,0.6,0.4,0.0,0.3,0.3,1.8,,2015,2014-15
458.0,Kenyon Martin,37.0,MIL,PF,11.0,0.0,9.5,0.8,2.0,0.409,0.0,0.0,,0.8,2.0,0.409,0.409,0.2,0.2,1.0,0.5,1.2,1.7,0.5,0.5,0.5,0.3,1.2,1.8,,2015,2014-15
459.0,Jack Cooley,23.0,UTA,C,16.0,0.0,5.4,0.6,1.4,0.409,0.0,0.0,,0.6,1.4,0.409,0.409,0.6,1.3,0.429,0.6,0.9,1.6,0.1,0.4,0.2,0.2,1.4,1.7,,2015,2014-15
460.0,Chuck Hayes,31.0,TOR,C,29.0,0.0,8.8,0.8,1.6,0.478,0.0,0.0,,0.8,1.6,0.478,0.478,0.2,0.4,0.545,0.6,1.1,1.8,0.7,0.3,0.1,0.3,1.3,1.7,,2015,2014-15
461.0,Chris Douglas-Roberts,28.0,LAC,SG,12.0,0.0,8.6,0.4,1.8,0.238,0.1,0.6,0.143,0.3,1.2,0.286,0.262,0.7,0.7,1.0,0.1,0.9,1.0,0.3,0.1,0.0,0.0,1.2,1.6,,2015,2014-15
462.0,Brendan Haywood,35.0,CLE,C,22.0,1.0,5.4,0.6,1.4,0.467,0.0,0.0,,0.6,1.4,0.467,0.467,0.3,0.6,0.538,0.3,1.0,1.3,0.1,0.1,0.5,0.5,0.8,1.6,,2015,2014-15
463.0,Cartier Martin,30.0,DET,SF,23.0,0.0,8.6,0.7,2.3,0.283,0.3,1.4,0.182,0.4,0.9,0.45,0.34,0.0,0.0,,0.0,0.9,0.9,0.5,0.1,0.0,0.2,0.9,1.6,,2015,2014-15
464.0,Miroslav Raduljica,27.0,MIN,C,5.0,0.0,4.6,0.6,1.6,0.375,0.0,0.0,,0.6,1.6,0.375,0.375,0.4,0.4,1.0,0.4,0.6,1.0,0.0,0.2,0.0,0.4,1.6,1.6,,2015,2014-15
465.0,Patrick Christopher,26.0,UTA,SG,4.0,1.0,7.3,0.8,3.0,0.25,0.0,1.0,0.0,0.8,2.0,0.375,0.25,0.0,0.0,,0.5,1.0,1.5,0.0,0.3,0.0,0.3,1.5,1.5,,2015,2014-15
466.0,Jerel McNeal,27.0,PHO,PG,6.0,0.0,6.0,0.5,1.8,0.273,0.2,0.3,0.5,0.3,1.5,0.222,0.318,0.3,0.3,1.0,0.0,0.5,0.5,0.3,0.5,0.2,0.8,0.8,1.5,,2015,2014-15
467.0,Gal Mekel,26.0,NOP,PG,4.0,0.0,10.8,0.8,5.0,0.15,0.0,0.8,0.0,0.8,4.3,0.176,0.15,0.0,0.0,,0.0,0.3,0.3,3.3,0.5,0.0,0.5,0.3,1.5,,2015,2014-15
468.0,Bruno Caboclo,19.0,TOR,SF,8.0,0.0,2.9,0.5,1.5,0.333,0.3,0.4,0.667,0.3,1.1,0.222,0.417,0.0,0.0,,0.1,0.1,0.3,0.0,0.0,0.1,0.5,0.4,1.3,,2015,2014-15
469.0,Ognjen Kuzmić,24.0,GSW,C,16.0,0.0,4.5,0.5,0.8,0.667,0.0,0.0,,0.5,0.8,0.667,0.667,0.3,0.3,1.0,0.4,0.6,1.1,0.4,0.1,0.1,0.3,0.8,1.3,,2015,2014-15
470.0,Toure' Murry,25.0,2TM,PG,5.0,0.0,3.6,0.4,1.0,0.4,0.0,0.0,,0.4,1.0,0.4,0.4,0.4,0.4,1.0,0.2,0.0,0.2,0.2,0.2,0.0,0.8,0.4,1.2,,2015,2014-15
470.0,Toure' Murry,25.0,UTA,PG,1.0,0.0,1.0,0.0,1.0,0.0,0.0,0.0,,0.0,1.0,0.0,0.0,0.0,0.0,,0.0,0.0,0.0,0.0,0.0,0.0,0.0,0.0,0.0,,2015,2014-15
470.0,Toure' Murry,25.0,WAS,SG,4.0,0.0,4.3,0.5,1.0,0.5,0.0,0.0,,0.5,1.0,0.5,0.5,0.5,0.5,1.0,0.3,0.0,0.3,0.3,0.3,0.0,1.0,0.5,1.5,,2015,2014-15
471.0,Nazr Mohammed,37.0,CHI,C,23.0,0.0,5.6,0.6,1.3,0.433,0.0,0.0,,0.6,1.3,0.433,0.433,0.0,0.1,0.333,0.5,1.2,1.7,0.1,0.2,0.2,0.3,0.7,1.2,,2015,2014-15
472.0,Shavlik Randolph,31.0,2TM,PF,21.0,0.0,6.0,0.4,1.7,0.257,0.0,0.2,0.0,0.4,1.4,0.3,0.257,0.3,0.6,0.5,0.8,1.0,1.8,0.2,0.2,0.1,0.1,0.8,1.1,,2015,2014-15
472.0,Shavlik Randolph,31.0,PHO,PF,16.0,0.0,6.3,0.4,1.6,0.24,0.0,0.3,0.0,0.4,1.3,0.286,0.24,0.3,0.6,0.5,0.8,0.9,1.6,0.2,0.3,0.1,0.1,0.8,1.1,,2015,2014-15
472.0,Shavlik Randolph,31.0,BOS,PF,5.0,0.0,5.0,0.6,2.0,0.3,0.0,0.2,0.0,0.6,1.8,0.333,0.3,0.2,0.4,0.5,0.8,1.6,2.4,0.2,0.2,0.2,0.2,0.6,1.4,,2015,2014-15
473.0,Gerald Wallace,32.0,BOS,SF,32.0,0.0,8.9,0.4,1.1,0.412,0.0,0.1,0.333,0.4,1.0,0.419,0.426,0.2,0.5,0.4,0.5,1.3,1.8,0.3,0.5,0.1,0.6,0.6,1.1,,2015,2014-15
474.0,Jamaal Franklin,23.0,DEN,SG,3.0,0.0,4.3,0.3,0.7,0.5,0.3,0.7,0.5,0.0,0.0,,0.75,0.0,0.0,,0.3,0.3,0.7,1.0,0.0,0.3,1.0,1.3,1.0,,2015,2014-15
475.0,Lucas Nogueira,22.0,TOR,C,6.0,0.0,3.8,0.3,1.3,0.25,0.0,0.0,,0.3,1.3,0.25,0.25,0.3,0.7,0.5,0.3,1.5,1.8,0.2,0.3,0.0,0.3,1.0,1.0,,2015,2014-15
476.0,Brandon Rush,29.0,GSW,SG,33.0,0.0,8.2,0.3,1.6,0.204,0.1,0.8,0.111,0.2,0.8,0.296,0.231,0.2,0.3,0.455,0.1,1.1,1.2,0.4,0.2,0.4,0.3,0.8,0.9,,2015,2014-15
477.0,Ekpe Udoh,27.0,LAC,PF,33.0,0.0,3.9,0.3,0.7,0.458,0.0,0.0,,0.3,0.7,0.458,0.458,0.2,0.3,0.778,0.2,0.6,0.8,0.2,0.2,0.2,0.2,0.6,0.9,,2015,2014-15
478.0,Andre Dawkins,23.0,MIA,SG,4.0,0.0,5.5,0.3,1.5,0.167,0.3,1.5,0.167,0.0,0.0,,0.25,0.0,0.0,,0.0,0.5,0.5,0.3,0.0,0.0,0.3,0.8,0.8,,2015,2014-15
479.0,Alex Kirk,23.0,CLE,C,5.0,0.0,2.8,0.2,0.8,0.25,0.0,0.0,,0.2,0.8,0.25,0.25,0.4,0.4,1.0,0.2,0.0,0.2,0.2,0.0,0.0,0.0,0.2,0.8,,2015,2014-15
480.0,Greg Stiemsma,29.0,TOR,C,17.0,0.0,3.9,0.4,0.5,0.75,0.0,0.0,,0.4,0.5,0.75,0.75,0.1,0.2,0.5,0.5,0.4,0.9,0.2,0.1,0.0,0.4,0.9,0.8,,2015,2014-15
481.0,Sim Bhullar,22.0,SAC,C,3.0,0.0,1.0,0.3,0.7,0.5,0.0,0.0,,0.3,0.7,0.5,0.5,0.0,0.0,,0.0,0.3,0.3,0.3,0.0,0.3,0.0,0.0,0.7,,2015,2014-15
482.0,Eric Moreland,23.0,SAC,PF,3.0,0.0,0.7,0.3,0.3,1.0,0.0,0.0,,0.3,0.3,1.0,1.0,0.0,0.0,,0.0,0.3,0.3,0.0,0.0,0.0,0.0,0.3,0.7,,2015,2014-15
483.0,Cameron Bairstow,24.0,CHI,PF,18.0,1.0,3.6,0.2,0.8,0.214,0.0,0.0,,0.2,0.8,0.214,0.214,0.2,0.3,0.8,0.3,0.1,0.4,0.1,0.1,0.1,0.2,0.4,0.6,,2015,2014-15
484.0,Dahntay Jones,34.0,LAC,SF,33.0,0.0,3.7,0.2,0.6,0.286,0.0,0.1,0.0,0.2,0.5,0.353,0.286,0.3,0.3,0.818,0.0,0.3,0.3,0.1,0.1,0.0,0.0,0.7,0.6,,2015,2014-15
485.0,Andrei Kirilenko,33.0,BRK,SF,7.0,0.0,5.1,0.0,0.7,0.0,0.0,0.0,,0.0,0.7,0.0,0.0,0.4,0.6,0.75,0.3,0.9,1.1,0.1,0.1,0.0,0.1,0.1,0.4,,2015,2014-15
486.0,Darius Miller,24.0,NOP,SF,5.0,1.0,8.6,0.2,1.4,0.143,0.0,0.2,0.0,0.2,1.2,0.167,0.143,0.0,0.0,,0.0,0.2,0.2,0.4,0.2,0.0,0.2,1.6,0.4,,2015,2014-15
487.0,Jerrelle Benimon,23.0,UTA,PF,2.0,0.0,1.5,0.0,0.0,,0.0,0.0,,0.0,0.0,,,0.0,0.0,,0.5,1.0,1.5,0.0,0.0,0.0,0.5,0.0,0.0,,2015,2014-15
488.0,Seth Curry,24.0,PHO,PG,2.0,0.0,4.0,0.0,1.5,0.0,0.0,0.5,0.0,0.0,1.0,0.0,0.0,0.0,0.0,,0.0,1.0,1.0,0.5,0.0,0.0,0.0,1.0,0.0,,2015,2014-15
489.0,Malcolm Lee,24.0,PHI,SG,1.0,0.0,2.0,0.0,1.0,0.0,0.0,0.0,,0.0,1.0,0.0,0.0,0.0,0.0,,0.0,0.0,0.0,0.0,0.0,0.0,0.0,0.0,0.0,,2015,2014-15
490.0,Kalin Lucas,25.0,MEM,PG,1.0,0.0,6.0,0.0,1.0,0.0,0.0,0.0,,0.0,1.0,0.0,0.0,0.0,0.0,,0.0,0.0,0.0,0.0,1.0,0.0,0.0,1.0,0.0,,2015,2014-15
491.0,Ronny Turiaf,32.0,MIN,C,2.0,0.0,9.5,0.0,0.0,,0.0,0.0,,0.0,0.0,,,0.0,0.0,,0.0,0.5,0.5,1.0,0.0,0.0,0.0,0.0,0.0,,2015,2014-15
492.0,David Wear,24.0,SAC,PF,2.0,0.0,3.5,0.0,1.0,0.0,0.0,0.5,0.0,0.0,0.5,0.0,0.0,0.0,0.0,,1.0,0.0,1.0,0.5,0.0,0.0,0.0,0.5,0.0,,2015,2014-15
,League Average,,,,,,,,,0.449,,,0.35,,,0.485,0.496,,,0.75,,,,,,,,,,,2015,2014-15
