Rk,Player,Age,Team,Pos,G,GS,MP,FG,FGA,FG%,3P,3PA,3P%,2P,2PA,2P%,eFG%,FT,FTA,FT%,ORB,DRB,TRB,AST,STL,BLK,TOV,PF,PTS,Trp-Dbl,Awards,season_end_year,season
1.0,Russell Westbrook,28.0,OKC,PG,81.0,81.0,2802.0,824.0,1941.0,0.425,200.0,583.0,0.343,624.0,1358.0,0.459,0.476,710.0,840.0,0.845,137.0,727.0,864.0,840.0,132.0,31.0,438.0,190.0,2558.0,42.0,"MVP-1,AS,NBA1",2017,2016-17
2.0,James Harden,27.0,HOU,PG,81.0,81.0,2947.0,674.0,1533.0,0.44,262.0,756.0,0.347,412.0,777.0,0.53,0.525,746.0,881.0,0.847,95.0,564.0,659.0,907.0,121.0,38.0,464.0,215.0,2356.0,22.0,"MVP-2,AS,NBA1",2017,2016-17
3.0,Isaiah Thomas,27.0,BOS,PG,76.0,76.0,2569.0,682.0,1473.0,0.463,245.0,646.0,0.379,437.0,827.0,0.528,0.546,590.0,649.0,0.909,43.0,162.0,205.0,448.0,70.0,13.0,210.0,167.0,2199.0,0.0,"MVP-5,AS,NBA2",2017,2016-17
4.0,Anthony Davis,23.0,NOP,C,75.0,75.0,2708.0,770.0,1526.0,0.505,40.0,134.0,0.299,730.0,1392.0,0.524,0.518,519.0,647.0,0.802,172.0,712.0,884.0,157.0,94.0,167.0,181.0,168.0,2099.0,0.0,"MVP-9,AS,NBA1,DEF2",2017,2016-17
5.0,Karl-Anthony Towns,21.0,MIN,C,82.0,82.0,3030.0,802.0,1480.0,0.542,101.0,275.0,0.367,701.0,1205.0,0.582,0.576,356.0,428.0,0.832,296.0,711.0,1007.0,220.0,56.0,103.0,212.0,241.0,2061.0,1.0,,2017,2016-17
6.0,Damian Lillard,26.0,POR,PG,75.0,75.0,2694.0,661.0,1488.0,0.444,214.0,579.0,0.37,447.0,909.0,0.492,0.516,488.0,545.0,0.895,46.0,322.0,368.0,440.0,68.0,20.0,197.0,152.0,2024.0,0.0,,2017,2016-17
7.0,DeMar DeRozan,27.0,TOR,SG,74.0,74.0,2620.0,721.0,1545.0,0.467,33.0,124.0,0.266,688.0,1421.0,0.484,0.477,545.0,647.0,0.842,70.0,316.0,386.0,290.0,78.0,13.0,180.0,134.0,2020.0,0.0,"MVP-11,AS,NBA3",2017,2016-17
8.0,Stephen Curry,28.0,GSW,PG,79.0,79.0,2638.0,675.0,1443.0,0.468,324.0,789.0,0.411,351.0,654.0,0.537,0.58,325.0,362.0,0.898,61.0,292.0,353.0,524.0,142.0,17.0,239.0,183.0,1999.0,0.0,"MVP-6,AS,NBA2",2017,2016-17
9.0,LeBron James,32.0,CLE,SF,74.0,74.0,2794.0,736.0,1344.0,0.548,124.0,342.0,0.363,612.0,1002.0,0.611,0.594,358.0,531.0,0.674,97.0,542.0,639.0,646.0,92.0,44.0,303.0,134.0,1954.0,13.0,"MVP-4,DPOY-5,AS,NBA1",2017,2016-17
10.0,DeMarcus Cousins,26.0,2TM,C,72.0,72.0,2465.0,647.0,1432.0,0.452,131.0,363.0,0.361,516.0,1069.0,0.483,0.498,517.0,670.0,0.772,152.0,642.0,794.0,332.0,100.0,93.0,269.0,278.0,1942.0,2.0,AS,2017,2016-17
10.0,DeMarcus Cousins,26.0,SAC,C,55.0,55.0,1891.0,505.0,1118.0,0.452,95.0,267.0,0.356,410.0,851.0,0.482,0.494,423.0,549.0,0.77,115.0,468.0,583.0,266.0,75.0,74.0,207.0,203.0,1528.0,2.0,,2017,2016-17
10.0,DeMarcus Cousins,26.0,NOP,C,17.0,17.0,574.0,142.0,314.0,0.452,36.0,96.0,0.375,106.0,218.0,0.486,0.51,94.0,121.0,0.777,37.0,174.0,211.0,66.0,25.0,19.0,62.0,75.0,414.0,0.0,,2017,2016-17
11.0,Andrew Wiggins,21.0,MIN,SF,82.0,82.0,3048.0,709.0,1570.0,0.452,103.0,289.0,0.356,606.0,1281.0,0.473,0.484,412.0,542.0,0.76,102.0,226.0,328.0,189.0,82.0,30.0,187.0,183.0,1933.0,0.0,,2017,2016-17
12.0,Kawhi Leonard,25.0,SAS,SF,74.0,74.0,2474.0,636.0,1312.0,0.485,147.0,387.0,0.38,489.0,925.0,0.529,0.541,469.0,533.0,0.88,80.0,350.0,430.0,260.0,133.0,55.0,154.0,122.0,1888.0,0.0,"MVP-3,DPOY-3,AS,NBA1,DEF1",2017,2016-17
13.0,CJ McCollum,25.0,POR,SG,80.0,80.0,2796.0,692.0,1441.0,0.48,185.0,439.0,0.421,507.0,1002.0,0.506,0.544,268.0,294.0,0.912,60.0,229.0,289.0,285.0,72.0,42.0,172.0,202.0,1837.0,0.0,,2017,2016-17
14.0,Giannis Antetokounmpo,22.0,MIL,SF,80.0,80.0,2845.0,656.0,1259.0,0.521,49.0,180.0,0.272,607.0,1079.0,0.563,0.541,471.0,612.0,0.77,142.0,558.0,700.0,434.0,131.0,151.0,234.0,246.0,1832.0,3.0,"MVP-7,MIP-1,AS,NBA2,DEF2",2017,2016-17
15.0,Kemba Walker,26.0,CHO,PG,79.0,79.0,2739.0,643.0,1449.0,0.444,240.0,602.0,0.399,403.0,847.0,0.476,0.527,304.0,359.0,0.847,45.0,263.0,308.0,434.0,85.0,22.0,168.0,119.0,1830.0,0.0,AS,2017,2016-17
16.0,Jimmy Butler,27.0,CHI,SF,76.0,75.0,2809.0,570.0,1252.0,0.455,91.0,248.0,0.367,479.0,1004.0,0.477,0.492,585.0,676.0,0.865,129.0,341.0,470.0,417.0,143.0,32.0,159.0,112.0,1816.0,2.0,"AS,NBA3",2017,2016-17
17.0,Kyrie Irving,24.0,CLE,PG,72.0,72.0,2525.0,671.0,1420.0,0.473,177.0,441.0,0.401,494.0,979.0,0.505,0.535,297.0,328.0,0.905,52.0,178.0,230.0,418.0,83.0,24.0,180.0,157.0,1816.0,0.0,AS,2017,2016-17
18.0,John Wall,26.0,WAS,PG,78.0,78.0,2836.0,647.0,1435.0,0.451,89.0,272.0,0.327,558.0,1163.0,0.48,0.482,422.0,527.0,0.801,59.0,267.0,326.0,831.0,157.0,49.0,322.0,151.0,1805.0,0.0,"MVP-7,AS,NBA3",2017,2016-17
19.0,Bradley Beal,23.0,WAS,SG,77.0,77.0,2684.0,637.0,1322.0,0.482,223.0,552.0,0.404,414.0,770.0,0.538,0.566,282.0,342.0,0.825,53.0,187.0,240.0,267.0,83.0,21.0,156.0,169.0,1779.0,0.0,,2017,2016-17
20.0,Paul George,26.0,IND,SF,75.0,75.0,2689.0,622.0,1348.0,0.461,195.0,496.0,0.393,427.0,852.0,0.501,0.534,336.0,374.0,0.898,58.0,434.0,492.0,251.0,119.0,27.0,220.0,206.0,1775.0,0.0,AS,2017,2016-17
21.0,Klay Thompson,26.0,GSW,SG,78.0,78.0,2649.0,644.0,1376.0,0.468,268.0,647.0,0.414,376.0,729.0,0.516,0.565,186.0,218.0,0.853,49.0,236.0,285.0,160.0,66.0,40.0,128.0,139.0,1742.0,0.0,AS,2017,2016-17
22.0,Devin Booker,20.0,PHO,SG,78.0,78.0,2730.0,606.0,1431.0,0.423,147.0,405.0,0.363,459.0,1026.0,0.447,0.475,367.0,441.0,0.832,46.0,203.0,249.0,268.0,72.0,21.0,241.0,242.0,1726.0,0.0,,2017,2016-17
23.0,Carmelo Anthony,32.0,NYK,SF,74.0,74.0,2538.0,602.0,1389.0,0.433,151.0,421.0,0.359,451.0,968.0,0.466,0.488,304.0,365.0,0.833,62.0,376.0,438.0,213.0,60.0,34.0,153.0,198.0,1659.0,0.0,AS,2017,2016-17
24.0,Gordon Hayward,26.0,UTA,SF,73.0,73.0,2516.0,545.0,1156.0,0.471,149.0,374.0,0.398,396.0,782.0,0.506,0.536,362.0,429.0,0.844,49.0,345.0,394.0,252.0,73.0,20.0,140.0,117.0,1601.0,0.0,AS,2017,2016-17
25.0,Kevin Durant,28.0,GSW,PF,62.0,62.0,2070.0,551.0,1026.0,0.537,117.0,312.0,0.375,434.0,714.0,0.608,0.594,336.0,384.0,0.875,39.0,474.0,513.0,300.0,66.0,99.0,138.0,117.0,1555.0,1.0,"MVP-9,AS,NBA2",2017,2016-17
26.0,Brook Lopez,28.0,BRK,C,75.0,75.0,2222.0,555.0,1172.0,0.474,134.0,387.0,0.346,421.0,785.0,0.536,0.531,295.0,364.0,0.81,121.0,282.0,403.0,176.0,38.0,124.0,184.0,192.0,1539.0,0.0,,2017,2016-17
27.0,Harrison Barnes,24.0,DAL,PF,79.0,79.0,2803.0,599.0,1280.0,0.468,78.0,222.0,0.351,521.0,1058.0,0.492,0.498,242.0,281.0,0.861,93.0,301.0,394.0,116.0,65.0,15.0,102.0,128.0,1518.0,0.0,,2017,2016-17
28.0,Goran Dragić,30.0,MIA,PG,73.0,73.0,2459.0,534.0,1124.0,0.475,117.0,289.0,0.405,417.0,835.0,0.499,0.527,298.0,377.0,0.79,62.0,217.0,279.0,423.0,89.0,13.0,212.0,199.0,1483.0,0.0,,2017,2016-17
29.0,Marc Gasol,32.0,MEM,C,74.0,74.0,2531.0,532.0,1160.0,0.459,104.0,268.0,0.388,428.0,892.0,0.48,0.503,278.0,332.0,0.837,60.0,404.0,464.0,338.0,67.0,99.0,166.0,171.0,1446.0,2.0,AS,2017,2016-17
30.0,Lou Williams,30.0,2TM,SG,81.0,1.0,1994.0,428.0,998.0,0.429,163.0,446.0,0.365,265.0,552.0,0.48,0.511,402.0,457.0,0.88,26.0,176.0,202.0,239.0,80.0,20.0,160.0,92.0,1421.0,0.0,6MOY-3,2017,2016-17
30.0,Lou Williams,30.0,LAL,SG,58.0,1.0,1403.0,326.0,734.0,0.444,122.0,317.0,0.385,204.0,417.0,0.489,0.527,304.0,344.0,0.884,14.0,118.0,132.0,183.0,65.0,11.0,120.0,67.0,1078.0,0.0,,2017,2016-17
30.0,Lou Williams,30.0,HOU,SG,23.0,0.0,591.0,102.0,264.0,0.386,41.0,129.0,0.318,61.0,135.0,0.452,0.464,98.0,113.0,0.867,12.0,58.0,70.0,56.0,15.0,9.0,40.0,25.0,343.0,0.0,,2017,2016-17
31.0,Mike Conley,29.0,MEM,PG,69.0,68.0,2292.0,464.0,1009.0,0.46,171.0,419.0,0.408,293.0,590.0,0.497,0.545,316.0,368.0,0.859,31.0,210.0,241.0,433.0,92.0,19.0,156.0,126.0,1415.0,0.0,,2017,2016-17
32.0,Dennis Schröder,23.0,ATL,PG,79.0,78.0,2485.0,548.0,1214.0,0.451,100.0,294.0,0.34,448.0,920.0,0.487,0.493,218.0,255.0,0.855,42.0,206.0,248.0,499.0,74.0,16.0,258.0,149.0,1414.0,0.0,,2017,2016-17
33.0,Eric Bledsoe,27.0,PHO,PG,66.0,66.0,2176.0,449.0,1034.0,0.434,104.0,310.0,0.335,345.0,724.0,0.477,0.485,388.0,458.0,0.847,52.0,268.0,320.0,418.0,91.0,31.0,224.0,164.0,1390.0,1.0,,2017,2016-17
34.0,Kyle Lowry,30.0,TOR,PG,60.0,60.0,2244.0,426.0,918.0,0.464,193.0,468.0,0.412,233.0,450.0,0.518,0.569,299.0,365.0,0.819,48.0,238.0,286.0,417.0,88.0,19.0,173.0,170.0,1344.0,1.0,AS,2017,2016-17
35.0,Tobias Harris,24.0,DET,PF,82.0,48.0,2567.0,511.0,1063.0,0.481,109.0,314.0,0.347,402.0,749.0,0.537,0.532,190.0,226.0,0.841,63.0,353.0,416.0,142.0,60.0,39.0,96.0,133.0,1321.0,0.0,,2017,2016-17
36.0,Blake Griffin,27.0,LAC,PF,61.0,61.0,2076.0,479.0,971.0,0.493,38.0,113.0,0.336,441.0,858.0,0.514,0.513,320.0,421.0,0.76,112.0,385.0,497.0,300.0,57.0,22.0,142.0,157.0,1316.0,1.0,,2017,2016-17
37.0,Hassan Whiteside,27.0,MIA,C,77.0,77.0,2513.0,542.0,973.0,0.557,0.0,0.0,,542.0,973.0,0.557,0.557,225.0,358.0,0.628,293.0,795.0,1088.0,57.0,57.0,161.0,154.0,226.0,1309.0,0.0,DPOY-5,2017,2016-17
38.0,Jeff Teague,28.0,IND,PG,82.0,82.0,2657.0,402.0,909.0,0.442,90.0,252.0,0.357,312.0,657.0,0.475,0.492,360.0,415.0,0.867,33.0,297.0,330.0,639.0,100.0,32.0,216.0,165.0,1254.0,0.0,,2017,2016-17
39.0,Paul Millsap,31.0,ATL,PF,69.0,67.0,2343.0,430.0,972.0,0.442,75.0,241.0,0.311,355.0,731.0,0.486,0.481,311.0,405.0,0.768,111.0,422.0,533.0,252.0,90.0,62.0,158.0,186.0,1246.0,0.0,AS,2017,2016-17
40.0,LaMarcus Aldridge,31.0,SAS,PF,72.0,72.0,2335.0,500.0,1049.0,0.477,23.0,56.0,0.411,477.0,993.0,0.48,0.488,220.0,271.0,0.812,172.0,351.0,523.0,139.0,46.0,88.0,98.0,158.0,1243.0,0.0,DPOY-8,2017,2016-17
41.0,Nikola Jokić,21.0,DEN,C,73.0,59.0,2038.0,494.0,854.0,0.578,45.0,139.0,0.324,449.0,715.0,0.628,0.605,188.0,228.0,0.825,212.0,506.0,718.0,359.0,61.0,55.0,171.0,214.0,1221.0,6.0,,2017,2016-17
42.0,Eric Gordon,28.0,HOU,SG,75.0,15.0,2323.0,412.0,1016.0,0.406,246.0,661.0,0.372,166.0,355.0,0.468,0.527,147.0,175.0,0.84,29.0,172.0,201.0,188.0,48.0,41.0,121.0,150.0,1217.0,0.0,6MOY-1,2017,2016-17
43.0,Jordan Clarkson,24.0,LAL,SG,82.0,19.0,2397.0,477.0,1071.0,0.445,117.0,356.0,0.329,360.0,715.0,0.503,0.5,134.0,168.0,0.798,49.0,197.0,246.0,213.0,88.0,8.0,164.0,150.0,1205.0,0.0,,2017,2016-17
44.0,Kristaps Porziņģis,21.0,NYK,PF,66.0,65.0,2164.0,443.0,985.0,0.45,112.0,314.0,0.357,331.0,671.0,0.493,0.507,198.0,252.0,0.786,111.0,364.0,475.0,97.0,47.0,129.0,118.0,244.0,1196.0,0.0,,2017,2016-17
45.0,JJ Redick,32.0,LAC,SG,78.0,78.0,2198.0,396.0,890.0,0.445,201.0,468.0,0.429,195.0,422.0,0.462,0.558,180.0,202.0,0.891,11.0,160.0,171.0,110.0,54.0,13.0,98.0,125.0,1173.0,0.0,,2017,2016-17
46.0,Myles Turner,20.0,IND,C,81.0,81.0,2541.0,444.0,869.0,0.511,40.0,115.0,0.348,404.0,754.0,0.536,0.534,245.0,303.0,0.809,139.0,450.0,589.0,106.0,74.0,172.0,105.0,262.0,1173.0,0.0,,2017,2016-17
47.0,Serge Ibaka,27.0,2TM,PF,79.0,79.0,2422.0,471.0,982.0,0.48,124.0,317.0,0.391,347.0,665.0,0.522,0.543,107.0,125.0,0.856,129.0,409.0,538.0,75.0,41.0,124.0,105.0,215.0,1173.0,0.0,,2017,2016-17
47.0,Serge Ibaka,27.0,ORL,PF,56.0,56.0,1710.0,343.0,703.0,0.488,83.0,214.0,0.388,260.0,489.0,0.532,0.547,77.0,91.0,0.846,100.0,282.0,382.0,60.0,34.0,91.0,66.0,139.0,846.0,0.0,,2017,2016-17
47.0,Serge Ibaka,27.0,TOR,PF,23.0,23.0,712.0,128.0,279.0,0.459,41.0,103.0,0.398,87.0,176.0,0.494,0.532,30.0,34.0,0.882,29.0,127.0,156.0,15.0,7.0,33.0,39.0,76.0,327.0,0.0,,2017,2016-17
48.0,Evan Fournier,24.0,ORL,SG,68.0,66.0,2234.0,408.0,930.0,0.439,128.0,360.0,0.356,280.0,570.0,0.491,0.508,223.0,277.0,0.805,44.0,165.0,209.0,202.0,66.0,4.0,141.0,180.0,1167.0,0.0,,2017,2016-17
49.0,Nicolas Batum,28.0,CHO,SG,77.0,77.0,2617.0,393.0,975.0,0.403,135.0,405.0,0.333,258.0,570.0,0.453,0.472,243.0,284.0,0.856,46.0,435.0,481.0,456.0,86.0,29.0,194.0,109.0,1164.0,1.0,,2017,2016-17
50.0,Derrick Rose,28.0,NYK,PG,64.0,64.0,2082.0,460.0,977.0,0.471,13.0,60.0,0.217,447.0,917.0,0.487,0.477,221.0,253.0,0.874,66.0,180.0,246.0,283.0,44.0,17.0,147.0,84.0,1154.0,0.0,,2017,2016-17
51.0,Danilo Gallinari,28.0,DEN,SF,63.0,63.0,2134.0,335.0,750.0,0.447,126.0,324.0,0.389,209.0,426.0,0.491,0.531,349.0,387.0,0.902,39.0,286.0,325.0,135.0,40.0,15.0,82.0,93.0,1145.0,0.0,,2017,2016-17
52.0,Tim Hardaway Jr.,24.0,ATL,SG,79.0,30.0,2154.0,415.0,912.0,0.455,149.0,417.0,0.357,266.0,495.0,0.537,0.537,164.0,214.0,0.766,35.0,189.0,224.0,182.0,55.0,15.0,106.0,103.0,1143.0,0.0,6MOY-10,2017,2016-17
53.0,Kevin Love,28.0,CLE,PF,60.0,60.0,1885.0,370.0,867.0,0.427,145.0,389.0,0.373,225.0,478.0,0.471,0.51,257.0,295.0,0.871,148.0,518.0,666.0,116.0,53.0,21.0,122.0,125.0,1142.0,0.0,AS,2017,2016-17
54.0,Rudy Gobert,24.0,UTA,C,81.0,81.0,2744.0,413.0,625.0,0.661,0.0,1.0,0.0,413.0,624.0,0.662,0.661,311.0,476.0,0.653,314.0,721.0,1035.0,97.0,49.0,214.0,147.0,246.0,1137.0,0.0,"DPOY-2,NBA2,DEF1",2017,2016-17
55.0,Wilson Chandler,29.0,DEN,SF,71.0,33.0,2197.0,433.0,939.0,0.461,110.0,326.0,0.337,323.0,613.0,0.527,0.52,141.0,194.0,0.727,103.0,357.0,460.0,141.0,51.0,30.0,114.0,172.0,1117.0,0.0,,2017,2016-17
56.0,Bojan Bogdanović,27.0,2TM,SF,81.0,54.0,2083.0,376.0,845.0,0.445,144.0,392.0,0.367,232.0,453.0,0.512,0.53,217.0,243.0,0.893,37.0,240.0,277.0,111.0,34.0,7.0,131.0,146.0,1113.0,0.0,,2017,2016-17
56.0,Bojan Bogdanović,27.0,BRK,SF,55.0,54.0,1482.0,269.0,611.0,0.44,99.0,277.0,0.357,170.0,334.0,0.509,0.521,146.0,167.0,0.874,23.0,174.0,197.0,90.0,24.0,3.0,93.0,99.0,783.0,0.0,,2017,2016-17
56.0,Bojan Bogdanović,27.0,WAS,SF,26.0,0.0,601.0,107.0,234.0,0.457,45.0,115.0,0.391,62.0,119.0,0.521,0.553,71.0,76.0,0.934,14.0,66.0,80.0,21.0,10.0,4.0,38.0,47.0,330.0,0.0,,2017,2016-17
57.0,Andre Drummond,23.0,DET,C,81.0,81.0,2409.0,483.0,911.0,0.53,2.0,7.0,0.286,481.0,904.0,0.532,0.531,137.0,355.0,0.386,345.0,770.0,1115.0,90.0,124.0,89.0,152.0,237.0,1105.0,0.0,,2017,2016-17
58.0,Marcus Morris,27.0,DET,SF,79.0,79.0,2565.0,421.0,1007.0,0.418,118.0,357.0,0.331,303.0,650.0,0.466,0.477,145.0,185.0,0.784,77.0,289.0,366.0,160.0,52.0,25.0,87.0,168.0,1105.0,0.0,,2017,2016-17
59.0,Chris Paul,31.0,LAC,PG,61.0,61.0,1921.0,374.0,785.0,0.476,124.0,302.0,0.411,250.0,483.0,0.518,0.555,232.0,260.0,0.892,40.0,264.0,304.0,563.0,119.0,8.0,147.0,146.0,1104.0,1.0,DEF1,2017,2016-17
60.0,Nikola Vučević,26.0,ORL,C,75.0,55.0,2163.0,483.0,1031.0,0.468,23.0,75.0,0.307,460.0,956.0,0.481,0.48,107.0,160.0,0.669,176.0,603.0,779.0,208.0,76.0,74.0,117.0,180.0,1096.0,0.0,,2017,2016-17
61.0,Dwyane Wade,35.0,CHI,SG,60.0,59.0,1792.0,414.0,955.0,0.434,45.0,145.0,0.31,369.0,810.0,0.456,0.457,223.0,281.0,0.794,63.0,207.0,270.0,228.0,86.0,41.0,138.0,112.0,1096.0,0.0,,2017,2016-17
62.0,Otto Porter Jr.,23.0,WAS,SF,80.0,80.0,2605.0,414.0,803.0,0.516,148.0,341.0,0.434,266.0,462.0,0.576,0.608,99.0,119.0,0.832,118.0,396.0,514.0,121.0,116.0,42.0,44.0,193.0,1075.0,0.0,,2017,2016-17
63.0,Ersan İlyasova,29.0,3TM,PF,82.0,52.0,2142.0,384.0,890.0,0.431,142.0,402.0,0.353,242.0,488.0,0.496,0.511,161.0,207.0,0.778,115.0,366.0,481.0,141.0,58.0,23.0,116.0,211.0,1071.0,0.0,,2017,2016-17
63.0,Ersan İlyasova,29.0,OKC,PF,3.0,0.0,62.0,6.0,16.0,0.375,3.0,12.0,0.25,3.0,4.0,0.75,0.469,0.0,0.0,,2.0,14.0,16.0,1.0,3.0,1.0,4.0,5.0,15.0,0.0,,2017,2016-17
63.0,Ersan İlyasova,29.0,PHI,PF,53.0,40.0,1447.0,285.0,648.0,0.44,107.0,298.0,0.359,178.0,350.0,0.509,0.522,109.0,142.0,0.768,71.0,243.0,314.0,97.0,33.0,14.0,78.0,133.0,786.0,0.0,,2017,2016-17
63.0,Ersan İlyasova,29.0,ATL,PF,26.0,12.0,633.0,93.0,226.0,0.412,32.0,92.0,0.348,61.0,134.0,0.455,0.482,52.0,65.0,0.8,42.0,109.0,151.0,43.0,22.0,8.0,34.0,73.0,270.0,0.0,,2017,2016-17
64.0,Victor Oladipo,24.0,OKC,SG,67.0,67.0,2222.0,412.0,932.0,0.442,127.0,352.0,0.361,285.0,580.0,0.491,0.51,116.0,154.0,0.753,39.0,252.0,291.0,176.0,78.0,21.0,119.0,155.0,1067.0,0.0,,2017,2016-17
65.0,Markieff Morris,27.0,WAS,PF,76.0,76.0,2374.0,406.0,889.0,0.457,71.0,196.0,0.362,335.0,693.0,0.483,0.497,180.0,215.0,0.837,107.0,386.0,493.0,126.0,82.0,42.0,129.0,254.0,1063.0,0.0,,2017,2016-17
66.0,Kentavious Caldwell-Pope,23.0,DET,SG,76.0,75.0,2529.0,370.0,928.0,0.399,153.0,437.0,0.35,217.0,491.0,0.442,0.481,154.0,185.0,0.832,55.0,193.0,248.0,193.0,89.0,12.0,86.0,118.0,1047.0,0.0,,2017,2016-17
67.0,Elfrid Payton,22.0,ORL,PG,82.0,58.0,2412.0,430.0,912.0,0.471,40.0,146.0,0.274,390.0,766.0,0.509,0.493,146.0,211.0,0.692,89.0,298.0,387.0,529.0,88.0,40.0,178.0,177.0,1046.0,5.0,,2017,2016-17
68.0,Dario Šarić,22.0,PHI,PF,81.0,36.0,2129.0,381.0,927.0,0.411,106.0,341.0,0.311,275.0,586.0,0.469,0.468,172.0,220.0,0.782,112.0,401.0,513.0,182.0,57.0,30.0,183.0,162.0,1040.0,0.0,ROY-2,2017,2016-17
69.0,Enes Freedom,24.0,OKC,C,72.0,0.0,1533.0,402.0,737.0,0.545,5.0,38.0,0.132,397.0,699.0,0.568,0.549,224.0,285.0,0.786,195.0,287.0,482.0,67.0,32.0,38.0,123.0,154.0,1033.0,0.0,6MOY-8,2017,2016-17
70.0,Jrue Holiday,26.0,NOP,PG,67.0,61.0,2190.0,405.0,893.0,0.454,100.0,281.0,0.356,305.0,612.0,0.498,0.51,119.0,168.0,0.708,46.0,218.0,264.0,488.0,100.0,44.0,194.0,133.0,1029.0,0.0,,2017,2016-17
71.0,DeAndre Jordan,28.0,LAC,C,81.0,81.0,2570.0,412.0,577.0,0.714,0.0,2.0,0.0,412.0,575.0,0.717,0.714,205.0,425.0,0.482,298.0,816.0,1114.0,96.0,51.0,134.0,115.0,212.0,1029.0,0.0,"AS,NBA3",2017,2016-17
72.0,Zach Randolph,35.0,MEM,PF,73.0,5.0,1786.0,433.0,964.0,0.449,21.0,94.0,0.223,412.0,870.0,0.474,0.46,141.0,193.0,0.731,182.0,416.0,598.0,122.0,38.0,10.0,99.0,136.0,1028.0,0.0,6MOY-4,2017,2016-17
73.0,Jabari Parker,21.0,MIL,PF,51.0,50.0,1728.0,399.0,814.0,0.49,65.0,178.0,0.365,334.0,636.0,0.525,0.53,162.0,218.0,0.743,79.0,235.0,314.0,142.0,50.0,22.0,93.0,111.0,1025.0,0.0,,2017,2016-17
74.0,Aaron Gordon,21.0,ORL,SF,80.0,72.0,2298.0,393.0,865.0,0.454,77.0,267.0,0.288,316.0,598.0,0.528,0.499,156.0,217.0,0.719,116.0,289.0,405.0,150.0,65.0,40.0,89.0,172.0,1019.0,0.0,,2017,2016-17
75.0,Jamal Crawford,36.0,LAC,SG,82.0,1.0,2157.0,359.0,870.0,0.413,116.0,322.0,0.36,243.0,548.0,0.443,0.479,174.0,203.0,0.857,17.0,112.0,129.0,214.0,61.0,14.0,134.0,115.0,1008.0,0.0,6MOY-7,2017,2016-17
76.0,Dwight Howard,31.0,ATL,C,74.0,74.0,2199.0,388.0,613.0,0.633,0.0,2.0,0.0,388.0,611.0,0.635,0.633,226.0,424.0,0.533,296.0,644.0,940.0,104.0,64.0,92.0,170.0,203.0,1002.0,0.0,,2017,2016-17
77.0,Tyler Johnson,24.0,MIA,PG,73.0,0.0,2178.0,357.0,824.0,0.433,93.0,250.0,0.372,264.0,574.0,0.46,0.49,195.0,254.0,0.768,50.0,243.0,293.0,233.0,84.0,44.0,90.0,176.0,1002.0,0.0,6MOY-11,2017,2016-17
78.0,Jae Crowder,26.0,BOS,SF,72.0,72.0,2335.0,333.0,720.0,0.463,157.0,394.0,0.398,176.0,326.0,0.54,0.572,176.0,217.0,0.811,48.0,367.0,415.0,155.0,73.0,23.0,80.0,161.0,999.0,0.0,,2017,2016-17
79.0,Wesley Matthews,30.0,DAL,SG,73.0,73.0,2495.0,333.0,847.0,0.393,174.0,479.0,0.363,159.0,368.0,0.432,0.496,146.0,179.0,0.816,18.0,241.0,259.0,210.0,77.0,15.0,102.0,161.0,986.0,0.0,,2017,2016-17
80.0,D'Angelo Russell,20.0,LAL,PG,63.0,60.0,1811.0,351.0,867.0,0.405,135.0,384.0,0.352,216.0,483.0,0.447,0.483,147.0,188.0,0.782,31.0,190.0,221.0,303.0,87.0,16.0,176.0,130.0,984.0,0.0,,2017,2016-17
81.0,Ryan Anderson,28.0,HOU,PF,72.0,72.0,2116.0,323.0,773.0,0.418,204.0,506.0,0.403,119.0,267.0,0.446,0.55,129.0,150.0,0.86,112.0,218.0,330.0,68.0,31.0,14.0,55.0,142.0,979.0,0.0,,2017,2016-17
82.0,James Johnson,29.0,MIA,PF,76.0,5.0,2085.0,368.0,769.0,0.479,87.0,256.0,0.34,281.0,513.0,0.548,0.535,152.0,215.0,0.707,66.0,310.0,376.0,276.0,76.0,86.0,171.0,197.0,975.0,0.0,6MOY-5,2017,2016-17
83.0,Julius Randle,22.0,LAL,PF,74.0,73.0,2132.0,377.0,773.0,0.488,17.0,63.0,0.27,360.0,710.0,0.507,0.499,204.0,282.0,0.723,150.0,486.0,636.0,264.0,49.0,37.0,173.0,248.0,975.0,3.0,,2017,2016-17
84.0,Jonas Valančiūnas,24.0,TOR,C,80.0,80.0,2066.0,391.0,702.0,0.557,1.0,2.0,0.5,390.0,700.0,0.557,0.558,176.0,217.0,0.811,226.0,533.0,759.0,57.0,37.0,63.0,106.0,216.0,959.0,0.0,,2017,2016-17
85.0,Al Horford,30.0,BOS,C,68.0,68.0,2193.0,379.0,801.0,0.473,86.0,242.0,0.355,293.0,559.0,0.524,0.527,108.0,135.0,0.8,95.0,370.0,465.0,337.0,52.0,86.0,115.0,138.0,952.0,0.0,,2017,2016-17
86.0,Greg Monroe,26.0,MIL,C,81.0,0.0,1823.0,387.0,726.0,0.533,0.0,4.0,0.0,387.0,722.0,0.536,0.533,177.0,239.0,0.741,167.0,365.0,532.0,187.0,92.0,38.0,140.0,168.0,951.0,0.0,6MOY-6,2017,2016-17
87.0,T.J. Warren,23.0,PHO,SF,66.0,59.0,2048.0,403.0,814.0,0.495,26.0,98.0,0.265,377.0,716.0,0.527,0.511,119.0,154.0,0.773,125.0,214.0,339.0,75.0,76.0,39.0,57.0,175.0,951.0,0.0,,2017,2016-17
88.0,Trevor Ariza,31.0,HOU,SF,80.0,80.0,2773.0,326.0,798.0,0.409,191.0,555.0,0.344,135.0,243.0,0.556,0.528,93.0,126.0,0.738,54.0,404.0,458.0,175.0,147.0,20.0,73.0,133.0,936.0,0.0,,2017,2016-17
89.0,Sean Kilpatrick,27.0,BRK,SG,70.0,24.0,1754.0,305.0,735.0,0.415,105.0,308.0,0.341,200.0,427.0,0.468,0.486,204.0,242.0,0.843,22.0,258.0,280.0,157.0,45.0,6.0,135.0,118.0,919.0,0.0,,2017,2016-17
90.0,Steven Adams,23.0,OKC,C,80.0,80.0,2389.0,374.0,655.0,0.571,0.0,1.0,0.0,374.0,654.0,0.572,0.571,157.0,257.0,0.611,281.0,332.0,613.0,86.0,89.0,78.0,146.0,195.0,905.0,0.0,,2017,2016-17
91.0,Darren Collison,29.0,SAC,PG,68.0,64.0,2063.0,340.0,714.0,0.476,73.0,175.0,0.417,267.0,539.0,0.495,0.527,147.0,171.0,0.86,23.0,129.0,152.0,312.0,67.0,9.0,114.0,119.0,900.0,0.0,,2017,2016-17
92.0,Seth Curry,26.0,DAL,PG,70.0,42.0,2029.0,338.0,703.0,0.481,137.0,322.0,0.425,201.0,381.0,0.528,0.578,85.0,100.0,0.85,25.0,154.0,179.0,189.0,79.0,7.0,92.0,126.0,898.0,0.0,,2017,2016-17
93.0,Avery Bradley,26.0,BOS,SG,55.0,55.0,1835.0,359.0,775.0,0.463,108.0,277.0,0.39,251.0,498.0,0.504,0.533,68.0,93.0,0.731,65.0,269.0,334.0,122.0,68.0,11.0,88.0,141.0,894.0,0.0,,2017,2016-17
94.0,Zach LaVine,21.0,MIN,SG,47.0,47.0,1749.0,326.0,710.0,0.459,120.0,310.0,0.387,206.0,400.0,0.515,0.544,117.0,140.0,0.836,19.0,141.0,160.0,139.0,41.0,10.0,85.0,104.0,889.0,0.0,,2017,2016-17
95.0,Austin Rivers,24.0,LAC,SG,74.0,29.0,2054.0,323.0,731.0,0.442,111.0,299.0,0.371,212.0,432.0,0.491,0.518,132.0,191.0,0.691,20.0,141.0,161.0,204.0,48.0,10.0,115.0,187.0,889.0,0.0,,2017,2016-17
96.0,Marcin Gortat,32.0,WAS,C,82.0,82.0,2556.0,390.0,674.0,0.579,0.0,2.0,0.0,390.0,672.0,0.58,0.579,103.0,159.0,0.648,238.0,611.0,849.0,121.0,40.0,61.0,119.0,213.0,883.0,0.0,,2017,2016-17
97.0,Frank Kaminsky,23.0,CHO,C,75.0,16.0,1954.0,320.0,802.0,0.399,116.0,354.0,0.328,204.0,448.0,0.455,0.471,118.0,156.0,0.756,57.0,279.0,336.0,162.0,46.0,34.0,76.0,139.0,874.0,0.0,,2017,2016-17
98.0,Buddy Hield,24.0,2TM,SG,82.0,55.0,1888.0,327.0,767.0,0.426,148.0,379.0,0.391,179.0,388.0,0.461,0.523,64.0,76.0,0.842,35.0,234.0,269.0,121.0,38.0,9.0,101.0,115.0,866.0,0.0,ROY-4,2017,2016-17
98.0,Buddy Hield,24.0,NOP,SG,57.0,37.0,1161.0,185.0,471.0,0.393,89.0,241.0,0.369,96.0,230.0,0.417,0.487,29.0,33.0,0.879,19.0,147.0,166.0,77.0,18.0,7.0,48.0,81.0,488.0,0.0,,2017,2016-17
98.0,Buddy Hield,24.0,SAC,SG,25.0,18.0,727.0,142.0,296.0,0.48,59.0,138.0,0.428,83.0,158.0,0.525,0.579,35.0,43.0,0.814,16.0,87.0,103.0,44.0,20.0,2.0,53.0,34.0,378.0,0.0,,2017,2016-17
99.0,Robert Covington,26.0,PHI,SF,67.0,67.0,2119.0,292.0,732.0,0.399,137.0,412.0,0.333,155.0,320.0,0.484,0.492,143.0,174.0,0.822,92.0,344.0,436.0,102.0,127.0,69.0,131.0,203.0,864.0,0.0,DPOY-4,2017,2016-17
100.0,Terrence Ross,25.0,2TM,SF,78.0,24.0,1955.0,326.0,746.0,0.437,142.0,391.0,0.363,184.0,355.0,0.518,0.532,64.0,77.0,0.831,18.0,188.0,206.0,88.0,87.0,33.0,68.0,143.0,858.0,0.0,,2017,2016-17
100.0,Terrence Ross,25.0,TOR,SF,54.0,0.0,1207.0,211.0,479.0,0.441,96.0,256.0,0.375,115.0,223.0,0.516,0.541,41.0,50.0,0.82,14.0,124.0,138.0,45.0,53.0,20.0,33.0,82.0,559.0,0.0,,2017,2016-17
100.0,Terrence Ross,25.0,ORL,SF,24.0,24.0,748.0,115.0,267.0,0.431,46.0,135.0,0.341,69.0,132.0,0.523,0.517,23.0,27.0,0.852,4.0,64.0,68.0,43.0,34.0,13.0,35.0,61.0,299.0,0.0,,2017,2016-17
101.0,Gary Harris,22.0,DEN,SG,57.0,56.0,1782.0,320.0,637.0,0.502,107.0,255.0,0.42,213.0,382.0,0.558,0.586,104.0,134.0,0.776,48.0,130.0,178.0,164.0,71.0,8.0,76.0,92.0,851.0,0.0,,2017,2016-17
102.0,Marvin Williams,30.0,CHO,PF,76.0,76.0,2295.0,297.0,704.0,0.422,124.0,354.0,0.35,173.0,350.0,0.494,0.51,131.0,150.0,0.873,89.0,411.0,500.0,106.0,58.0,53.0,60.0,134.0,849.0,0.0,,2017,2016-17
103.0,Taj Gibson,31.0,2TM,PF,78.0,71.0,1989.0,365.0,709.0,0.515,3.0,13.0,0.231,362.0,696.0,0.52,0.517,113.0,158.0,0.715,158.0,327.0,485.0,73.0,41.0,65.0,105.0,163.0,846.0,0.0,,2017,2016-17
103.0,Taj Gibson,31.0,CHI,PF,55.0,55.0,1502.0,276.0,530.0,0.521,2.0,12.0,0.167,274.0,518.0,0.529,0.523,85.0,119.0,0.714,120.0,262.0,382.0,60.0,27.0,50.0,77.0,123.0,639.0,0.0,,2017,2016-17
103.0,Taj Gibson,31.0,OKC,PF,23.0,16.0,487.0,89.0,179.0,0.497,1.0,1.0,1.0,88.0,178.0,0.494,0.5,28.0,39.0,0.718,38.0,65.0,103.0,13.0,14.0,15.0,28.0,40.0,207.0,0.0,,2017,2016-17
104.0,Allen Crabbe,24.0,POR,SG,79.0,7.0,2254.0,303.0,647.0,0.468,134.0,302.0,0.444,169.0,345.0,0.49,0.572,105.0,124.0,0.847,19.0,207.0,226.0,94.0,54.0,20.0,62.0,171.0,845.0,0.0,,2017,2016-17
105.0,Mason Plumlee,26.0,2TM,C,81.0,64.0,2148.0,334.0,623.0,0.536,0.0,6.0,0.0,334.0,617.0,0.541,0.536,174.0,300.0,0.58,170.0,435.0,605.0,284.0,69.0,92.0,134.0,226.0,842.0,0.0,,2017,2016-17
105.0,Mason Plumlee,26.0,POR,C,54.0,54.0,1516.0,235.0,442.0,0.532,0.0,5.0,0.0,235.0,437.0,0.538,0.532,127.0,224.0,0.567,120.0,312.0,432.0,214.0,50.0,63.0,88.0,149.0,597.0,0.0,,2017,2016-17
105.0,Mason Plumlee,26.0,DEN,C,27.0,10.0,632.0,99.0,181.0,0.547,0.0,1.0,0.0,99.0,180.0,0.55,0.547,47.0,76.0,0.618,50.0,123.0,173.0,70.0,19.0,29.0,46.0,77.0,245.0,0.0,,2017,2016-17
106.0,Robin Lopez,28.0,CHI,C,81.0,81.0,2271.0,382.0,775.0,0.493,0.0,2.0,0.0,382.0,773.0,0.494,0.493,75.0,104.0,0.721,244.0,276.0,520.0,80.0,18.0,117.0,91.0,151.0,839.0,0.0,,2017,2016-17
107.0,Ricky Rubio,26.0,MIN,PG,75.0,75.0,2469.0,261.0,650.0,0.402,60.0,196.0,0.306,201.0,454.0,0.443,0.448,254.0,285.0,0.891,68.0,237.0,305.0,682.0,128.0,10.0,195.0,202.0,836.0,1.0,,2017,2016-17
108.0,Courtney Lee,31.0,NYK,SG,77.0,74.0,2459.0,321.0,704.0,0.456,108.0,269.0,0.401,213.0,435.0,0.49,0.533,85.0,98.0,0.867,53.0,206.0,259.0,179.0,81.0,24.0,69.0,141.0,835.0,0.0,,2017,2016-17
109.0,Marcus Smart,22.0,BOS,SG,79.0,24.0,2399.0,269.0,749.0,0.359,94.0,332.0,0.283,175.0,417.0,0.42,0.422,203.0,250.0,0.812,78.0,227.0,305.0,364.0,125.0,34.0,159.0,192.0,835.0,0.0,,2017,2016-17
110.0,George Hill,30.0,UTA,PG,49.0,49.0,1544.0,289.0,606.0,0.477,94.0,233.0,0.403,195.0,373.0,0.523,0.554,157.0,196.0,0.801,23.0,144.0,167.0,204.0,50.0,11.0,85.0,114.0,829.0,0.0,,2017,2016-17
111.0,Will Barton,26.0,DEN,SG,60.0,19.0,1705.0,295.0,666.0,0.443,87.0,235.0,0.37,208.0,431.0,0.483,0.508,143.0,190.0,0.753,58.0,201.0,259.0,206.0,48.0,28.0,97.0,110.0,820.0,0.0,,2017,2016-17
112.0,Clint Capela,22.0,HOU,C,65.0,59.0,1551.0,362.0,563.0,0.643,0.0,0.0,,362.0,563.0,0.643,0.643,94.0,177.0,0.531,178.0,348.0,526.0,63.0,34.0,79.0,87.0,179.0,818.0,0.0,,2017,2016-17
113.0,Gorgui Dieng,27.0,MIN,PF,82.0,82.0,2653.0,332.0,661.0,0.502,16.0,43.0,0.372,316.0,618.0,0.511,0.514,136.0,167.0,0.814,188.0,459.0,647.0,158.0,88.0,95.0,107.0,254.0,816.0,0.0,,2017,2016-17
114.0,C.J. Miles,29.0,IND,SF,76.0,29.0,1776.0,281.0,647.0,0.434,169.0,409.0,0.413,112.0,238.0,0.471,0.565,84.0,93.0,0.903,30.0,199.0,229.0,48.0,46.0,25.0,40.0,151.0,815.0,0.0,,2017,2016-17
115.0,Thaddeus Young,28.0,IND,PF,74.0,74.0,2237.0,362.0,687.0,0.527,45.0,118.0,0.381,317.0,569.0,0.557,0.56,45.0,86.0,0.523,131.0,317.0,448.0,122.0,113.0,29.0,95.0,135.0,814.0,0.0,,2017,2016-17
116.0,Jamal Murray,19.0,DEN,SG,82.0,10.0,1764.0,295.0,730.0,0.404,115.0,344.0,0.334,180.0,386.0,0.466,0.483,106.0,120.0,0.883,41.0,173.0,214.0,170.0,51.0,24.0,113.0,124.0,811.0,0.0,ROY-5,2017,2016-17
117.0,Kent Bazemore,27.0,ATL,SF,73.0,64.0,1963.0,295.0,721.0,0.409,92.0,266.0,0.346,203.0,455.0,0.446,0.473,119.0,168.0,0.708,45.0,186.0,231.0,177.0,91.0,52.0,125.0,165.0,801.0,0.0,,2017,2016-17
118.0,Pau Gasol,36.0,SAS,C,64.0,39.0,1627.0,303.0,604.0,0.502,56.0,104.0,0.538,247.0,500.0,0.494,0.548,130.0,184.0,0.707,107.0,394.0,501.0,150.0,24.0,70.0,81.0,110.0,792.0,0.0,,2017,2016-17
119.0,Nick Young,31.0,LAL,SG,60.0,60.0,1556.0,272.0,633.0,0.43,170.0,421.0,0.404,102.0,212.0,0.481,0.564,77.0,90.0,0.856,25.0,113.0,138.0,58.0,37.0,14.0,36.0,137.0,791.0,0.0,,2017,2016-17
120.0,Marco Belinelli,30.0,CHO,SG,74.0,0.0,1778.0,264.0,615.0,0.429,102.0,283.0,0.36,162.0,332.0,0.488,0.512,150.0,168.0,0.893,14.0,164.0,178.0,147.0,44.0,9.0,70.0,90.0,780.0,0.0,,2017,2016-17
121.0,Draymond Green,26.0,GSW,PF,76.0,76.0,2471.0,272.0,650.0,0.418,81.0,263.0,0.308,191.0,387.0,0.494,0.481,151.0,213.0,0.709,98.0,501.0,599.0,533.0,154.0,106.0,184.0,217.0,776.0,5.0,"DPOY-1,AS,NBA3,DEF1",2017,2016-17
122.0,Maurice Harkless,23.0,POR,SF,77.0,69.0,2223.0,314.0,624.0,0.503,68.0,194.0,0.351,246.0,430.0,0.572,0.558,77.0,124.0,0.621,125.0,216.0,341.0,88.0,85.0,70.0,86.0,214.0,773.0,0.0,,2017,2016-17
123.0,Shabazz Muhammad,24.0,MIN,SF,78.0,1.0,1516.0,288.0,598.0,0.482,49.0,145.0,0.338,239.0,453.0,0.528,0.523,147.0,190.0,0.774,84.0,136.0,220.0,35.0,22.0,6.0,56.0,86.0,772.0,0.0,,2017,2016-17
124.0,Dirk Nowitzki,38.0,DAL,PF,54.0,54.0,1424.0,296.0,678.0,0.437,79.0,209.0,0.378,217.0,469.0,0.463,0.495,98.0,112.0,0.875,23.0,330.0,353.0,82.0,30.0,38.0,51.0,113.0,769.0,0.0,,2017,2016-17
125.0,Malcolm Brogdon,24.0,MIL,SG,75.0,28.0,1982.0,290.0,635.0,0.457,78.0,193.0,0.404,212.0,442.0,0.48,0.518,109.0,126.0,0.865,47.0,166.0,213.0,317.0,84.0,12.0,113.0,140.0,767.0,1.0,"ROY-1,6MOY-11",2017,2016-17
126.0,Jon Leuer,27.0,DET,PF,75.0,34.0,1944.0,310.0,646.0,0.48,49.0,167.0,0.293,261.0,479.0,0.545,0.518,98.0,113.0,0.867,102.0,300.0,402.0,111.0,31.0,26.0,66.0,145.0,767.0,0.0,,2017,2016-17
127.0,Patty Mills,28.0,SAS,PG,80.0,8.0,1754.0,273.0,621.0,0.44,147.0,355.0,0.414,126.0,266.0,0.474,0.558,66.0,80.0,0.825,24.0,117.0,141.0,280.0,65.0,3.0,101.0,109.0,759.0,0.0,6MOY-8,2017,2016-17
128.0,Ish Smith,28.0,DET,PG,81.0,32.0,1955.0,329.0,749.0,0.439,28.0,105.0,0.267,301.0,644.0,0.467,0.458,72.0,102.0,0.706,21.0,214.0,235.0,418.0,61.0,33.0,112.0,127.0,758.0,0.0,,2017,2016-17
129.0,Nik Stauskas,23.0,PHI,SG,80.0,27.0,2188.0,251.0,634.0,0.396,132.0,359.0,0.368,119.0,275.0,0.433,0.5,122.0,150.0,0.813,21.0,205.0,226.0,188.0,45.0,32.0,128.0,144.0,756.0,0.0,,2017,2016-17
130.0,Marquese Chriss,19.0,PHO,PF,82.0,75.0,1743.0,284.0,632.0,0.449,72.0,224.0,0.321,212.0,408.0,0.52,0.506,113.0,181.0,0.624,96.0,252.0,348.0,60.0,67.0,70.0,108.0,263.0,753.0,0.0,ROY-7,2017,2016-17
131.0,Reggie Jackson,26.0,DET,PG,52.0,50.0,1424.0,284.0,677.0,0.419,66.0,184.0,0.359,218.0,493.0,0.442,0.468,118.0,136.0,0.868,21.0,93.0,114.0,270.0,35.0,5.0,114.0,129.0,752.0,0.0,,2017,2016-17
132.0,Rodney Hood,24.0,UTA,SG,59.0,55.0,1593.0,272.0,666.0,0.408,114.0,307.0,0.371,158.0,359.0,0.44,0.494,90.0,115.0,0.783,16.0,186.0,202.0,96.0,38.0,11.0,65.0,132.0,748.0,0.0,,2017,2016-17
133.0,Nikola Mirotić,25.0,CHI,PF,70.0,15.0,1679.0,258.0,625.0,0.413,129.0,377.0,0.342,129.0,248.0,0.52,0.516,99.0,128.0,0.773,61.0,323.0,384.0,75.0,53.0,55.0,80.0,128.0,744.0,0.0,,2017,2016-17
134.0,Michael Kidd-Gilchrist,23.0,CHO,SF,81.0,81.0,2349.0,295.0,618.0,0.477,1.0,9.0,0.111,294.0,609.0,0.483,0.478,152.0,194.0,0.784,156.0,409.0,565.0,114.0,81.0,77.0,56.0,187.0,743.0,0.0,,2017,2016-17
135.0,Brandon Ingram,19.0,LAL,SF,79.0,40.0,2279.0,276.0,686.0,0.402,55.0,187.0,0.294,221.0,499.0,0.443,0.442,133.0,214.0,0.621,60.0,256.0,316.0,166.0,50.0,36.0,116.0,158.0,740.0,0.0,,2017,2016-17
136.0,Cory Joseph,25.0,TOR,PG,80.0,22.0,2003.0,299.0,661.0,0.452,48.0,135.0,0.356,251.0,526.0,0.477,0.489,94.0,122.0,0.77,51.0,184.0,235.0,265.0,66.0,13.0,108.0,140.0,740.0,0.0,,2017,2016-17
137.0,Dion Waiters,25.0,MIA,SG,46.0,43.0,1384.0,281.0,663.0,0.424,85.0,215.0,0.395,196.0,448.0,0.438,0.488,82.0,127.0,0.646,18.0,135.0,153.0,200.0,42.0,20.0,103.0,95.0,729.0,0.0,,2017,2016-17
138.0,Joe Johnson,35.0,UTA,SF,78.0,14.0,1843.0,273.0,626.0,0.436,106.0,258.0,0.411,167.0,368.0,0.454,0.521,63.0,77.0,0.818,33.0,210.0,243.0,144.0,36.0,18.0,69.0,93.0,715.0,0.0,,2017,2016-17
139.0,Marreese Speights,29.0,LAC,C,82.0,2.0,1286.0,244.0,548.0,0.445,103.0,277.0,0.372,141.0,271.0,0.52,0.539,120.0,137.0,0.876,88.0,285.0,373.0,65.0,23.0,41.0,69.0,229.0,711.0,0.0,,2017,2016-17
140.0,Trevor Booker,29.0,BRK,PF,71.0,43.0,1754.0,305.0,591.0,0.516,25.0,78.0,0.321,280.0,513.0,0.546,0.537,74.0,110.0,0.673,143.0,428.0,571.0,138.0,75.0,28.0,127.0,152.0,709.0,0.0,,2017,2016-17
141.0,Deron Williams,32.0,2TM,PG,64.0,44.0,1657.0,263.0,600.0,0.438,85.0,234.0,0.363,178.0,366.0,0.486,0.509,90.0,109.0,0.826,14.0,133.0,147.0,360.0,31.0,8.0,138.0,138.0,701.0,0.0,,2017,2016-17
141.0,Deron Williams,32.0,DAL,PG,40.0,40.0,1171.0,195.0,453.0,0.43,63.0,181.0,0.348,132.0,272.0,0.485,0.5,69.0,84.0,0.821,13.0,89.0,102.0,274.0,25.0,2.0,98.0,96.0,522.0,0.0,,2017,2016-17
141.0,Deron Williams,32.0,CLE,PG,24.0,4.0,486.0,68.0,147.0,0.463,22.0,53.0,0.415,46.0,94.0,0.489,0.537,21.0,25.0,0.84,1.0,44.0,45.0,86.0,6.0,6.0,40.0,42.0,179.0,0.0,,2017,2016-17
142.0,E'Twaun Moore,27.0,NOP,SG,73.0,22.0,1820.0,283.0,619.0,0.457,77.0,208.0,0.37,206.0,411.0,0.501,0.519,57.0,74.0,0.77,33.0,119.0,152.0,164.0,50.0,32.0,62.0,131.0,700.0,0.0,,2017,2016-17
143.0,JaMychal Green,26.0,MEM,PF,77.0,75.0,2101.0,250.0,500.0,0.5,55.0,145.0,0.379,195.0,355.0,0.549,0.555,134.0,167.0,0.802,167.0,377.0,544.0,84.0,47.0,34.0,94.0,248.0,689.0,0.0,,2017,2016-17
144.0,Jameer Nelson,34.0,DEN,PG,75.0,39.0,2045.0,268.0,604.0,0.444,106.0,273.0,0.388,162.0,331.0,0.489,0.531,45.0,63.0,0.714,28.0,164.0,192.0,385.0,54.0,8.0,128.0,197.0,687.0,0.0,,2017,2016-17
145.0,Tony Snell,25.0,MIL,SG,80.0,80.0,2336.0,246.0,541.0,0.455,144.0,355.0,0.406,102.0,186.0,0.548,0.588,47.0,58.0,0.81,22.0,226.0,248.0,96.0,55.0,14.0,55.0,125.0,683.0,0.0,,2017,2016-17
146.0,Ty Lawson,29.0,SAC,PG,69.0,24.0,1732.0,237.0,522.0,0.454,34.0,118.0,0.288,203.0,404.0,0.502,0.487,173.0,217.0,0.797,44.0,135.0,179.0,334.0,74.0,6.0,129.0,119.0,681.0,1.0,,2017,2016-17
147.0,Kelly Olynyk,25.0,BOS,C,75.0,6.0,1538.0,260.0,508.0,0.512,68.0,192.0,0.354,192.0,316.0,0.608,0.579,90.0,123.0,0.732,73.0,288.0,361.0,148.0,43.0,29.0,96.0,207.0,678.0,0.0,,2017,2016-17
148.0,Kyle Korver,35.0,2TM,SG,67.0,22.0,1753.0,239.0,515.0,0.464,162.0,359.0,0.451,77.0,156.0,0.494,0.621,38.0,42.0,0.905,7.0,179.0,186.0,110.0,34.0,21.0,69.0,107.0,678.0,0.0,,2017,2016-17
148.0,Kyle Korver,35.0,ATL,SG,32.0,21.0,894.0,108.0,246.0,0.439,65.0,159.0,0.409,43.0,87.0,0.494,0.571,24.0,27.0,0.889,0.0,89.0,89.0,75.0,23.0,13.0,40.0,47.0,305.0,0.0,,2017,2016-17
148.0,Kyle Korver,35.0,CLE,SG,35.0,1.0,859.0,131.0,269.0,0.487,97.0,200.0,0.485,34.0,69.0,0.493,0.667,14.0,15.0,0.933,7.0,90.0,97.0,35.0,11.0,8.0,29.0,60.0,373.0,0.0,,2017,2016-17
149.0,Channing Frye,33.0,CLE,C,74.0,15.0,1398.0,238.0,520.0,0.458,137.0,335.0,0.409,101.0,185.0,0.546,0.589,63.0,74.0,0.851,37.0,253.0,290.0,45.0,33.0,37.0,53.0,138.0,676.0,0.0,,2017,2016-17
150.0,Rondae Hollis-Jefferson,22.0,BRK,SF,78.0,50.0,1761.0,235.0,542.0,0.434,15.0,67.0,0.224,220.0,475.0,0.463,0.447,190.0,253.0,0.751,96.0,356.0,452.0,154.0,82.0,44.0,116.0,177.0,675.0,0.0,,2017,2016-17
151.0,Gerald Henderson,29.0,PHI,SG,72.0,41.0,1667.0,234.0,553.0,0.423,61.0,173.0,0.353,173.0,380.0,0.455,0.478,133.0,165.0,0.806,34.0,151.0,185.0,112.0,40.0,15.0,62.0,129.0,662.0,0.0,,2017,2016-17
152.0,Jusuf Nurkić,22.0,2TM,C,65.0,48.0,1391.0,271.0,534.0,0.507,0.0,1.0,0.0,271.0,533.0,0.508,0.507,120.0,210.0,0.571,154.0,313.0,467.0,123.0,50.0,74.0,143.0,161.0,662.0,0.0,,2017,2016-17
152.0,Jusuf Nurkić,22.0,DEN,C,45.0,29.0,807.0,151.0,298.0,0.507,0.0,0.0,,151.0,298.0,0.507,0.507,56.0,113.0,0.496,89.0,171.0,260.0,60.0,25.0,36.0,81.0,88.0,358.0,0.0,,2017,2016-17
152.0,Jusuf Nurkić,22.0,POR,C,20.0,19.0,584.0,120.0,236.0,0.508,0.0,1.0,0.0,120.0,235.0,0.511,0.508,64.0,97.0,0.66,65.0,142.0,207.0,63.0,25.0,38.0,62.0,73.0,304.0,0.0,,2017,2016-17
153.0,Wayne Ellington,29.0,MIA,SG,62.0,13.0,1500.0,231.0,555.0,0.416,149.0,394.0,0.378,82.0,161.0,0.509,0.55,37.0,43.0,0.86,18.0,114.0,132.0,70.0,35.0,4.0,30.0,70.0,648.0,0.0,,2017,2016-17
154.0,Tony Allen,35.0,MEM,SG,71.0,66.0,1914.0,274.0,595.0,0.461,15.0,54.0,0.278,259.0,541.0,0.479,0.473,80.0,130.0,0.615,166.0,225.0,391.0,98.0,115.0,29.0,100.0,178.0,643.0,0.0,DEF2,2017,2016-17
155.0,Patrick Beverley,28.0,HOU,SG,67.0,67.0,2058.0,228.0,543.0,0.42,110.0,288.0,0.382,118.0,255.0,0.463,0.521,73.0,95.0,0.768,95.0,298.0,393.0,281.0,99.0,25.0,100.0,222.0,639.0,0.0,"DPOY-8,DEF1",2017,2016-17
156.0,Cody Zeller,24.0,CHO,C,62.0,58.0,1725.0,253.0,443.0,0.571,0.0,1.0,0.0,253.0,442.0,0.572,0.571,133.0,196.0,0.679,135.0,270.0,405.0,99.0,62.0,58.0,65.0,189.0,639.0,0.0,,2017,2016-17
157.0,DeMarre Carroll,30.0,TOR,SF,72.0,72.0,1882.0,220.0,550.0,0.4,109.0,320.0,0.341,111.0,230.0,0.483,0.499,89.0,117.0,0.761,63.0,212.0,275.0,74.0,81.0,27.0,54.0,143.0,638.0,0.0,,2017,2016-17
158.0,Jeff Green,30.0,ORL,PF,69.0,11.0,1534.0,220.0,558.0,0.394,53.0,193.0,0.275,167.0,365.0,0.458,0.442,145.0,168.0,0.863,39.0,175.0,214.0,81.0,37.0,13.0,75.0,103.0,638.0,0.0,,2017,2016-17
159.0,Tony Parker,34.0,SAS,PG,63.0,63.0,1587.0,265.0,569.0,0.466,23.0,69.0,0.333,242.0,500.0,0.484,0.486,85.0,117.0,0.726,9.0,104.0,113.0,285.0,34.0,2.0,89.0,92.0,638.0,0.0,,2017,2016-17
160.0,Norman Powell,23.0,TOR,SG,76.0,18.0,1368.0,227.0,506.0,0.449,56.0,173.0,0.324,171.0,333.0,0.514,0.504,126.0,159.0,0.792,26.0,143.0,169.0,82.0,52.0,14.0,70.0,127.0,636.0,0.0,,2017,2016-17
161.0,Monta Ellis,31.0,IND,SG,74.0,33.0,1998.0,247.0,557.0,0.443,43.0,135.0,0.319,204.0,422.0,0.483,0.482,93.0,128.0,0.727,19.0,185.0,204.0,236.0,78.0,27.0,135.0,149.0,630.0,0.0,,2017,2016-17
162.0,Tristan Thompson,25.0,CLE,C,78.0,78.0,2336.0,262.0,437.0,0.6,0.0,3.0,0.0,262.0,434.0,0.604,0.6,106.0,213.0,0.498,286.0,429.0,715.0,77.0,39.0,84.0,64.0,176.0,630.0,0.0,,2017,2016-17
163.0,Justin Holiday,27.0,NYK,SG,82.0,4.0,1639.0,233.0,538.0,0.433,97.0,273.0,0.355,136.0,265.0,0.513,0.523,66.0,80.0,0.825,27.0,198.0,225.0,102.0,65.0,31.0,66.0,109.0,629.0,0.0,,2017,2016-17
164.0,Joel Embiid,22.0,PHI,C,31.0,31.0,786.0,200.0,429.0,0.466,36.0,98.0,0.367,164.0,331.0,0.495,0.508,191.0,244.0,0.783,61.0,182.0,243.0,66.0,27.0,76.0,117.0,112.0,627.0,0.0,ROY-3,2017,2016-17
165.0,D.J. Augustin,29.0,ORL,PG,78.0,20.0,1538.0,195.0,517.0,0.377,95.0,274.0,0.347,100.0,243.0,0.412,0.469,131.0,161.0,0.814,15.0,102.0,117.0,209.0,31.0,1.0,90.0,101.0,616.0,0.0,,2017,2016-17
166.0,Alex Len,23.0,PHO,C,77.0,34.0,1560.0,230.0,463.0,0.497,3.0,12.0,0.25,227.0,451.0,0.503,0.5,150.0,208.0,0.721,156.0,354.0,510.0,44.0,38.0,98.0,102.0,242.0,613.0,0.0,,2017,2016-17
167.0,Willie Cauley-Stein,23.0,SAC,C,75.0,21.0,1421.0,255.0,481.0,0.53,0.0,2.0,0.0,255.0,479.0,0.532,0.53,101.0,151.0,0.669,85.0,254.0,339.0,80.0,53.0,44.0,69.0,147.0,611.0,0.0,,2017,2016-17
168.0,Nenê,34.0,HOU,C,67.0,8.0,1198.0,245.0,397.0,0.617,3.0,9.0,0.333,242.0,388.0,0.624,0.621,116.0,197.0,0.589,95.0,187.0,282.0,65.0,56.0,39.0,73.0,163.0,609.0,0.0,,2017,2016-17
169.0,Jeremy Lamb,24.0,CHO,SG,62.0,5.0,1143.0,226.0,491.0,0.46,41.0,146.0,0.281,185.0,345.0,0.536,0.502,110.0,129.0,0.853,30.0,234.0,264.0,75.0,27.0,23.0,40.0,98.0,603.0,0.0,,2017,2016-17
170.0,Emmanuel Mudiay,20.0,DEN,PG,55.0,41.0,1406.0,208.0,551.0,0.377,56.0,178.0,0.315,152.0,373.0,0.408,0.428,131.0,167.0,0.784,29.0,149.0,178.0,217.0,41.0,13.0,123.0,95.0,603.0,0.0,,2017,2016-17
171.0,Brandon Knight,25.0,PHO,SG,54.0,5.0,1140.0,209.0,525.0,0.398,45.0,139.0,0.324,164.0,386.0,0.425,0.441,132.0,154.0,0.857,25.0,93.0,118.0,130.0,27.0,5.0,88.0,87.0,595.0,0.0,,2017,2016-17
172.0,Doug McDermott,25.0,2TM,SF,66.0,5.0,1508.0,222.0,497.0,0.447,77.0,208.0,0.37,145.0,289.0,0.502,0.524,71.0,84.0,0.845,20.0,159.0,179.0,58.0,13.0,5.0,38.0,79.0,592.0,0.0,,2017,2016-17
172.0,Doug McDermott,25.0,CHI,SF,44.0,4.0,1078.0,166.0,373.0,0.445,56.0,150.0,0.373,110.0,223.0,0.493,0.52,59.0,67.0,0.881,14.0,116.0,130.0,45.0,11.0,4.0,32.0,57.0,447.0,0.0,,2017,2016-17
172.0,Doug McDermott,25.0,OKC,SF,22.0,1.0,430.0,56.0,124.0,0.452,21.0,58.0,0.362,35.0,66.0,0.53,0.536,12.0,17.0,0.706,6.0,43.0,49.0,13.0,2.0,1.0,6.0,22.0,145.0,0.0,,2017,2016-17
173.0,Jahlil Okafor,21.0,PHI,C,50.0,33.0,1134.0,242.0,471.0,0.514,0.0,0.0,,242.0,471.0,0.514,0.514,106.0,158.0,0.671,81.0,159.0,240.0,58.0,20.0,49.0,91.0,122.0,590.0,0.0,,2017,2016-17
174.0,Kenneth Faried,27.0,DEN,PF,61.0,34.0,1296.0,228.0,416.0,0.548,0.0,6.0,0.0,228.0,410.0,0.556,0.548,131.0,189.0,0.693,183.0,279.0,462.0,55.0,43.0,40.0,59.0,124.0,587.0,0.0,,2017,2016-17
175.0,Willy Hernangómez,22.0,NYK,C,72.0,22.0,1324.0,246.0,465.0,0.529,4.0,15.0,0.267,242.0,450.0,0.538,0.533,91.0,125.0,0.728,170.0,332.0,502.0,96.0,41.0,36.0,100.0,150.0,587.0,0.0,ROY-5,2017,2016-17
176.0,Vince Carter,40.0,MEM,SF,73.0,15.0,1799.0,193.0,490.0,0.394,112.0,296.0,0.378,81.0,194.0,0.418,0.508,88.0,115.0,0.765,36.0,191.0,227.0,133.0,60.0,36.0,50.0,163.0,586.0,0.0,6MOY-11,2017,2016-17
177.0,Evan Turner,28.0,POR,SF,65.0,12.0,1658.0,235.0,552.0,0.426,31.0,118.0,0.263,204.0,434.0,0.47,0.454,85.0,103.0,0.825,36.0,211.0,247.0,205.0,53.0,24.0,100.0,121.0,586.0,0.0,,2017,2016-17
178.0,Langston Galloway,25.0,2TM,PG,74.0,2.0,1495.0,207.0,545.0,0.38,120.0,308.0,0.39,87.0,237.0,0.367,0.49,51.0,64.0,0.797,27.0,129.0,156.0,93.0,46.0,6.0,46.0,96.0,585.0,0.0,,2017,2016-17
178.0,Langston Galloway,25.0,NOP,PG,55.0,0.0,1120.0,165.0,441.0,0.374,101.0,268.0,0.377,64.0,173.0,0.37,0.489,40.0,52.0,0.769,20.0,101.0,121.0,65.0,40.0,5.0,28.0,76.0,471.0,0.0,,2017,2016-17
178.0,Langston Galloway,25.0,SAC,PG,19.0,2.0,375.0,42.0,104.0,0.404,19.0,40.0,0.475,23.0,64.0,0.359,0.495,11.0,12.0,0.917,7.0,28.0,35.0,28.0,6.0,1.0,18.0,20.0,114.0,0.0,,2017,2016-17
179.0,Terrence Jones,25.0,2TM,PF,54.0,12.0,1270.0,231.0,492.0,0.47,19.0,75.0,0.253,212.0,417.0,0.508,0.489,103.0,170.0,0.606,65.0,241.0,306.0,59.0,40.0,54.0,48.0,67.0,584.0,0.0,,2017,2016-17
179.0,Terrence Jones,25.0,NOP,PF,51.0,12.0,1264.0,231.0,489.0,0.472,19.0,75.0,0.253,212.0,414.0,0.512,0.492,103.0,170.0,0.606,65.0,238.0,303.0,59.0,39.0,53.0,48.0,67.0,584.0,0.0,,2017,2016-17
179.0,Terrence Jones,25.0,MIL,PF,3.0,0.0,6.0,0.0,3.0,0.0,0.0,0.0,,0.0,3.0,0.0,0.0,0.0,0.0,,0.0,3.0,3.0,0.0,1.0,1.0,0.0,0.0,0.0,0.0,,2017,2016-17
180.0,Joe Ingles,29.0,UTA,SF,82.0,26.0,1972.0,204.0,451.0,0.452,123.0,279.0,0.441,81.0,172.0,0.471,0.589,50.0,68.0,0.735,23.0,238.0,261.0,225.0,96.0,8.0,107.0,163.0,581.0,0.0,,2017,2016-17
181.0,Matthew Dellavedova,26.0,MIL,PG,76.0,54.0,1986.0,208.0,534.0,0.39,79.0,215.0,0.367,129.0,319.0,0.404,0.463,82.0,96.0,0.854,24.0,123.0,147.0,357.0,53.0,0.0,133.0,153.0,577.0,0.0,,2017,2016-17
182.0,Brandon Jennings,27.0,2TM,PG,81.0,13.0,1802.0,192.0,535.0,0.359,79.0,252.0,0.313,113.0,283.0,0.399,0.433,114.0,152.0,0.75,29.0,167.0,196.0,395.0,70.0,4.0,128.0,116.0,577.0,0.0,,2017,2016-17
182.0,Brandon Jennings,27.0,NYK,PG,58.0,11.0,1428.0,163.0,429.0,0.38,68.0,200.0,0.34,95.0,229.0,0.415,0.459,102.0,135.0,0.756,21.0,131.0,152.0,287.0,55.0,4.0,106.0,84.0,496.0,0.0,,2017,2016-17
182.0,Brandon Jennings,27.0,WAS,PG,23.0,2.0,374.0,29.0,106.0,0.274,11.0,52.0,0.212,18.0,54.0,0.333,0.325,12.0,17.0,0.706,8.0,36.0,44.0,108.0,15.0,0.0,22.0,32.0,81.0,0.0,,2017,2016-17
183.0,David Lee,33.0,SAS,PF,79.0,10.0,1477.0,248.0,420.0,0.59,0.0,0.0,,248.0,420.0,0.59,0.59,80.0,113.0,0.708,149.0,292.0,441.0,124.0,31.0,40.0,82.0,125.0,576.0,0.0,,2017,2016-17
184.0,Andre Iguodala,33.0,GSW,SF,76.0,0.0,1998.0,219.0,415.0,0.528,64.0,177.0,0.362,155.0,238.0,0.651,0.605,72.0,102.0,0.706,51.0,253.0,304.0,261.0,76.0,39.0,58.0,97.0,574.0,0.0,6MOY-2,2017,2016-17
185.0,Iman Shumpert,26.0,CLE,SG,76.0,31.0,1937.0,201.0,489.0,0.411,94.0,261.0,0.36,107.0,228.0,0.469,0.507,71.0,90.0,0.789,39.0,179.0,218.0,109.0,62.0,27.0,78.0,150.0,567.0,0.0,,2017,2016-17
186.0,Solomon Hill,25.0,NOP,SF,80.0,71.0,2374.0,183.0,478.0,0.383,94.0,270.0,0.348,89.0,208.0,0.428,0.481,103.0,128.0,0.805,51.0,256.0,307.0,141.0,72.0,32.0,82.0,182.0,563.0,0.0,,2017,2016-17
187.0,Rudy Gay,30.0,SAC,SF,30.0,30.0,1013.0,201.0,442.0,0.455,42.0,113.0,0.372,159.0,329.0,0.483,0.502,118.0,138.0,0.855,35.0,155.0,190.0,83.0,44.0,26.0,74.0,79.0,562.0,0.0,,2017,2016-17
188.0,Richaun Holmes,23.0,PHI,C,57.0,17.0,1193.0,230.0,412.0,0.558,27.0,77.0,0.351,203.0,335.0,0.606,0.591,72.0,103.0,0.699,94.0,217.0,311.0,58.0,42.0,55.0,55.0,136.0,559.0,0.0,,2017,2016-17
189.0,T.J. McConnell,24.0,PHI,PG,81.0,51.0,2133.0,236.0,512.0,0.461,11.0,55.0,0.2,225.0,457.0,0.492,0.472,73.0,90.0,0.811,39.0,212.0,251.0,534.0,134.0,10.0,159.0,139.0,556.0,0.0,,2017,2016-17
190.0,Troy Daniels,25.0,MEM,SG,67.0,3.0,1183.0,185.0,495.0,0.374,138.0,355.0,0.389,47.0,140.0,0.336,0.513,43.0,54.0,0.796,22.0,78.0,100.0,46.0,20.0,4.0,45.0,90.0,551.0,0.0,,2017,2016-17
191.0,Isaiah Whitehead,21.0,BRK,PG,73.0,26.0,1643.0,204.0,508.0,0.402,44.0,149.0,0.295,160.0,359.0,0.446,0.445,91.0,113.0,0.805,32.0,152.0,184.0,192.0,42.0,36.0,142.0,175.0,543.0,0.0,,2017,2016-17
192.0,P.J. Tucker,31.0,2TM,SF,81.0,21.0,2236.0,199.0,482.0,0.413,70.0,196.0,0.357,129.0,286.0,0.451,0.485,72.0,93.0,0.774,117.0,354.0,471.0,99.0,116.0,19.0,66.0,196.0,540.0,0.0,,2017,2016-17
192.0,P.J. Tucker,31.0,PHO,SF,57.0,17.0,1627.0,147.0,354.0,0.415,46.0,136.0,0.338,101.0,218.0,0.463,0.48,61.0,77.0,0.792,94.0,248.0,342.0,73.0,85.0,14.0,52.0,143.0,401.0,0.0,,2017,2016-17
192.0,P.J. Tucker,31.0,TOR,SF,24.0,4.0,609.0,52.0,128.0,0.406,24.0,60.0,0.4,28.0,68.0,0.412,0.5,11.0,16.0,0.688,23.0,106.0,129.0,26.0,31.0,5.0,14.0,53.0,139.0,0.0,,2017,2016-17
193.0,Josh Richardson,23.0,MIA,SG,53.0,34.0,1614.0,202.0,513.0,0.394,75.0,227.0,0.33,127.0,286.0,0.444,0.467,60.0,77.0,0.779,35.0,133.0,168.0,140.0,60.0,39.0,65.0,132.0,539.0,0.0,,2017,2016-17
194.0,Raymond Felton,32.0,LAC,PG,80.0,11.0,1700.0,221.0,514.0,0.43,46.0,144.0,0.319,175.0,370.0,0.473,0.475,50.0,64.0,0.781,33.0,185.0,218.0,191.0,66.0,22.0,83.0,125.0,538.0,0.0,,2017,2016-17
195.0,Rajon Rondo,30.0,CHI,PG,69.0,42.0,1843.0,229.0,561.0,0.408,50.0,133.0,0.376,179.0,428.0,0.418,0.453,30.0,50.0,0.6,73.0,282.0,355.0,461.0,99.0,11.0,169.0,144.0,538.0,1.0,,2017,2016-17
196.0,Al Jefferson,32.0,IND,C,66.0,1.0,931.0,235.0,471.0,0.499,0.0,1.0,0.0,235.0,470.0,0.5,0.499,65.0,85.0,0.765,75.0,203.0,278.0,57.0,19.0,16.0,33.0,125.0,535.0,0.0,,2017,2016-17
197.0,Al-Farouq Aminu,26.0,POR,PF,61.0,25.0,1773.0,183.0,466.0,0.393,70.0,212.0,0.33,113.0,254.0,0.445,0.468,96.0,136.0,0.706,77.0,374.0,451.0,99.0,60.0,44.0,94.0,102.0,532.0,0.0,,2017,2016-17
198.0,Justin Anderson,23.0,2TM,SF,75.0,10.0,1228.0,186.0,439.0,0.424,58.0,194.0,0.299,128.0,245.0,0.522,0.49,102.0,129.0,0.791,69.0,176.0,245.0,66.0,41.0,23.0,66.0,109.0,532.0,0.0,,2017,2016-17
198.0,Justin Anderson,23.0,DAL,SF,51.0,2.0,710.0,111.0,277.0,0.401,37.0,122.0,0.303,74.0,155.0,0.477,0.468,70.0,88.0,0.795,39.0,110.0,149.0,32.0,28.0,16.0,40.0,64.0,329.0,0.0,,2017,2016-17
198.0,Justin Anderson,23.0,PHI,SF,24.0,8.0,518.0,75.0,162.0,0.463,21.0,72.0,0.292,54.0,90.0,0.6,0.528,32.0,41.0,0.78,30.0,66.0,96.0,34.0,13.0,7.0,26.0,45.0,203.0,0.0,,2017,2016-17
199.0,Sergio Rodríguez,30.0,PHI,PG,68.0,30.0,1518.0,210.0,536.0,0.392,92.0,252.0,0.365,118.0,284.0,0.415,0.478,18.0,27.0,0.667,21.0,136.0,157.0,344.0,49.0,4.0,128.0,95.0,530.0,0.0,,2017,2016-17
200.0,Michael Beasley,28.0,MIL,PF,56.0,6.0,935.0,216.0,406.0,0.532,18.0,43.0,0.419,198.0,363.0,0.545,0.554,78.0,105.0,0.743,40.0,153.0,193.0,53.0,27.0,27.0,66.0,92.0,528.0,0.0,,2017,2016-17
201.0,Ian Clark,25.0,GSW,SG,77.0,0.0,1137.0,211.0,433.0,0.487,61.0,163.0,0.374,150.0,270.0,0.556,0.558,44.0,58.0,0.759,22.0,99.0,121.0,90.0,39.0,8.0,55.0,77.0,527.0,0.0,,2017,2016-17
202.0,Montrezl Harrell,23.0,HOU,C,58.0,14.0,1064.0,225.0,345.0,0.652,1.0,7.0,0.143,224.0,338.0,0.663,0.654,76.0,121.0,0.628,81.0,138.0,219.0,64.0,20.0,42.0,44.0,126.0,527.0,0.0,,2017,2016-17
203.0,Matt Barnes,36.0,2TM,SF,74.0,18.0,1777.0,185.0,473.0,0.391,87.0,263.0,0.331,98.0,210.0,0.467,0.483,70.0,89.0,0.787,70.0,314.0,384.0,195.0,48.0,26.0,107.0,185.0,527.0,0.0,,2017,2016-17
203.0,Matt Barnes,36.0,SAC,SF,54.0,13.0,1367.0,147.0,383.0,0.384,69.0,211.0,0.327,78.0,172.0,0.453,0.474,50.0,66.0,0.758,55.0,238.0,293.0,150.0,36.0,17.0,83.0,138.0,413.0,0.0,,2017,2016-17
203.0,Matt Barnes,36.0,GSW,SF,20.0,5.0,410.0,38.0,90.0,0.422,18.0,52.0,0.346,20.0,38.0,0.526,0.522,20.0,23.0,0.87,15.0,76.0,91.0,45.0,12.0,9.0,24.0,47.0,114.0,0.0,,2017,2016-17
204.0,Jeremy Lin,28.0,BRK,PG,36.0,33.0,883.0,175.0,400.0,0.438,58.0,156.0,0.372,117.0,244.0,0.48,0.51,115.0,141.0,0.816,11.0,124.0,135.0,184.0,42.0,14.0,86.0,79.0,523.0,0.0,,2017,2016-17
205.0,Andre Roberson,25.0,OKC,SF,79.0,79.0,2376.0,215.0,463.0,0.464,45.0,184.0,0.245,170.0,279.0,0.609,0.513,47.0,111.0,0.423,98.0,305.0,403.0,79.0,94.0,79.0,51.0,204.0,522.0,0.0,"DPOY-5,DEF2",2017,2016-17
206.0,Amir Johnson,29.0,BOS,PF,80.0,77.0,1608.0,213.0,370.0,0.576,27.0,66.0,0.409,186.0,304.0,0.612,0.612,67.0,100.0,0.67,118.0,248.0,366.0,140.0,51.0,62.0,77.0,211.0,520.0,0.0,,2017,2016-17
207.0,Manu Ginóbili,39.0,SAS,SG,69.0,0.0,1291.0,171.0,439.0,0.39,89.0,227.0,0.392,82.0,212.0,0.387,0.491,86.0,107.0,0.804,28.0,129.0,157.0,183.0,82.0,16.0,96.0,119.0,517.0,0.0,,2017,2016-17
208.0,Dwight Powell,25.0,DAL,C,77.0,3.0,1333.0,194.0,377.0,0.515,21.0,74.0,0.284,173.0,303.0,0.571,0.542,107.0,141.0,0.759,93.0,213.0,306.0,49.0,61.0,39.0,34.0,135.0,516.0,0.0,,2017,2016-17
209.0,Arron Afflalo,31.0,SAC,SG,61.0,45.0,1580.0,185.0,420.0,0.44,62.0,151.0,0.411,123.0,269.0,0.457,0.514,83.0,93.0,0.892,9.0,116.0,125.0,78.0,21.0,6.0,42.0,104.0,515.0,0.0,,2017,2016-17
210.0,Jaylen Brown,20.0,BOS,SF,78.0,20.0,1341.0,192.0,423.0,0.454,46.0,135.0,0.341,146.0,288.0,0.507,0.508,85.0,124.0,0.685,45.0,175.0,220.0,64.0,35.0,18.0,68.0,142.0,515.0,0.0,ROY-8,2017,2016-17
211.0,Garrett Temple,30.0,SAC,SG,65.0,20.0,1728.0,183.0,432.0,0.424,82.0,220.0,0.373,101.0,212.0,0.476,0.519,58.0,74.0,0.784,32.0,152.0,184.0,168.0,84.0,28.0,78.0,141.0,506.0,0.0,,2017,2016-17
212.0,Sam Dekker,22.0,HOU,PF,77.0,2.0,1419.0,203.0,429.0,0.473,60.0,187.0,0.321,143.0,242.0,0.591,0.543,38.0,68.0,0.559,94.0,190.0,284.0,76.0,38.0,21.0,41.0,83.0,504.0,0.0,,2017,2016-17
213.0,Kelly Oubre Jr.,21.0,WAS,SF,79.0,5.0,1605.0,186.0,442.0,0.421,54.0,188.0,0.287,132.0,254.0,0.52,0.482,75.0,99.0,0.758,61.0,200.0,261.0,47.0,58.0,17.0,50.0,195.0,501.0,0.0,,2017,2016-17
214.0,Danny Green,29.0,SAS,SG,68.0,68.0,1807.0,176.0,449.0,0.392,118.0,311.0,0.379,58.0,138.0,0.42,0.523,27.0,32.0,0.844,31.0,193.0,224.0,124.0,70.0,57.0,76.0,120.0,497.0,0.0,DEF2,2017,2016-17
215.0,Rodney McGruder,25.0,MIA,SG,78.0,65.0,1966.0,190.0,460.0,0.413,73.0,220.0,0.332,117.0,240.0,0.488,0.492,44.0,71.0,0.62,94.0,162.0,256.0,124.0,46.0,18.0,56.0,140.0,497.0,0.0,ROY-8,2017,2016-17
216.0,Kyle O'Quinn,26.0,NYK,C,79.0,8.0,1229.0,215.0,413.0,0.521,2.0,17.0,0.118,213.0,396.0,0.538,0.523,64.0,83.0,0.771,157.0,282.0,439.0,117.0,36.0,104.0,76.0,174.0,496.0,0.0,,2017,2016-17
217.0,Ben McLemore,23.0,SAC,SG,61.0,27.0,1176.0,180.0,419.0,0.43,65.0,170.0,0.382,115.0,249.0,0.462,0.507,70.0,93.0,0.753,19.0,110.0,129.0,51.0,29.0,6.0,62.0,108.0,495.0,0.0,,2017,2016-17
218.0,Luc Mbah a Moute,30.0,LAC,SF,80.0,76.0,1787.0,191.0,378.0,0.505,43.0,110.0,0.391,148.0,268.0,0.552,0.562,59.0,87.0,0.678,44.0,126.0,170.0,39.0,81.0,35.0,46.0,122.0,484.0,0.0,,2017,2016-17
219.0,Bismack Biyombo,24.0,ORL,C,81.0,27.0,1793.0,179.0,339.0,0.528,0.0,0.0,,179.0,339.0,0.528,0.528,125.0,234.0,0.534,157.0,410.0,567.0,74.0,25.0,91.0,95.0,202.0,483.0,0.0,,2017,2016-17
220.0,Jonathon Simmons,27.0,SAS,SG,78.0,8.0,1392.0,177.0,421.0,0.42,30.0,102.0,0.294,147.0,319.0,0.461,0.456,99.0,132.0,0.75,20.0,140.0,160.0,126.0,47.0,25.0,76.0,146.0,483.0,0.0,,2017,2016-17
221.0,Domantas Sabonis,20.0,OKC,PF,81.0,66.0,1632.0,192.0,481.0,0.399,51.0,159.0,0.321,141.0,322.0,0.438,0.452,44.0,67.0,0.657,46.0,242.0,288.0,82.0,39.0,32.0,83.0,200.0,479.0,0.0,,2017,2016-17
222.0,Derrick Favors,25.0,UTA,PF,50.0,39.0,1186.0,203.0,417.0,0.487,3.0,10.0,0.3,200.0,407.0,0.491,0.49,67.0,109.0,0.615,92.0,213.0,305.0,56.0,45.0,40.0,60.0,103.0,476.0,0.0,,2017,2016-17
223.0,JaVale McGee,29.0,GSW,C,77.0,10.0,739.0,208.0,319.0,0.652,0.0,3.0,0.0,208.0,316.0,0.658,0.652,56.0,111.0,0.505,100.0,144.0,244.0,17.0,19.0,67.0,40.0,109.0,472.0,0.0,,2017,2016-17
224.0,Kosta Koufos,27.0,SAC,C,71.0,62.0,1419.0,216.0,392.0,0.551,0.0,1.0,0.0,216.0,391.0,0.552,0.551,38.0,62.0,0.613,118.0,285.0,403.0,47.0,36.0,48.0,61.0,172.0,470.0,0.0,,2017,2016-17
225.0,Caris LeVert,22.0,BRK,SF,57.0,26.0,1237.0,171.0,380.0,0.45,59.0,184.0,0.321,112.0,196.0,0.571,0.528,67.0,93.0,0.72,23.0,165.0,188.0,110.0,49.0,8.0,59.0,91.0,468.0,0.0,,2017,2016-17
226.0,Tim Frazier,26.0,NOP,PG,65.0,35.0,1525.0,163.0,404.0,0.403,40.0,128.0,0.313,123.0,276.0,0.446,0.453,98.0,129.0,0.76,34.0,139.0,173.0,335.0,56.0,6.0,101.0,133.0,464.0,1.0,,2017,2016-17
227.0,Yogi Ferrell,23.0,2TM,PG,46.0,29.0,1197.0,160.0,394.0,0.406,68.0,176.0,0.386,92.0,218.0,0.422,0.492,74.0,89.0,0.831,20.0,91.0,111.0,172.0,42.0,9.0,70.0,90.0,462.0,0.0,ROY-8,2017,2016-17
227.0,Yogi Ferrell,23.0,BRK,PG,10.0,0.0,151.0,18.0,49.0,0.367,8.0,27.0,0.296,10.0,22.0,0.455,0.449,10.0,16.0,0.625,4.0,8.0,12.0,17.0,2.0,2.0,14.0,11.0,54.0,0.0,,2017,2016-17
227.0,Yogi Ferrell,23.0,DAL,PG,36.0,29.0,1046.0,142.0,345.0,0.412,60.0,149.0,0.403,82.0,196.0,0.418,0.499,64.0,73.0,0.877,16.0,83.0,99.0,155.0,40.0,7.0,56.0,79.0,408.0,0.0,,2017,2016-17
228.0,Anthony Tolliver,31.0,SAC,PF,65.0,9.0,1477.0,155.0,351.0,0.442,90.0,230.0,0.391,65.0,121.0,0.537,0.57,61.0,82.0,0.744,51.0,186.0,237.0,77.0,34.0,20.0,56.0,109.0,461.0,0.0,,2017,2016-17
229.0,Mirza Teletović,31.0,MIL,PF,70.0,2.0,1133.0,156.0,418.0,0.373,104.0,305.0,0.341,52.0,113.0,0.46,0.498,35.0,45.0,0.778,11.0,151.0,162.0,48.0,12.0,13.0,37.0,109.0,451.0,0.0,,2017,2016-17
230.0,Larry Nance Jr.,24.0,LAL,PF,63.0,7.0,1442.0,190.0,361.0,0.526,10.0,36.0,0.278,180.0,325.0,0.554,0.54,59.0,80.0,0.738,120.0,249.0,369.0,96.0,82.0,39.0,56.0,149.0,449.0,0.0,,2017,2016-17
231.0,Richard Jefferson,36.0,CLE,SF,79.0,13.0,1614.0,153.0,343.0,0.446,62.0,186.0,0.333,91.0,157.0,0.58,0.536,80.0,108.0,0.741,28.0,175.0,203.0,78.0,26.0,10.0,52.0,153.0,448.0,0.0,,2017,2016-17
232.0,Timothé Luwawu-Cabarrot,21.0,PHI,SF,69.0,19.0,1190.0,145.0,361.0,0.402,50.0,161.0,0.311,95.0,200.0,0.475,0.471,105.0,123.0,0.854,25.0,124.0,149.0,75.0,32.0,10.0,73.0,154.0,445.0,0.0,,2017,2016-17
233.0,Patrick Patterson,27.0,TOR,PF,65.0,8.0,1599.0,154.0,384.0,0.401,94.0,253.0,0.372,60.0,131.0,0.458,0.523,43.0,60.0,0.717,62.0,231.0,293.0,76.0,40.0,23.0,38.0,120.0,445.0,0.0,,2017,2016-17
234.0,Nerlens Noel,22.0,2TM,C,51.0,19.0,1047.0,184.0,309.0,0.595,0.0,1.0,0.0,184.0,308.0,0.597,0.595,77.0,111.0,0.694,93.0,201.0,294.0,50.0,65.0,50.0,51.0,126.0,445.0,0.0,,2017,2016-17
234.0,Nerlens Noel,22.0,PHI,C,29.0,7.0,564.0,107.0,175.0,0.611,0.0,1.0,0.0,107.0,174.0,0.615,0.611,43.0,63.0,0.683,46.0,98.0,144.0,30.0,43.0,26.0,29.0,71.0,257.0,0.0,,2017,2016-17
234.0,Nerlens Noel,22.0,DAL,C,22.0,12.0,483.0,77.0,134.0,0.575,0.0,0.0,,77.0,134.0,0.575,0.575,34.0,48.0,0.708,47.0,103.0,150.0,20.0,22.0,24.0,22.0,55.0,188.0,0.0,,2017,2016-17
235.0,Thabo Sefolosha,32.0,ATL,SF,62.0,42.0,1596.0,174.0,395.0,0.441,41.0,120.0,0.342,133.0,275.0,0.484,0.492,55.0,75.0,0.733,54.0,216.0,270.0,107.0,96.0,31.0,58.0,97.0,444.0,0.0,,2017,2016-17
236.0,Tyler Ulis,21.0,PHO,PG,61.0,15.0,1123.0,184.0,437.0,0.421,21.0,79.0,0.266,163.0,358.0,0.455,0.445,55.0,71.0,0.775,20.0,75.0,95.0,226.0,48.0,5.0,77.0,73.0,444.0,0.0,,2017,2016-17
237.0,Justin Hamilton,26.0,BRK,C,64.0,7.0,1177.0,174.0,379.0,0.459,55.0,180.0,0.306,119.0,199.0,0.598,0.532,39.0,52.0,0.75,71.0,191.0,262.0,55.0,29.0,43.0,43.0,91.0,442.0,0.0,,2017,2016-17
238.0,Trey Lyles,21.0,UTA,PF,71.0,4.0,1158.0,159.0,439.0,0.362,65.0,204.0,0.319,94.0,235.0,0.4,0.436,57.0,79.0,0.722,48.0,187.0,235.0,69.0,26.0,20.0,64.0,97.0,440.0,0.0,,2017,2016-17
239.0,Devin Harris,33.0,DAL,PG,65.0,0.0,1087.0,136.0,341.0,0.399,58.0,177.0,0.328,78.0,164.0,0.476,0.484,107.0,129.0,0.829,11.0,116.0,127.0,136.0,43.0,7.0,57.0,101.0,437.0,0.0,,2017,2016-17
240.0,Bobby Portis,21.0,CHI,PF,64.0,13.0,1000.0,183.0,375.0,0.488,32.0,96.0,0.333,151.0,279.0,0.541,0.531,39.0,59.0,0.661,75.0,221.0,296.0,35.0,16.0,11.0,37.0,94.0,437.0,0.0,,2017,2016-17
241.0,Jerami Grant,22.0,2TM,PF,80.0,4.0,1531.0,152.0,328.0,0.463,43.0,116.0,0.371,109.0,212.0,0.514,0.529,90.0,147.0,0.612,38.0,167.0,205.0,46.0,33.0,79.0,44.0,149.0,437.0,0.0,,2017,2016-17
241.0,Jerami Grant,22.0,PHI,PF,2.0,0.0,41.0,6.0,17.0,0.353,0.0,2.0,0.0,6.0,15.0,0.4,0.353,4.0,8.0,0.5,0.0,6.0,6.0,0.0,0.0,4.0,3.0,5.0,16.0,0.0,,2017,2016-17
241.0,Jerami Grant,22.0,OKC,PF,78.0,4.0,1490.0,146.0,311.0,0.469,43.0,114.0,0.377,103.0,197.0,0.523,0.539,86.0,139.0,0.619,38.0,161.0,199.0,46.0,33.0,75.0,41.0,144.0,421.0,0.0,,2017,2016-17
242.0,Dante Cunningham,29.0,NOP,PF,66.0,35.0,1649.0,174.0,359.0,0.485,71.0,181.0,0.392,103.0,178.0,0.579,0.584,16.0,27.0,0.593,56.0,221.0,277.0,37.0,39.0,28.0,28.0,100.0,435.0,0.0,,2017,2016-17
243.0,Mike Muscala,25.0,ATL,C,70.0,3.0,1237.0,170.0,337.0,0.504,46.0,110.0,0.418,124.0,227.0,0.546,0.573,49.0,64.0,0.766,76.0,164.0,240.0,95.0,30.0,41.0,55.0,97.0,435.0,0.0,,2017,2016-17
244.0,Jared Dudley,31.0,PHO,PF,64.0,7.0,1362.0,157.0,346.0,0.454,77.0,203.0,0.379,80.0,143.0,0.559,0.565,43.0,65.0,0.662,31.0,194.0,225.0,121.0,42.0,16.0,73.0,154.0,434.0,0.0,,2017,2016-17
245.0,Spencer Dinwiddie,23.0,BRK,PG,59.0,18.0,1334.0,134.0,302.0,0.444,38.0,101.0,0.376,96.0,201.0,0.478,0.507,126.0,159.0,0.792,27.0,137.0,164.0,185.0,44.0,23.0,66.0,119.0,432.0,0.0,,2017,2016-17
246.0,Shelvin Mack,26.0,UTA,PG,55.0,9.0,1205.0,170.0,381.0,0.446,37.0,120.0,0.308,133.0,261.0,0.51,0.495,53.0,77.0,0.688,20.0,105.0,125.0,154.0,42.0,3.0,90.0,100.0,430.0,0.0,,2017,2016-17
247.0,James Ennis III,26.0,MEM,SF,64.0,28.0,1501.0,146.0,321.0,0.455,51.0,137.0,0.372,95.0,184.0,0.516,0.534,86.0,110.0,0.782,69.0,190.0,259.0,64.0,46.0,19.0,59.0,165.0,429.0,0.0,,2017,2016-17
248.0,Joe Harris,25.0,BRK,SG,52.0,11.0,1138.0,154.0,362.0,0.425,85.0,221.0,0.385,69.0,141.0,0.489,0.543,35.0,49.0,0.714,16.0,131.0,147.0,54.0,30.0,8.0,55.0,121.0,428.0,0.0,,2017,2016-17
249.0,Khris Middleton,25.0,MIL,SF,29.0,23.0,889.0,150.0,333.0,0.45,45.0,104.0,0.433,105.0,229.0,0.459,0.518,81.0,92.0,0.88,11.0,112.0,123.0,99.0,41.0,7.0,65.0,79.0,426.0,0.0,,2017,2016-17
250.0,Zaza Pachulia,32.0,GSW,C,70.0,70.0,1268.0,164.0,307.0,0.534,0.0,2.0,0.0,164.0,305.0,0.538,0.534,98.0,126.0,0.778,140.0,270.0,410.0,132.0,59.0,33.0,87.0,166.0,426.0,0.0,,2017,2016-17
251.0,Luol Deng,31.0,LAL,SF,56.0,49.0,1486.0,164.0,424.0,0.387,51.0,165.0,0.309,113.0,259.0,0.436,0.447,46.0,63.0,0.73,63.0,232.0,295.0,74.0,48.0,20.0,43.0,61.0,425.0,0.0,,2017,2016-17
252.0,Andrew Harrison,22.0,MEM,PG,72.0,18.0,1474.0,117.0,360.0,0.325,43.0,156.0,0.276,74.0,204.0,0.363,0.385,148.0,194.0,0.763,23.0,113.0,136.0,198.0,53.0,21.0,85.0,194.0,425.0,0.0,,2017,2016-17
253.0,Mindaugas Kuzminskas,27.0,NYK,SF,68.0,5.0,1016.0,158.0,369.0,0.428,54.0,168.0,0.321,104.0,201.0,0.517,0.501,55.0,68.0,0.809,47.0,79.0,126.0,69.0,29.0,11.0,51.0,79.0,425.0,0.0,,2017,2016-17
254.0,Jason Smith,30.0,WAS,C,74.0,3.0,1068.0,174.0,329.0,0.529,37.0,78.0,0.474,137.0,251.0,0.546,0.585,35.0,51.0,0.686,64.0,194.0,258.0,37.0,21.0,54.0,58.0,168.0,420.0,0.0,,2017,2016-17
255.0,Leandro Barbosa,34.0,PHO,SG,67.0,0.0,963.0,172.0,392.0,0.439,35.0,98.0,0.357,137.0,294.0,0.466,0.483,40.0,45.0,0.889,15.0,89.0,104.0,81.0,31.0,8.0,48.0,82.0,419.0,0.0,,2017,2016-17
256.0,Glenn Robinson III,23.0,IND,SF,69.0,27.0,1427.0,158.0,338.0,0.467,49.0,125.0,0.392,109.0,213.0,0.512,0.54,54.0,76.0,0.711,57.0,189.0,246.0,47.0,41.0,20.0,37.0,63.0,419.0,0.0,,2017,2016-17
257.0,Dante Exum,21.0,UTA,PG,66.0,26.0,1228.0,155.0,363.0,0.427,44.0,149.0,0.295,111.0,214.0,0.519,0.488,58.0,73.0,0.795,30.0,102.0,132.0,111.0,21.0,12.0,80.0,146.0,412.0,0.0,,2017,2016-17
258.0,Tyreke Evans,27.0,2TM,SF,40.0,6.0,788.0,150.0,370.0,0.405,42.0,118.0,0.356,108.0,252.0,0.429,0.462,69.0,92.0,0.75,13.0,124.0,137.0,124.0,35.0,9.0,61.0,60.0,411.0,0.0,,2017,2016-17
258.0,Tyreke Evans,27.0,NOP,SF,26.0,0.0,474.0,91.0,227.0,0.401,21.0,70.0,0.3,70.0,157.0,0.446,0.447,45.0,58.0,0.776,6.0,80.0,86.0,91.0,23.0,4.0,39.0,41.0,248.0,0.0,,2017,2016-17
258.0,Tyreke Evans,27.0,SAC,SF,14.0,6.0,314.0,59.0,143.0,0.413,21.0,48.0,0.438,38.0,95.0,0.4,0.486,24.0,34.0,0.706,7.0,44.0,51.0,33.0,12.0,5.0,22.0,19.0,163.0,0.0,,2017,2016-17
259.0,Terry Rozier,22.0,BOS,PG,74.0,0.0,1263.0,151.0,411.0,0.367,57.0,179.0,0.318,94.0,232.0,0.405,0.437,51.0,66.0,0.773,40.0,187.0,227.0,131.0,46.0,11.0,47.0,69.0,410.0,0.0,,2017,2016-17
260.0,Álex Abrines,23.0,OKC,SG,68.0,6.0,1055.0,134.0,341.0,0.393,94.0,247.0,0.381,40.0,94.0,0.426,0.531,44.0,49.0,0.898,18.0,68.0,86.0,40.0,37.0,8.0,33.0,114.0,406.0,0.0,,2017,2016-17
261.0,Nemanja Bjelica,28.0,MIN,PF,65.0,1.0,1190.0,151.0,356.0,0.424,56.0,177.0,0.316,95.0,179.0,0.531,0.503,45.0,61.0,0.738,57.0,187.0,244.0,79.0,40.0,20.0,59.0,154.0,403.0,0.0,,2017,2016-17
262.0,Meyers Leonard,24.0,POR,PF,74.0,12.0,1222.0,146.0,378.0,0.386,74.0,213.0,0.347,72.0,165.0,0.436,0.484,35.0,40.0,0.875,27.0,210.0,237.0,71.0,13.0,28.0,35.0,172.0,401.0,0.0,,2017,2016-17
263.0,Timofey Mozgov,30.0,LAL,C,54.0,52.0,1104.0,169.0,328.0,0.515,0.0,1.0,0.0,169.0,327.0,0.517,0.515,63.0,78.0,0.808,104.0,160.0,264.0,43.0,16.0,31.0,72.0,133.0,401.0,0.0,,2017,2016-17
264.0,Tyson Chandler,34.0,PHO,C,47.0,46.0,1298.0,153.0,228.0,0.671,0.0,0.0,,153.0,228.0,0.671,0.671,91.0,124.0,0.734,153.0,386.0,539.0,30.0,33.0,24.0,65.0,126.0,397.0,0.0,,2017,2016-17
265.0,John Henson,26.0,MIL,C,58.0,39.0,1123.0,159.0,309.0,0.515,0.0,1.0,0.0,159.0,308.0,0.516,0.515,74.0,107.0,0.692,92.0,203.0,295.0,57.0,29.0,78.0,52.0,151.0,392.0,0.0,,2017,2016-17
266.0,Malcolm Delaney,27.0,ATL,PG,73.0,2.0,1248.0,145.0,388.0,0.374,26.0,110.0,0.236,119.0,278.0,0.428,0.407,75.0,93.0,0.806,10.0,113.0,123.0,193.0,39.0,1.0,95.0,112.0,391.0,0.0,,2017,2016-17
267.0,Shaun Livingston,31.0,GSW,PG,76.0,3.0,1345.0,173.0,316.0,0.547,1.0,3.0,0.333,172.0,313.0,0.55,0.549,42.0,60.0,0.7,28.0,123.0,151.0,139.0,38.0,20.0,62.0,120.0,389.0,0.0,,2017,2016-17
268.0,Dewayne Dedmon,27.0,SAS,C,76.0,37.0,1330.0,161.0,259.0,0.622,0.0,0.0,,161.0,259.0,0.622,0.622,65.0,93.0,0.699,129.0,367.0,496.0,44.0,37.0,61.0,61.0,180.0,387.0,0.0,,2017,2016-17
269.0,Tarik Black,25.0,LAL,C,67.0,16.0,1091.0,150.0,294.0,0.51,1.0,2.0,0.5,149.0,292.0,0.51,0.512,82.0,109.0,0.752,144.0,199.0,343.0,39.0,29.0,44.0,58.0,173.0,383.0,0.0,,2017,2016-17
270.0,J.J. Barea,32.0,DAL,PG,35.0,6.0,771.0,142.0,343.0,0.414,53.0,148.0,0.358,89.0,195.0,0.456,0.491,44.0,51.0,0.863,9.0,75.0,84.0,193.0,14.0,1.0,63.0,30.0,381.0,0.0,,2017,2016-17
271.0,Joffrey Lauvergne,25.0,2TM,C,70.0,1.0,980.0,148.0,336.0,0.44,33.0,98.0,0.337,115.0,238.0,0.483,0.49,46.0,73.0,0.63,72.0,179.0,251.0,70.0,25.0,6.0,56.0,83.0,375.0,0.0,,2017,2016-17
271.0,Joffrey Lauvergne,25.0,OKC,PF,50.0,0.0,739.0,111.0,244.0,0.455,27.0,78.0,0.346,84.0,166.0,0.506,0.51,37.0,58.0,0.638,51.0,132.0,183.0,51.0,18.0,6.0,40.0,71.0,286.0,0.0,,2017,2016-17
271.0,Joffrey Lauvergne,25.0,CHI,C,20.0,1.0,241.0,37.0,92.0,0.402,6.0,20.0,0.3,31.0,72.0,0.431,0.435,9.0,15.0,0.6,21.0,47.0,68.0,19.0,7.0,0.0,16.0,12.0,89.0,0.0,,2017,2016-17
272.0,Willie Reed,26.0,MIA,C,71.0,5.0,1031.0,162.0,285.0,0.568,1.0,4.0,0.25,161.0,281.0,0.573,0.57,49.0,88.0,0.557,129.0,203.0,332.0,26.0,18.0,47.0,31.0,137.0,374.0,0.0,,2017,2016-17
273.0,Corey Brewer,30.0,2TM,SF,82.0,11.0,1281.0,147.0,348.0,0.422,27.0,118.0,0.229,120.0,230.0,0.522,0.461,50.0,68.0,0.735,32.0,134.0,166.0,97.0,61.0,20.0,55.0,133.0,371.0,0.0,,2017,2016-17
273.0,Corey Brewer,30.0,HOU,SF,58.0,8.0,923.0,94.0,227.0,0.414,22.0,94.0,0.234,72.0,133.0,0.541,0.463,32.0,44.0,0.727,21.0,93.0,114.0,61.0,37.0,12.0,36.0,104.0,242.0,0.0,,2017,2016-17
273.0,Corey Brewer,30.0,LAL,SF,24.0,3.0,358.0,53.0,121.0,0.438,5.0,24.0,0.208,48.0,97.0,0.495,0.459,18.0,24.0,0.75,11.0,41.0,52.0,36.0,24.0,8.0,19.0,29.0,129.0,0.0,,2017,2016-17
274.0,Jerian Grant,24.0,CHI,PG,63.0,28.0,1028.0,128.0,301.0,0.425,49.0,134.0,0.366,79.0,167.0,0.473,0.507,65.0,73.0,0.89,17.0,94.0,111.0,121.0,47.0,8.0,44.0,93.0,370.0,0.0,,2017,2016-17
275.0,Aron Baynes,30.0,DET,C,75.0,2.0,1163.0,143.0,279.0,0.513,0.0,0.0,,143.0,279.0,0.513,0.513,79.0,94.0,0.84,111.0,222.0,333.0,32.0,17.0,39.0,50.0,166.0,365.0,0.0,,2017,2016-17
276.0,Randy Foye,33.0,BRK,SG,69.0,40.0,1284.0,118.0,325.0,0.363,67.0,203.0,0.33,51.0,122.0,0.418,0.466,54.0,63.0,0.857,9.0,146.0,155.0,135.0,35.0,9.0,80.0,99.0,357.0,0.0,,2017,2016-17
277.0,J.R. Smith,31.0,CLE,SG,41.0,35.0,1187.0,123.0,356.0,0.346,95.0,271.0,0.351,28.0,85.0,0.329,0.479,10.0,15.0,0.667,17.0,96.0,113.0,62.0,40.0,11.0,26.0,77.0,351.0,0.0,,2017,2016-17
278.0,Dorian Finney-Smith,23.0,DAL,PF,81.0,35.0,1642.0,124.0,333.0,0.372,56.0,191.0,0.293,68.0,142.0,0.479,0.456,46.0,61.0,0.754,55.0,167.0,222.0,67.0,52.0,25.0,45.0,125.0,350.0,0.0,,2017,2016-17
279.0,Alan Williams,24.0,PHO,C,47.0,0.0,708.0,138.0,267.0,0.517,0.0,1.0,0.0,138.0,266.0,0.519,0.517,70.0,112.0,0.625,94.0,198.0,292.0,23.0,27.0,32.0,37.0,125.0,346.0,0.0,,2017,2016-17
280.0,Stanley Johnson,20.0,DET,SF,77.0,1.0,1371.0,129.0,365.0,0.353,45.0,154.0,0.292,84.0,211.0,0.398,0.415,36.0,53.0,0.679,36.0,153.0,189.0,105.0,56.0,24.0,71.0,121.0,339.0,0.0,,2017,2016-17
281.0,Boris Diaw,34.0,UTA,PF,73.0,33.0,1283.0,146.0,327.0,0.446,20.0,81.0,0.247,126.0,246.0,0.512,0.477,26.0,35.0,0.743,46.0,112.0,158.0,170.0,18.0,9.0,87.0,83.0,338.0,0.0,,2017,2016-17
282.0,Spencer Hawes,28.0,2TM,PF,54.0,1.0,797.0,134.0,277.0,0.484,25.0,81.0,0.309,109.0,196.0,0.556,0.529,44.0,52.0,0.846,38.0,153.0,191.0,81.0,15.0,30.0,49.0,77.0,337.0,0.0,,2017,2016-17
282.0,Spencer Hawes,28.0,CHO,PF,35.0,1.0,626.0,104.0,218.0,0.477,16.0,55.0,0.291,88.0,163.0,0.54,0.514,30.0,34.0,0.882,32.0,114.0,146.0,62.0,13.0,26.0,40.0,61.0,254.0,0.0,,2017,2016-17
282.0,Spencer Hawes,28.0,MIL,PF,19.0,0.0,171.0,30.0,59.0,0.508,9.0,26.0,0.346,21.0,33.0,0.636,0.585,14.0,18.0,0.778,6.0,39.0,45.0,19.0,2.0,4.0,9.0,16.0,83.0,0.0,,2017,2016-17
283.0,Taurean Prince,22.0,ATL,SF,59.0,10.0,981.0,114.0,285.0,0.4,33.0,102.0,0.324,81.0,183.0,0.443,0.458,74.0,94.0,0.787,25.0,132.0,157.0,55.0,43.0,27.0,61.0,96.0,335.0,0.0,,2017,2016-17
284.0,Jodie Meeks,29.0,ORL,SG,36.0,10.0,738.0,103.0,256.0,0.402,56.0,137.0,0.409,47.0,119.0,0.395,0.512,65.0,74.0,0.878,5.0,72.0,77.0,45.0,34.0,4.0,36.0,41.0,327.0,0.0,,2017,2016-17
285.0,Noah Vonleh,21.0,POR,PF,74.0,41.0,1265.0,130.0,270.0,0.481,7.0,20.0,0.35,123.0,250.0,0.492,0.494,60.0,94.0,0.638,131.0,256.0,387.0,31.0,30.0,27.0,64.0,154.0,327.0,0.0,,2017,2016-17
286.0,Luke Babbitt,27.0,MIA,SF,68.0,55.0,1065.0,113.0,281.0,0.402,87.0,210.0,0.414,26.0,71.0,0.366,0.557,11.0,15.0,0.733,12.0,129.0,141.0,36.0,20.0,11.0,25.0,118.0,324.0,0.0,,2017,2016-17
287.0,Aaron Brooks,32.0,IND,PG,65.0,0.0,894.0,121.0,300.0,0.403,48.0,128.0,0.375,73.0,172.0,0.424,0.483,32.0,40.0,0.8,18.0,51.0,69.0,125.0,25.0,9.0,66.0,93.0,322.0,0.0,,2017,2016-17
288.0,Mario Hezonja,21.0,ORL,SF,65.0,2.0,960.0,117.0,330.0,0.355,43.0,144.0,0.299,74.0,186.0,0.398,0.42,40.0,50.0,0.8,20.0,126.0,146.0,62.0,30.0,15.0,58.0,74.0,317.0,0.0,,2017,2016-17
289.0,Cristiano Felício,24.0,CHI,C,66.0,0.0,1040.0,128.0,221.0,0.579,0.0,0.0,,128.0,221.0,0.579,0.579,60.0,93.0,0.645,124.0,187.0,311.0,40.0,25.0,17.0,33.0,110.0,316.0,0.0,,2017,2016-17
290.0,David West,36.0,GSW,C,68.0,0.0,854.0,135.0,252.0,0.536,3.0,8.0,0.375,132.0,244.0,0.541,0.542,43.0,56.0,0.768,47.0,156.0,203.0,151.0,42.0,48.0,78.0,105.0,316.0,0.0,,2017,2016-17
291.0,Ramon Sessions,30.0,CHO,PG,50.0,1.0,811.0,100.0,263.0,0.38,21.0,62.0,0.339,79.0,201.0,0.393,0.42,91.0,118.0,0.771,11.0,62.0,73.0,129.0,27.0,3.0,46.0,43.0,312.0,0.0,,2017,2016-17
292.0,Jason Terry,39.0,MIL,SG,74.0,0.0,1365.0,105.0,243.0,0.432,73.0,171.0,0.427,32.0,72.0,0.444,0.582,24.0,29.0,0.828,15.0,91.0,106.0,98.0,46.0,20.0,36.0,95.0,307.0,0.0,,2017,2016-17
293.0,Juancho Hernangómez,21.0,DEN,PF,62.0,9.0,842.0,101.0,224.0,0.451,46.0,113.0,0.407,55.0,111.0,0.495,0.554,57.0,76.0,0.75,43.0,144.0,187.0,29.0,30.0,12.0,31.0,62.0,305.0,0.0,,2017,2016-17
294.0,Derrick Williams,25.0,2TM,PF,50.0,11.0,804.0,108.0,244.0,0.443,30.0,97.0,0.309,78.0,147.0,0.531,0.504,58.0,89.0,0.652,19.0,111.0,130.0,28.0,14.0,7.0,28.0,60.0,304.0,0.0,,2017,2016-17
294.0,Derrick Williams,25.0,MIA,PF,25.0,11.0,377.0,54.0,137.0,0.394,9.0,45.0,0.2,45.0,92.0,0.489,0.427,31.0,50.0,0.62,16.0,57.0,73.0,14.0,9.0,5.0,14.0,33.0,148.0,0.0,,2017,2016-17
294.0,Derrick Williams,25.0,CLE,PF,25.0,0.0,427.0,54.0,107.0,0.505,21.0,52.0,0.404,33.0,55.0,0.6,0.603,27.0,39.0,0.692,3.0,54.0,57.0,14.0,5.0,2.0,14.0,27.0,156.0,0.0,,2017,2016-17
295.0,Dāvis Bertāns,24.0,SAS,PF,67.0,6.0,808.0,103.0,234.0,0.44,69.0,173.0,0.399,34.0,61.0,0.557,0.588,28.0,34.0,0.824,22.0,76.0,98.0,46.0,20.0,28.0,32.0,75.0,303.0,0.0,,2017,2016-17
296.0,Jonas Jerebko,29.0,BOS,PF,78.0,6.0,1232.0,114.0,262.0,0.435,45.0,130.0,0.346,69.0,132.0,0.523,0.521,26.0,37.0,0.703,59.0,213.0,272.0,71.0,25.0,17.0,39.0,122.0,299.0,0.0,,2017,2016-17
297.0,Michael Carter-Williams,25.0,CHI,PG,45.0,19.0,846.0,112.0,306.0,0.366,15.0,64.0,0.234,97.0,242.0,0.401,0.391,58.0,77.0,0.753,24.0,129.0,153.0,113.0,38.0,23.0,66.0,102.0,297.0,0.0,,2017,2016-17
298.0,Kris Dunn,22.0,MIN,PG,78.0,7.0,1333.0,118.0,313.0,0.377,21.0,73.0,0.288,97.0,240.0,0.404,0.411,36.0,59.0,0.61,24.0,142.0,166.0,188.0,78.0,36.0,89.0,178.0,293.0,0.0,,2017,2016-17
299.0,Brandon Bass,31.0,LAC,PF,52.0,0.0,577.0,107.0,186.0,0.575,1.0,3.0,0.333,106.0,183.0,0.579,0.578,77.0,88.0,0.875,43.0,86.0,129.0,21.0,14.0,11.0,29.0,45.0,292.0,0.0,,2017,2016-17
300.0,Denzel Valentine,23.0,CHI,SG,57.0,0.0,976.0,102.0,288.0,0.354,73.0,208.0,0.351,29.0,80.0,0.363,0.481,14.0,18.0,0.778,11.0,140.0,151.0,63.0,30.0,7.0,49.0,86.0,291.0,0.0,,2017,2016-17
301.0,Skal Labissière,20.0,SAC,PF,33.0,12.0,612.0,117.0,218.0,0.537,3.0,8.0,0.375,114.0,210.0,0.543,0.544,52.0,74.0,0.703,51.0,111.0,162.0,27.0,16.0,13.0,37.0,64.0,289.0,0.0,,2017,2016-17
302.0,Trey Burke,24.0,WAS,PG,57.0,0.0,703.0,116.0,255.0,0.455,31.0,70.0,0.443,85.0,185.0,0.459,0.516,22.0,29.0,0.759,7.0,40.0,47.0,100.0,11.0,5.0,48.0,54.0,285.0,0.0,,2017,2016-17
303.0,Ivica Zubac,19.0,LAL,C,38.0,11.0,609.0,126.0,238.0,0.529,0.0,3.0,0.0,126.0,235.0,0.536,0.529,32.0,49.0,0.653,41.0,118.0,159.0,30.0,14.0,33.0,30.0,66.0,284.0,0.0,,2017,2016-17
304.0,Alec Burks,25.0,UTA,SG,42.0,0.0,653.0,99.0,248.0,0.399,25.0,76.0,0.329,74.0,172.0,0.43,0.45,60.0,78.0,0.769,17.0,103.0,120.0,30.0,18.0,5.0,35.0,50.0,283.0,0.0,,2017,2016-17
305.0,Patrick McCaw,21.0,GSW,SG,71.0,20.0,1074.0,106.0,245.0,0.433,41.0,123.0,0.333,65.0,122.0,0.533,0.516,29.0,37.0,0.784,21.0,79.0,100.0,77.0,32.0,15.0,36.0,62.0,282.0,0.0,,2017,2016-17
306.0,Rodney Stuckey,30.0,IND,PG,39.0,0.0,696.0,91.0,244.0,0.373,19.0,60.0,0.317,72.0,184.0,0.391,0.412,80.0,107.0,0.748,6.0,78.0,84.0,84.0,16.0,0.0,53.0,44.0,281.0,0.0,,2017,2016-17
307.0,C.J. Watson,32.0,ORL,PG,62.0,9.0,1012.0,96.0,248.0,0.387,32.0,105.0,0.305,64.0,143.0,0.448,0.452,57.0,66.0,0.864,16.0,73.0,89.0,114.0,43.0,2.0,47.0,84.0,281.0,0.0,,2017,2016-17
308.0,Lance Thomas,28.0,NYK,PF,46.0,15.0,968.0,97.0,244.0,0.398,38.0,85.0,0.447,59.0,159.0,0.371,0.475,43.0,51.0,0.843,32.0,110.0,142.0,35.0,21.0,5.0,25.0,85.0,275.0,0.0,,2017,2016-17
309.0,Mike Dunleavy,36.0,2TM,SF,53.0,2.0,841.0,93.0,220.0,0.423,53.0,134.0,0.396,40.0,86.0,0.465,0.543,36.0,45.0,0.8,18.0,97.0,115.0,50.0,15.0,7.0,28.0,67.0,275.0,0.0,,2017,2016-17
309.0,Mike Dunleavy,36.0,CLE,SF,23.0,2.0,366.0,36.0,90.0,0.4,20.0,57.0,0.351,16.0,33.0,0.485,0.511,14.0,19.0,0.737,5.0,42.0,47.0,20.0,6.0,2.0,14.0,32.0,106.0,0.0,,2017,2016-17
309.0,Mike Dunleavy,36.0,ATL,SF,30.0,0.0,475.0,57.0,130.0,0.438,33.0,77.0,0.429,24.0,53.0,0.453,0.565,22.0,26.0,0.846,13.0,55.0,68.0,30.0,9.0,5.0,14.0,35.0,169.0,0.0,,2017,2016-17
310.0,Anthony Morrow,31.0,2TM,SG,49.0,7.0,714.0,98.0,252.0,0.389,41.0,133.0,0.308,57.0,119.0,0.479,0.47,34.0,37.0,0.919,12.0,19.0,31.0,25.0,24.0,2.0,6.0,44.0,271.0,0.0,,2017,2016-17
310.0,Anthony Morrow,31.0,OKC,SG,40.0,7.0,627.0,86.0,223.0,0.386,35.0,119.0,0.294,51.0,104.0,0.49,0.464,23.0,26.0,0.885,11.0,18.0,29.0,19.0,22.0,2.0,6.0,40.0,230.0,0.0,,2017,2016-17
310.0,Anthony Morrow,31.0,CHI,SG,9.0,0.0,87.0,12.0,29.0,0.414,6.0,14.0,0.429,6.0,15.0,0.4,0.517,11.0,11.0,1.0,1.0,1.0,2.0,6.0,2.0,0.0,0.0,4.0,41.0,0.0,,2017,2016-17
311.0,Jordan Crawford,28.0,NOP,SG,19.0,0.0,442.0,105.0,218.0,0.482,37.0,95.0,0.389,68.0,123.0,0.553,0.567,20.0,26.0,0.769,4.0,30.0,34.0,57.0,11.0,2.0,25.0,30.0,267.0,0.0,,2017,2016-17
312.0,Darrell Arthur,28.0,DEN,PF,41.0,7.0,639.0,95.0,215.0,0.442,53.0,117.0,0.453,42.0,98.0,0.429,0.565,19.0,22.0,0.864,25.0,87.0,112.0,42.0,19.0,21.0,36.0,76.0,262.0,0.0,,2017,2016-17
313.0,Gerald Green,31.0,BOS,SF,47.0,0.0,538.0,95.0,232.0,0.409,39.0,111.0,0.351,56.0,121.0,0.463,0.494,33.0,41.0,0.805,16.0,68.0,84.0,33.0,9.0,7.0,25.0,48.0,262.0,0.0,,2017,2016-17
314.0,Kris Humphries,31.0,ATL,PF,56.0,4.0,689.0,87.0,214.0,0.407,19.0,54.0,0.352,68.0,160.0,0.425,0.451,64.0,82.0,0.78,60.0,146.0,206.0,29.0,15.0,21.0,28.0,69.0,257.0,0.0,,2017,2016-17
315.0,Lucas Nogueira,24.0,TOR,C,57.0,6.0,1088.0,103.0,156.0,0.66,3.0,12.0,0.25,100.0,144.0,0.694,0.67,44.0,67.0,0.657,82.0,162.0,244.0,42.0,52.0,89.0,46.0,137.0,253.0,0.0,,2017,2016-17
316.0,Kyle Anderson,23.0,SAS,SF,72.0,14.0,1020.0,93.0,209.0,0.445,15.0,40.0,0.375,78.0,169.0,0.462,0.481,45.0,57.0,0.789,33.0,175.0,208.0,91.0,51.0,26.0,39.0,63.0,246.0,0.0,,2017,2016-17
317.0,Thomas Robinson,25.0,LAL,PF,48.0,1.0,560.0,105.0,196.0,0.536,0.0,1.0,0.0,105.0,195.0,0.538,0.536,31.0,66.0,0.47,84.0,139.0,223.0,31.0,26.0,9.0,46.0,76.0,241.0,0.0,,2017,2016-17
318.0,Paul Zipser,22.0,CHI,SF,44.0,18.0,843.0,88.0,221.0,0.398,33.0,99.0,0.333,55.0,122.0,0.451,0.473,31.0,40.0,0.775,15.0,110.0,125.0,36.0,15.0,16.0,40.0,78.0,240.0,0.0,,2017,2016-17
319.0,Joakim Noah,31.0,NYK,C,46.0,46.0,1015.0,99.0,202.0,0.49,0.0,1.0,0.0,99.0,201.0,0.493,0.49,34.0,78.0,0.436,162.0,241.0,403.0,103.0,30.0,37.0,58.0,127.0,232.0,0.0,,2017,2016-17
320.0,Kevin Séraphin,27.0,IND,PF,49.0,3.0,559.0,109.0,198.0,0.551,0.0,2.0,0.0,109.0,196.0,0.556,0.551,14.0,22.0,0.636,41.0,101.0,142.0,23.0,7.0,20.0,29.0,66.0,232.0,0.0,,2017,2016-17
321.0,Pascal Siakam,22.0,TOR,PF,55.0,38.0,859.0,103.0,205.0,0.502,1.0,7.0,0.143,102.0,198.0,0.515,0.505,22.0,32.0,0.688,64.0,121.0,185.0,17.0,26.0,45.0,33.0,109.0,229.0,0.0,,2017,2016-17
322.0,Tyler Ennis,22.0,2TM,PG,53.0,2.0,588.0,90.0,208.0,0.433,27.0,70.0,0.386,63.0,138.0,0.457,0.498,21.0,25.0,0.84,9.0,36.0,45.0,86.0,25.0,2.0,45.0,58.0,228.0,0.0,,2017,2016-17
322.0,Tyler Ennis,22.0,HOU,PG,31.0,0.0,196.0,25.0,64.0,0.391,6.0,16.0,0.375,19.0,48.0,0.396,0.438,2.0,3.0,0.667,4.0,15.0,19.0,34.0,6.0,0.0,24.0,29.0,58.0,0.0,,2017,2016-17
322.0,Tyler Ennis,22.0,LAL,PG,22.0,2.0,392.0,65.0,144.0,0.451,21.0,54.0,0.389,44.0,90.0,0.489,0.524,19.0,22.0,0.864,5.0,21.0,26.0,52.0,19.0,2.0,21.0,29.0,170.0,0.0,,2017,2016-17
323.0,Beno Udrih,34.0,DET,PG,39.0,0.0,560.0,92.0,197.0,0.467,11.0,32.0,0.344,81.0,165.0,0.491,0.495,32.0,34.0,0.941,6.0,51.0,57.0,131.0,13.0,0.0,36.0,29.0,227.0,0.0,,2017,2016-17
324.0,Thon Maker,19.0,MIL,C,57.0,34.0,562.0,83.0,181.0,0.459,28.0,74.0,0.378,55.0,107.0,0.514,0.536,32.0,49.0,0.653,40.0,74.0,114.0,23.0,10.0,26.0,17.0,84.0,226.0,0.0,,2017,2016-17
325.0,Quincy Acy,26.0,2TM,PF,38.0,1.0,558.0,70.0,170.0,0.412,37.0,90.0,0.411,33.0,80.0,0.413,0.521,45.0,60.0,0.75,20.0,95.0,115.0,18.0,14.0,15.0,21.0,67.0,222.0,0.0,,2017,2016-17
325.0,Quincy Acy,26.0,DAL,PF,6.0,0.0,48.0,5.0,17.0,0.294,1.0,7.0,0.143,4.0,10.0,0.4,0.324,2.0,3.0,0.667,2.0,6.0,8.0,0.0,0.0,0.0,2.0,9.0,13.0,0.0,,2017,2016-17
325.0,Quincy Acy,26.0,BRK,PF,32.0,1.0,510.0,65.0,153.0,0.425,36.0,83.0,0.434,29.0,70.0,0.414,0.542,43.0,57.0,0.754,18.0,89.0,107.0,18.0,14.0,15.0,19.0,58.0,209.0,0.0,,2017,2016-17
326.0,Roy Hibbert,30.0,2TM,C,48.0,13.0,682.0,80.0,147.0,0.544,0.0,0.0,,80.0,147.0,0.544,0.544,61.0,75.0,0.813,54.0,98.0,152.0,21.0,8.0,46.0,32.0,100.0,221.0,0.0,,2017,2016-17
326.0,Roy Hibbert,30.0,CHO,C,42.0,13.0,671.0,78.0,144.0,0.542,0.0,0.0,,78.0,144.0,0.542,0.542,61.0,75.0,0.813,53.0,97.0,150.0,20.0,8.0,44.0,31.0,97.0,217.0,0.0,,2017,2016-17
326.0,Roy Hibbert,30.0,DEN,C,6.0,0.0,11.0,2.0,3.0,0.667,0.0,0.0,,2.0,3.0,0.667,0.667,0.0,0.0,,1.0,1.0,2.0,1.0,0.0,2.0,1.0,3.0,4.0,0.0,,2017,2016-17
327.0,Marcus Thornton,29.0,WAS,SG,33.0,1.0,575.0,84.0,210.0,0.4,28.0,80.0,0.35,56.0,130.0,0.431,0.467,23.0,27.0,0.852,22.0,54.0,76.0,41.0,19.0,3.0,25.0,48.0,219.0,0.0,,2017,2016-17
328.0,Shabazz Napier,25.0,POR,PG,53.0,2.0,512.0,73.0,183.0,0.399,34.0,92.0,0.37,39.0,91.0,0.429,0.492,38.0,49.0,0.776,8.0,53.0,61.0,67.0,32.0,2.0,41.0,38.0,218.0,0.0,,2017,2016-17
329.0,Ron Baker,23.0,NYK,SG,52.0,13.0,857.0,82.0,217.0,0.378,23.0,86.0,0.267,59.0,131.0,0.45,0.431,28.0,43.0,0.651,12.0,86.0,98.0,107.0,34.0,8.0,56.0,74.0,215.0,0.0,,2017,2016-17
330.0,Salah Mejri,30.0,DAL,C,73.0,11.0,905.0,88.0,137.0,0.642,1.0,3.0,0.333,87.0,134.0,0.649,0.646,36.0,61.0,0.59,97.0,211.0,308.0,14.0,32.0,61.0,40.0,152.0,213.0,0.0,,2017,2016-17
331.0,Chandler Parsons,28.0,MEM,SF,34.0,34.0,675.0,75.0,222.0,0.338,25.0,93.0,0.269,50.0,129.0,0.388,0.394,35.0,43.0,0.814,6.0,78.0,84.0,55.0,20.0,5.0,24.0,52.0,210.0,0.0,,2017,2016-17
332.0,Tyus Jones,20.0,MIN,PG,60.0,0.0,774.0,75.0,181.0,0.414,26.0,73.0,0.356,49.0,108.0,0.454,0.486,33.0,43.0,0.767,10.0,57.0,67.0,156.0,48.0,5.0,38.0,50.0,209.0,0.0,,2017,2016-17
333.0,Alexis Ajinça,28.0,NOP,C,39.0,15.0,584.0,89.0,178.0,0.5,0.0,4.0,0.0,89.0,174.0,0.511,0.5,29.0,40.0,0.725,46.0,131.0,177.0,12.0,20.0,22.0,31.0,77.0,207.0,0.0,,2017,2016-17
334.0,K.J. McDaniels,23.0,2TM,SF,49.0,0.0,505.0,77.0,169.0,0.456,20.0,66.0,0.303,57.0,103.0,0.553,0.515,32.0,38.0,0.842,15.0,67.0,82.0,13.0,19.0,18.0,29.0,49.0,206.0,0.0,,2017,2016-17
334.0,K.J. McDaniels,23.0,HOU,SF,29.0,0.0,212.0,31.0,68.0,0.456,9.0,27.0,0.333,22.0,41.0,0.537,0.522,9.0,10.0,0.9,6.0,24.0,30.0,4.0,7.0,8.0,10.0,24.0,80.0,0.0,,2017,2016-17
334.0,K.J. McDaniels,23.0,BRK,SF,20.0,0.0,293.0,46.0,101.0,0.455,11.0,39.0,0.282,35.0,62.0,0.565,0.51,23.0,28.0,0.821,9.0,43.0,52.0,9.0,12.0,10.0,19.0,25.0,126.0,0.0,,2017,2016-17
335.0,Hollis Thompson,25.0,2TM,SG,40.0,9.0,752.0,77.0,200.0,0.385,32.0,95.0,0.337,45.0,105.0,0.429,0.465,19.0,29.0,0.655,19.0,93.0,112.0,35.0,20.0,6.0,11.0,69.0,205.0,0.0,,2017,2016-17
335.0,Hollis Thompson,25.0,PHI,SG,31.0,1.0,561.0,66.0,159.0,0.415,26.0,71.0,0.366,40.0,88.0,0.455,0.497,13.0,20.0,0.65,15.0,69.0,84.0,26.0,14.0,6.0,9.0,55.0,171.0,0.0,,2017,2016-17
335.0,Hollis Thompson,25.0,NOP,SG,9.0,8.0,191.0,11.0,41.0,0.268,6.0,24.0,0.25,5.0,17.0,0.294,0.341,6.0,9.0,0.667,4.0,24.0,28.0,9.0,6.0,0.0,2.0,14.0,34.0,0.0,,2017,2016-17
336.0,Ed Davis,27.0,POR,PF,46.0,12.0,789.0,75.0,142.0,0.528,0.0,0.0,,75.0,142.0,0.528,0.528,50.0,81.0,0.617,96.0,148.0,244.0,26.0,15.0,22.0,37.0,137.0,200.0,0.0,,2017,2016-17
337.0,Brandon Rush,31.0,MIN,SG,47.0,33.0,1030.0,70.0,187.0,0.374,44.0,114.0,0.386,26.0,73.0,0.356,0.492,13.0,18.0,0.722,16.0,83.0,99.0,45.0,22.0,23.0,28.0,42.0,197.0,0.0,,2017,2016-17
338.0,Justise Winslow,20.0,MIA,SF,18.0,15.0,625.0,80.0,225.0,0.356,7.0,35.0,0.2,73.0,190.0,0.384,0.371,29.0,47.0,0.617,23.0,71.0,94.0,66.0,26.0,6.0,33.0,52.0,196.0,0.0,,2017,2016-17
339.0,Boban Marjanović,28.0,DET,C,35.0,0.0,293.0,72.0,132.0,0.545,0.0,0.0,,72.0,132.0,0.545,0.545,47.0,58.0,0.81,46.0,84.0,130.0,9.0,6.0,12.0,10.0,25.0,191.0,0.0,,2017,2016-17
340.0,Brandan Wright,29.0,MEM,PF,28.0,5.0,447.0,83.0,135.0,0.615,0.0,1.0,0.0,83.0,134.0,0.619,0.615,23.0,35.0,0.657,31.0,47.0,78.0,15.0,11.0,20.0,10.0,42.0,189.0,0.0,,2017,2016-17
341.0,Wesley Johnson,29.0,LAC,SF,68.0,3.0,810.0,73.0,200.0,0.365,29.0,118.0,0.246,44.0,82.0,0.537,0.438,11.0,17.0,0.647,26.0,155.0,181.0,23.0,29.0,30.0,18.0,83.0,186.0,0.0,,2017,2016-17
342.0,Omri Casspi,28.0,3TM,PF,36.0,2.0,643.0,77.0,164.0,0.47,15.0,43.0,0.349,62.0,121.0,0.512,0.515,17.0,29.0,0.586,27.0,85.0,112.0,37.0,23.0,3.0,29.0,50.0,186.0,0.0,,2017,2016-17
342.0,Omri Casspi,28.0,SAC,PF,22.0,2.0,397.0,53.0,117.0,0.453,11.0,29.0,0.379,42.0,88.0,0.477,0.5,12.0,21.0,0.571,20.0,70.0,90.0,26.0,10.0,1.0,17.0,23.0,129.0,0.0,,2017,2016-17
342.0,Omri Casspi,28.0,NOP,PF,1.0,0.0,24.0,5.0,9.0,0.556,2.0,4.0,0.5,3.0,5.0,0.6,0.667,0.0,0.0,,1.0,1.0,2.0,0.0,0.0,0.0,2.0,3.0,12.0,0.0,,2017,2016-17
342.0,Omri Casspi,28.0,MIN,PF,13.0,0.0,222.0,19.0,38.0,0.5,2.0,10.0,0.2,17.0,28.0,0.607,0.526,5.0,8.0,0.625,6.0,14.0,20.0,11.0,13.0,2.0,10.0,24.0,45.0,0.0,,2017,2016-17
343.0,Troy Williams,22.0,2TM,SF,30.0,16.0,557.0,73.0,167.0,0.437,18.0,62.0,0.29,55.0,105.0,0.524,0.491,21.0,32.0,0.656,15.0,54.0,69.0,25.0,27.0,10.0,32.0,60.0,185.0,0.0,,2017,2016-17
343.0,Troy Williams,22.0,MEM,SF,24.0,13.0,418.0,51.0,123.0,0.415,10.0,41.0,0.244,41.0,82.0,0.5,0.455,15.0,25.0,0.6,6.0,39.0,45.0,19.0,24.0,9.0,26.0,42.0,127.0,0.0,,2017,2016-17
343.0,Troy Williams,22.0,HOU,SF,6.0,3.0,139.0,22.0,44.0,0.5,8.0,21.0,0.381,14.0,23.0,0.609,0.591,6.0,7.0,0.857,9.0,15.0,24.0,6.0,3.0,1.0,6.0,18.0,58.0,0.0,,2017,2016-17
344.0,Luis Scola,36.0,BRK,PF,36.0,1.0,461.0,71.0,151.0,0.47,17.0,50.0,0.34,54.0,101.0,0.535,0.526,25.0,37.0,0.676,51.0,88.0,139.0,37.0,14.0,4.0,34.0,63.0,184.0,0.0,,2017,2016-17
345.0,Semaj Christon,24.0,OKC,PG,64.0,1.0,973.0,77.0,223.0,0.345,12.0,63.0,0.19,65.0,160.0,0.406,0.372,17.0,31.0,0.548,19.0,68.0,87.0,130.0,28.0,7.0,43.0,79.0,183.0,0.0,,2017,2016-17
346.0,Isaiah Canaan,25.0,CHI,SG,39.0,0.0,592.0,63.0,173.0,0.364,25.0,94.0,0.266,38.0,79.0,0.481,0.436,30.0,33.0,0.909,6.0,44.0,50.0,37.0,22.0,1.0,21.0,35.0,181.0,0.0,,2017,2016-17
347.0,Tyler Zeller,27.0,BOS,C,51.0,5.0,525.0,78.0,158.0,0.494,0.0,1.0,0.0,78.0,157.0,0.497,0.494,22.0,39.0,0.564,43.0,81.0,124.0,42.0,7.0,21.0,20.0,61.0,178.0,0.0,,2017,2016-17
348.0,Lavoy Allen,27.0,IND,PF,61.0,5.0,871.0,77.0,168.0,0.458,0.0,1.0,0.0,77.0,167.0,0.461,0.458,23.0,33.0,0.697,105.0,114.0,219.0,57.0,18.0,24.0,29.0,78.0,177.0,0.0,,2017,2016-17
349.0,Ian Mahinmi,30.0,WAS,C,31.0,0.0,555.0,65.0,111.0,0.586,0.0,0.0,,65.0,111.0,0.586,0.586,43.0,75.0,0.573,47.0,103.0,150.0,19.0,33.0,24.0,34.0,90.0,173.0,0.0,,2017,2016-17
350.0,Derrick Jones Jr.,19.0,PHO,SF,32.0,8.0,545.0,68.0,121.0,0.562,3.0,11.0,0.273,65.0,110.0,0.591,0.574,29.0,41.0,0.707,39.0,40.0,79.0,12.0,14.0,13.0,13.0,63.0,168.0,0.0,,2017,2016-17
351.0,Kay Felder,21.0,CLE,PG,42.0,0.0,386.0,62.0,158.0,0.392,7.0,22.0,0.318,55.0,136.0,0.404,0.415,35.0,49.0,0.714,3.0,38.0,41.0,58.0,18.0,7.0,30.0,38.0,166.0,0.0,,2017,2016-17
352.0,Jarell Martin,22.0,MEM,PF,42.0,3.0,558.0,58.0,151.0,0.384,9.0,25.0,0.36,49.0,126.0,0.389,0.414,40.0,50.0,0.8,42.0,120.0,162.0,8.0,17.0,9.0,28.0,91.0,165.0,0.0,,2017,2016-17
353.0,Jakob Poeltl,21.0,TOR,C,54.0,4.0,626.0,67.0,115.0,0.583,0.0,0.0,,67.0,115.0,0.583,0.583,31.0,57.0,0.544,78.0,87.0,165.0,12.0,17.0,20.0,29.0,113.0,165.0,0.0,,2017,2016-17
354.0,Jordan McRae,25.0,CLE,SG,37.0,4.0,384.0,58.0,150.0,0.387,18.0,51.0,0.353,40.0,99.0,0.404,0.447,27.0,34.0,0.794,6.0,35.0,41.0,19.0,8.0,6.0,14.0,31.0,161.0,0.0,,2017,2016-17
355.0,Cameron Payne,22.0,2TM,PG,31.0,0.0,462.0,64.0,193.0,0.332,27.0,86.0,0.314,37.0,107.0,0.346,0.402,5.0,8.0,0.625,3.0,45.0,48.0,55.0,14.0,4.0,29.0,52.0,160.0,0.0,,2017,2016-17
355.0,Cameron Payne,22.0,OKC,PG,20.0,0.0,320.0,43.0,130.0,0.331,16.0,52.0,0.308,27.0,78.0,0.346,0.392,4.0,4.0,1.0,2.0,29.0,31.0,40.0,10.0,4.0,16.0,38.0,106.0,0.0,,2017,2016-17
355.0,Cameron Payne,22.0,CHI,PG,11.0,0.0,142.0,21.0,63.0,0.333,11.0,34.0,0.324,10.0,29.0,0.345,0.421,1.0,4.0,0.25,1.0,16.0,17.0,15.0,4.0,0.0,13.0,14.0,54.0,0.0,,2017,2016-17
356.0,Tomáš Satoranský,25.0,WAS,SG,57.0,3.0,719.0,61.0,147.0,0.415,9.0,37.0,0.243,52.0,110.0,0.473,0.446,23.0,33.0,0.697,25.0,58.0,83.0,92.0,26.0,6.0,38.0,60.0,154.0,0.0,,2017,2016-17
357.0,DeAndre Liggins,28.0,2TM,SG,62.0,19.0,777.0,55.0,142.0,0.387,17.0,46.0,0.37,38.0,96.0,0.396,0.447,25.0,40.0,0.625,20.0,88.0,108.0,54.0,47.0,14.0,42.0,81.0,152.0,0.0,,2017,2016-17
357.0,DeAndre Liggins,28.0,CLE,SG,61.0,19.0,752.0,52.0,136.0,0.382,17.0,45.0,0.378,35.0,91.0,0.385,0.445,23.0,37.0,0.622,17.0,84.0,101.0,54.0,45.0,14.0,42.0,78.0,144.0,0.0,,2017,2016-17
357.0,DeAndre Liggins,28.0,DAL,SG,1.0,0.0,25.0,3.0,6.0,0.5,0.0,1.0,0.0,3.0,5.0,0.6,0.5,2.0,3.0,0.667,3.0,4.0,7.0,0.0,2.0,0.0,0.0,3.0,8.0,0.0,,2017,2016-17
358.0,Nicolás Brussino,23.0,DAL,SG,54.0,2.0,521.0,52.0,141.0,0.369,29.0,95.0,0.305,23.0,46.0,0.5,0.472,17.0,22.0,0.773,26.0,69.0,95.0,47.0,17.0,8.0,26.0,43.0,150.0,0.0,,2017,2016-17
359.0,Donatas Motiejūnas,26.0,NOP,PF,34.0,0.0,479.0,57.0,138.0,0.413,11.0,47.0,0.234,46.0,91.0,0.505,0.453,25.0,49.0,0.51,26.0,75.0,101.0,32.0,18.0,11.0,31.0,55.0,150.0,0.0,,2017,2016-17
360.0,Delon Wright,24.0,TOR,PG,27.0,0.0,446.0,49.0,116.0,0.422,10.0,30.0,0.333,39.0,86.0,0.453,0.466,42.0,55.0,0.764,16.0,32.0,48.0,57.0,27.0,11.0,25.0,31.0,150.0,0.0,,2017,2016-17
361.0,Shawn Long,24.0,PHI,C,18.0,0.0,234.0,61.0,109.0,0.56,7.0,19.0,0.368,54.0,90.0,0.6,0.592,19.0,35.0,0.543,41.0,44.0,85.0,13.0,9.0,9.0,13.0,49.0,148.0,0.0,,2017,2016-17
362.0,James Michael McAdoo,24.0,GSW,PF,52.0,2.0,457.0,62.0,117.0,0.53,2.0,8.0,0.25,60.0,109.0,0.55,0.538,21.0,42.0,0.5,34.0,57.0,91.0,18.0,18.0,29.0,19.0,47.0,147.0,0.0,,2017,2016-17
363.0,Dragan Bender,19.0,PHO,PF,43.0,0.0,574.0,57.0,161.0,0.354,28.0,101.0,0.277,29.0,60.0,0.483,0.441,4.0,11.0,0.364,23.0,80.0,103.0,23.0,10.0,22.0,32.0,74.0,146.0,0.0,,2017,2016-17
364.0,Jeff Withey,26.0,UTA,C,51.0,1.0,432.0,55.0,103.0,0.534,0.0,1.0,0.0,55.0,102.0,0.539,0.534,36.0,48.0,0.75,52.0,69.0,121.0,7.0,16.0,32.0,14.0,52.0,146.0,0.0,,2017,2016-17
365.0,Brian Roberts,31.0,CHO,PG,41.0,2.0,416.0,46.0,122.0,0.377,17.0,44.0,0.386,29.0,78.0,0.372,0.447,33.0,39.0,0.846,5.0,34.0,39.0,52.0,9.0,1.0,26.0,18.0,142.0,0.0,,2017,2016-17
366.0,Rashad Vaughn,20.0,MIL,SG,41.0,2.0,458.0,57.0,156.0,0.365,26.0,81.0,0.321,31.0,75.0,0.413,0.449,2.0,5.0,0.4,4.0,45.0,49.0,23.0,19.0,10.0,14.0,32.0,142.0,0.0,,2017,2016-17
367.0,Reggie Bullock,25.0,DET,SF,31.0,5.0,467.0,54.0,128.0,0.422,28.0,73.0,0.384,26.0,55.0,0.473,0.531,5.0,7.0,0.714,13.0,51.0,64.0,29.0,18.0,3.0,10.0,22.0,141.0,0.0,,2017,2016-17
368.0,José Calderón,35.0,2TM,PG,41.0,13.0,539.0,55.0,134.0,0.41,20.0,64.0,0.313,35.0,70.0,0.5,0.485,11.0,12.0,0.917,15.0,59.0,74.0,88.0,11.0,1.0,41.0,36.0,141.0,0.0,,2017,2016-17
368.0,José Calderón,35.0,LAL,PG,24.0,11.0,292.0,32.0,77.0,0.416,12.0,34.0,0.353,20.0,43.0,0.465,0.494,4.0,4.0,1.0,8.0,34.0,42.0,51.0,7.0,1.0,26.0,22.0,80.0,0.0,,2017,2016-17
368.0,José Calderón,35.0,ATL,PG,17.0,2.0,247.0,23.0,57.0,0.404,8.0,30.0,0.267,15.0,27.0,0.556,0.474,7.0,8.0,0.875,7.0,25.0,32.0,37.0,4.0,0.0,15.0,14.0,61.0,0.0,,2017,2016-17
369.0,Chasson Randle,23.0,2TM,PG,26.0,0.0,299.0,40.0,98.0,0.408,16.0,47.0,0.34,24.0,51.0,0.471,0.49,41.0,43.0,0.953,6.0,26.0,32.0,34.0,9.0,2.0,19.0,39.0,137.0,0.0,,2017,2016-17
369.0,Chasson Randle,23.0,PHI,PG,8.0,0.0,74.0,12.0,26.0,0.462,6.0,15.0,0.4,6.0,11.0,0.545,0.577,12.0,12.0,1.0,0.0,5.0,5.0,6.0,3.0,1.0,3.0,11.0,42.0,0.0,,2017,2016-17
369.0,Chasson Randle,23.0,NYK,PG,18.0,0.0,225.0,28.0,72.0,0.389,10.0,32.0,0.313,18.0,40.0,0.45,0.458,29.0,31.0,0.935,6.0,21.0,27.0,28.0,6.0,1.0,16.0,28.0,95.0,0.0,,2017,2016-17
370.0,Kevon Looney,20.0,GSW,C,53.0,4.0,447.0,56.0,107.0,0.523,2.0,9.0,0.222,54.0,98.0,0.551,0.533,21.0,34.0,0.618,44.0,80.0,124.0,29.0,15.0,17.0,17.0,64.0,135.0,0.0,,2017,2016-17
371.0,James Jones,36.0,CLE,SF,48.0,2.0,381.0,44.0,92.0,0.478,31.0,66.0,0.47,13.0,26.0,0.5,0.647,13.0,20.0,0.65,3.0,34.0,37.0,14.0,6.0,10.0,10.0,37.0,132.0,0.0,,2017,2016-17
372.0,Dejounte Murray,20.0,SAS,PG,38.0,8.0,322.0,50.0,116.0,0.431,9.0,23.0,0.391,41.0,93.0,0.441,0.47,21.0,30.0,0.7,6.0,36.0,42.0,48.0,8.0,6.0,38.0,29.0,130.0,0.0,,2017,2016-17
373.0,Darrun Hilliard,23.0,DET,SG,39.0,1.0,381.0,47.0,126.0,0.373,12.0,46.0,0.261,35.0,80.0,0.438,0.421,21.0,28.0,0.75,2.0,31.0,33.0,33.0,11.0,2.0,28.0,39.0,127.0,0.0,,2017,2016-17
374.0,Georgios Papagiannis,19.0,SAC,C,22.0,0.0,355.0,56.0,102.0,0.549,0.0,2.0,0.0,56.0,100.0,0.56,0.549,12.0,14.0,0.857,24.0,62.0,86.0,20.0,3.0,17.0,24.0,44.0,124.0,0.0,,2017,2016-17
375.0,Sasha Vujačić,32.0,NYK,SG,42.0,4.0,408.0,42.0,136.0,0.309,23.0,74.0,0.311,19.0,62.0,0.306,0.393,17.0,24.0,0.708,12.0,47.0,59.0,52.0,13.0,2.0,16.0,38.0,124.0,0.0,,2017,2016-17
376.0,Lance Stephenson,26.0,3TM,SG,18.0,0.0,361.0,54.0,120.0,0.45,6.0,20.0,0.3,48.0,100.0,0.48,0.475,8.0,13.0,0.615,4.0,48.0,52.0,59.0,5.0,3.0,26.0,32.0,122.0,0.0,,2017,2016-17
376.0,Lance Stephenson,26.0,NOP,SG,6.0,0.0,162.0,26.0,55.0,0.473,1.0,10.0,0.1,25.0,45.0,0.556,0.482,5.0,8.0,0.625,3.0,15.0,18.0,29.0,2.0,1.0,11.0,18.0,58.0,0.0,,2017,2016-17
376.0,Lance Stephenson,26.0,MIN,SG,6.0,0.0,67.0,10.0,21.0,0.476,0.0,2.0,0.0,10.0,19.0,0.526,0.476,1.0,2.0,0.5,0.0,10.0,10.0,5.0,0.0,0.0,4.0,2.0,21.0,0.0,,2017,2016-17
376.0,Lance Stephenson,26.0,IND,SG,6.0,0.0,132.0,18.0,44.0,0.409,5.0,8.0,0.625,13.0,36.0,0.361,0.466,2.0,3.0,0.667,1.0,23.0,24.0,25.0,3.0,2.0,11.0,12.0,43.0,0.0,,2017,2016-17
377.0,David Nwaba,24.0,LAL,SG,20.0,2.0,397.0,47.0,81.0,0.58,1.0,5.0,0.2,46.0,76.0,0.605,0.586,25.0,39.0,0.641,17.0,46.0,63.0,14.0,13.0,7.0,11.0,36.0,120.0,0.0,,2017,2016-17
378.0,Toney Douglas,30.0,MEM,PG,24.0,0.0,394.0,43.0,117.0,0.368,7.0,42.0,0.167,36.0,75.0,0.48,0.397,24.0,29.0,0.828,13.0,48.0,61.0,56.0,18.0,5.0,21.0,50.0,117.0,0.0,,2017,2016-17
379.0,Anthony Bennett,23.0,BRK,PF,23.0,1.0,264.0,38.0,92.0,0.413,13.0,48.0,0.271,25.0,44.0,0.568,0.484,26.0,36.0,0.722,25.0,53.0,78.0,12.0,5.0,3.0,12.0,18.0,115.0,0.0,,2017,2016-17
380.0,Miles Plumlee,28.0,2TM,C,45.0,12.0,484.0,44.0,92.0,0.478,0.0,0.0,,44.0,92.0,0.478,0.478,25.0,39.0,0.641,38.0,57.0,95.0,21.0,18.0,13.0,30.0,73.0,113.0,0.0,,2017,2016-17
380.0,Miles Plumlee,28.0,MIL,C,32.0,12.0,310.0,30.0,68.0,0.441,0.0,0.0,,30.0,68.0,0.441,0.441,22.0,35.0,0.629,23.0,30.0,53.0,18.0,11.0,9.0,22.0,48.0,82.0,0.0,,2017,2016-17
380.0,Miles Plumlee,28.0,CHO,C,13.0,0.0,174.0,14.0,24.0,0.583,0.0,0.0,,14.0,24.0,0.583,0.583,3.0,4.0,0.75,15.0,27.0,42.0,3.0,7.0,4.0,8.0,25.0,31.0,0.0,,2017,2016-17
381.0,Archie Goodwin,22.0,2TM,SG,15.0,0.0,214.0,36.0,66.0,0.545,5.0,15.0,0.333,31.0,51.0,0.608,0.583,33.0,42.0,0.786,7.0,21.0,28.0,24.0,4.0,5.0,14.0,8.0,110.0,0.0,,2017,2016-17
381.0,Archie Goodwin,22.0,NOP,SG,3.0,0.0,30.0,2.0,5.0,0.4,1.0,2.0,0.5,1.0,3.0,0.333,0.5,10.0,10.0,1.0,0.0,0.0,0.0,1.0,0.0,1.0,0.0,1.0,15.0,0.0,,2017,2016-17
381.0,Archie Goodwin,22.0,BRK,SG,12.0,0.0,184.0,34.0,61.0,0.557,4.0,13.0,0.308,30.0,48.0,0.625,0.59,23.0,32.0,0.719,7.0,21.0,28.0,23.0,4.0,4.0,14.0,7.0,95.0,0.0,,2017,2016-17
382.0,Josh McRoberts,29.0,MIA,PF,22.0,14.0,381.0,44.0,118.0,0.373,13.0,31.0,0.419,31.0,87.0,0.356,0.428,6.0,9.0,0.667,23.0,51.0,74.0,50.0,10.0,4.0,23.0,31.0,107.0,0.0,,2017,2016-17
383.0,Fred VanVleet,22.0,TOR,PG,37.0,0.0,294.0,39.0,111.0,0.351,11.0,29.0,0.379,28.0,82.0,0.341,0.401,18.0,22.0,0.818,4.0,38.0,42.0,35.0,16.0,3.0,15.0,36.0,107.0,0.0,,2017,2016-17
384.0,Wade Baldwin,20.0,MEM,PG,33.0,1.0,405.0,36.0,115.0,0.313,3.0,22.0,0.136,33.0,93.0,0.355,0.326,31.0,37.0,0.838,11.0,35.0,46.0,61.0,18.0,7.0,39.0,40.0,106.0,0.0,,2017,2016-17
385.0,Jonathan Gibson,29.0,DAL,PG,17.0,0.0,231.0,35.0,95.0,0.368,15.0,45.0,0.333,20.0,50.0,0.4,0.447,21.0,29.0,0.724,1.0,21.0,22.0,26.0,8.0,0.0,21.0,21.0,106.0,0.0,,2017,2016-17
386.0,Cole Aldrich,28.0,MIN,C,62.0,0.0,531.0,45.0,86.0,0.523,0.0,0.0,,45.0,86.0,0.523,0.523,15.0,22.0,0.682,51.0,107.0,158.0,25.0,25.0,23.0,17.0,85.0,105.0,0.0,,2017,2016-17
387.0,DeAndre' Bembry,22.0,ATL,SF,38.0,1.0,371.0,47.0,98.0,0.48,1.0,18.0,0.056,46.0,80.0,0.575,0.485,6.0,16.0,0.375,14.0,45.0,59.0,28.0,8.0,5.0,16.0,21.0,101.0,0.0,,2017,2016-17
388.0,Raul Neto,24.0,UTA,PG,40.0,0.0,346.0,41.0,91.0,0.451,10.0,31.0,0.323,31.0,60.0,0.517,0.505,8.0,9.0,0.889,4.0,26.0,30.0,34.0,21.0,5.0,15.0,48.0,100.0,0.0,,2017,2016-17
389.0,Andrew Nicholson,27.0,2TM,PF,38.0,0.0,342.0,43.0,111.0,0.387,5.0,27.0,0.185,38.0,84.0,0.452,0.41,9.0,14.0,0.643,15.0,46.0,61.0,10.0,16.0,6.0,17.0,55.0,100.0,0.0,,2017,2016-17
389.0,Andrew Nicholson,27.0,WAS,PF,28.0,0.0,231.0,30.0,77.0,0.39,3.0,16.0,0.188,27.0,61.0,0.443,0.409,7.0,12.0,0.583,11.0,23.0,34.0,7.0,11.0,6.0,11.0,37.0,70.0,0.0,,2017,2016-17
389.0,Andrew Nicholson,27.0,BRK,PF,10.0,0.0,111.0,13.0,34.0,0.382,2.0,11.0,0.182,11.0,23.0,0.478,0.412,2.0,2.0,1.0,4.0,23.0,27.0,3.0,5.0,0.0,6.0,18.0,30.0,0.0,,2017,2016-17
390.0,Pat Connaughton,24.0,POR,SG,39.0,1.0,316.0,37.0,72.0,0.514,17.0,33.0,0.515,20.0,39.0,0.513,0.632,7.0,9.0,0.778,10.0,42.0,52.0,28.0,6.0,2.0,17.0,23.0,98.0,0.0,,2017,2016-17
391.0,Maurice Ndour,24.0,NYK,PF,32.0,4.0,331.0,39.0,86.0,0.453,1.0,7.0,0.143,38.0,79.0,0.481,0.459,19.0,26.0,0.731,22.0,42.0,64.0,8.0,15.0,8.0,12.0,30.0,98.0,0.0,,2017,2016-17
392.0,Okaro White,24.0,MIA,PF,35.0,0.0,471.0,33.0,87.0,0.379,12.0,34.0,0.353,21.0,53.0,0.396,0.448,20.0,22.0,0.909,25.0,57.0,82.0,21.0,10.0,10.0,18.0,52.0,98.0,0.0,,2017,2016-17
393.0,Bryn Forbes,23.0,SAS,SG,36.0,0.0,285.0,36.0,99.0,0.364,17.0,53.0,0.321,19.0,46.0,0.413,0.449,5.0,6.0,0.833,2.0,21.0,23.0,23.0,1.0,0.0,11.0,20.0,94.0,0.0,,2017,2016-17
394.0,Sheldon Mac,24.0,WAS,SG,30.0,3.0,287.0,30.0,75.0,0.4,7.0,30.0,0.233,23.0,45.0,0.511,0.447,23.0,27.0,0.852,4.0,30.0,34.0,15.0,8.0,2.0,5.0,17.0,90.0,0.0,,2017,2016-17
395.0,Kyle Singler,28.0,OKC,SF,32.0,2.0,385.0,34.0,83.0,0.41,7.0,37.0,0.189,27.0,46.0,0.587,0.452,13.0,17.0,0.765,8.0,40.0,48.0,9.0,7.0,5.0,11.0,29.0,88.0,0.0,,2017,2016-17
396.0,Cheick Diallo,20.0,NOP,PF,17.0,0.0,199.0,36.0,76.0,0.474,0.0,0.0,,36.0,76.0,0.474,0.474,15.0,21.0,0.714,23.0,50.0,73.0,4.0,4.0,7.0,7.0,17.0,87.0,0.0,,2017,2016-17
397.0,Alan Anderson,34.0,LAC,SF,30.0,0.0,308.0,30.0,80.0,0.375,14.0,44.0,0.318,16.0,36.0,0.444,0.463,12.0,16.0,0.75,3.0,21.0,24.0,11.0,3.0,0.0,7.0,35.0,86.0,0.0,,2017,2016-17
398.0,Ömer Aşık,30.0,NOP,C,31.0,19.0,482.0,31.0,65.0,0.477,0.0,0.0,,31.0,65.0,0.477,0.477,23.0,39.0,0.59,48.0,115.0,163.0,15.0,5.0,10.0,14.0,51.0,85.0,0.0,,2017,2016-17
399.0,Malik Beasley,20.0,DEN,SG,22.0,1.0,165.0,33.0,73.0,0.452,9.0,28.0,0.321,24.0,45.0,0.533,0.514,8.0,10.0,0.8,5.0,12.0,17.0,11.0,7.0,0.0,8.0,10.0,83.0,0.0,,2017,2016-17
400.0,Damjan Rudež,30.0,ORL,SF,45.0,0.0,314.0,31.0,88.0,0.352,20.0,64.0,0.313,11.0,24.0,0.458,0.466,0.0,0.0,,5.0,20.0,25.0,20.0,12.0,1.0,9.0,31.0,82.0,0.0,,2017,2016-17
401.0,Paul Pierce,39.0,LAC,SF,25.0,7.0,277.0,28.0,70.0,0.4,15.0,43.0,0.349,13.0,27.0,0.481,0.507,10.0,13.0,0.769,1.0,47.0,48.0,10.0,4.0,5.0,16.0,40.0,81.0,0.0,,2017,2016-17
402.0,Andrew Bogut,32.0,2TM,C,27.0,21.0,583.0,38.0,81.0,0.469,0.0,1.0,0.0,38.0,80.0,0.475,0.469,3.0,11.0,0.273,56.0,162.0,218.0,49.0,13.0,25.0,43.0,86.0,79.0,0.0,,2017,2016-17
402.0,Andrew Bogut,32.0,DAL,C,26.0,21.0,582.0,38.0,81.0,0.469,0.0,1.0,0.0,38.0,80.0,0.475,0.469,3.0,11.0,0.273,56.0,162.0,218.0,49.0,13.0,25.0,43.0,84.0,79.0,0.0,,2017,2016-17
402.0,Andrew Bogut,32.0,CLE,C,1.0,0.0,1.0,0.0,0.0,,0.0,0.0,,0.0,0.0,,,0.0,0.0,,0.0,0.0,0.0,0.0,0.0,0.0,0.0,2.0,0.0,0.0,,2017,2016-17
403.0,Malachi Richardson,21.0,SAC,SG,22.0,0.0,198.0,28.0,68.0,0.412,8.0,28.0,0.286,20.0,40.0,0.5,0.471,15.0,19.0,0.789,3.0,20.0,23.0,11.0,5.0,1.0,8.0,23.0,79.0,0.0,,2017,2016-17
404.0,Quinn Cook,23.0,2TM,PG,14.0,0.0,188.0,33.0,66.0,0.5,11.0,26.0,0.423,22.0,40.0,0.55,0.583,2.0,5.0,0.4,1.0,6.0,7.0,26.0,4.0,0.0,13.0,13.0,79.0,0.0,,2017,2016-17
404.0,Quinn Cook,23.0,DAL,PG,5.0,0.0,77.0,11.0,25.0,0.44,5.0,14.0,0.357,6.0,11.0,0.545,0.54,0.0,2.0,0.0,0.0,3.0,3.0,12.0,1.0,0.0,8.0,6.0,27.0,0.0,,2017,2016-17
404.0,Quinn Cook,23.0,NOP,PG,9.0,0.0,111.0,22.0,41.0,0.537,6.0,12.0,0.5,16.0,29.0,0.552,0.61,2.0,3.0,0.667,1.0,3.0,4.0,14.0,3.0,0.0,5.0,7.0,52.0,0.0,,2017,2016-17
405.0,Jake Layman,22.0,POR,SF,35.0,1.0,249.0,26.0,89.0,0.292,13.0,51.0,0.255,13.0,38.0,0.342,0.365,13.0,17.0,0.765,6.0,18.0,24.0,11.0,9.0,3.0,11.0,22.0,78.0,0.0,,2017,2016-17
406.0,Wayne Selden,22.0,2TM,SG,14.0,5.0,236.0,25.0,58.0,0.431,7.0,28.0,0.25,18.0,30.0,0.6,0.491,14.0,22.0,0.636,1.0,15.0,16.0,13.0,6.0,1.0,12.0,18.0,71.0,0.0,,2017,2016-17
406.0,Wayne Selden,22.0,NOP,SG,3.0,3.0,47.0,5.0,8.0,0.625,4.0,7.0,0.571,1.0,1.0,1.0,0.875,2.0,4.0,0.5,0.0,5.0,5.0,1.0,2.0,0.0,3.0,6.0,16.0,0.0,,2017,2016-17
406.0,Wayne Selden,22.0,MEM,SG,11.0,2.0,189.0,20.0,50.0,0.4,3.0,21.0,0.143,17.0,29.0,0.586,0.43,12.0,18.0,0.667,1.0,10.0,11.0,12.0,4.0,1.0,9.0,12.0,55.0,0.0,,2017,2016-17
407.0,James Young,21.0,BOS,SG,29.0,0.0,220.0,25.0,58.0,0.431,12.0,35.0,0.343,13.0,23.0,0.565,0.534,6.0,9.0,0.667,6.0,20.0,26.0,4.0,10.0,2.0,4.0,15.0,68.0,0.0,,2017,2016-17
408.0,Joe Young,24.0,IND,PG,33.0,0.0,135.0,26.0,72.0,0.361,5.0,23.0,0.217,21.0,49.0,0.429,0.396,11.0,15.0,0.733,1.0,16.0,17.0,15.0,4.0,0.0,5.0,5.0,68.0,0.0,,2017,2016-17
409.0,Alex Poythress,23.0,PHI,PF,6.0,1.0,157.0,25.0,54.0,0.463,6.0,19.0,0.316,19.0,35.0,0.543,0.519,8.0,10.0,0.8,11.0,18.0,29.0,5.0,3.0,2.0,3.0,14.0,64.0,0.0,,2017,2016-17
410.0,Marcelo Huertas,33.0,LAL,PG,23.0,1.0,237.0,25.0,68.0,0.368,4.0,19.0,0.211,21.0,49.0,0.429,0.397,9.0,17.0,0.529,2.0,22.0,24.0,52.0,10.0,2.0,19.0,16.0,63.0,0.0,,2017,2016-17
411.0,Adreian Payne,25.0,MIN,PF,18.0,0.0,135.0,23.0,54.0,0.426,3.0,15.0,0.2,20.0,39.0,0.513,0.454,14.0,19.0,0.737,9.0,24.0,33.0,7.0,8.0,7.0,8.0,32.0,63.0,0.0,,2017,2016-17
412.0,Bobby Brown,32.0,HOU,PG,25.0,0.0,123.0,23.0,60.0,0.383,14.0,35.0,0.4,9.0,25.0,0.36,0.5,2.0,2.0,1.0,0.0,6.0,6.0,14.0,1.0,0.0,5.0,5.0,62.0,0.0,,2017,2016-17
413.0,Briante Weber,24.0,2TM,PG,20.0,0.0,205.0,25.0,60.0,0.417,1.0,10.0,0.1,24.0,50.0,0.48,0.425,11.0,16.0,0.688,8.0,18.0,26.0,21.0,12.0,1.0,8.0,16.0,62.0,0.0,,2017,2016-17
413.0,Briante Weber,24.0,GSW,PG,7.0,0.0,46.0,5.0,14.0,0.357,0.0,3.0,0.0,5.0,11.0,0.455,0.357,2.0,3.0,0.667,0.0,4.0,4.0,5.0,3.0,1.0,3.0,4.0,12.0,0.0,,2017,2016-17
413.0,Briante Weber,24.0,CHO,PG,13.0,0.0,159.0,20.0,46.0,0.435,1.0,7.0,0.143,19.0,39.0,0.487,0.446,9.0,13.0,0.692,8.0,14.0,22.0,16.0,9.0,0.0,5.0,12.0,50.0,0.0,,2017,2016-17
414.0,Henry Ellenson,20.0,DET,PF,19.0,2.0,146.0,23.0,64.0,0.359,10.0,35.0,0.286,13.0,29.0,0.448,0.438,4.0,8.0,0.5,8.0,33.0,41.0,7.0,1.0,1.0,14.0,6.0,60.0,0.0,,2017,2016-17
415.0,Rakeem Christmas,25.0,IND,PF,29.0,0.0,219.0,19.0,43.0,0.442,0.0,0.0,,19.0,43.0,0.442,0.442,21.0,29.0,0.724,26.0,30.0,56.0,4.0,3.0,6.0,8.0,37.0,59.0,0.0,,2017,2016-17
416.0,Nicolás Laprovíttola,27.0,SAS,PG,18.0,3.0,174.0,20.0,47.0,0.426,10.0,27.0,0.37,10.0,20.0,0.5,0.532,9.0,9.0,1.0,1.0,9.0,10.0,28.0,4.0,1.0,19.0,19.0,59.0,0.0,,2017,2016-17
417.0,Deyonta Davis,20.0,MEM,C,36.0,0.0,238.0,24.0,47.0,0.511,0.0,0.0,,24.0,47.0,0.511,0.511,10.0,18.0,0.556,20.0,40.0,60.0,2.0,3.0,17.0,8.0,40.0,58.0,0.0,,2017,2016-17
418.0,Treveon Graham,23.0,CHO,SG,27.0,1.0,189.0,19.0,40.0,0.475,9.0,15.0,0.6,10.0,25.0,0.4,0.588,10.0,15.0,0.667,5.0,17.0,22.0,6.0,6.0,1.0,3.0,18.0,57.0,0.0,,2017,2016-17
419.0,Metta World Peace,37.0,LAL,SF,25.0,2.0,160.0,19.0,68.0,0.279,9.0,38.0,0.237,10.0,30.0,0.333,0.346,10.0,16.0,0.625,5.0,15.0,20.0,11.0,10.0,2.0,7.0,18.0,57.0,0.0,,2017,2016-17
420.0,A.J. Hammons,24.0,DAL,C,22.0,0.0,163.0,17.0,42.0,0.405,5.0,10.0,0.5,12.0,32.0,0.375,0.464,9.0,20.0,0.45,8.0,28.0,36.0,4.0,1.0,13.0,10.0,21.0,48.0,0.0,,2017,2016-17
421.0,Mike Scott,28.0,ATL,PF,18.0,0.0,195.0,17.0,59.0,0.288,4.0,27.0,0.148,13.0,32.0,0.406,0.322,7.0,8.0,0.875,10.0,27.0,37.0,17.0,4.0,3.0,8.0,12.0,45.0,0.0,,2017,2016-17
422.0,Norris Cole,28.0,OKC,PG,13.0,0.0,125.0,16.0,52.0,0.308,3.0,13.0,0.231,13.0,39.0,0.333,0.337,8.0,10.0,0.8,0.0,11.0,11.0,14.0,8.0,0.0,7.0,18.0,43.0,0.0,,2017,2016-17
423.0,Anthony Brown,24.0,2TM,SF,11.0,0.0,159.0,18.0,50.0,0.36,7.0,27.0,0.259,11.0,23.0,0.478,0.43,0.0,0.0,,8.0,25.0,33.0,8.0,5.0,1.0,6.0,15.0,43.0,0.0,,2017,2016-17
423.0,Anthony Brown,24.0,NOP,SF,9.0,0.0,143.0,14.0,41.0,0.341,6.0,24.0,0.25,8.0,17.0,0.471,0.415,0.0,0.0,,6.0,20.0,26.0,6.0,5.0,1.0,5.0,13.0,34.0,0.0,,2017,2016-17
423.0,Anthony Brown,24.0,ORL,SF,2.0,0.0,16.0,4.0,9.0,0.444,1.0,3.0,0.333,3.0,6.0,0.5,0.5,0.0,0.0,,2.0,5.0,7.0,2.0,0.0,0.0,1.0,2.0,9.0,0.0,,2017,2016-17
424.0,Marshall Plumlee,24.0,NYK,C,21.0,1.0,170.0,16.0,30.0,0.533,0.0,0.0,,16.0,30.0,0.533,0.533,8.0,19.0,0.421,23.0,28.0,51.0,10.0,4.0,4.0,12.0,23.0,40.0,0.0,,2017,2016-17
425.0,Jarrod Uthoff,23.0,DAL,PF,9.0,0.0,115.0,16.0,38.0,0.421,3.0,9.0,0.333,13.0,29.0,0.448,0.461,5.0,7.0,0.714,8.0,14.0,22.0,9.0,2.0,4.0,3.0,8.0,40.0,0.0,,2017,2016-17
426.0,Tiago Splitter,32.0,PHI,C,8.0,0.0,76.0,14.0,31.0,0.452,2.0,6.0,0.333,12.0,25.0,0.48,0.484,9.0,11.0,0.818,8.0,14.0,22.0,4.0,1.0,1.0,6.0,8.0,39.0,0.0,,2017,2016-17
427.0,Jordan Mickey,22.0,BOS,PF,25.0,1.0,141.0,15.0,34.0,0.441,0.0,1.0,0.0,15.0,33.0,0.455,0.441,8.0,14.0,0.571,13.0,21.0,34.0,7.0,3.0,6.0,9.0,12.0,38.0,0.0,,2017,2016-17
428.0,Johnny O'Bryant,23.0,2TM,PF,11.0,0.0,80.0,15.0,30.0,0.5,3.0,6.0,0.5,12.0,24.0,0.5,0.55,5.0,6.0,0.833,9.0,10.0,19.0,6.0,0.0,1.0,6.0,10.0,38.0,0.0,,2017,2016-17
428.0,Johnny O'Bryant,23.0,DEN,PF,7.0,0.0,46.0,7.0,15.0,0.467,2.0,3.0,0.667,5.0,12.0,0.417,0.533,4.0,4.0,1.0,5.0,6.0,11.0,2.0,0.0,1.0,3.0,4.0,20.0,0.0,,2017,2016-17
428.0,Johnny O'Bryant,23.0,CHO,PF,4.0,0.0,34.0,8.0,15.0,0.533,1.0,3.0,0.333,7.0,12.0,0.583,0.567,1.0,2.0,0.5,4.0,4.0,8.0,4.0,0.0,0.0,3.0,6.0,18.0,0.0,,2017,2016-17
429.0,Jared Sullinger,24.0,TOR,PF,11.0,1.0,118.0,15.0,47.0,0.319,3.0,18.0,0.167,12.0,29.0,0.414,0.351,4.0,8.0,0.5,10.0,17.0,27.0,3.0,4.0,1.0,4.0,17.0,37.0,0.0,,2017,2016-17
430.0,Chris McCullough,21.0,2TM,PF,16.0,0.0,80.0,16.0,32.0,0.5,1.0,7.0,0.143,15.0,25.0,0.6,0.516,3.0,5.0,0.6,9.0,10.0,19.0,2.0,2.0,2.0,3.0,7.0,36.0,0.0,,2017,2016-17
430.0,Chris McCullough,21.0,BRK,PF,14.0,0.0,72.0,16.0,31.0,0.516,1.0,6.0,0.167,15.0,25.0,0.6,0.532,2.0,3.0,0.667,9.0,8.0,17.0,2.0,1.0,2.0,2.0,7.0,35.0,0.0,,2017,2016-17
430.0,Chris McCullough,21.0,WAS,PF,2.0,0.0,8.0,0.0,1.0,0.0,0.0,1.0,0.0,0.0,0.0,,0.0,1.0,2.0,0.5,0.0,2.0,2.0,0.0,1.0,0.0,1.0,0.0,1.0,0.0,,2017,2016-17
431.0,Pierre Jackson,25.0,DAL,PG,8.0,1.0,84.0,13.0,39.0,0.333,3.0,11.0,0.273,10.0,28.0,0.357,0.372,6.0,7.0,0.857,1.0,8.0,9.0,19.0,2.0,0.0,3.0,5.0,35.0,0.0,,2017,2016-17
432.0,Christian Wood,21.0,CHO,PF,13.0,0.0,107.0,12.0,23.0,0.522,0.0,5.0,0.0,12.0,18.0,0.667,0.522,11.0,15.0,0.733,14.0,15.0,29.0,2.0,3.0,6.0,7.0,11.0,35.0,0.0,,2017,2016-17
433.0,Jerryd Bayless,28.0,PHI,PG,3.0,1.0,71.0,11.0,32.0,0.344,2.0,5.0,0.4,9.0,27.0,0.333,0.375,9.0,10.0,0.9,3.0,9.0,12.0,13.0,0.0,0.0,9.0,4.0,33.0,0.0,,2017,2016-17
434.0,Nick Collison,36.0,OKC,PF,20.0,0.0,128.0,14.0,23.0,0.609,0.0,1.0,0.0,14.0,22.0,0.636,0.609,5.0,8.0,0.625,9.0,22.0,31.0,12.0,2.0,2.0,4.0,17.0,33.0,0.0,,2017,2016-17
435.0,Udonis Haslem,36.0,MIA,C,16.0,0.0,130.0,11.0,23.0,0.478,0.0,3.0,0.0,11.0,20.0,0.55,0.478,9.0,15.0,0.6,8.0,28.0,36.0,6.0,6.0,1.0,8.0,22.0,31.0,0.0,,2017,2016-17
436.0,Tim Quarterman,22.0,POR,SG,16.0,0.0,80.0,13.0,29.0,0.448,5.0,13.0,0.385,8.0,16.0,0.5,0.534,0.0,3.0,0.0,4.0,10.0,14.0,11.0,2.0,3.0,11.0,6.0,31.0,0.0,,2017,2016-17
437.0,Chris Andersen,38.0,CLE,C,12.0,0.0,114.0,9.0,22.0,0.409,0.0,3.0,0.0,9.0,19.0,0.474,0.409,10.0,14.0,0.714,9.0,22.0,31.0,5.0,5.0,7.0,5.0,20.0,28.0,0.0,,2017,2016-17
438.0,Mike Miller,36.0,DEN,SF,20.0,0.0,151.0,9.0,23.0,0.391,8.0,20.0,0.4,1.0,3.0,0.333,0.565,2.0,2.0,1.0,2.0,36.0,38.0,22.0,2.0,0.0,13.0,9.0,28.0,0.0,,2017,2016-17
439.0,Reggie Williams,30.0,NOP,SF,6.0,0.0,79.0,8.0,23.0,0.348,5.0,11.0,0.455,3.0,12.0,0.25,0.457,6.0,7.0,0.857,2.0,4.0,6.0,4.0,3.0,0.0,0.0,2.0,27.0,0.0,,2017,2016-17
440.0,Joel Anthony,34.0,SAS,C,19.0,0.0,122.0,10.0,16.0,0.625,0.0,0.0,,10.0,16.0,0.625,0.625,5.0,8.0,0.625,8.0,23.0,31.0,3.0,2.0,6.0,4.0,11.0,25.0,0.0,,2017,2016-17
441.0,Ryan Kelly,25.0,ATL,PF,16.0,0.0,110.0,8.0,28.0,0.286,4.0,10.0,0.4,4.0,18.0,0.222,0.357,5.0,6.0,0.833,1.0,17.0,18.0,8.0,4.0,5.0,4.0,5.0,25.0,0.0,,2017,2016-17
442.0,Jarell Eddie,25.0,PHO,SF,5.0,0.0,62.0,6.0,19.0,0.316,4.0,16.0,0.25,2.0,3.0,0.667,0.421,8.0,9.0,0.889,1.0,6.0,7.0,0.0,1.0,0.0,1.0,1.0,24.0,0.0,,2017,2016-17
443.0,Daniel Ochefu,23.0,WAS,C,19.0,0.0,75.0,12.0,27.0,0.444,0.0,0.0,,12.0,27.0,0.444,0.444,0.0,2.0,0.0,5.0,17.0,22.0,3.0,2.0,0.0,3.0,17.0,24.0,0.0,,2017,2016-17
444.0,Stephen Zimmerman,20.0,ORL,C,19.0,0.0,108.0,10.0,31.0,0.323,0.0,0.0,,10.0,31.0,0.323,0.323,3.0,5.0,0.6,11.0,24.0,35.0,4.0,2.0,5.0,3.0,17.0,23.0,0.0,,2017,2016-17
445.0,Joel Bolomboy,23.0,UTA,PF,12.0,0.0,53.0,9.0,16.0,0.563,1.0,4.0,0.25,8.0,12.0,0.667,0.594,3.0,6.0,0.5,4.0,13.0,17.0,2.0,1.0,2.0,2.0,1.0,22.0,0.0,,2017,2016-17
446.0,Georges Niang,23.0,IND,PF,23.0,0.0,93.0,9.0,36.0,0.25,1.0,12.0,0.083,8.0,24.0,0.333,0.264,2.0,2.0,1.0,2.0,15.0,17.0,5.0,3.0,0.0,5.0,6.0,21.0,0.0,,2017,2016-17
447.0,C.J. Wilcox,26.0,ORL,SG,22.0,0.0,108.0,8.0,31.0,0.258,3.0,15.0,0.2,5.0,16.0,0.313,0.306,2.0,2.0,1.0,4.0,8.0,12.0,12.0,2.0,1.0,6.0,8.0,21.0,0.0,,2017,2016-17
448.0,Gary Payton II,24.0,MIL,PG,6.0,0.0,99.0,8.0,22.0,0.364,1.0,9.0,0.111,7.0,13.0,0.538,0.386,3.0,5.0,0.6,0.0,12.0,12.0,13.0,3.0,4.0,10.0,9.0,20.0,0.0,,2017,2016-17
449.0,Damian Jones,21.0,GSW,C,10.0,0.0,85.0,8.0,16.0,0.5,0.0,0.0,,8.0,16.0,0.5,0.5,3.0,10.0,0.3,9.0,14.0,23.0,0.0,1.0,4.0,6.0,15.0,19.0,0.0,,2017,2016-17
450.0,Anderson Varejão,34.0,GSW,C,14.0,1.0,92.0,5.0,14.0,0.357,0.0,0.0,,5.0,14.0,0.357,0.357,8.0,11.0,0.727,12.0,15.0,27.0,10.0,3.0,3.0,8.0,16.0,18.0,0.0,,2017,2016-17
451.0,Bruno Caboclo,21.0,TOR,SF,9.0,0.0,40.0,6.0,16.0,0.375,2.0,6.0,0.333,4.0,10.0,0.4,0.438,0.0,0.0,,5.0,5.0,10.0,4.0,2.0,1.0,2.0,4.0,14.0,0.0,,2017,2016-17
452.0,Marcus Georges-Hunt,22.0,ORL,SG,5.0,0.0,48.0,2.0,7.0,0.286,1.0,2.0,0.5,1.0,5.0,0.2,0.357,9.0,10.0,0.9,1.0,8.0,9.0,3.0,1.0,0.0,2.0,5.0,14.0,0.0,,2017,2016-17
453.0,Josh Huestis,25.0,OKC,PF,2.0,0.0,31.0,6.0,11.0,0.545,2.0,4.0,0.5,4.0,7.0,0.571,0.636,0.0,1.0,0.0,4.0,5.0,9.0,3.0,0.0,3.0,0.0,0.0,14.0,0.0,,2017,2016-17
454.0,Chinanu Onuaku,20.0,HOU,C,5.0,1.0,52.0,5.0,7.0,0.714,0.0,0.0,,5.0,7.0,0.714,0.714,4.0,4.0,1.0,2.0,8.0,10.0,3.0,3.0,1.0,4.0,6.0,14.0,0.0,,2017,2016-17
455.0,Ronnie Price,33.0,PHO,PG,14.0,0.0,134.0,4.0,24.0,0.167,3.0,17.0,0.176,1.0,7.0,0.143,0.229,3.0,4.0,0.75,3.0,8.0,11.0,18.0,11.0,1.0,3.0,14.0,14.0,0.0,,2017,2016-17
456.0,Kyle Wiltjer,24.0,HOU,PF,14.0,0.0,44.0,4.0,14.0,0.286,4.0,13.0,0.308,0.0,1.0,0.0,0.429,1.0,2.0,0.5,4.0,6.0,10.0,2.0,3.0,1.0,5.0,4.0,13.0,0.0,,2017,2016-17
457.0,Jordan Farmar,30.0,SAC,PG,2.0,0.0,35.0,4.0,12.0,0.333,4.0,9.0,0.444,0.0,3.0,0.0,0.5,0.0,0.0,,1.0,2.0,3.0,9.0,2.0,0.0,3.0,1.0,12.0,0.0,,2017,2016-17
458.0,Justin Harper,27.0,PHI,PF,3.0,0.0,31.0,5.0,12.0,0.417,2.0,7.0,0.286,3.0,5.0,0.6,0.5,0.0,0.0,,2.0,3.0,5.0,2.0,0.0,0.0,4.0,2.0,12.0,0.0,,2017,2016-17
459.0,Jordan Hill,29.0,MIN,C,7.0,0.0,47.0,5.0,13.0,0.385,0.0,0.0,,5.0,13.0,0.385,0.385,2.0,2.0,1.0,8.0,6.0,14.0,0.0,1.0,0.0,4.0,9.0,12.0,0.0,,2017,2016-17
460.0,Alonzo Gee,29.0,DEN,SF,13.0,0.0,89.0,3.0,14.0,0.214,0.0,3.0,0.0,3.0,11.0,0.273,0.214,5.0,9.0,0.556,4.0,11.0,15.0,6.0,5.0,1.0,4.0,14.0,11.0,0.0,,2017,2016-17
461.0,Axel Toupane,24.0,2TM,SF,4.0,0.0,47.0,5.0,9.0,0.556,1.0,4.0,0.25,4.0,5.0,0.8,0.611,0.0,0.0,,0.0,1.0,1.0,0.0,1.0,1.0,0.0,6.0,11.0,0.0,,2017,2016-17
461.0,Axel Toupane,24.0,MIL,SF,2.0,0.0,6.0,0.0,1.0,0.0,0.0,1.0,0.0,0.0,0.0,,0.0,0.0,0.0,,0.0,0.0,0.0,0.0,0.0,0.0,0.0,1.0,0.0,0.0,,2017,2016-17
461.0,Axel Toupane,24.0,NOP,SF,2.0,0.0,41.0,5.0,8.0,0.625,1.0,3.0,0.333,4.0,5.0,0.8,0.688,0.0,0.0,,0.0,1.0,1.0,0.0,1.0,1.0,0.0,5.0,11.0,0.0,,2017,2016-17
462.0,Demetrius Jackson,22.0,BOS,PG,5.0,0.0,17.0,3.0,4.0,0.75,1.0,1.0,1.0,2.0,3.0,0.667,0.875,3.0,6.0,0.5,2.0,2.0,4.0,3.0,0.0,0.0,0.0,0.0,10.0,0.0,,2017,2016-17
463.0,Diamond Stone,19.0,LAC,C,7.0,0.0,24.0,3.0,13.0,0.231,0.0,0.0,,3.0,13.0,0.231,0.231,4.0,4.0,1.0,1.0,5.0,6.0,0.0,0.0,1.0,2.0,5.0,10.0,0.0,,2017,2016-17
464.0,Dahntay Jones,36.0,CLE,SF,1.0,0.0,12.0,3.0,8.0,0.375,0.0,2.0,0.0,3.0,6.0,0.5,0.375,3.0,4.0,0.75,1.0,1.0,2.0,1.0,0.0,0.0,1.0,1.0,9.0,0.0,,2017,2016-17
465.0,Lamar Patterson,25.0,ATL,SG,5.0,0.0,40.0,3.0,15.0,0.2,1.0,6.0,0.167,2.0,9.0,0.222,0.233,2.0,3.0,0.667,1.0,6.0,7.0,6.0,1.0,0.0,4.0,6.0,9.0,0.0,,2017,2016-17
466.0,Manny Harris,27.0,DAL,SG,4.0,0.0,25.0,3.0,15.0,0.2,0.0,2.0,0.0,3.0,13.0,0.231,0.2,2.0,4.0,0.5,3.0,6.0,9.0,2.0,0.0,0.0,2.0,1.0,8.0,0.0,,2017,2016-17
467.0,Edy Tavares,24.0,2TM,C,2.0,0.0,28.0,4.0,5.0,0.8,0.0,0.0,,4.0,5.0,0.8,0.8,0.0,3.0,0.0,4.0,7.0,11.0,1.0,0.0,6.0,2.0,3.0,8.0,0.0,,2017,2016-17
467.0,Edy Tavares,24.0,ATL,C,1.0,0.0,4.0,1.0,1.0,1.0,0.0,0.0,,1.0,1.0,1.0,1.0,0.0,2.0,0.0,0.0,1.0,1.0,0.0,0.0,0.0,0.0,0.0,2.0,0.0,,2017,2016-17
467.0,Edy Tavares,24.0,CLE,C,1.0,0.0,24.0,3.0,4.0,0.75,0.0,0.0,,3.0,4.0,0.75,0.75,0.0,1.0,0.0,4.0,6.0,10.0,1.0,0.0,6.0,2.0,3.0,6.0,0.0,,2017,2016-17
468.0,John Jenkins,25.0,PHO,SG,4.0,0.0,13.0,2.0,5.0,0.4,1.0,2.0,0.5,1.0,3.0,0.333,0.5,2.0,2.0,1.0,0.0,1.0,1.0,1.0,0.0,0.0,0.0,0.0,7.0,0.0,,2017,2016-17
469.0,Greivis Vásquez,30.0,BRK,PG,3.0,0.0,39.0,2.0,8.0,0.25,1.0,3.0,0.333,1.0,5.0,0.2,0.313,2.0,3.0,0.667,0.0,2.0,2.0,5.0,1.0,1.0,1.0,6.0,7.0,0.0,,2017,2016-17
470.0,Jarrett Jack,33.0,NOP,PG,2.0,0.0,33.0,2.0,3.0,0.667,0.0,1.0,0.0,2.0,2.0,1.0,0.667,2.0,2.0,1.0,0.0,0.0,0.0,5.0,2.0,0.0,3.0,4.0,6.0,0.0,,2017,2016-17
471.0,Steve Novak,33.0,MIL,PF,8.0,0.0,22.0,2.0,7.0,0.286,1.0,6.0,0.167,1.0,1.0,1.0,0.357,0.0,0.0,,0.0,3.0,3.0,0.0,0.0,0.0,0.0,1.0,5.0,0.0,,2017,2016-17
472.0,Michael Gbinije,24.0,DET,SG,9.0,0.0,32.0,1.0,10.0,0.1,0.0,4.0,0.0,1.0,6.0,0.167,0.1,2.0,2.0,1.0,2.0,1.0,3.0,2.0,0.0,0.0,0.0,2.0,4.0,0.0,,2017,2016-17
473.0,Brice Johnson,22.0,LAC,PF,3.0,0.0,9.0,2.0,7.0,0.286,0.0,0.0,,2.0,7.0,0.286,0.286,0.0,0.0,,1.0,2.0,3.0,1.0,2.0,1.0,1.0,0.0,4.0,0.0,,2017,2016-17
474.0,Gary Neal,32.0,ATL,SG,2.0,0.0,18.0,0.0,7.0,0.0,0.0,2.0,0.0,0.0,5.0,0.0,0.0,4.0,4.0,1.0,0.0,1.0,1.0,1.0,0.0,0.0,0.0,1.0,4.0,0.0,,2017,2016-17
475.0,Arinze Onuaku,29.0,ORL,C,8.0,0.0,28.0,2.0,4.0,0.5,0.0,0.0,,2.0,4.0,0.5,0.5,0.0,0.0,,2.0,4.0,6.0,2.0,0.0,1.0,2.0,3.0,4.0,0.0,,2017,2016-17
476.0,Larry Sanders,28.0,CLE,C,5.0,0.0,13.0,1.0,4.0,0.25,0.0,0.0,,1.0,4.0,0.25,0.25,2.0,2.0,1.0,3.0,1.0,4.0,0.0,1.0,1.0,2.0,5.0,4.0,0.0,,2017,2016-17
477.0,Elijah Millsap,29.0,PHO,SG,2.0,0.0,23.0,1.0,7.0,0.143,0.0,2.0,0.0,1.0,5.0,0.2,0.143,1.0,2.0,0.5,3.0,3.0,6.0,1.0,0.0,0.0,2.0,2.0,3.0,0.0,,2017,2016-17
478.0,Jarnell Stokes,23.0,DEN,C,2.0,0.0,7.0,1.0,1.0,1.0,0.0,0.0,,1.0,1.0,1.0,1.0,1.0,2.0,0.5,1.0,1.0,2.0,2.0,1.0,0.0,0.0,3.0,3.0,0.0,,2017,2016-17
479.0,Isaiah Taylor,22.0,HOU,PG,4.0,0.0,52.0,1.0,7.0,0.143,0.0,2.0,0.0,1.0,5.0,0.2,0.143,1.0,2.0,0.5,1.0,2.0,3.0,3.0,1.0,1.0,0.0,6.0,3.0,0.0,,2017,2016-17
480.0,John Lucas III,34.0,MIN,PG,5.0,0.0,11.0,1.0,4.0,0.25,0.0,1.0,0.0,1.0,3.0,0.333,0.25,0.0,0.0,,0.0,0.0,0.0,1.0,2.0,0.0,0.0,0.0,2.0,0.0,,2017,2016-17
481.0,Mike Tobey,22.0,CHO,C,2.0,0.0,25.0,1.0,4.0,0.25,0.0,0.0,,1.0,4.0,0.25,0.25,0.0,0.0,,2.0,1.0,3.0,1.0,0.0,0.0,1.0,2.0,2.0,0.0,,2017,2016-17
482.0,Aaron Harrison,22.0,CHO,SG,5.0,0.0,17.0,0.0,4.0,0.0,0.0,2.0,0.0,0.0,2.0,0.0,0.0,1.0,2.0,0.5,0.0,3.0,3.0,3.0,0.0,0.0,0.0,2.0,1.0,0.0,,2017,2016-17
483.0,Ben Bentil,21.0,DAL,PF,3.0,0.0,10.0,0.0,3.0,0.0,0.0,1.0,0.0,0.0,2.0,0.0,0.0,0.0,0.0,,0.0,2.0,2.0,0.0,0.0,0.0,1.0,1.0,0.0,0.0,,2017,2016-17
484.0,Patricio Garino,23.0,ORL,SG,5.0,0.0,43.0,0.0,7.0,0.0,0.0,5.0,0.0,0.0,2.0,0.0,0.0,0.0,0.0,,1.0,6.0,7.0,0.0,0.0,0.0,3.0,4.0,0.0,0.0,,2017,2016-17
485.0,Danuel House Jr.,23.0,WAS,SG,1.0,0.0,1.0,0.0,0.0,,0.0,0.0,,0.0,0.0,,,0.0,0.0,,0.0,1.0,1.0,0.0,0.0,0.0,0.0,0.0,0.0,0.0,,2017,2016-17
486.0,R.J. Hunter,23.0,CHI,SG,3.0,0.0,9.0,0.0,1.0,0.0,0.0,1.0,0.0,0.0,0.0,,0.0,0.0,0.0,,0.0,1.0,1.0,0.0,0.0,0.0,0.0,0.0,0.0,0.0,,2017,2016-17
,League Average,,,,,,,,,0.457,,,0.358,,,0.503,0.514,,,0.772,,,,,,,,,,,,2017,2016-17
