Rk,Player,Age,Team,Pos,G,GS,MP,FG,FGA,FG%,3P,3PA,3P%,2P,2PA,2P%,eFG%,FT,FTA,FT%,ORB,DRB,TRB,AST,STL,BLK,TOV,PF,PTS,Trp-Dbl,Awards,season_end_year,season
1.0,Kevin Durant,25.0,OKC,SF,81.0,81.0,3122.0,849.0,1688.0,0.503,192.0,491.0,0.391,657.0,1197.0,0.549,0.56,703.0,805.0,0.873,58.0,540.0,598.0,445.0,103.0,59.0,285.0,174.0,2593.0,3.0,"MVP-1,AS,NBA1",2014,2013-14
2.0,Carmelo Anthony,29.0,NYK,PF,77.0,77.0,2982.0,743.0,1643.0,0.452,167.0,415.0,0.402,576.0,1228.0,0.469,0.503,459.0,541.0,0.848,145.0,477.0,622.0,242.0,95.0,51.0,198.0,224.0,2112.0,0.0,"MVP-15,AS",2014,2013-14
3.0,LeBron James,29.0,MIA,PF,77.0,77.0,2902.0,767.0,1353.0,0.567,116.0,306.0,0.379,651.0,1047.0,0.622,0.61,439.0,585.0,0.75,81.0,452.0,533.0,488.0,121.0,26.0,270.0,126.0,2089.0,1.0,"MVP-2,DPOY-6,AS,NBA1,DEF2",2014,2013-14
4.0,Kevin Love,25.0,MIN,PF,77.0,77.0,2797.0,650.0,1421.0,0.457,190.0,505.0,0.376,460.0,916.0,0.502,0.524,520.0,633.0,0.821,224.0,739.0,963.0,341.0,59.0,35.0,196.0,136.0,2010.0,3.0,"MVP-11,AS,NBA2",2014,2013-14
5.0,Blake Griffin,24.0,LAC,PF,80.0,80.0,2863.0,718.0,1359.0,0.528,12.0,44.0,0.273,706.0,1315.0,0.537,0.533,482.0,674.0,0.715,192.0,565.0,757.0,309.0,92.0,51.0,224.0,265.0,1930.0,1.0,"MVP-3,AS,NBA2",2014,2013-14
6.0,Stephen Curry,25.0,GSW,PG,78.0,78.0,2846.0,652.0,1383.0,0.471,261.0,615.0,0.424,391.0,768.0,0.509,0.566,308.0,348.0,0.885,46.0,288.0,334.0,666.0,128.0,14.0,294.0,194.0,1873.0,4.0,"MVP-6,AS,NBA2",2014,2013-14
7.0,James Harden,24.0,HOU,SG,73.0,73.0,2777.0,549.0,1205.0,0.456,177.0,483.0,0.366,372.0,722.0,0.515,0.529,576.0,665.0,0.866,61.0,283.0,344.0,446.0,115.0,29.0,265.0,177.0,1851.0,1.0,"MVP-5,AS,NBA1",2014,2013-14
8.0,DeMar DeRozan,24.0,TOR,SG,79.0,79.0,3017.0,604.0,1407.0,0.429,64.0,210.0,0.305,540.0,1197.0,0.451,0.452,519.0,630.0,0.824,51.0,292.0,343.0,313.0,86.0,28.0,176.0,197.0,1791.0,0.0,AS,2014,2013-14
9.0,Paul George,23.0,IND,SF,80.0,80.0,2898.0,577.0,1362.0,0.424,182.0,500.0,0.364,395.0,862.0,0.458,0.49,401.0,464.0,0.864,64.0,478.0,542.0,283.0,151.0,22.0,224.0,198.0,1737.0,1.0,"MVP-9,DPOY-7,AS,NBA3,DEF1",2014,2013-14
10.0,Dirk Nowitzki,35.0,DAL,PF,80.0,80.0,2628.0,633.0,1273.0,0.497,131.0,329.0,0.398,502.0,944.0,0.532,0.549,338.0,376.0,0.899,40.0,458.0,498.0,216.0,73.0,45.0,117.0,165.0,1735.0,0.0,"MVP-14,AS",2014,2013-14
11.0,Damian Lillard,23.0,POR,PG,82.0,82.0,2937.0,553.0,1304.0,0.424,218.0,554.0,0.394,335.0,750.0,0.447,0.508,371.0,426.0,0.871,35.0,253.0,288.0,457.0,64.0,22.0,193.0,197.0,1695.0,0.0,"AS,NBA3",2014,2013-14
12.0,DeMarcus Cousins,23.0,SAC,C,71.0,71.0,2298.0,591.0,1191.0,0.496,0.0,7.0,0.0,591.0,1184.0,0.499,0.496,432.0,595.0,0.726,218.0,613.0,831.0,207.0,109.0,91.0,251.0,270.0,1614.0,0.0,,2014,2013-14
13.0,LaMarcus Aldridge,28.0,POR,PF,69.0,69.0,2498.0,652.0,1423.0,0.458,3.0,15.0,0.2,649.0,1408.0,0.461,0.459,296.0,360.0,0.822,166.0,599.0,765.0,178.0,63.0,68.0,123.0,147.0,1603.0,0.0,"MVP-10,AS,NBA3",2014,2013-14
14.0,Al Jefferson,29.0,CHA,C,73.0,73.0,2553.0,700.0,1376.0,0.509,3.0,15.0,0.2,697.0,1361.0,0.512,0.51,191.0,277.0,0.69,156.0,636.0,792.0,155.0,67.0,79.0,124.0,176.0,1594.0,0.0,"MVP-8,NBA3",2014,2013-14
15.0,John Wall,23.0,WAS,PG,82.0,82.0,2980.0,579.0,1337.0,0.433,108.0,308.0,0.351,471.0,1029.0,0.458,0.473,317.0,394.0,0.805,38.0,295.0,333.0,721.0,149.0,40.0,295.0,219.0,1583.0,2.0,AS,2014,2013-14
16.0,Monta Ellis,28.0,DAL,SG,82.0,82.0,3023.0,576.0,1278.0,0.451,69.0,209.0,0.33,507.0,1069.0,0.474,0.478,339.0,430.0,0.788,38.0,257.0,295.0,471.0,141.0,23.0,264.0,197.0,1560.0,0.0,,2014,2013-14
17.0,Goran Dragić,27.0,PHO,SG,76.0,75.0,2668.0,552.0,1093.0,0.505,122.0,299.0,0.408,430.0,794.0,0.542,0.561,316.0,416.0,0.76,69.0,176.0,245.0,447.0,104.0,22.0,213.0,206.0,1542.0,0.0,"MVP-16,MIP-1,NBA3",2014,2013-14
18.0,Klay Thompson,23.0,GSW,SG,81.0,81.0,2868.0,559.0,1259.0,0.444,223.0,535.0,0.417,336.0,724.0,0.464,0.533,147.0,185.0,0.795,38.0,211.0,249.0,181.0,74.0,37.0,135.0,234.0,1488.0,0.0,,2014,2013-14
19.0,Kyrie Irving,21.0,CLE,PG,71.0,71.0,2496.0,532.0,1237.0,0.43,123.0,344.0,0.358,409.0,893.0,0.458,0.48,291.0,338.0,0.861,52.0,207.0,259.0,433.0,108.0,23.0,190.0,163.0,1478.0,1.0,AS,2014,2013-14
20.0,Isaiah Thomas,24.0,SAC,PG,72.0,54.0,2497.0,496.0,1096.0,0.453,127.0,364.0,0.349,369.0,732.0,0.504,0.51,346.0,407.0,0.85,47.0,163.0,210.0,454.0,93.0,8.0,213.0,185.0,1465.0,1.0,,2014,2013-14
21.0,Rudy Gay,27.0,2TM,SF,73.0,73.0,2531.0,537.0,1179.0,0.455,65.0,197.0,0.33,472.0,982.0,0.481,0.483,318.0,387.0,0.822,113.0,324.0,437.0,209.0,95.0,56.0,224.0,171.0,1457.0,0.0,,2014,2013-14
21.0,Rudy Gay,27.0,TOR,SF,18.0,18.0,639.0,130.0,335.0,0.388,22.0,59.0,0.373,108.0,276.0,0.391,0.421,68.0,88.0,0.773,29.0,104.0,133.0,40.0,28.0,23.0,59.0,47.0,350.0,0.0,,2014,2013-14
21.0,Rudy Gay,27.0,SAC,SF,55.0,55.0,1892.0,407.0,844.0,0.482,43.0,138.0,0.312,364.0,706.0,0.516,0.508,250.0,299.0,0.836,84.0,220.0,304.0,169.0,67.0,33.0,165.0,124.0,1107.0,0.0,,2014,2013-14
22.0,Kyle Lowry,27.0,TOR,PG,79.0,79.0,2862.0,457.0,1080.0,0.423,190.0,500.0,0.38,267.0,580.0,0.46,0.511,313.0,385.0,0.813,88.0,281.0,369.0,586.0,121.0,15.0,194.0,267.0,1417.0,2.0,,2014,2013-14
23.0,Thaddeus Young,25.0,PHI,PF,79.0,78.0,2718.0,582.0,1283.0,0.454,90.0,292.0,0.308,492.0,991.0,0.496,0.489,163.0,229.0,0.712,166.0,310.0,476.0,182.0,167.0,36.0,165.0,213.0,1417.0,0.0,,2014,2013-14
24.0,Anthony Davis,20.0,NOP,PF,67.0,66.0,2358.0,522.0,1005.0,0.519,2.0,9.0,0.222,520.0,996.0,0.522,0.52,348.0,440.0,0.791,207.0,466.0,673.0,105.0,89.0,189.0,109.0,200.0,1394.0,0.0,"DPOY-8,AS",2014,2013-14
25.0,Jeff Green,27.0,BOS,SF,82.0,82.0,2805.0,482.0,1171.0,0.412,135.0,396.0,0.341,347.0,775.0,0.448,0.469,283.0,356.0,0.795,54.0,326.0,380.0,138.0,57.0,47.0,165.0,180.0,1382.0,0.0,,2014,2013-14
26.0,Zach Randolph,32.0,MEM,PF,79.0,79.0,2705.0,560.0,1198.0,0.467,2.0,20.0,0.1,558.0,1178.0,0.474,0.468,250.0,337.0,0.742,265.0,530.0,795.0,200.0,54.0,23.0,183.0,210.0,1372.0,0.0,,2014,2013-14
27.0,Wesley Matthews,27.0,POR,SG,82.0,82.0,2780.0,445.0,1009.0,0.441,201.0,511.0,0.393,244.0,498.0,0.49,0.541,252.0,301.0,0.837,51.0,238.0,289.0,197.0,76.0,14.0,110.0,176.0,1343.0,0.0,,2014,2013-14
28.0,Arron Afflalo,28.0,ORL,SG,73.0,73.0,2552.0,464.0,1011.0,0.459,128.0,300.0,0.427,336.0,711.0,0.473,0.522,274.0,336.0,0.815,32.0,230.0,262.0,248.0,35.0,3.0,146.0,136.0,1330.0,0.0,,2014,2013-14
29.0,Paul Millsap,28.0,ATL,PF,74.0,73.0,2482.0,483.0,1047.0,0.461,76.0,212.0,0.358,407.0,835.0,0.487,0.498,286.0,391.0,0.731,154.0,473.0,627.0,232.0,129.0,78.0,185.0,210.0,1328.0,1.0,AS,2014,2013-14
30.0,Jeff Teague,25.0,ATL,PG,79.0,79.0,2542.0,456.0,1040.0,0.438,74.0,225.0,0.329,382.0,815.0,0.469,0.474,318.0,376.0,0.846,34.0,174.0,208.0,528.0,89.0,17.0,232.0,158.0,1304.0,0.0,,2014,2013-14
31.0,Kevin Martin,30.0,MIN,SG,68.0,68.0,2177.0,440.0,1023.0,0.43,115.0,297.0,0.387,325.0,726.0,0.448,0.486,303.0,340.0,0.891,34.0,169.0,203.0,121.0,66.0,6.0,106.0,123.0,1298.0,0.0,,2014,2013-14
32.0,Dwight Howard,28.0,HOU,C,71.0,71.0,2396.0,473.0,800.0,0.591,2.0,7.0,0.286,471.0,793.0,0.594,0.593,349.0,638.0,0.547,231.0,635.0,866.0,131.0,60.0,128.0,229.0,240.0,1297.0,0.0,"DPOY-8,AS,NBA2",2014,2013-14
33.0,Gerald Green,28.0,PHO,SG,82.0,48.0,2330.0,448.0,1006.0,0.445,204.0,510.0,0.4,244.0,496.0,0.492,0.547,195.0,230.0,0.848,48.0,227.0,275.0,122.0,70.0,42.0,145.0,220.0,1295.0,0.0,,2014,2013-14
34.0,Brandon Knight,22.0,MIL,PG,72.0,69.0,2400.0,461.0,1092.0,0.422,110.0,338.0,0.325,351.0,754.0,0.466,0.473,259.0,323.0,0.802,46.0,209.0,255.0,352.0,69.0,17.0,188.0,146.0,1291.0,0.0,,2014,2013-14
35.0,Kemba Walker,23.0,CHA,PG,73.0,73.0,2614.0,449.0,1143.0,0.393,109.0,327.0,0.333,340.0,816.0,0.417,0.441,282.0,337.0,0.837,39.0,267.0,306.0,447.0,86.0,32.0,169.0,128.0,1289.0,1.0,,2014,2013-14
36.0,Jamal Crawford,33.0,LAC,SG,69.0,24.0,2094.0,421.0,1011.0,0.416,161.0,446.0,0.361,260.0,565.0,0.46,0.496,279.0,322.0,0.866,34.0,124.0,158.0,223.0,59.0,12.0,135.0,120.0,1282.0,0.0,6MOY-1,2014,2013-14
37.0,Chris Bosh,29.0,MIA,C,79.0,79.0,2531.0,492.0,953.0,0.516,74.0,218.0,0.339,418.0,735.0,0.569,0.555,223.0,272.0,0.82,98.0,424.0,522.0,87.0,80.0,78.0,125.0,192.0,1281.0,0.0,AS,2014,2013-14
38.0,Josh Smith,28.0,DET,SF,77.0,76.0,2730.0,517.0,1233.0,0.419,70.0,265.0,0.264,447.0,968.0,0.462,0.448,160.0,301.0,0.532,102.0,418.0,520.0,252.0,105.0,110.0,199.0,197.0,1264.0,0.0,,2014,2013-14
39.0,David Lee,30.0,GSW,PF,69.0,67.0,2288.0,513.0,981.0,0.523,0.0,1.0,0.0,513.0,980.0,0.523,0.523,231.0,296.0,0.78,182.0,461.0,643.0,147.0,48.0,26.0,152.0,206.0,1257.0,0.0,,2014,2013-14
40.0,Mike Conley,26.0,MEM,PG,73.0,73.0,2446.0,463.0,1030.0,0.45,105.0,291.0,0.361,358.0,739.0,0.484,0.5,225.0,276.0,0.815,41.0,172.0,213.0,441.0,110.0,13.0,150.0,141.0,1256.0,0.0,MVP-17,2014,2013-14
41.0,Bradley Beal,20.0,WAS,SG,73.0,73.0,2530.0,481.0,1149.0,0.419,138.0,343.0,0.402,343.0,806.0,0.426,0.479,149.0,189.0,0.788,54.0,219.0,273.0,243.0,71.0,18.0,128.0,153.0,1249.0,0.0,,2014,2013-14
42.0,Greg Monroe,23.0,DET,PF,82.0,82.0,2690.0,504.0,1015.0,0.497,0.0,1.0,0.0,504.0,1014.0,0.497,0.497,241.0,367.0,0.657,256.0,504.0,760.0,171.0,91.0,47.0,166.0,205.0,1249.0,0.0,,2014,2013-14
43.0,Gordon Hayward,23.0,UTA,SF,77.0,77.0,2800.0,426.0,1032.0,0.413,85.0,280.0,0.304,341.0,752.0,0.453,0.454,311.0,381.0,0.816,62.0,329.0,391.0,400.0,110.0,40.0,212.0,155.0,1248.0,0.0,,2014,2013-14
44.0,Joe Johnson,32.0,BRK,SG,79.0,79.0,2575.0,462.0,1018.0,0.454,162.0,404.0,0.401,300.0,614.0,0.489,0.533,159.0,195.0,0.815,48.0,222.0,270.0,216.0,47.0,10.0,120.0,129.0,1245.0,0.0,AS,2014,2013-14
45.0,Brandon Jennings,24.0,DET,PG,80.0,79.0,2728.0,423.0,1135.0,0.373,154.0,457.0,0.337,269.0,678.0,0.397,0.441,241.0,321.0,0.751,59.0,185.0,244.0,609.0,101.0,8.0,215.0,157.0,1241.0,0.0,,2014,2013-14
46.0,Serge Ibaka,24.0,OKC,PF,81.0,81.0,2666.0,524.0,978.0,0.536,23.0,60.0,0.383,501.0,918.0,0.546,0.548,156.0,199.0,0.784,224.0,485.0,709.0,85.0,39.0,219.0,123.0,233.0,1227.0,0.0,"DPOY-4,DEF1",2014,2013-14
47.0,Chandler Parsons,25.0,HOU,SF,74.0,74.0,2783.0,466.0,987.0,0.472,130.0,351.0,0.37,336.0,636.0,0.528,0.538,164.0,221.0,0.742,69.0,340.0,409.0,298.0,88.0,29.0,144.0,168.0,1226.0,0.0,,2014,2013-14
48.0,Jodie Meeks,26.0,LAL,SG,77.0,70.0,2556.0,413.0,892.0,0.463,162.0,404.0,0.401,251.0,488.0,0.514,0.554,221.0,258.0,0.857,30.0,164.0,194.0,138.0,111.0,4.0,111.0,119.0,1209.0,0.0,,2014,2013-14
49.0,Chris Paul,28.0,LAC,PG,62.0,62.0,2171.0,406.0,870.0,0.467,78.0,212.0,0.368,328.0,658.0,0.498,0.511,295.0,345.0,0.855,38.0,230.0,268.0,663.0,154.0,4.0,145.0,157.0,1185.0,0.0,"MVP-7,DPOY-13,AS,NBA1,DEF1",2014,2013-14
50.0,Michael Carter-Williams,22.0,PHI,PG,70.0,70.0,2414.0,427.0,1054.0,0.405,55.0,208.0,0.264,372.0,846.0,0.44,0.431,258.0,367.0,0.703,101.0,336.0,437.0,441.0,130.0,43.0,247.0,213.0,1167.0,2.0,ROY-1,2014,2013-14
51.0,Nick Young,28.0,LAL,SG,64.0,9.0,1810.0,387.0,889.0,0.435,135.0,350.0,0.386,252.0,539.0,0.468,0.511,235.0,285.0,0.825,29.0,137.0,166.0,95.0,46.0,12.0,95.0,156.0,1144.0,0.0,6MOY-8,2014,2013-14
52.0,Tony Parker,31.0,SAS,PG,68.0,68.0,1997.0,456.0,914.0,0.499,25.0,67.0,0.373,431.0,847.0,0.509,0.513,197.0,243.0,0.811,17.0,138.0,155.0,388.0,36.0,9.0,151.0,86.0,1134.0,0.0,"MVP-12,AS,NBA2",2014,2013-14
53.0,Evan Turner,25.0,2TM,SF,81.0,56.0,2457.0,434.0,1021.0,0.425,50.0,156.0,0.321,384.0,865.0,0.444,0.45,213.0,262.0,0.813,62.0,346.0,408.0,262.0,67.0,7.0,189.0,195.0,1131.0,0.0,,2014,2013-14
53.0,Evan Turner,25.0,PHI,SF,54.0,54.0,1886.0,356.0,831.0,0.428,38.0,132.0,0.288,318.0,699.0,0.455,0.451,189.0,228.0,0.829,50.0,272.0,322.0,198.0,56.0,5.0,155.0,147.0,939.0,0.0,,2014,2013-14
53.0,Evan Turner,25.0,IND,SF,27.0,2.0,571.0,78.0,190.0,0.411,12.0,24.0,0.5,66.0,166.0,0.398,0.442,24.0,34.0,0.706,12.0,74.0,86.0,64.0,11.0,2.0,34.0,48.0,192.0,0.0,,2014,2013-14
54.0,Tim Duncan,37.0,SAS,C,74.0,74.0,2158.0,444.0,906.0,0.49,0.0,5.0,0.0,444.0,901.0,0.493,0.49,231.0,316.0,0.731,158.0,563.0,721.0,220.0,43.0,139.0,159.0,134.0,1119.0,0.0,"MVP-12,DPOY-13",2014,2013-14
55.0,David West,33.0,IND,PF,80.0,80.0,2472.0,458.0,939.0,0.488,4.0,15.0,0.267,454.0,924.0,0.491,0.49,198.0,251.0,0.789,120.0,422.0,542.0,223.0,61.0,74.0,133.0,186.0,1118.0,0.0,,2014,2013-14
56.0,Markieff Morris,24.0,PHO,PF,81.0,0.0,2153.0,411.0,845.0,0.486,34.0,108.0,0.315,377.0,737.0,0.512,0.507,259.0,327.0,0.792,139.0,346.0,485.0,144.0,68.0,51.0,147.0,232.0,1115.0,0.0,6MOY-4,2014,2013-14
57.0,Dion Waiters,22.0,CLE,SG,70.0,24.0,2072.0,430.0,993.0,0.433,92.0,250.0,0.368,338.0,743.0,0.455,0.479,161.0,235.0,0.685,32.0,163.0,195.0,209.0,63.0,17.0,154.0,153.0,1113.0,0.0,6MOY-8,2014,2013-14
58.0,Trevor Ariza,28.0,WAS,SF,77.0,77.0,2723.0,389.0,853.0,0.456,180.0,442.0,0.407,209.0,411.0,0.509,0.562,149.0,193.0,0.772,99.0,376.0,475.0,191.0,126.0,20.0,132.0,179.0,1107.0,0.0,DPOY-15,2014,2013-14
59.0,Victor Oladipo,21.0,ORL,PG,80.0,44.0,2487.0,392.0,936.0,0.419,74.0,226.0,0.327,318.0,710.0,0.448,0.458,248.0,318.0,0.78,43.0,286.0,329.0,327.0,129.0,37.0,256.0,210.0,1106.0,1.0,ROY-2,2014,2013-14
60.0,Kenneth Faried,24.0,DEN,PF,80.0,77.0,2178.0,447.0,820.0,0.545,0.0,3.0,0.0,447.0,817.0,0.547,0.545,202.0,311.0,0.65,238.0,446.0,684.0,96.0,70.0,69.0,135.0,193.0,1096.0,0.0,,2014,2013-14
61.0,Andre Drummond,20.0,DET,C,81.0,81.0,2619.0,479.0,769.0,0.623,0.0,2.0,0.0,479.0,767.0,0.625,0.623,137.0,328.0,0.418,440.0,631.0,1071.0,35.0,101.0,131.0,110.0,273.0,1095.0,0.0,,2014,2013-14
62.0,Ty Lawson,26.0,DEN,PG,62.0,61.0,2222.0,347.0,806.0,0.431,72.0,202.0,0.356,275.0,604.0,0.455,0.475,324.0,406.0,0.798,40.0,175.0,215.0,543.0,100.0,10.0,200.0,113.0,1090.0,0.0,,2014,2013-14
63.0,Alec Burks,22.0,UTA,SG,78.0,12.0,2193.0,380.0,831.0,0.457,50.0,143.0,0.35,330.0,688.0,0.48,0.487,279.0,373.0,0.748,59.0,198.0,257.0,212.0,69.0,14.0,149.0,190.0,1089.0,0.0,,2014,2013-14
64.0,Gerald Henderson,26.0,CHA,SG,77.0,77.0,2461.0,403.0,930.0,0.433,40.0,115.0,0.348,363.0,815.0,0.445,0.455,235.0,309.0,0.761,31.0,279.0,310.0,199.0,51.0,32.0,113.0,159.0,1081.0,0.0,,2014,2013-14
65.0,Lance Stephenson,23.0,IND,SG,78.0,78.0,2752.0,427.0,870.0,0.491,86.0,244.0,0.352,341.0,626.0,0.545,0.54,140.0,197.0,0.711,95.0,463.0,558.0,359.0,54.0,7.0,210.0,195.0,1080.0,5.0,,2014,2013-14
66.0,J.R. Smith,28.0,NYK,SF,74.0,37.0,2421.0,396.0,955.0,0.415,189.0,480.0,0.394,207.0,475.0,0.436,0.514,90.0,138.0,0.652,35.0,261.0,296.0,219.0,65.0,20.0,108.0,196.0,1071.0,0.0,,2014,2013-14
67.0,Nicolas Batum,25.0,POR,SF,82.0,82.0,2956.0,381.0,819.0,0.465,145.0,402.0,0.361,236.0,417.0,0.566,0.554,163.0,203.0,0.803,116.0,495.0,611.0,420.0,75.0,57.0,208.0,156.0,1070.0,2.0,,2014,2013-14
68.0,Taj Gibson,28.0,CHI,PF,82.0,8.0,2351.0,429.0,896.0,0.479,0.0,7.0,0.0,429.0,889.0,0.483,0.479,211.0,281.0,0.751,200.0,358.0,558.0,91.0,41.0,112.0,150.0,207.0,1069.0,0.0,6MOY-2,2014,2013-14
69.0,Randy Foye,30.0,DEN,SG,81.0,78.0,2485.0,361.0,875.0,0.413,189.0,498.0,0.38,172.0,377.0,0.456,0.521,157.0,185.0,0.849,36.0,196.0,232.0,287.0,67.0,39.0,145.0,205.0,1068.0,0.0,,2014,2013-14
70.0,Marcin Gortat,29.0,WAS,C,81.0,80.0,2655.0,455.0,840.0,0.542,1.0,1.0,1.0,454.0,839.0,0.541,0.542,157.0,229.0,0.686,202.0,565.0,767.0,138.0,41.0,121.0,126.0,201.0,1068.0,0.0,,2014,2013-14
71.0,Spencer Hawes,25.0,2TM,C,80.0,78.0,2470.0,403.0,883.0,0.456,128.0,308.0,0.416,275.0,575.0,0.478,0.529,119.0,152.0,0.783,131.0,529.0,660.0,240.0,44.0,94.0,173.0,237.0,1053.0,0.0,,2014,2013-14
71.0,Spencer Hawes,25.0,PHI,C,53.0,53.0,1666.0,264.0,586.0,0.451,81.0,203.0,0.399,183.0,383.0,0.478,0.52,79.0,101.0,0.782,88.0,364.0,452.0,176.0,31.0,67.0,119.0,154.0,688.0,0.0,,2014,2013-14
71.0,Spencer Hawes,25.0,CLE,C,27.0,25.0,804.0,139.0,297.0,0.468,47.0,105.0,0.448,92.0,192.0,0.479,0.547,40.0,51.0,0.784,43.0,165.0,208.0,64.0,13.0,27.0,54.0,83.0,365.0,0.0,,2014,2013-14
72.0,Reggie Jackson,23.0,OKC,PG,80.0,36.0,2277.0,403.0,916.0,0.44,83.0,245.0,0.339,320.0,671.0,0.477,0.485,158.0,177.0,0.893,43.0,270.0,313.0,331.0,85.0,9.0,168.0,142.0,1047.0,0.0,6MOY-5,2014,2013-14
73.0,Carlos Boozer,32.0,CHI,PF,76.0,76.0,2141.0,447.0,980.0,0.456,0.0,2.0,0.0,447.0,978.0,0.457,0.456,148.0,193.0,0.767,137.0,495.0,632.0,118.0,53.0,22.0,154.0,216.0,1042.0,0.0,,2014,2013-14
74.0,Tyreke Evans,24.0,NOP,SF,72.0,22.0,2028.0,391.0,897.0,0.436,21.0,95.0,0.221,370.0,802.0,0.461,0.448,239.0,310.0,0.771,76.0,265.0,341.0,363.0,84.0,21.0,175.0,155.0,1042.0,1.0,,2014,2013-14
75.0,Pau Gasol,33.0,LAL,C,60.0,60.0,1884.0,425.0,885.0,0.48,4.0,14.0,0.286,421.0,871.0,0.483,0.482,187.0,254.0,0.736,124.0,456.0,580.0,201.0,27.0,92.0,141.0,124.0,1041.0,0.0,,2014,2013-14
76.0,Dwyane Wade,32.0,MIA,SG,54.0,53.0,1775.0,415.0,761.0,0.545,9.0,32.0,0.281,406.0,729.0,0.557,0.551,189.0,258.0,0.733,60.0,181.0,241.0,252.0,79.0,29.0,161.0,106.0,1028.0,0.0,AS,2014,2013-14
77.0,Ramon Sessions,27.0,2TM,PG,83.0,19.0,2214.0,330.0,769.0,0.429,35.0,124.0,0.282,295.0,645.0,0.457,0.452,326.0,404.0,0.807,38.0,165.0,203.0,340.0,49.0,9.0,148.0,90.0,1021.0,0.0,,2014,2013-14
77.0,Ramon Sessions,27.0,CHA,PG,55.0,7.0,1305.0,190.0,465.0,0.409,15.0,68.0,0.221,175.0,397.0,0.441,0.425,183.0,234.0,0.782,22.0,95.0,117.0,206.0,33.0,6.0,93.0,50.0,578.0,0.0,,2014,2013-14
77.0,Ramon Sessions,27.0,MIL,PG,28.0,12.0,909.0,140.0,304.0,0.461,20.0,56.0,0.357,120.0,248.0,0.484,0.493,143.0,170.0,0.841,16.0,70.0,86.0,134.0,16.0,3.0,55.0,40.0,443.0,0.0,,2014,2013-14
78.0,Rodney Stuckey,27.0,DET,SG,73.0,5.0,1950.0,372.0,853.0,0.436,24.0,88.0,0.273,348.0,765.0,0.455,0.45,244.0,292.0,0.836,39.0,130.0,169.0,152.0,54.0,10.0,125.0,131.0,1012.0,0.0,,2014,2013-14
79.0,Luol Deng,28.0,2TM,SF,63.0,63.0,2213.0,371.0,860.0,0.431,57.0,189.0,0.302,314.0,671.0,0.468,0.465,212.0,268.0,0.791,99.0,262.0,361.0,183.0,62.0,9.0,114.0,111.0,1011.0,0.0,,2014,2013-14
79.0,Luol Deng,28.0,CHI,SF,23.0,23.0,860.0,160.0,354.0,0.452,17.0,62.0,0.274,143.0,292.0,0.49,0.476,101.0,124.0,0.815,40.0,118.0,158.0,85.0,24.0,4.0,59.0,53.0,438.0,0.0,,2014,2013-14
79.0,Luol Deng,28.0,CLE,SF,40.0,40.0,1353.0,211.0,506.0,0.417,40.0,127.0,0.315,171.0,379.0,0.451,0.457,111.0,144.0,0.771,59.0,144.0,203.0,98.0,38.0,5.0,55.0,58.0,573.0,0.0,,2014,2013-14
80.0,Paul Pierce,36.0,BRK,SF,75.0,68.0,2098.0,321.0,712.0,0.451,112.0,300.0,0.373,209.0,412.0,0.507,0.529,256.0,310.0,0.826,26.0,322.0,348.0,178.0,86.0,31.0,153.0,190.0,1010.0,0.0,,2014,2013-14
81.0,Joakim Noah,28.0,CHI,C,80.0,80.0,2820.0,380.0,800.0,0.475,0.0,2.0,0.0,380.0,798.0,0.476,0.475,247.0,335.0,0.737,282.0,618.0,900.0,431.0,99.0,121.0,194.0,245.0,1007.0,4.0,"MVP-4,DPOY-1,AS,NBA1,DEF1",2014,2013-14
82.0,Russell Westbrook,25.0,OKC,PG,46.0,46.0,1412.0,346.0,791.0,0.437,68.0,214.0,0.318,278.0,577.0,0.482,0.48,242.0,293.0,0.826,55.0,208.0,263.0,319.0,88.0,7.0,177.0,104.0,1002.0,2.0,,2014,2013-14
83.0,Corey Brewer,27.0,MIN,SF,81.0,81.0,2609.0,388.0,807.0,0.481,59.0,211.0,0.28,329.0,596.0,0.552,0.517,163.0,227.0,0.718,63.0,144.0,207.0,135.0,151.0,30.0,105.0,210.0,998.0,0.0,,2014,2013-14
84.0,Khris Middleton,22.0,MIL,SF,82.0,64.0,2460.0,376.0,854.0,0.44,120.0,290.0,0.414,256.0,564.0,0.454,0.511,118.0,137.0,0.861,60.0,250.0,310.0,169.0,83.0,20.0,123.0,243.0,990.0,0.0,,2014,2013-14
85.0,Eric Gordon,25.0,NOP,SG,64.0,64.0,2057.0,356.0,817.0,0.436,101.0,258.0,0.391,255.0,559.0,0.456,0.498,175.0,223.0,0.785,30.0,135.0,165.0,208.0,74.0,12.0,134.0,114.0,988.0,0.0,,2014,2013-14
86.0,Enes Freedom,21.0,UTA,C,80.0,37.0,2138.0,419.0,853.0,0.491,0.0,1.0,0.0,419.0,852.0,0.492,0.491,149.0,204.0,0.73,222.0,376.0,598.0,75.0,28.0,42.0,144.0,230.0,987.0,0.0,6MOY-8,2014,2013-14
87.0,Jared Sullinger,21.0,BOS,PF,74.0,44.0,2041.0,384.0,899.0,0.427,56.0,208.0,0.269,328.0,691.0,0.475,0.458,158.0,203.0,0.778,241.0,360.0,601.0,118.0,35.0,49.0,119.0,251.0,982.0,0.0,,2014,2013-14
88.0,Derrick Favors,22.0,UTA,PF,73.0,73.0,2201.0,390.0,747.0,0.522,0.0,1.0,0.0,390.0,746.0,0.523,0.522,190.0,284.0,0.669,199.0,438.0,637.0,91.0,75.0,108.0,129.0,236.0,970.0,0.0,,2014,2013-14
89.0,Vince Carter,37.0,DAL,SG,81.0,0.0,1973.0,330.0,811.0,0.407,146.0,371.0,0.394,184.0,440.0,0.418,0.497,161.0,196.0,0.821,67.0,217.0,284.0,212.0,61.0,35.0,108.0,209.0,967.0,0.0,6MOY-6,2014,2013-14
90.0,Tristan Thompson,22.0,CLE,PF,82.0,82.0,2594.0,363.0,761.0,0.477,0.0,1.0,0.0,363.0,760.0,0.478,0.477,235.0,339.0,0.693,269.0,485.0,754.0,72.0,42.0,35.0,108.0,188.0,961.0,0.0,,2014,2013-14
91.0,Nikola Peković,28.0,MIN,C,54.0,54.0,1663.0,379.0,701.0,0.541,0.0,0.0,,379.0,701.0,0.541,0.541,186.0,249.0,0.747,206.0,262.0,468.0,50.0,30.0,23.0,84.0,129.0,944.0,0.0,,2014,2013-14
92.0,Tony Wroten,20.0,PHI,PG,72.0,16.0,1765.0,345.0,808.0,0.427,40.0,188.0,0.213,305.0,620.0,0.492,0.452,209.0,326.0,0.641,69.0,159.0,228.0,217.0,78.0,16.0,204.0,151.0,939.0,1.0,,2014,2013-14
93.0,D.J. Augustin,26.0,2TM,PG,71.0,9.0,1939.0,298.0,718.0,0.415,133.0,332.0,0.401,165.0,386.0,0.427,0.508,201.0,227.0,0.885,15.0,115.0,130.0,313.0,53.0,3.0,125.0,147.0,930.0,0.0,6MOY-7,2014,2013-14
93.0,D.J. Augustin,26.0,TOR,PG,10.0,0.0,82.0,7.0,24.0,0.292,1.0,11.0,0.091,6.0,13.0,0.462,0.313,6.0,6.0,1.0,0.0,4.0,4.0,10.0,1.0,0.0,9.0,7.0,21.0,0.0,,2014,2013-14
93.0,D.J. Augustin,26.0,CHI,PG,61.0,9.0,1857.0,291.0,694.0,0.419,132.0,321.0,0.411,159.0,373.0,0.426,0.514,195.0,221.0,0.882,15.0,111.0,126.0,303.0,52.0,3.0,116.0,140.0,909.0,0.0,,2014,2013-14
94.0,Mike Dunleavy,33.0,CHI,SF,82.0,61.0,2584.0,333.0,774.0,0.43,123.0,324.0,0.38,210.0,450.0,0.467,0.51,140.0,164.0,0.854,46.0,299.0,345.0,186.0,64.0,46.0,108.0,163.0,929.0,0.0,,2014,2013-14
95.0,José Calderón,32.0,DAL,PG,81.0,81.0,2468.0,341.0,748.0,0.456,191.0,425.0,0.449,150.0,323.0,0.464,0.584,52.0,63.0,0.825,29.0,163.0,192.0,377.0,69.0,11.0,103.0,136.0,925.0,0.0,,2014,2013-14
96.0,Terrence Jones,22.0,HOU,PF,76.0,71.0,2078.0,386.0,712.0,0.542,31.0,101.0,0.307,355.0,611.0,0.581,0.564,118.0,195.0,0.605,162.0,366.0,528.0,87.0,53.0,99.0,71.0,139.0,921.0,0.0,,2014,2013-14
97.0,Jonas Valančiūnas,21.0,TOR,C,81.0,81.0,2282.0,359.0,676.0,0.531,0.0,1.0,0.0,359.0,675.0,0.532,0.531,198.0,260.0,0.762,226.0,488.0,714.0,57.0,24.0,71.0,136.0,249.0,916.0,0.0,,2014,2013-14
98.0,Deron Williams,29.0,BRK,PG,64.0,58.0,2059.0,322.0,716.0,0.45,98.0,268.0,0.366,224.0,448.0,0.5,0.518,173.0,216.0,0.801,15.0,153.0,168.0,392.0,93.0,13.0,143.0,148.0,915.0,0.0,,2014,2013-14
99.0,Brandon Bass,28.0,BOS,PF,82.0,73.0,2266.0,352.0,725.0,0.486,2.0,6.0,0.333,350.0,719.0,0.487,0.487,205.0,239.0,0.858,161.0,309.0,470.0,87.0,36.0,71.0,102.0,190.0,911.0,0.0,,2014,2013-14
100.0,Marco Belinelli,27.0,SAS,SF,80.0,25.0,2016.0,337.0,695.0,0.485,126.0,293.0,0.43,211.0,402.0,0.525,0.576,111.0,131.0,0.847,18.0,208.0,226.0,179.0,50.0,7.0,95.0,130.0,911.0,0.0,6MOY-11,2014,2013-14
101.0,Darren Collison,26.0,LAC,PG,80.0,35.0,2069.0,324.0,694.0,0.467,71.0,189.0,0.376,253.0,505.0,0.501,0.518,192.0,224.0,0.857,47.0,141.0,188.0,297.0,93.0,15.0,132.0,150.0,911.0,0.0,,2014,2013-14
102.0,Channing Frye,30.0,PHO,PF,82.0,82.0,2312.0,336.0,778.0,0.432,160.0,432.0,0.37,176.0,346.0,0.509,0.535,78.0,95.0,0.821,73.0,343.0,416.0,98.0,60.0,63.0,89.0,245.0,910.0,0.0,,2014,2013-14
103.0,Robin Lopez,25.0,POR,C,82.0,82.0,2603.0,355.0,644.0,0.551,0.0,1.0,0.0,355.0,643.0,0.552,0.551,198.0,242.0,0.818,326.0,374.0,700.0,73.0,25.0,139.0,84.0,196.0,908.0,0.0,,2014,2013-14
104.0,Trey Burke,21.0,UTA,PG,70.0,68.0,2262.0,341.0,897.0,0.38,111.0,336.0,0.33,230.0,561.0,0.41,0.442,102.0,113.0,0.903,37.0,171.0,208.0,396.0,42.0,6.0,131.0,145.0,895.0,0.0,ROY-3,2014,2013-14
105.0,Tobias Harris,21.0,ORL,PF,61.0,36.0,1850.0,332.0,716.0,0.464,32.0,126.0,0.254,300.0,590.0,0.508,0.486,197.0,244.0,0.807,88.0,336.0,424.0,82.0,41.0,24.0,78.0,143.0,893.0,0.0,,2014,2013-14
106.0,Avery Bradley,23.0,BOS,SG,60.0,58.0,1855.0,361.0,825.0,0.438,79.0,200.0,0.395,282.0,625.0,0.451,0.485,90.0,112.0,0.804,48.0,178.0,226.0,85.0,63.0,11.0,96.0,145.0,891.0,0.0,,2014,2013-14
107.0,Jeremy Lin,25.0,HOU,PG,71.0,33.0,2054.0,295.0,662.0,0.446,82.0,229.0,0.358,213.0,433.0,0.492,0.508,218.0,265.0,0.823,34.0,153.0,187.0,294.0,68.0,27.0,176.0,166.0,890.0,1.0,,2014,2013-14
108.0,Jordan Crawford,25.0,2TM,PG,81.0,35.0,1859.0,327.0,788.0,0.415,90.0,285.0,0.316,237.0,503.0,0.471,0.472,146.0,169.0,0.864,28.0,155.0,183.0,281.0,47.0,5.0,134.0,120.0,890.0,1.0,,2014,2013-14
108.0,Jordan Crawford,25.0,BOS,PG,39.0,35.0,1198.0,188.0,455.0,0.413,50.0,157.0,0.318,138.0,298.0,0.463,0.468,110.0,126.0,0.873,18.0,102.0,120.0,224.0,34.0,3.0,84.0,76.0,536.0,1.0,,2014,2013-14
108.0,Jordan Crawford,25.0,GSW,SG,42.0,0.0,661.0,139.0,333.0,0.417,40.0,128.0,0.313,99.0,205.0,0.483,0.477,36.0,43.0,0.837,10.0,53.0,63.0,57.0,13.0,2.0,50.0,44.0,354.0,0.0,,2014,2013-14
109.0,Terrence Ross,22.0,TOR,SG,81.0,62.0,2159.0,318.0,751.0,0.423,161.0,408.0,0.395,157.0,343.0,0.458,0.531,82.0,98.0,0.837,43.0,209.0,252.0,79.0,64.0,27.0,88.0,183.0,879.0,0.0,,2014,2013-14
110.0,Jimmy Butler,24.0,CHI,SG,67.0,67.0,2591.0,275.0,693.0,0.397,68.0,240.0,0.283,207.0,453.0,0.457,0.446,260.0,338.0,0.769,87.0,243.0,330.0,175.0,127.0,36.0,102.0,106.0,878.0,0.0,DEF2,2014,2013-14
111.0,Roy Hibbert,27.0,IND,C,81.0,81.0,2409.0,331.0,754.0,0.439,2.0,5.0,0.4,329.0,749.0,0.439,0.44,207.0,269.0,0.77,202.0,336.0,538.0,91.0,29.0,182.0,148.0,269.0,871.0,0.0,"DPOY-2,AS,DEF2",2014,2013-14
112.0,Marc Gasol,29.0,MEM,C,59.0,59.0,1970.0,336.0,711.0,0.473,2.0,11.0,0.182,334.0,700.0,0.477,0.474,185.0,241.0,0.768,84.0,340.0,424.0,215.0,59.0,76.0,111.0,150.0,859.0,0.0,DPOY-15,2014,2013-14
113.0,DeAndre Jordan,25.0,LAC,C,82.0,82.0,2870.0,348.0,515.0,0.676,0.0,0.0,,348.0,515.0,0.676,0.676,160.0,374.0,0.428,331.0,783.0,1114.0,74.0,80.0,203.0,123.0,264.0,856.0,0.0,DPOY-3,2014,2013-14
114.0,Kyle Korver,32.0,ATL,SG,71.0,71.0,2408.0,289.0,609.0,0.475,185.0,392.0,0.472,104.0,217.0,0.479,0.626,87.0,94.0,0.926,22.0,260.0,282.0,208.0,70.0,24.0,102.0,147.0,850.0,0.0,,2014,2013-14
115.0,Wilson Chandler,26.0,DEN,SF,62.0,55.0,1927.0,307.0,738.0,0.416,122.0,351.0,0.348,185.0,387.0,0.478,0.499,110.0,152.0,0.724,58.0,236.0,294.0,114.0,46.0,31.0,79.0,193.0,846.0,0.0,,2014,2013-14
116.0,Kawhi Leonard,22.0,SAS,SF,66.0,65.0,1923.0,337.0,645.0,0.522,69.0,182.0,0.379,268.0,463.0,0.579,0.576,101.0,126.0,0.802,76.0,336.0,412.0,133.0,114.0,50.0,80.0,127.0,844.0,0.0,"DPOY-11,DEF2",2014,2013-14
117.0,Manu Ginóbili,36.0,SAS,SG,68.0,3.0,1550.0,294.0,627.0,0.469,90.0,258.0,0.349,204.0,369.0,0.553,0.541,160.0,188.0,0.851,30.0,172.0,202.0,293.0,70.0,17.0,139.0,128.0,838.0,0.0,6MOY-3,2014,2013-14
118.0,Richard Jefferson,33.0,UTA,SF,82.0,78.0,2213.0,294.0,654.0,0.45,123.0,301.0,0.409,171.0,353.0,0.484,0.544,120.0,162.0,0.741,18.0,201.0,219.0,130.0,56.0,14.0,94.0,168.0,831.0,0.0,,2014,2013-14
119.0,Patty Mills,25.0,SAS,PG,81.0,2.0,1527.0,309.0,666.0,0.464,135.0,318.0,0.425,174.0,348.0,0.5,0.565,73.0,82.0,0.89,34.0,135.0,169.0,149.0,68.0,9.0,63.0,114.0,826.0,0.0,6MOY-13,2014,2013-14
120.0,Tim Hardaway Jr.,21.0,NYK,SG,81.0,1.0,1875.0,294.0,687.0,0.428,130.0,358.0,0.363,164.0,329.0,0.498,0.523,106.0,128.0,0.828,19.0,102.0,121.0,66.0,44.0,7.0,47.0,144.0,824.0,0.0,"ROY-5,6MOY-13",2014,2013-14
121.0,Andray Blatche,27.0,BRK,PF,73.0,7.0,1618.0,321.0,674.0,0.476,15.0,54.0,0.278,306.0,620.0,0.494,0.487,164.0,221.0,0.742,120.0,270.0,390.0,112.0,75.0,38.0,110.0,166.0,821.0,0.0,6MOY-13,2014,2013-14
122.0,Jameer Nelson,31.0,ORL,PG,68.0,68.0,2179.0,294.0,747.0,0.394,136.0,391.0,0.348,158.0,356.0,0.444,0.485,96.0,112.0,0.857,29.0,202.0,231.0,476.0,52.0,5.0,166.0,146.0,820.0,0.0,,2014,2013-14
123.0,J.J. Hickson,25.0,DEN,PF,69.0,52.0,1859.0,332.0,654.0,0.508,0.0,8.0,0.0,332.0,646.0,0.514,0.508,150.0,290.0,0.517,206.0,426.0,632.0,96.0,47.0,51.0,128.0,177.0,814.0,0.0,,2014,2013-14
124.0,Nikola Vučević,23.0,ORL,C,57.0,57.0,1812.0,353.0,696.0,0.507,0.0,0.0,,353.0,696.0,0.507,0.507,105.0,137.0,0.766,185.0,441.0,626.0,104.0,60.0,47.0,112.0,169.0,811.0,0.0,,2014,2013-14
125.0,James Anderson,24.0,PHI,SG,80.0,62.0,2309.0,309.0,717.0,0.431,115.0,351.0,0.328,194.0,366.0,0.53,0.511,77.0,106.0,0.726,59.0,241.0,300.0,149.0,74.0,28.0,106.0,154.0,810.0,0.0,,2014,2013-14
126.0,DeMarre Carroll,27.0,ATL,SF,73.0,73.0,2341.0,302.0,642.0,0.47,97.0,268.0,0.362,205.0,374.0,0.548,0.546,109.0,141.0,0.773,107.0,296.0,403.0,134.0,108.0,21.0,79.0,188.0,810.0,0.0,,2014,2013-14
127.0,Amir Johnson,26.0,TOR,PF,77.0,72.0,2214.0,344.0,612.0,0.562,20.0,66.0,0.303,324.0,546.0,0.593,0.578,91.0,143.0,0.636,172.0,333.0,505.0,115.0,56.0,88.0,123.0,271.0,799.0,0.0,,2014,2013-14
128.0,Marcus Morris,24.0,PHO,SF,82.0,1.0,1800.0,288.0,651.0,0.442,99.0,260.0,0.381,189.0,391.0,0.483,0.518,121.0,159.0,0.761,84.0,235.0,319.0,88.0,72.0,18.0,95.0,157.0,796.0,0.0,,2014,2013-14
129.0,Shawn Marion,35.0,DAL,SF,76.0,76.0,2409.0,341.0,708.0,0.482,58.0,162.0,0.358,283.0,546.0,0.518,0.523,51.0,65.0,0.785,132.0,365.0,497.0,124.0,90.0,37.0,95.0,125.0,791.0,0.0,,2014,2013-14
130.0,Kyle Singler,25.0,DET,SF,82.0,36.0,2337.0,269.0,602.0,0.447,94.0,246.0,0.382,175.0,356.0,0.492,0.525,152.0,184.0,0.826,116.0,187.0,303.0,75.0,61.0,38.0,79.0,211.0,784.0,0.0,,2014,2013-14
131.0,George Hill,27.0,IND,PG,76.0,76.0,2434.0,272.0,616.0,0.442,95.0,260.0,0.365,177.0,356.0,0.497,0.519,142.0,176.0,0.807,53.0,230.0,283.0,265.0,75.0,23.0,92.0,158.0,781.0,0.0,,2014,2013-14
132.0,Ricky Rubio,23.0,MIN,PG,82.0,82.0,2638.0,255.0,670.0,0.381,44.0,133.0,0.331,211.0,537.0,0.393,0.413,227.0,283.0,0.802,61.0,281.0,342.0,704.0,191.0,11.0,221.0,218.0,781.0,2.0,,2014,2013-14
133.0,John Henson,23.0,MIL,PF,70.0,23.0,1856.0,344.0,639.0,0.538,0.0,1.0,0.0,344.0,638.0,0.539,0.538,91.0,177.0,0.514,171.0,326.0,497.0,113.0,41.0,116.0,114.0,185.0,779.0,0.0,,2014,2013-14
134.0,Amar'e Stoudemire,31.0,NYK,C,65.0,21.0,1466.0,311.0,558.0,0.557,0.0,0.0,,311.0,558.0,0.557,0.557,150.0,203.0,0.739,112.0,208.0,320.0,34.0,23.0,37.0,91.0,159.0,772.0,0.0,,2014,2013-14
135.0,Timofey Mozgov,27.0,DEN,C,82.0,30.0,1770.0,285.0,545.0,0.523,4.0,24.0,0.167,281.0,521.0,0.539,0.527,196.0,260.0,0.754,171.0,357.0,528.0,62.0,27.0,100.0,122.0,213.0,770.0,0.0,6MOY-13,2014,2013-14
136.0,Mike Scott,25.0,ATL,PF,80.0,6.0,1482.0,301.0,628.0,0.479,62.0,200.0,0.31,239.0,428.0,0.558,0.529,103.0,132.0,0.78,62.0,222.0,284.0,75.0,30.0,7.0,79.0,121.0,767.0,0.0,,2014,2013-14
137.0,Eric Bledsoe,24.0,PHO,PG,43.0,40.0,1416.0,265.0,556.0,0.477,50.0,140.0,0.357,215.0,416.0,0.517,0.522,183.0,237.0,0.772,27.0,175.0,202.0,235.0,69.0,14.0,143.0,99.0,763.0,0.0,,2014,2013-14
138.0,Courtney Lee,28.0,2TM,SG,79.0,47.0,1973.0,295.0,614.0,0.48,72.0,194.0,0.371,223.0,420.0,0.531,0.539,99.0,112.0,0.884,29.0,158.0,187.0,115.0,65.0,28.0,73.0,127.0,761.0,0.0,,2014,2013-14
138.0,Courtney Lee,28.0,BOS,SG,30.0,0.0,504.0,90.0,183.0,0.492,23.0,52.0,0.442,67.0,131.0,0.511,0.555,18.0,22.0,0.818,8.0,41.0,49.0,32.0,20.0,9.0,25.0,37.0,221.0,0.0,,2014,2013-14
138.0,Courtney Lee,28.0,MEM,SG,49.0,47.0,1469.0,205.0,431.0,0.476,49.0,142.0,0.345,156.0,289.0,0.54,0.532,81.0,90.0,0.9,21.0,117.0,138.0,83.0,45.0,19.0,48.0,90.0,540.0,0.0,,2014,2013-14
139.0,Jarrett Jack,30.0,CLE,PG,80.0,31.0,2252.0,286.0,698.0,0.41,63.0,185.0,0.341,223.0,513.0,0.435,0.455,125.0,149.0,0.839,22.0,201.0,223.0,324.0,56.0,22.0,133.0,133.0,760.0,0.0,,2014,2013-14
140.0,P.J. Tucker,28.0,PHO,SF,81.0,81.0,2490.0,265.0,615.0,0.431,74.0,191.0,0.387,191.0,424.0,0.45,0.491,156.0,201.0,0.776,161.0,368.0,529.0,141.0,110.0,23.0,102.0,204.0,760.0,0.0,DPOY-12,2014,2013-14
141.0,Martell Webster,27.0,WAS,SF,78.0,13.0,2157.0,254.0,587.0,0.433,146.0,372.0,0.392,108.0,215.0,0.502,0.557,105.0,125.0,0.84,38.0,184.0,222.0,97.0,41.0,15.0,58.0,150.0,759.0,0.0,,2014,2013-14
142.0,Greivis Vásquez,27.0,2TM,PG,79.0,23.0,1779.0,277.0,658.0,0.421,109.0,289.0,0.377,168.0,369.0,0.455,0.504,95.0,108.0,0.88,20.0,153.0,173.0,323.0,31.0,5.0,128.0,143.0,758.0,0.0,6MOY-13,2014,2013-14
142.0,Greivis Vásquez,27.0,SAC,PG,18.0,18.0,465.0,65.0,150.0,0.433,16.0,50.0,0.32,49.0,100.0,0.49,0.487,30.0,32.0,0.938,5.0,29.0,34.0,95.0,6.0,1.0,27.0,38.0,176.0,0.0,,2014,2013-14
142.0,Greivis Vásquez,27.0,TOR,PG,61.0,5.0,1314.0,212.0,508.0,0.417,93.0,239.0,0.389,119.0,269.0,0.442,0.509,65.0,76.0,0.855,15.0,124.0,139.0,228.0,25.0,4.0,101.0,105.0,582.0,0.0,,2014,2013-14
143.0,Nenê,31.0,WAS,PF,53.0,37.0,1560.0,299.0,594.0,0.503,1.0,5.0,0.2,298.0,589.0,0.506,0.504,155.0,266.0,0.583,65.0,229.0,294.0,153.0,64.0,47.0,117.0,164.0,754.0,0.0,,2014,2013-14
144.0,Harrison Barnes,21.0,GSW,SF,78.0,24.0,2204.0,271.0,679.0,0.399,66.0,190.0,0.347,205.0,489.0,0.419,0.448,130.0,181.0,0.718,66.0,245.0,311.0,116.0,65.0,20.0,84.0,158.0,738.0,0.0,,2014,2013-14
145.0,Mo Williams,31.0,POR,PG,74.0,0.0,1834.0,280.0,672.0,0.417,83.0,225.0,0.369,197.0,447.0,0.441,0.478,78.0,89.0,0.876,42.0,111.0,153.0,321.0,55.0,10.0,149.0,197.0,721.0,0.0,6MOY-13,2014,2013-14
146.0,Ben McLemore,20.0,SAC,SG,82.0,55.0,2187.0,255.0,679.0,0.376,95.0,297.0,0.32,160.0,382.0,0.419,0.446,115.0,143.0,0.804,53.0,182.0,235.0,82.0,45.0,18.0,96.0,201.0,720.0,0.0,,2014,2013-14
147.0,Boris Diaw,31.0,SAS,PF,79.0,24.0,1974.0,302.0,580.0,0.521,45.0,112.0,0.402,257.0,468.0,0.549,0.559,68.0,92.0,0.739,74.0,252.0,326.0,222.0,44.0,32.0,121.0,140.0,717.0,0.0,,2014,2013-14
148.0,Mario Chalmers,27.0,MIA,PG,73.0,73.0,2178.0,254.0,560.0,0.454,87.0,226.0,0.385,167.0,334.0,0.5,0.531,121.0,163.0,0.742,41.0,173.0,214.0,357.0,119.0,16.0,162.0,210.0,716.0,0.0,,2014,2013-14
149.0,Wesley Johnson,26.0,LAL,SF,79.0,62.0,2240.0,277.0,651.0,0.425,100.0,271.0,0.369,177.0,380.0,0.466,0.502,61.0,77.0,0.792,70.0,278.0,348.0,124.0,86.0,77.0,90.0,207.0,715.0,0.0,,2014,2013-14
150.0,Marcus Thornton,26.0,2TM,SG,72.0,27.0,1741.0,252.0,639.0,0.394,109.0,316.0,0.345,143.0,323.0,0.443,0.48,90.0,112.0,0.804,57.0,141.0,198.0,77.0,58.0,11.0,67.0,110.0,703.0,0.0,,2014,2013-14
150.0,Marcus Thornton,26.0,SAC,SG,46.0,26.0,1121.0,142.0,373.0,0.381,57.0,179.0,0.318,85.0,194.0,0.438,0.457,42.0,52.0,0.808,39.0,85.0,124.0,47.0,31.0,8.0,38.0,74.0,383.0,0.0,,2014,2013-14
150.0,Marcus Thornton,26.0,BRK,SG,26.0,1.0,620.0,110.0,266.0,0.414,52.0,137.0,0.38,58.0,129.0,0.45,0.511,48.0,60.0,0.8,18.0,56.0,74.0,30.0,27.0,3.0,29.0,36.0,320.0,0.0,,2014,2013-14
151.0,Ray Allen,38.0,MIA,SG,73.0,9.0,1936.0,240.0,543.0,0.442,116.0,309.0,0.375,124.0,234.0,0.53,0.549,105.0,116.0,0.905,23.0,182.0,205.0,143.0,54.0,8.0,84.0,115.0,701.0,0.0,,2014,2013-14
152.0,Jordan Hill,26.0,LAL,PF,72.0,32.0,1500.0,286.0,521.0,0.549,0.0,1.0,0.0,286.0,520.0,0.55,0.549,124.0,181.0,0.685,194.0,341.0,535.0,54.0,29.0,64.0,75.0,172.0,696.0,0.0,,2014,2013-14
153.0,Brian Roberts,28.0,NOP,PG,72.0,42.0,1667.0,244.0,581.0,0.42,64.0,178.0,0.36,180.0,403.0,0.447,0.475,125.0,133.0,0.94,17.0,119.0,136.0,234.0,43.0,7.0,95.0,132.0,677.0,0.0,,2014,2013-14
154.0,Kirk Hinrich,33.0,CHI,PG,73.0,61.0,2116.0,243.0,619.0,0.393,85.0,242.0,0.351,158.0,377.0,0.419,0.461,95.0,125.0,0.76,31.0,161.0,192.0,286.0,80.0,26.0,120.0,203.0,666.0,0.0,,2014,2013-14
155.0,Jerryd Bayless,25.0,2TM,PG,72.0,19.0,1686.0,248.0,617.0,0.402,76.0,212.0,0.358,172.0,405.0,0.425,0.464,94.0,118.0,0.797,22.0,123.0,145.0,194.0,60.0,9.0,82.0,161.0,666.0,0.0,,2014,2013-14
155.0,Jerryd Bayless,25.0,MEM,PG,31.0,5.0,650.0,90.0,239.0,0.377,25.0,83.0,0.301,65.0,156.0,0.417,0.429,45.0,57.0,0.789,8.0,51.0,59.0,66.0,20.0,5.0,22.0,72.0,250.0,0.0,,2014,2013-14
155.0,Jerryd Bayless,25.0,BOS,PG,41.0,14.0,1036.0,158.0,378.0,0.418,51.0,129.0,0.395,107.0,249.0,0.43,0.485,49.0,61.0,0.803,14.0,72.0,86.0,128.0,40.0,4.0,60.0,89.0,416.0,0.0,,2014,2013-14
156.0,Jeremy Lamb,21.0,OKC,SG,78.0,0.0,1538.0,263.0,609.0,0.432,88.0,247.0,0.356,175.0,362.0,0.483,0.504,51.0,64.0,0.797,27.0,162.0,189.0,115.0,56.0,26.0,61.0,143.0,665.0,0.0,,2014,2013-14
157.0,Josh McRoberts,26.0,CHA,PF,78.0,78.0,2360.0,247.0,566.0,0.436,105.0,291.0,0.361,142.0,275.0,0.516,0.529,62.0,85.0,0.729,85.0,288.0,373.0,333.0,58.0,46.0,83.0,189.0,661.0,0.0,,2014,2013-14
158.0,J.J. Barea,29.0,MIN,PG,79.0,1.0,1471.0,254.0,656.0,0.387,73.0,231.0,0.316,181.0,425.0,0.426,0.443,79.0,100.0,0.79,16.0,138.0,154.0,303.0,26.0,0.0,125.0,129.0,660.0,0.0,,2014,2013-14
159.0,Miles Plumlee,25.0,PHO,C,80.0,79.0,1964.0,286.0,553.0,0.517,0.0,0.0,,286.0,553.0,0.517,0.517,74.0,132.0,0.561,198.0,428.0,626.0,43.0,50.0,90.0,111.0,185.0,646.0,0.0,,2014,2013-14
160.0,Aaron Brooks,29.0,2TM,PG,72.0,12.0,1557.0,233.0,581.0,0.401,96.0,248.0,0.387,137.0,333.0,0.411,0.484,83.0,95.0,0.874,43.0,97.0,140.0,233.0,52.0,13.0,117.0,146.0,645.0,0.0,,2014,2013-14
160.0,Aaron Brooks,29.0,HOU,PG,43.0,0.0,716.0,104.0,263.0,0.395,54.0,132.0,0.409,50.0,131.0,0.382,0.498,37.0,44.0,0.841,23.0,39.0,62.0,83.0,25.0,6.0,51.0,76.0,299.0,0.0,,2014,2013-14
160.0,Aaron Brooks,29.0,DEN,PG,29.0,12.0,841.0,129.0,318.0,0.406,42.0,116.0,0.362,87.0,202.0,0.431,0.472,46.0,51.0,0.902,20.0,58.0,78.0,150.0,27.0,7.0,66.0,70.0,346.0,0.0,,2014,2013-14
161.0,Glen Davis,28.0,2TM,PF,68.0,44.0,1662.0,271.0,593.0,0.457,4.0,11.0,0.364,267.0,582.0,0.459,0.46,95.0,137.0,0.693,108.0,243.0,351.0,77.0,58.0,29.0,76.0,159.0,641.0,0.0,,2014,2013-14
161.0,Glen Davis,28.0,ORL,PF,45.0,43.0,1354.0,232.0,512.0,0.453,4.0,10.0,0.4,228.0,502.0,0.454,0.457,77.0,114.0,0.675,87.0,195.0,282.0,70.0,46.0,22.0,59.0,111.0,545.0,0.0,,2014,2013-14
161.0,Glen Davis,28.0,LAC,PF,23.0,1.0,308.0,39.0,81.0,0.481,0.0,1.0,0.0,39.0,80.0,0.488,0.481,18.0,23.0,0.783,21.0,48.0,69.0,7.0,12.0,7.0,17.0,48.0,96.0,0.0,,2014,2013-14
162.0,Evan Fournier,21.0,DEN,SG,76.0,4.0,1503.0,228.0,544.0,0.419,89.0,237.0,0.376,139.0,307.0,0.453,0.501,93.0,123.0,0.756,34.0,168.0,202.0,112.0,34.0,7.0,100.0,179.0,638.0,0.0,,2014,2013-14
163.0,Anthony Morrow,28.0,NOP,SG,76.0,9.0,1426.0,238.0,520.0,0.458,88.0,195.0,0.451,150.0,325.0,0.462,0.542,72.0,87.0,0.828,29.0,111.0,140.0,59.0,38.0,12.0,51.0,102.0,636.0,0.0,,2014,2013-14
164.0,Raymond Felton,29.0,NYK,PG,65.0,65.0,2017.0,240.0,608.0,0.395,62.0,195.0,0.318,178.0,413.0,0.431,0.446,88.0,122.0,0.721,54.0,143.0,197.0,365.0,78.0,27.0,129.0,157.0,630.0,0.0,,2014,2013-14
165.0,Shaun Livingston,28.0,BRK,PG,76.0,54.0,1974.0,235.0,487.0,0.483,1.0,6.0,0.167,234.0,481.0,0.486,0.484,158.0,191.0,0.827,67.0,179.0,246.0,245.0,93.0,31.0,105.0,172.0,629.0,0.0,,2014,2013-14
166.0,Luis Scola,33.0,IND,PF,82.0,2.0,1399.0,263.0,560.0,0.47,1.0,7.0,0.143,262.0,553.0,0.474,0.471,99.0,136.0,0.728,86.0,305.0,391.0,81.0,26.0,16.0,108.0,164.0,626.0,0.0,,2014,2013-14
167.0,Matt Barnes,33.0,LAC,SF,63.0,40.0,1735.0,231.0,527.0,0.438,97.0,283.0,0.343,134.0,244.0,0.549,0.53,66.0,90.0,0.733,60.0,232.0,292.0,125.0,56.0,28.0,85.0,185.0,625.0,0.0,,2014,2013-14
168.0,Lou Williams,27.0,ATL,PG,60.0,7.0,1445.0,197.0,493.0,0.4,79.0,231.0,0.342,118.0,262.0,0.45,0.48,152.0,179.0,0.849,10.0,114.0,124.0,210.0,45.0,4.0,92.0,65.0,625.0,0.0,,2014,2013-14
169.0,Derrick Williams,22.0,2TM,SF,78.0,15.0,1820.0,206.0,482.0,0.427,26.0,99.0,0.263,180.0,383.0,0.47,0.454,186.0,259.0,0.718,71.0,252.0,323.0,56.0,48.0,20.0,76.0,114.0,624.0,0.0,,2014,2013-14
169.0,Derrick Williams,22.0,MIN,PF,11.0,0.0,162.0,19.0,54.0,0.352,2.0,15.0,0.133,17.0,39.0,0.436,0.37,14.0,16.0,0.875,3.0,23.0,26.0,1.0,4.0,4.0,6.0,9.0,54.0,0.0,,2014,2013-14
169.0,Derrick Williams,22.0,SAC,SF,67.0,15.0,1658.0,187.0,428.0,0.437,24.0,84.0,0.286,163.0,344.0,0.474,0.465,172.0,243.0,0.708,68.0,229.0,297.0,55.0,44.0,16.0,70.0,105.0,570.0,0.0,,2014,2013-14
170.0,Mirza Teletović,28.0,BRK,SF,72.0,7.0,1396.0,221.0,529.0,0.418,136.0,349.0,0.39,85.0,180.0,0.472,0.546,44.0,62.0,0.71,60.0,206.0,266.0,57.0,29.0,23.0,54.0,143.0,622.0,0.0,,2014,2013-14
171.0,Danny Green,26.0,SAS,SG,68.0,59.0,1651.0,218.0,505.0,0.432,132.0,318.0,0.415,86.0,187.0,0.46,0.562,50.0,63.0,0.794,25.0,204.0,229.0,104.0,65.0,61.0,76.0,107.0,618.0,0.0,,2014,2013-14
172.0,Ersan İlyasova,26.0,MIL,PF,55.0,47.0,1478.0,237.0,579.0,0.409,37.0,131.0,0.282,200.0,448.0,0.446,0.441,107.0,130.0,0.823,107.0,235.0,342.0,72.0,46.0,8.0,61.0,135.0,618.0,0.0,,2014,2013-14
173.0,O.J. Mayo,26.0,MIL,SG,52.0,23.0,1346.0,224.0,550.0,0.407,84.0,227.0,0.37,140.0,323.0,0.433,0.484,76.0,88.0,0.864,24.0,100.0,124.0,113.0,28.0,13.0,95.0,111.0,608.0,0.0,,2014,2013-14
174.0,Kelly Olynyk,22.0,BOS,C,70.0,9.0,1400.0,234.0,502.0,0.466,40.0,114.0,0.351,194.0,388.0,0.5,0.506,99.0,122.0,0.811,140.0,225.0,365.0,109.0,35.0,27.0,106.0,227.0,607.0,0.0,,2014,2013-14
175.0,Marvin Williams,27.0,UTA,PF,66.0,50.0,1674.0,231.0,526.0,0.439,84.0,234.0,0.359,147.0,292.0,0.503,0.519,57.0,73.0,0.781,82.0,252.0,334.0,78.0,54.0,31.0,53.0,151.0,603.0,0.0,,2014,2013-14
176.0,Maurice Harkless,20.0,ORL,SF,80.0,41.0,1950.0,224.0,483.0,0.464,59.0,154.0,0.383,165.0,329.0,0.502,0.525,85.0,143.0,0.594,69.0,195.0,264.0,80.0,97.0,50.0,86.0,140.0,592.0,0.0,,2014,2013-14
177.0,Andre Iguodala,30.0,GSW,SF,63.0,63.0,2040.0,220.0,458.0,0.48,62.0,175.0,0.354,158.0,283.0,0.558,0.548,86.0,132.0,0.652,53.0,240.0,293.0,263.0,95.0,18.0,100.0,103.0,588.0,0.0,"DPOY-5,DEF1",2014,2013-14
178.0,Caron Butler,33.0,2TM,SF,56.0,13.0,1419.0,213.0,540.0,0.394,98.0,249.0,0.394,115.0,291.0,0.395,0.485,63.0,75.0,0.84,21.0,208.0,229.0,82.0,47.0,17.0,60.0,120.0,587.0,0.0,,2014,2013-14
178.0,Caron Butler,33.0,MIL,SF,34.0,13.0,821.0,137.0,354.0,0.387,53.0,147.0,0.361,84.0,207.0,0.406,0.462,47.0,56.0,0.839,16.0,142.0,158.0,56.0,23.0,11.0,52.0,64.0,374.0,0.0,,2014,2013-14
178.0,Caron Butler,33.0,OKC,SF,22.0,0.0,598.0,76.0,186.0,0.409,45.0,102.0,0.441,31.0,84.0,0.369,0.53,16.0,19.0,0.842,5.0,66.0,71.0,26.0,24.0,6.0,8.0,56.0,213.0,0.0,,2014,2013-14
179.0,Jason Thompson,27.0,SAC,PF,82.0,61.0,2007.0,251.0,496.0,0.506,0.0,0.0,,251.0,496.0,0.506,0.506,84.0,145.0,0.579,153.0,374.0,527.0,53.0,32.0,56.0,95.0,251.0,586.0,0.0,,2014,2013-14
180.0,Kris Humphries,28.0,BOS,PF,69.0,30.0,1376.0,231.0,461.0,0.501,0.0,2.0,0.0,231.0,459.0,0.503,0.501,117.0,144.0,0.813,127.0,282.0,409.0,67.0,31.0,61.0,64.0,136.0,579.0,0.0,,2014,2013-14
181.0,Mike Miller,33.0,MEM,SF,82.0,4.0,1707.0,213.0,443.0,0.481,107.0,233.0,0.459,106.0,210.0,0.505,0.602,46.0,56.0,0.821,30.0,177.0,207.0,130.0,26.0,5.0,77.0,95.0,579.0,0.0,,2014,2013-14
182.0,Patrick Beverley,25.0,HOU,PG,56.0,55.0,1751.0,199.0,481.0,0.414,92.0,255.0,0.361,107.0,226.0,0.473,0.509,83.0,102.0,0.814,72.0,124.0,196.0,151.0,77.0,23.0,66.0,174.0,573.0,0.0,"DPOY-17,DEF2",2014,2013-14
183.0,Al-Farouq Aminu,23.0,NOP,SF,80.0,65.0,2045.0,234.0,494.0,0.474,13.0,48.0,0.271,221.0,446.0,0.496,0.487,91.0,137.0,0.664,129.0,367.0,496.0,114.0,82.0,38.0,88.0,147.0,572.0,0.0,,2014,2013-14
184.0,Alan Anderson,31.0,BRK,SF,78.0,26.0,1773.0,194.0,485.0,0.4,84.0,248.0,0.339,110.0,237.0,0.464,0.487,92.0,118.0,0.78,40.0,135.0,175.0,81.0,48.0,11.0,62.0,147.0,564.0,0.0,,2014,2013-14
185.0,Andrea Bargnani,28.0,NYK,C,42.0,39.0,1257.0,222.0,502.0,0.442,30.0,108.0,0.278,192.0,394.0,0.487,0.472,84.0,102.0,0.824,69.0,153.0,222.0,45.0,14.0,52.0,58.0,100.0,558.0,0.0,,2014,2013-14
186.0,Patrick Patterson,24.0,2TM,PF,65.0,13.0,1533.0,225.0,489.0,0.46,55.0,151.0,0.364,170.0,338.0,0.503,0.516,50.0,71.0,0.704,117.0,225.0,342.0,78.0,55.0,37.0,65.0,159.0,555.0,0.0,,2014,2013-14
186.0,Patrick Patterson,24.0,SAC,PF,17.0,6.0,415.0,50.0,122.0,0.41,9.0,39.0,0.231,41.0,83.0,0.494,0.447,9.0,16.0,0.563,34.0,65.0,99.0,15.0,13.0,3.0,16.0,39.0,118.0,0.0,,2014,2013-14
186.0,Patrick Patterson,24.0,TOR,PF,48.0,7.0,1118.0,175.0,367.0,0.477,46.0,112.0,0.411,129.0,255.0,0.506,0.54,41.0,55.0,0.745,83.0,160.0,243.0,63.0,42.0,34.0,49.0,120.0,437.0,0.0,,2014,2013-14
187.0,Gary Neal,29.0,2TM,SG,52.0,3.0,1114.0,193.0,471.0,0.41,68.0,180.0,0.378,125.0,291.0,0.43,0.482,94.0,105.0,0.895,10.0,80.0,90.0,83.0,18.0,0.0,64.0,65.0,548.0,0.0,,2014,2013-14
187.0,Gary Neal,29.0,MIL,SG,30.0,2.0,607.0,108.0,277.0,0.39,40.0,111.0,0.36,68.0,166.0,0.41,0.462,45.0,54.0,0.833,8.0,42.0,50.0,46.0,7.0,0.0,39.0,26.0,301.0,0.0,,2014,2013-14
187.0,Gary Neal,29.0,CHA,SG,22.0,1.0,507.0,85.0,194.0,0.438,28.0,69.0,0.406,57.0,125.0,0.456,0.51,49.0,51.0,0.961,2.0,38.0,40.0,37.0,11.0,0.0,25.0,39.0,247.0,0.0,,2014,2013-14
188.0,Anderson Varejão,31.0,CLE,C,65.0,29.0,1800.0,227.0,459.0,0.495,0.0,7.0,0.0,227.0,452.0,0.502,0.495,92.0,135.0,0.681,187.0,442.0,629.0,140.0,69.0,39.0,72.0,164.0,546.0,0.0,,2014,2013-14
189.0,Shelvin Mack,23.0,ATL,PG,73.0,11.0,1490.0,209.0,501.0,0.417,62.0,184.0,0.337,147.0,317.0,0.464,0.479,64.0,74.0,0.865,21.0,139.0,160.0,271.0,50.0,2.0,89.0,100.0,544.0,0.0,,2014,2013-14
190.0,Al Horford,27.0,ATL,C,29.0,29.0,958.0,238.0,420.0,0.567,4.0,11.0,0.364,234.0,409.0,0.572,0.571,58.0,85.0,0.682,66.0,178.0,244.0,76.0,27.0,44.0,64.0,56.0,538.0,0.0,,2014,2013-14
191.0,JJ Redick,29.0,LAC,SG,35.0,34.0,987.0,181.0,398.0,0.455,73.0,185.0,0.395,108.0,213.0,0.507,0.546,97.0,106.0,0.915,9.0,65.0,74.0,78.0,28.0,3.0,42.0,65.0,532.0,0.0,,2014,2013-14
192.0,Austin Rivers,21.0,NOP,PG,69.0,4.0,1339.0,192.0,474.0,0.405,36.0,99.0,0.364,156.0,375.0,0.416,0.443,110.0,173.0,0.636,26.0,103.0,129.0,160.0,45.0,9.0,77.0,134.0,530.0,0.0,,2014,2013-14
193.0,Samuel Dalembert,32.0,DAL,C,80.0,68.0,1614.0,214.0,377.0,0.568,0.0,1.0,0.0,214.0,376.0,0.569,0.568,101.0,137.0,0.737,200.0,341.0,541.0,38.0,41.0,94.0,90.0,210.0,529.0,0.0,,2014,2013-14
194.0,Norris Cole,25.0,MIA,PG,82.0,6.0,2014.0,207.0,500.0,0.414,60.0,174.0,0.345,147.0,326.0,0.451,0.474,53.0,68.0,0.779,17.0,143.0,160.0,248.0,77.0,5.0,127.0,156.0,527.0,0.0,,2014,2013-14
195.0,Giannis Antetokounmpo,19.0,MIL,SF,77.0,23.0,1897.0,173.0,418.0,0.414,41.0,118.0,0.347,132.0,300.0,0.44,0.463,138.0,202.0,0.683,78.0,261.0,339.0,150.0,60.0,61.0,122.0,173.0,525.0,0.0,ROY-7,2014,2013-14
196.0,Brandan Wright,26.0,DAL,C,58.0,0.0,1077.0,224.0,331.0,0.677,0.0,0.0,,224.0,331.0,0.677,0.677,77.0,106.0,0.726,102.0,142.0,244.0,31.0,32.0,55.0,35.0,94.0,525.0,0.0,,2014,2013-14
197.0,Mason Plumlee,23.0,BRK,C,70.0,22.0,1275.0,199.0,302.0,0.659,0.0,3.0,0.0,199.0,299.0,0.666,0.659,122.0,195.0,0.626,99.0,209.0,308.0,60.0,49.0,55.0,77.0,171.0,520.0,0.0,ROY-4,2014,2013-14
198.0,Kosta Koufos,24.0,MEM,C,80.0,22.0,1349.0,227.0,459.0,0.495,0.0,0.0,,227.0,459.0,0.495,0.495,60.0,93.0,0.645,160.0,258.0,418.0,39.0,32.0,71.0,67.0,182.0,514.0,0.0,,2014,2013-14
199.0,Jared Dudley,28.0,LAC,SF,74.0,43.0,1729.0,196.0,447.0,0.438,81.0,225.0,0.36,115.0,222.0,0.518,0.529,38.0,58.0,0.655,36.0,124.0,160.0,104.0,41.0,10.0,56.0,146.0,511.0,0.0,,2014,2013-14
200.0,Draymond Green,23.0,GSW,SF,82.0,12.0,1797.0,187.0,459.0,0.407,55.0,165.0,0.333,132.0,294.0,0.449,0.467,82.0,123.0,0.667,86.0,323.0,409.0,152.0,102.0,72.0,91.0,231.0,511.0,0.0,,2014,2013-14
201.0,Dante Cunningham,26.0,MIN,PF,81.0,7.0,1635.0,236.0,509.0,0.464,0.0,5.0,0.0,236.0,504.0,0.468,0.464,38.0,67.0,0.567,112.0,218.0,330.0,83.0,62.0,58.0,42.0,146.0,510.0,0.0,,2014,2013-14
202.0,Marreese Speights,26.0,GSW,C,79.0,3.0,982.0,195.0,442.0,0.441,8.0,31.0,0.258,187.0,411.0,0.455,0.45,110.0,134.0,0.821,101.0,189.0,290.0,32.0,10.0,34.0,66.0,148.0,508.0,0.0,,2014,2013-14
203.0,C.J. Miles,26.0,CLE,SG,51.0,34.0,984.0,178.0,409.0,0.435,83.0,211.0,0.393,95.0,198.0,0.48,0.537,64.0,75.0,0.853,18.0,85.0,103.0,52.0,46.0,15.0,44.0,103.0,503.0,0.0,,2014,2013-14
204.0,E'Twaun Moore,24.0,ORL,SG,79.0,3.0,1506.0,195.0,456.0,0.428,57.0,161.0,0.354,138.0,295.0,0.468,0.49,52.0,68.0,0.765,29.0,107.0,136.0,112.0,60.0,13.0,55.0,106.0,499.0,0.0,,2014,2013-14
205.0,DeJuan Blair,24.0,DAL,PF,78.0,13.0,1214.0,210.0,393.0,0.534,0.0,2.0,0.0,210.0,391.0,0.537,0.534,77.0,121.0,0.636,139.0,229.0,368.0,70.0,60.0,21.0,77.0,192.0,497.0,0.0,,2014,2013-14
206.0,Tony Allen,32.0,MEM,SG,55.0,28.0,1278.0,204.0,413.0,0.494,11.0,47.0,0.234,193.0,366.0,0.527,0.507,76.0,121.0,0.628,79.0,129.0,208.0,94.0,90.0,19.0,90.0,121.0,495.0,0.0,,2014,2013-14
207.0,Iman Shumpert,23.0,NYK,SG,74.0,58.0,1962.0,183.0,484.0,0.378,76.0,228.0,0.333,107.0,256.0,0.418,0.457,53.0,71.0,0.746,81.0,227.0,308.0,129.0,92.0,13.0,79.0,209.0,495.0,0.0,,2014,2013-14
208.0,Andrew Bogut,29.0,GSW,C,67.0,67.0,1769.0,235.0,375.0,0.627,0.0,0.0,,235.0,375.0,0.627,0.627,22.0,64.0,0.344,182.0,489.0,671.0,112.0,47.0,121.0,97.0,210.0,492.0,0.0,DPOY-10,2014,2013-14
209.0,Trevor Booker,26.0,WAS,PF,72.0,45.0,1553.0,222.0,403.0,0.551,0.0,2.0,0.0,222.0,401.0,0.554,0.551,47.0,76.0,0.618,149.0,230.0,379.0,64.0,41.0,45.0,58.0,131.0,491.0,0.0,,2014,2013-14
210.0,Omri Casspi,25.0,HOU,PF,71.0,2.0,1283.0,173.0,410.0,0.422,61.0,176.0,0.347,112.0,234.0,0.479,0.496,83.0,122.0,0.68,55.0,205.0,260.0,88.0,44.0,14.0,72.0,100.0,490.0,0.0,,2014,2013-14
211.0,Cody Zeller,21.0,CHA,C,82.0,3.0,1416.0,172.0,404.0,0.426,0.0,1.0,0.0,172.0,403.0,0.427,0.426,146.0,200.0,0.73,118.0,235.0,353.0,92.0,40.0,41.0,87.0,170.0,490.0,0.0,,2014,2013-14
212.0,Jrue Holiday,23.0,NOP,PG,34.0,34.0,1143.0,203.0,454.0,0.447,30.0,77.0,0.39,173.0,377.0,0.459,0.48,51.0,63.0,0.81,28.0,114.0,142.0,268.0,56.0,12.0,105.0,92.0,487.0,0.0,,2014,2013-14
213.0,Will Bynum,31.0,DET,PG,56.0,3.0,1054.0,184.0,430.0,0.428,20.0,62.0,0.323,164.0,368.0,0.446,0.451,97.0,121.0,0.802,24.0,75.0,99.0,216.0,39.0,7.0,103.0,121.0,485.0,0.0,,2014,2013-14
214.0,Tiago Splitter,29.0,SAS,C,59.0,50.0,1271.0,181.0,346.0,0.523,0.0,3.0,0.0,181.0,343.0,0.528,0.523,121.0,173.0,0.699,123.0,240.0,363.0,90.0,29.0,31.0,75.0,117.0,483.0,0.0,,2014,2013-14
215.0,Tyson Chandler,31.0,NYK,C,55.0,55.0,1662.0,191.0,322.0,0.593,0.0,1.0,0.0,191.0,321.0,0.595,0.593,98.0,155.0,0.632,159.0,370.0,529.0,59.0,36.0,63.0,71.0,145.0,480.0,0.0,,2014,2013-14
216.0,Chris Andersen,35.0,MIA,C,72.0,0.0,1396.0,177.0,275.0,0.644,3.0,12.0,0.25,174.0,263.0,0.662,0.649,120.0,169.0,0.71,129.0,250.0,379.0,19.0,32.0,97.0,53.0,162.0,477.0,0.0,6MOY-11,2014,2013-14
217.0,Ryan Kelly,22.0,LAL,PF,59.0,25.0,1312.0,157.0,371.0,0.423,48.0,142.0,0.338,109.0,229.0,0.476,0.488,110.0,135.0,0.815,42.0,177.0,219.0,95.0,32.0,45.0,47.0,147.0,472.0,0.0,,2014,2013-14
218.0,Kentavious Caldwell-Pope,20.0,DET,SG,80.0,41.0,1583.0,182.0,460.0,0.396,59.0,185.0,0.319,123.0,275.0,0.447,0.46,47.0,61.0,0.77,38.0,118.0,156.0,55.0,75.0,12.0,28.0,145.0,470.0,0.0,,2014,2013-14
219.0,Hollis Thompson,22.0,PHI,SF,77.0,41.0,1742.0,171.0,372.0,0.46,67.0,167.0,0.401,104.0,205.0,0.507,0.55,52.0,73.0,0.712,73.0,174.0,247.0,73.0,53.0,12.0,60.0,144.0,461.0,0.0,,2014,2013-14
220.0,Nate Robinson,29.0,DEN,PG,44.0,1.0,866.0,164.0,383.0,0.428,58.0,154.0,0.377,106.0,229.0,0.463,0.504,71.0,85.0,0.835,21.0,60.0,81.0,112.0,36.0,4.0,58.0,92.0,457.0,0.0,,2014,2013-14
221.0,Tayshaun Prince,33.0,MEM,SF,76.0,76.0,1948.0,200.0,492.0,0.407,20.0,69.0,0.29,180.0,423.0,0.426,0.427,34.0,60.0,0.567,32.0,202.0,234.0,119.0,39.0,19.0,41.0,63.0,454.0,0.0,,2014,2013-14
222.0,Michael Kidd-Gilchrist,20.0,CHA,SF,62.0,62.0,1502.0,167.0,353.0,0.473,1.0,9.0,0.111,166.0,344.0,0.483,0.475,113.0,184.0,0.614,109.0,215.0,324.0,52.0,43.0,39.0,60.0,145.0,448.0,0.0,,2014,2013-14
223.0,Ryan Anderson,25.0,NOP,PF,22.0,14.0,795.0,155.0,354.0,0.438,67.0,164.0,0.409,88.0,190.0,0.463,0.532,59.0,62.0,0.952,66.0,76.0,142.0,17.0,10.0,7.0,20.0,47.0,436.0,0.0,,2014,2013-14
224.0,Michael Beasley,25.0,MIA,SF,55.0,2.0,831.0,177.0,355.0,0.499,21.0,54.0,0.389,156.0,301.0,0.518,0.528,61.0,79.0,0.772,31.0,141.0,172.0,42.0,23.0,21.0,57.0,93.0,436.0,0.0,,2014,2013-14
225.0,Andrew Nicholson,24.0,ORL,PF,76.0,5.0,1174.0,180.0,420.0,0.429,28.0,89.0,0.315,152.0,331.0,0.459,0.462,47.0,57.0,0.825,53.0,202.0,255.0,25.0,18.0,23.0,51.0,150.0,435.0,0.0,,2014,2013-14
226.0,Xavier Henry,22.0,LAL,SF,43.0,5.0,908.0,144.0,345.0,0.417,28.0,81.0,0.346,116.0,264.0,0.439,0.458,116.0,177.0,0.655,25.0,89.0,114.0,51.0,44.0,7.0,57.0,79.0,432.0,0.0,,2014,2013-14
227.0,Kendall Marshall,22.0,LAL,PG,54.0,45.0,1564.0,170.0,419.0,0.406,71.0,178.0,0.399,99.0,241.0,0.411,0.49,19.0,36.0,0.528,15.0,140.0,155.0,477.0,48.0,4.0,150.0,76.0,430.0,0.0,,2014,2013-14
228.0,Kyle O'Quinn,23.0,ORL,C,69.0,19.0,1188.0,186.0,371.0,0.501,0.0,3.0,0.0,186.0,368.0,0.505,0.501,57.0,83.0,0.687,100.0,264.0,364.0,78.0,39.0,88.0,78.0,165.0,429.0,0.0,,2014,2013-14
229.0,Derek Fisher,39.0,OKC,SG,81.0,0.0,1428.0,141.0,361.0,0.391,88.0,229.0,0.384,53.0,132.0,0.402,0.512,55.0,71.0,0.775,12.0,110.0,122.0,117.0,70.0,3.0,49.0,157.0,425.0,0.0,,2014,2013-14
230.0,Elton Brand,34.0,ATL,C,73.0,15.0,1414.0,179.0,332.0,0.539,0.0,2.0,0.0,179.0,330.0,0.542,0.539,61.0,94.0,0.649,97.0,264.0,361.0,74.0,40.0,88.0,60.0,192.0,419.0,0.0,,2014,2013-14
231.0,Nate Wolters,22.0,MIL,PG,58.0,31.0,1309.0,170.0,389.0,0.437,18.0,62.0,0.29,152.0,327.0,0.465,0.46,59.0,90.0,0.656,33.0,116.0,149.0,187.0,35.0,15.0,57.0,67.0,417.0,0.0,,2014,2013-14
232.0,Jordan Farmar,27.0,LAL,PG,41.0,5.0,912.0,151.0,364.0,0.415,70.0,160.0,0.438,81.0,204.0,0.397,0.511,44.0,59.0,0.746,20.0,84.0,104.0,199.0,38.0,8.0,95.0,65.0,416.0,0.0,,2014,2013-14
233.0,C.J. Watson,29.0,IND,PG,63.0,5.0,1193.0,146.0,334.0,0.437,53.0,145.0,0.366,93.0,189.0,0.492,0.516,69.0,88.0,0.784,19.0,82.0,101.0,107.0,60.0,8.0,60.0,66.0,414.0,0.0,,2014,2013-14
234.0,Zaza Pachulia,29.0,MIL,C,53.0,43.0,1325.0,149.0,349.0,0.427,0.0,1.0,0.0,149.0,348.0,0.428,0.427,110.0,130.0,0.846,141.0,192.0,333.0,136.0,45.0,14.0,92.0,124.0,408.0,0.0,,2014,2013-14
235.0,Chris Kaman,31.0,LAL,C,39.0,13.0,736.0,176.0,346.0,0.509,0.0,3.0,0.0,176.0,343.0,0.513,0.509,52.0,68.0,0.765,54.0,175.0,229.0,58.0,11.0,40.0,74.0,93.0,404.0,0.0,,2014,2013-14
236.0,Elliot Williams,24.0,PHI,SG,67.0,2.0,1157.0,140.0,337.0,0.415,37.0,125.0,0.296,103.0,212.0,0.486,0.47,87.0,119.0,0.731,30.0,100.0,130.0,72.0,35.0,3.0,68.0,126.0,404.0,0.0,,2014,2013-14
237.0,Jordan Hamilton,23.0,2TM,SF,60.0,12.0,1019.0,147.0,376.0,0.391,70.0,198.0,0.354,77.0,178.0,0.433,0.484,40.0,51.0,0.784,32.0,162.0,194.0,52.0,44.0,20.0,46.0,67.0,404.0,0.0,,2014,2013-14
237.0,Jordan Hamilton,23.0,DEN,SF,39.0,11.0,670.0,99.0,254.0,0.39,45.0,129.0,0.349,54.0,125.0,0.432,0.478,23.0,31.0,0.742,23.0,110.0,133.0,34.0,31.0,13.0,27.0,31.0,266.0,0.0,,2014,2013-14
237.0,Jordan Hamilton,23.0,HOU,SF,21.0,1.0,349.0,48.0,122.0,0.393,25.0,69.0,0.362,23.0,53.0,0.434,0.496,17.0,20.0,0.85,9.0,52.0,61.0,18.0,13.0,7.0,19.0,36.0,138.0,0.0,,2014,2013-14
238.0,Kent Bazemore,24.0,2TM,SG,67.0,15.0,911.0,147.0,343.0,0.429,43.0,128.0,0.336,104.0,215.0,0.484,0.491,66.0,109.0,0.606,10.0,107.0,117.0,91.0,43.0,13.0,79.0,102.0,403.0,0.0,,2014,2013-14
238.0,Kent Bazemore,24.0,GSW,SG,44.0,0.0,268.0,36.0,97.0,0.371,10.0,39.0,0.256,26.0,58.0,0.448,0.423,19.0,36.0,0.528,5.0,35.0,40.0,20.0,12.0,6.0,28.0,42.0,101.0,0.0,,2014,2013-14
238.0,Kent Bazemore,24.0,LAL,SG,23.0,15.0,643.0,111.0,246.0,0.451,33.0,89.0,0.371,78.0,157.0,0.497,0.518,47.0,73.0,0.644,5.0,72.0,77.0,71.0,31.0,7.0,51.0,60.0,302.0,0.0,,2014,2013-14
239.0,John Salmons,34.0,2TM,SF,78.0,8.0,1726.0,150.0,413.0,0.363,63.0,163.0,0.387,87.0,250.0,0.348,0.439,40.0,52.0,0.769,20.0,143.0,163.0,147.0,47.0,19.0,54.0,124.0,403.0,0.0,,2014,2013-14
239.0,John Salmons,34.0,SAC,SF,18.0,8.0,445.0,41.0,117.0,0.35,16.0,42.0,0.381,25.0,75.0,0.333,0.419,7.0,7.0,1.0,8.0,38.0,46.0,44.0,12.0,8.0,14.0,32.0,105.0,0.0,,2014,2013-14
239.0,John Salmons,34.0,TOR,SG,60.0,0.0,1281.0,109.0,296.0,0.368,47.0,121.0,0.388,62.0,175.0,0.354,0.448,33.0,45.0,0.733,12.0,105.0,117.0,103.0,35.0,11.0,40.0,92.0,298.0,0.0,,2014,2013-14
240.0,Darrell Arthur,25.0,DEN,SF,68.0,1.0,1161.0,162.0,410.0,0.395,24.0,64.0,0.375,138.0,346.0,0.399,0.424,53.0,62.0,0.855,52.0,158.0,210.0,61.0,39.0,47.0,58.0,185.0,401.0,0.0,,2014,2013-14
241.0,Jeremy Evans,26.0,UTA,SF,66.0,4.0,1209.0,175.0,332.0,0.527,0.0,2.0,0.0,175.0,330.0,0.53,0.527,51.0,75.0,0.68,120.0,190.0,310.0,44.0,42.0,46.0,40.0,139.0,401.0,0.0,,2014,2013-14
242.0,Tyler Zeller,24.0,CLE,C,70.0,9.0,1049.0,156.0,290.0,0.538,0.0,1.0,0.0,156.0,289.0,0.54,0.538,87.0,121.0,0.719,103.0,179.0,282.0,36.0,18.0,38.0,60.0,137.0,399.0,0.0,,2014,2013-14
243.0,Anthony Tolliver,28.0,CHA,PF,64.0,9.0,1298.0,129.0,307.0,0.42,102.0,247.0,0.413,27.0,60.0,0.45,0.586,33.0,41.0,0.805,33.0,135.0,168.0,42.0,19.0,15.0,23.0,82.0,393.0,0.0,,2014,2013-14
244.0,James Johnson,26.0,MEM,SF,52.0,4.0,956.0,143.0,308.0,0.464,22.0,87.0,0.253,121.0,221.0,0.548,0.5,76.0,90.0,0.844,60.0,106.0,166.0,111.0,42.0,57.0,66.0,102.0,384.0,0.0,,2014,2013-14
245.0,Thabo Sefolosha,29.0,OKC,SG,61.0,61.0,1584.0,141.0,340.0,0.415,48.0,152.0,0.316,93.0,188.0,0.495,0.485,53.0,69.0,0.768,50.0,170.0,220.0,94.0,79.0,17.0,55.0,90.0,383.0,0.0,,2014,2013-14
246.0,Steve Blake,33.0,2TM,PG,55.0,28.0,1498.0,133.0,353.0,0.377,79.0,210.0,0.376,54.0,143.0,0.378,0.489,33.0,43.0,0.767,13.0,146.0,159.0,307.0,54.0,8.0,102.0,85.0,378.0,1.0,,2014,2013-14
246.0,Steve Blake,33.0,LAL,PG,27.0,27.0,891.0,88.0,233.0,0.378,52.0,131.0,0.397,36.0,102.0,0.353,0.489,28.0,35.0,0.8,8.0,95.0,103.0,205.0,34.0,2.0,71.0,49.0,256.0,1.0,,2014,2013-14
246.0,Steve Blake,33.0,GSW,PG,28.0,1.0,607.0,45.0,120.0,0.375,27.0,79.0,0.342,18.0,41.0,0.439,0.488,5.0,8.0,0.625,5.0,51.0,56.0,102.0,20.0,6.0,31.0,36.0,122.0,0.0,,2014,2013-14
247.0,Jeff Adrien,27.0,2TM,PF,53.0,12.0,961.0,143.0,275.0,0.52,0.0,0.0,,143.0,275.0,0.52,0.52,76.0,119.0,0.639,102.0,204.0,306.0,38.0,24.0,36.0,39.0,108.0,362.0,0.0,,2014,2013-14
247.0,Jeff Adrien,27.0,CHA,PF,25.0,0.0,256.0,22.0,40.0,0.55,0.0,0.0,,22.0,40.0,0.55,0.55,13.0,25.0,0.52,33.0,55.0,88.0,7.0,7.0,15.0,8.0,35.0,57.0,0.0,,2014,2013-14
247.0,Jeff Adrien,27.0,MIL,PF,28.0,12.0,705.0,121.0,235.0,0.515,0.0,0.0,,121.0,235.0,0.515,0.515,63.0,94.0,0.67,69.0,149.0,218.0,31.0,17.0,21.0,31.0,73.0,305.0,0.0,,2014,2013-14
248.0,Ed Davis,24.0,MEM,PF,63.0,4.0,956.0,155.0,290.0,0.534,0.0,0.0,,155.0,290.0,0.534,0.534,47.0,89.0,0.528,92.0,168.0,260.0,27.0,17.0,43.0,40.0,114.0,357.0,0.0,,2014,2013-14
249.0,Jae Crowder,23.0,DAL,SF,78.0,8.0,1254.0,130.0,296.0,0.439,50.0,151.0,0.331,80.0,145.0,0.552,0.524,46.0,61.0,0.754,46.0,148.0,194.0,60.0,59.0,21.0,41.0,100.0,356.0,0.0,,2014,2013-14
250.0,Pero Antić,31.0,ATL,C,50.0,26.0,925.0,123.0,294.0,0.418,56.0,171.0,0.327,67.0,123.0,0.545,0.514,50.0,66.0,0.758,57.0,152.0,209.0,58.0,19.0,12.0,55.0,126.0,352.0,0.0,,2014,2013-14
251.0,Kevin Garnett,37.0,BRK,C,54.0,54.0,1109.0,157.0,356.0,0.441,0.0,3.0,0.0,157.0,353.0,0.445,0.441,38.0,47.0,0.809,60.0,298.0,358.0,82.0,43.0,40.0,69.0,123.0,352.0,0.0,,2014,2013-14
252.0,Brook Lopez,25.0,BRK,C,17.0,17.0,533.0,129.0,229.0,0.563,0.0,1.0,0.0,129.0,228.0,0.566,0.563,94.0,115.0,0.817,39.0,63.0,102.0,16.0,9.0,30.0,28.0,52.0,352.0,0.0,,2014,2013-14
253.0,Rajon Rondo,27.0,BOS,PG,30.0,30.0,998.0,141.0,350.0,0.403,26.0,90.0,0.289,115.0,260.0,0.442,0.44,42.0,67.0,0.627,22.0,142.0,164.0,294.0,40.0,2.0,99.0,65.0,350.0,1.0,,2014,2013-14
254.0,Robert Sacre,24.0,LAL,C,65.0,13.0,1089.0,143.0,300.0,0.477,0.0,0.0,,143.0,300.0,0.477,0.477,64.0,94.0,0.681,82.0,172.0,254.0,51.0,24.0,47.0,44.0,134.0,350.0,0.0,,2014,2013-14
255.0,Henry Sims,23.0,2TM,C,46.0,25.0,875.0,130.0,274.0,0.474,0.0,1.0,0.0,130.0,273.0,0.476,0.474,90.0,121.0,0.744,104.0,133.0,237.0,52.0,28.0,20.0,41.0,116.0,350.0,0.0,,2014,2013-14
255.0,Henry Sims,23.0,CLE,C,20.0,0.0,168.0,18.0,45.0,0.4,0.0,0.0,,18.0,45.0,0.4,0.4,8.0,14.0,0.571,22.0,34.0,56.0,5.0,5.0,7.0,8.0,32.0,44.0,0.0,,2014,2013-14
255.0,Henry Sims,23.0,PHI,C,26.0,25.0,707.0,112.0,229.0,0.489,0.0,1.0,0.0,112.0,228.0,0.491,0.489,82.0,107.0,0.766,82.0,99.0,181.0,47.0,23.0,13.0,33.0,84.0,306.0,0.0,,2014,2013-14
256.0,Jermaine O'Neal,35.0,GSW,PF,44.0,13.0,883.0,125.0,248.0,0.504,0.0,0.0,,125.0,248.0,0.504,0.504,99.0,132.0,0.75,85.0,157.0,242.0,25.0,14.0,40.0,52.0,102.0,349.0,0.0,,2014,2013-14
257.0,Nick Calathes,24.0,MEM,SG,71.0,7.0,1173.0,142.0,311.0,0.457,19.0,61.0,0.311,123.0,250.0,0.492,0.487,44.0,72.0,0.611,23.0,114.0,137.0,207.0,66.0,8.0,101.0,117.0,347.0,0.0,ROY-7,2014,2013-14
258.0,Tony Snell,22.0,CHI,SG,77.0,12.0,1231.0,129.0,336.0,0.384,57.0,178.0,0.32,72.0,158.0,0.456,0.469,31.0,41.0,0.756,19.0,105.0,124.0,68.0,29.0,15.0,44.0,84.0,346.0,0.0,,2014,2013-14
259.0,Cory Joseph,22.0,SAS,SG,68.0,19.0,936.0,126.0,265.0,0.475,12.0,38.0,0.316,114.0,227.0,0.502,0.498,79.0,96.0,0.823,32.0,75.0,107.0,114.0,35.0,14.0,43.0,84.0,343.0,0.0,,2014,2013-14
260.0,Travis Outlaw,29.0,SAC,SF,63.0,4.0,1065.0,130.0,326.0,0.399,41.0,117.0,0.35,89.0,209.0,0.426,0.462,42.0,52.0,0.808,36.0,132.0,168.0,48.0,20.0,19.0,26.0,94.0,343.0,0.0,,2014,2013-14
261.0,Dorell Wright,28.0,POR,SF,68.0,13.0,984.0,111.0,297.0,0.374,69.0,202.0,0.342,42.0,95.0,0.442,0.49,52.0,69.0,0.754,29.0,162.0,191.0,64.0,23.0,16.0,39.0,62.0,343.0,0.0,,2014,2013-14
262.0,Donatas Motiejūnas,23.0,HOU,PF,62.0,3.0,952.0,131.0,296.0,0.443,21.0,84.0,0.25,110.0,212.0,0.519,0.478,58.0,96.0,0.604,60.0,165.0,225.0,34.0,20.0,21.0,49.0,132.0,341.0,0.0,,2014,2013-14
263.0,Matthew Dellavedova,23.0,CLE,SG,72.0,4.0,1271.0,122.0,296.0,0.412,57.0,155.0,0.368,65.0,141.0,0.461,0.508,38.0,48.0,0.792,29.0,94.0,123.0,187.0,33.0,5.0,60.0,121.0,339.0,0.0,,2014,2013-14
264.0,Chris Douglas-Roberts,27.0,CHA,SF,49.0,8.0,1016.0,111.0,252.0,0.44,51.0,132.0,0.386,60.0,120.0,0.5,0.542,66.0,82.0,0.805,16.0,103.0,119.0,51.0,29.0,16.0,36.0,61.0,339.0,0.0,,2014,2013-14
265.0,Thomas Robinson,22.0,POR,PF,70.0,0.0,873.0,141.0,293.0,0.481,0.0,1.0,0.0,141.0,292.0,0.483,0.481,57.0,101.0,0.564,105.0,202.0,307.0,34.0,23.0,20.0,57.0,131.0,339.0,0.0,,2014,2013-14
266.0,Nick Collison,33.0,OKC,PF,81.0,0.0,1353.0,134.0,241.0,0.556,4.0,17.0,0.235,130.0,224.0,0.58,0.564,66.0,93.0,0.71,116.0,177.0,293.0,104.0,30.0,28.0,71.0,187.0,338.0,0.0,,2014,2013-14
267.0,Danny Granger,30.0,2TM,SF,41.0,2.0,847.0,116.0,307.0,0.378,43.0,128.0,0.336,73.0,179.0,0.408,0.448,63.0,67.0,0.94,31.0,102.0,133.0,41.0,12.0,17.0,46.0,62.0,338.0,0.0,,2014,2013-14
267.0,Danny Granger,30.0,IND,SF,29.0,2.0,653.0,80.0,223.0,0.359,31.0,94.0,0.33,49.0,129.0,0.38,0.428,51.0,53.0,0.962,24.0,81.0,105.0,33.0,9.0,13.0,36.0,41.0,242.0,0.0,,2014,2013-14
267.0,Danny Granger,30.0,LAC,SF,12.0,0.0,194.0,36.0,84.0,0.429,12.0,34.0,0.353,24.0,50.0,0.48,0.5,12.0,14.0,0.857,7.0,21.0,28.0,8.0,3.0,4.0,10.0,21.0,96.0,0.0,,2014,2013-14
268.0,Cartier Martin,29.0,2TM,SF,59.0,6.0,870.0,111.0,264.0,0.42,59.0,151.0,0.391,52.0,113.0,0.46,0.532,48.0,65.0,0.738,13.0,97.0,110.0,33.0,27.0,7.0,34.0,71.0,329.0,0.0,,2014,2013-14
268.0,Cartier Martin,29.0,ATL,SF,53.0,6.0,822.0,106.0,256.0,0.414,56.0,146.0,0.384,50.0,110.0,0.455,0.523,46.0,61.0,0.754,12.0,93.0,105.0,31.0,26.0,7.0,33.0,68.0,314.0,0.0,,2014,2013-14
268.0,Cartier Martin,29.0,CHI,SF,6.0,0.0,48.0,5.0,8.0,0.625,3.0,5.0,0.6,2.0,3.0,0.667,0.813,2.0,4.0,0.5,1.0,4.0,5.0,2.0,1.0,0.0,1.0,3.0,15.0,0.0,,2014,2013-14
269.0,Alexis Ajinça,25.0,NOP,C,56.0,30.0,951.0,136.0,249.0,0.546,0.0,1.0,0.0,136.0,248.0,0.548,0.546,56.0,67.0,0.836,94.0,183.0,277.0,40.0,23.0,46.0,63.0,187.0,328.0,0.0,,2014,2013-14
270.0,Francisco García,32.0,HOU,SF,55.0,4.0,1083.0,118.0,294.0,0.401,69.0,193.0,0.358,49.0,101.0,0.485,0.519,10.0,19.0,0.526,21.0,101.0,122.0,63.0,27.0,33.0,30.0,120.0,315.0,0.0,,2014,2013-14
271.0,Devin Harris,30.0,DAL,PG,40.0,0.0,818.0,96.0,254.0,0.378,31.0,101.0,0.307,65.0,153.0,0.425,0.439,92.0,115.0,0.8,8.0,77.0,85.0,178.0,28.0,2.0,59.0,72.0,315.0,0.0,,2014,2013-14
272.0,Tyler Hansbrough,28.0,TOR,PF,64.0,4.0,978.0,93.0,196.0,0.474,0.0,2.0,0.0,93.0,194.0,0.479,0.474,126.0,185.0,0.681,120.0,167.0,287.0,17.0,28.0,19.0,47.0,132.0,312.0,0.0,,2014,2013-14
273.0,Luke Ridnour,32.0,2TM,PG,61.0,14.0,1141.0,126.0,327.0,0.385,37.0,108.0,0.343,89.0,219.0,0.406,0.442,17.0,26.0,0.654,23.0,74.0,97.0,176.0,32.0,8.0,66.0,92.0,306.0,0.0,,2014,2013-14
273.0,Luke Ridnour,32.0,MIL,PG,36.0,12.0,763.0,84.0,219.0,0.384,25.0,68.0,0.368,59.0,151.0,0.391,0.441,13.0,19.0,0.684,15.0,47.0,62.0,122.0,23.0,2.0,46.0,55.0,206.0,0.0,,2014,2013-14
273.0,Luke Ridnour,32.0,CHA,PG,25.0,2.0,378.0,42.0,108.0,0.389,12.0,40.0,0.3,30.0,68.0,0.441,0.444,4.0,7.0,0.571,8.0,27.0,35.0,54.0,9.0,6.0,20.0,37.0,100.0,0.0,,2014,2013-14
274.0,Lavoy Allen,24.0,2TM,PF,65.0,2.0,1072.0,134.0,300.0,0.447,2.0,13.0,0.154,132.0,287.0,0.46,0.45,33.0,50.0,0.66,119.0,192.0,311.0,71.0,24.0,33.0,44.0,126.0,303.0,0.0,,2014,2013-14
274.0,Lavoy Allen,24.0,PHI,PF,51.0,2.0,960.0,117.0,266.0,0.44,2.0,13.0,0.154,115.0,253.0,0.455,0.444,27.0,40.0,0.675,106.0,171.0,277.0,65.0,22.0,27.0,40.0,115.0,263.0,0.0,,2014,2013-14
274.0,Lavoy Allen,24.0,IND,PF,14.0,0.0,112.0,17.0,34.0,0.5,0.0,0.0,,17.0,34.0,0.5,0.5,6.0,10.0,0.6,13.0,21.0,34.0,6.0,2.0,6.0,4.0,11.0,40.0,0.0,,2014,2013-14
275.0,Jon Leuer,24.0,MEM,PF,49.0,0.0,642.0,121.0,246.0,0.492,23.0,49.0,0.469,98.0,197.0,0.497,0.539,37.0,47.0,0.787,37.0,121.0,158.0,20.0,18.0,13.0,27.0,63.0,302.0,0.0,,2014,2013-14
276.0,Jason Smith,27.0,NOP,PF,31.0,27.0,830.0,131.0,282.0,0.465,0.0,0.0,,131.0,282.0,0.465,0.465,39.0,50.0,0.78,51.0,130.0,181.0,29.0,11.0,29.0,28.0,100.0,301.0,0.0,,2014,2013-14
277.0,Shane Battier,35.0,MIA,SF,73.0,56.0,1468.0,105.0,275.0,0.382,73.0,210.0,0.348,32.0,65.0,0.492,0.515,15.0,23.0,0.652,34.0,104.0,138.0,63.0,50.0,39.0,21.0,124.0,298.0,0.0,,2014,2013-14
278.0,Gerald Wallace,31.0,BOS,SF,58.0,16.0,1416.0,116.0,230.0,0.504,19.0,64.0,0.297,97.0,166.0,0.584,0.546,47.0,101.0,0.465,36.0,176.0,212.0,143.0,73.0,14.0,97.0,79.0,298.0,0.0,,2014,2013-14
279.0,Gorgui Dieng,24.0,MIN,C,60.0,15.0,818.0,113.0,227.0,0.498,1.0,1.0,1.0,112.0,226.0,0.496,0.5,59.0,93.0,0.634,103.0,197.0,300.0,39.0,30.0,50.0,54.0,108.0,286.0,0.0,ROY-6,2014,2013-14
280.0,Andre Miller,37.0,2TM,SG,58.0,2.0,982.0,106.0,231.0,0.459,11.0,21.0,0.524,95.0,210.0,0.452,0.483,60.0,77.0,0.779,28.0,102.0,130.0,197.0,34.0,9.0,61.0,75.0,283.0,0.0,,2014,2013-14
280.0,Andre Miller,37.0,DEN,SG,30.0,2.0,570.0,66.0,144.0,0.458,9.0,18.0,0.5,57.0,126.0,0.452,0.49,35.0,47.0,0.745,16.0,57.0,73.0,100.0,15.0,7.0,33.0,32.0,176.0,0.0,,2014,2013-14
280.0,Andre Miller,37.0,WAS,SG,28.0,0.0,412.0,40.0,87.0,0.46,2.0,3.0,0.667,38.0,84.0,0.452,0.471,25.0,30.0,0.833,12.0,45.0,57.0,97.0,19.0,2.0,28.0,43.0,107.0,0.0,,2014,2013-14
281.0,Ömer Aşık,27.0,HOU,C,48.0,19.0,968.0,101.0,190.0,0.532,0.0,0.0,,101.0,190.0,0.532,0.532,78.0,126.0,0.619,101.0,277.0,378.0,25.0,14.0,37.0,59.0,92.0,280.0,0.0,,2014,2013-14
282.0,Ray McCallum,22.0,SAC,PG,45.0,10.0,897.0,113.0,300.0,0.377,22.0,59.0,0.373,91.0,241.0,0.378,0.413,32.0,43.0,0.744,18.0,61.0,79.0,120.0,22.0,9.0,39.0,69.0,280.0,0.0,,2014,2013-14
283.0,Chase Budinger,25.0,MIN,SF,41.0,8.0,751.0,100.0,254.0,0.394,42.0,120.0,0.35,58.0,134.0,0.433,0.476,32.0,39.0,0.821,19.0,84.0,103.0,31.0,19.0,2.0,24.0,58.0,274.0,0.0,,2014,2013-14
284.0,Willie Green,32.0,LAC,SG,55.0,9.0,869.0,102.0,271.0,0.376,41.0,121.0,0.339,61.0,150.0,0.407,0.452,28.0,34.0,0.824,12.0,66.0,78.0,50.0,22.0,11.0,34.0,96.0,273.0,0.0,,2014,2013-14
285.0,Jimmer Fredette,24.0,2TM,SG,49.0,0.0,519.0,107.0,227.0,0.471,40.0,84.0,0.476,67.0,143.0,0.469,0.559,19.0,21.0,0.905,8.0,44.0,52.0,64.0,14.0,3.0,48.0,35.0,273.0,0.0,,2014,2013-14
285.0,Jimmer Fredette,24.0,SAC,SG,41.0,0.0,463.0,94.0,198.0,0.475,36.0,73.0,0.493,58.0,125.0,0.464,0.566,17.0,19.0,0.895,7.0,38.0,45.0,61.0,14.0,3.0,44.0,28.0,241.0,0.0,,2014,2013-14
285.0,Jimmer Fredette,24.0,CHI,SG,8.0,0.0,56.0,13.0,29.0,0.448,4.0,11.0,0.364,9.0,18.0,0.5,0.517,2.0,2.0,1.0,1.0,6.0,7.0,3.0,0.0,0.0,4.0,7.0,32.0,0.0,,2014,2013-14
286.0,Ian Mahinmi,27.0,IND,C,77.0,1.0,1248.0,91.0,189.0,0.481,0.0,1.0,0.0,91.0,188.0,0.484,0.481,90.0,145.0,0.621,107.0,150.0,257.0,24.0,41.0,72.0,58.0,207.0,272.0,0.0,,2014,2013-14
287.0,Jonas Jerebko,26.0,DET,PF,64.0,0.0,741.0,98.0,208.0,0.471,31.0,74.0,0.419,67.0,134.0,0.5,0.546,43.0,59.0,0.729,51.0,124.0,175.0,39.0,21.0,6.0,43.0,85.0,270.0,0.0,,2014,2013-14
288.0,Rashard Lewis,34.0,MIA,SF,60.0,6.0,971.0,98.0,236.0,0.415,46.0,134.0,0.343,52.0,102.0,0.51,0.513,26.0,33.0,0.788,24.0,86.0,110.0,57.0,53.0,8.0,35.0,90.0,268.0,0.0,,2014,2013-14
289.0,Steven Adams,20.0,OKC,C,81.0,20.0,1197.0,93.0,185.0,0.503,0.0,0.0,,93.0,185.0,0.503,0.503,79.0,136.0,0.581,142.0,190.0,332.0,43.0,40.0,57.0,71.0,203.0,265.0,0.0,ROY-7,2014,2013-14
290.0,Ish Smith,25.0,PHO,PG,70.0,1.0,1006.0,119.0,281.0,0.423,1.0,23.0,0.043,118.0,258.0,0.457,0.425,22.0,39.0,0.564,31.0,98.0,129.0,179.0,49.0,13.0,65.0,66.0,261.0,0.0,,2014,2013-14
291.0,Alonzo Gee,26.0,CLE,SF,65.0,24.0,1020.0,98.0,236.0,0.415,19.0,58.0,0.328,79.0,178.0,0.444,0.456,43.0,61.0,0.705,35.0,114.0,149.0,47.0,39.0,15.0,44.0,96.0,258.0,0.0,,2014,2013-14
292.0,Quincy Miller,21.0,DEN,PF,52.0,16.0,789.0,94.0,256.0,0.367,30.0,94.0,0.319,64.0,162.0,0.395,0.426,39.0,55.0,0.709,36.0,111.0,147.0,26.0,22.0,32.0,48.0,70.0,257.0,0.0,,2014,2013-14
293.0,Earl Clark,26.0,2TM,PF,54.0,17.0,768.0,97.0,261.0,0.372,41.0,122.0,0.336,56.0,139.0,0.403,0.45,22.0,34.0,0.647,22.0,121.0,143.0,18.0,17.0,25.0,31.0,67.0,257.0,0.0,,2014,2013-14
293.0,Earl Clark,26.0,CLE,PF,45.0,17.0,698.0,90.0,240.0,0.375,40.0,116.0,0.345,50.0,124.0,0.403,0.458,14.0,24.0,0.583,20.0,107.0,127.0,16.0,16.0,19.0,30.0,61.0,234.0,0.0,,2014,2013-14
293.0,Earl Clark,26.0,NYK,PF,9.0,0.0,70.0,7.0,21.0,0.333,1.0,6.0,0.167,6.0,15.0,0.4,0.357,8.0,10.0,0.8,2.0,14.0,16.0,2.0,1.0,6.0,1.0,6.0,23.0,0.0,,2014,2013-14
294.0,Pablo Prigioni,36.0,NYK,PG,66.0,27.0,1283.0,88.0,191.0,0.461,65.0,140.0,0.464,23.0,51.0,0.451,0.631,11.0,12.0,0.917,36.0,93.0,129.0,228.0,67.0,2.0,60.0,132.0,252.0,0.0,,2014,2013-14
295.0,Chris Johnson,23.0,BOS,SF,40.0,0.0,789.0,85.0,214.0,0.397,43.0,127.0,0.339,42.0,87.0,0.483,0.498,37.0,43.0,0.86,31.0,66.0,97.0,31.0,27.0,4.0,22.0,63.0,250.0,0.0,,2014,2013-14
296.0,Alexey Shved,25.0,MIN,SG,63.0,0.0,664.0,76.0,237.0,0.321,30.0,102.0,0.294,46.0,135.0,0.341,0.384,68.0,90.0,0.756,21.0,60.0,81.0,68.0,26.0,16.0,48.0,36.0,250.0,0.0,,2014,2013-14
297.0,Kevin Séraphin,24.0,WAS,C,53.0,1.0,578.0,111.0,220.0,0.505,0.0,0.0,,111.0,220.0,0.505,0.505,27.0,31.0,0.871,53.0,75.0,128.0,17.0,3.0,26.0,41.0,103.0,249.0,0.0,,2014,2013-14
298.0,Diante Garrett,25.0,UTA,PG,71.0,0.0,1048.0,101.0,265.0,0.381,36.0,96.0,0.375,65.0,169.0,0.385,0.449,10.0,12.0,0.833,11.0,86.0,97.0,120.0,41.0,5.0,75.0,75.0,248.0,0.0,,2014,2013-14
299.0,Jeff Ayres,26.0,SAS,PF,73.0,10.0,952.0,101.0,174.0,0.58,0.0,0.0,,101.0,174.0,0.58,0.58,38.0,55.0,0.691,89.0,169.0,258.0,60.0,13.0,25.0,63.0,146.0,240.0,0.0,,2014,2013-14
300.0,Andrei Kirilenko,32.0,BRK,PF,45.0,4.0,857.0,82.0,160.0,0.513,1.0,5.0,0.2,81.0,155.0,0.523,0.516,61.0,119.0,0.513,55.0,91.0,146.0,72.0,40.0,19.0,54.0,65.0,226.0,0.0,,2014,2013-14
301.0,Al Harrington,33.0,WAS,PF,34.0,0.0,511.0,82.0,207.0,0.396,34.0,100.0,0.34,48.0,107.0,0.449,0.478,27.0,35.0,0.771,15.0,65.0,80.0,28.0,14.0,0.0,34.0,72.0,225.0,0.0,,2014,2013-14
302.0,Andrew Bynum,26.0,2TM,C,26.0,19.0,516.0,94.0,225.0,0.418,0.0,0.0,,94.0,225.0,0.418,0.418,37.0,49.0,0.755,53.0,92.0,145.0,29.0,6.0,29.0,34.0,31.0,225.0,0.0,,2014,2013-14
302.0,Andrew Bynum,26.0,CLE,C,24.0,19.0,480.0,85.0,203.0,0.419,0.0,0.0,,85.0,203.0,0.419,0.419,32.0,42.0,0.762,47.0,79.0,126.0,27.0,6.0,28.0,30.0,28.0,202.0,0.0,,2014,2013-14
302.0,Andrew Bynum,26.0,IND,C,2.0,0.0,36.0,9.0,22.0,0.409,0.0,0.0,,9.0,22.0,0.409,0.409,5.0,7.0,0.714,6.0,13.0,19.0,2.0,0.0,1.0,4.0,3.0,23.0,0.0,,2014,2013-14
303.0,Luc Mbah a Moute,27.0,2TM,PF,64.0,7.0,1003.0,87.0,193.0,0.451,4.0,17.0,0.235,83.0,176.0,0.472,0.461,46.0,67.0,0.687,56.0,90.0,146.0,36.0,30.0,14.0,40.0,68.0,224.0,0.0,,2014,2013-14
303.0,Luc Mbah a Moute,27.0,SAC,SF,9.0,5.0,196.0,15.0,32.0,0.469,1.0,3.0,0.333,14.0,29.0,0.483,0.484,9.0,13.0,0.692,9.0,18.0,27.0,15.0,9.0,5.0,4.0,18.0,40.0,0.0,,2014,2013-14
303.0,Luc Mbah a Moute,27.0,MIN,PF,55.0,2.0,807.0,72.0,161.0,0.447,3.0,14.0,0.214,69.0,147.0,0.469,0.457,37.0,54.0,0.685,47.0,72.0,119.0,21.0,21.0,9.0,36.0,50.0,184.0,0.0,,2014,2013-14
304.0,Bismack Biyombo,21.0,CHA,C,77.0,9.0,1072.0,88.0,144.0,0.611,0.0,0.0,,88.0,144.0,0.611,0.611,46.0,89.0,0.517,105.0,261.0,366.0,8.0,7.0,86.0,40.0,124.0,222.0,0.0,,2014,2013-14
305.0,Anthony Bennett,20.0,CLE,PF,52.0,0.0,663.0,80.0,225.0,0.356,13.0,53.0,0.245,67.0,172.0,0.39,0.384,44.0,69.0,0.638,49.0,106.0,155.0,17.0,21.0,8.0,47.0,93.0,217.0,0.0,,2014,2013-14
306.0,Perry Jones,22.0,OKC,PF,62.0,7.0,764.0,83.0,181.0,0.459,22.0,61.0,0.361,61.0,120.0,0.508,0.519,28.0,42.0,0.667,28.0,86.0,114.0,26.0,14.0,19.0,21.0,62.0,216.0,0.0,,2014,2013-14
307.0,Reggie Evans,33.0,2TM,PF,54.0,20.0,899.0,71.0,150.0,0.473,0.0,0.0,,71.0,150.0,0.473,0.473,72.0,130.0,0.554,115.0,219.0,334.0,21.0,37.0,3.0,58.0,119.0,214.0,0.0,,2014,2013-14
307.0,Reggie Evans,33.0,BRK,PF,30.0,6.0,399.0,23.0,59.0,0.39,0.0,0.0,,23.0,59.0,0.39,0.39,35.0,65.0,0.538,53.0,96.0,149.0,5.0,13.0,2.0,28.0,54.0,81.0,0.0,,2014,2013-14
307.0,Reggie Evans,33.0,SAC,PF,24.0,14.0,500.0,48.0,91.0,0.527,0.0,0.0,,48.0,91.0,0.527,0.527,37.0,65.0,0.569,62.0,123.0,185.0,16.0,24.0,1.0,30.0,65.0,133.0,0.0,,2014,2013-14
308.0,Phil Pressey,22.0,BOS,PG,75.0,11.0,1132.0,78.0,253.0,0.308,28.0,106.0,0.264,50.0,147.0,0.34,0.364,29.0,45.0,0.644,20.0,85.0,105.0,241.0,68.0,5.0,87.0,97.0,213.0,0.0,,2014,2013-14
309.0,Kendrick Perkins,29.0,OKC,C,62.0,62.0,1207.0,87.0,193.0,0.451,0.0,1.0,0.0,87.0,192.0,0.453,0.451,37.0,67.0,0.552,82.0,223.0,305.0,67.0,26.0,32.0,90.0,177.0,211.0,0.0,,2014,2013-14
310.0,Jeff Taylor,24.0,CHA,SF,26.0,8.0,629.0,82.0,218.0,0.376,18.0,67.0,0.269,64.0,151.0,0.424,0.417,26.0,47.0,0.553,15.0,45.0,60.0,22.0,13.0,5.0,25.0,62.0,208.0,0.0,,2014,2013-14
311.0,Anthony Randolph,24.0,DEN,PF,43.0,5.0,527.0,68.0,176.0,0.386,18.0,61.0,0.295,50.0,115.0,0.435,0.438,52.0,69.0,0.754,20.0,102.0,122.0,32.0,26.0,19.0,39.0,64.0,206.0,0.0,,2014,2013-14
312.0,Shawne Williams,27.0,LAL,PF,36.0,13.0,751.0,73.0,192.0,0.38,42.0,129.0,0.326,31.0,63.0,0.492,0.49,14.0,20.0,0.7,25.0,142.0,167.0,30.0,19.0,30.0,21.0,93.0,202.0,0.0,,2014,2013-14
313.0,Toney Douglas,27.0,2TM,PG,51.0,17.0,675.0,73.0,190.0,0.384,31.0,102.0,0.304,42.0,88.0,0.477,0.466,25.0,34.0,0.735,18.0,69.0,87.0,68.0,19.0,5.0,34.0,81.0,202.0,0.0,,2014,2013-14
313.0,Toney Douglas,27.0,GSW,PG,24.0,0.0,265.0,32.0,86.0,0.372,19.0,59.0,0.322,13.0,27.0,0.481,0.483,5.0,8.0,0.625,4.0,22.0,26.0,19.0,6.0,2.0,16.0,34.0,88.0,0.0,,2014,2013-14
313.0,Toney Douglas,27.0,MIA,PG,27.0,17.0,410.0,41.0,104.0,0.394,12.0,43.0,0.279,29.0,61.0,0.475,0.452,20.0,26.0,0.769,14.0,47.0,61.0,49.0,13.0,3.0,18.0,47.0,114.0,0.0,,2014,2013-14
314.0,CJ McCollum,22.0,POR,SG,38.0,0.0,476.0,74.0,178.0,0.416,30.0,80.0,0.375,44.0,98.0,0.449,0.5,23.0,34.0,0.676,7.0,41.0,48.0,27.0,14.0,2.0,35.0,53.0,201.0,0.0,,2014,2013-14
315.0,Darius Miller,23.0,NOP,SF,45.0,7.0,723.0,73.0,166.0,0.44,25.0,77.0,0.325,48.0,89.0,0.539,0.515,29.0,36.0,0.806,9.0,43.0,52.0,43.0,24.0,9.0,22.0,88.0,200.0,0.0,,2014,2013-14
316.0,Beno Udrih,31.0,2TM,SG,41.0,12.0,643.0,78.0,178.0,0.438,19.0,42.0,0.452,59.0,136.0,0.434,0.492,25.0,30.0,0.833,10.0,49.0,59.0,116.0,23.0,4.0,47.0,50.0,200.0,0.0,,2014,2013-14
316.0,Beno Udrih,31.0,NYK,SG,31.0,12.0,588.0,68.0,160.0,0.425,17.0,40.0,0.425,51.0,120.0,0.425,0.478,20.0,24.0,0.833,10.0,47.0,57.0,110.0,22.0,3.0,42.0,46.0,173.0,0.0,,2014,2013-14
316.0,Beno Udrih,31.0,MEM,SG,10.0,0.0,55.0,10.0,18.0,0.556,2.0,2.0,1.0,8.0,16.0,0.5,0.611,5.0,6.0,0.833,0.0,2.0,2.0,6.0,1.0,1.0,5.0,4.0,27.0,0.0,,2014,2013-14
317.0,Matt Bonner,33.0,SAS,PF,61.0,0.0,690.0,73.0,164.0,0.445,42.0,98.0,0.429,31.0,66.0,0.47,0.573,9.0,12.0,0.75,16.0,114.0,130.0,31.0,15.0,11.0,16.0,49.0,197.0,0.0,,2014,2013-14
318.0,Jan Veselý,23.0,2TM,PF,54.0,1.0,776.0,89.0,173.0,0.514,0.0,0.0,,89.0,173.0,0.514,0.514,19.0,56.0,0.339,81.0,110.0,191.0,21.0,53.0,35.0,36.0,121.0,197.0,0.0,,2014,2013-14
318.0,Jan Veselý,23.0,WAS,PF,33.0,1.0,470.0,48.0,92.0,0.522,0.0,0.0,,48.0,92.0,0.522,0.522,8.0,30.0,0.267,53.0,60.0,113.0,10.0,26.0,19.0,22.0,64.0,104.0,0.0,,2014,2013-14
318.0,Jan Veselý,23.0,DEN,PF,21.0,0.0,306.0,41.0,81.0,0.506,0.0,0.0,,41.0,81.0,0.506,0.506,11.0,26.0,0.423,28.0,50.0,78.0,11.0,27.0,16.0,14.0,57.0,93.0,0.0,,2014,2013-14
319.0,Archie Goodwin,19.0,PHO,SG,52.0,0.0,533.0,76.0,167.0,0.455,5.0,36.0,0.139,71.0,131.0,0.542,0.47,37.0,55.0,0.673,25.0,62.0,87.0,20.0,20.0,11.0,44.0,45.0,194.0,0.0,,2014,2013-14
320.0,Doron Lamb,22.0,ORL,SG,53.0,0.0,695.0,63.0,160.0,0.394,36.0,90.0,0.4,27.0,70.0,0.386,0.506,29.0,36.0,0.806,8.0,41.0,49.0,43.0,11.0,1.0,27.0,54.0,191.0,0.0,,2014,2013-14
321.0,Jeff Withey,23.0,NOP,C,58.0,4.0,684.0,69.0,129.0,0.535,0.0,1.0,0.0,69.0,128.0,0.539,0.535,52.0,73.0,0.712,49.0,101.0,150.0,26.0,15.0,50.0,20.0,73.0,190.0,0.0,,2014,2013-14
322.0,Byron Mullens,24.0,2TM,C,45.0,0.0,414.0,73.0,165.0,0.442,33.0,89.0,0.371,40.0,76.0,0.526,0.542,10.0,20.0,0.5,24.0,68.0,92.0,14.0,15.0,11.0,27.0,64.0,189.0,0.0,,2014,2013-14
322.0,Byron Mullens,24.0,LAC,C,27.0,0.0,167.0,26.0,64.0,0.406,13.0,39.0,0.333,13.0,25.0,0.52,0.508,2.0,6.0,0.333,7.0,25.0,32.0,6.0,6.0,3.0,13.0,33.0,67.0,0.0,,2014,2013-14
322.0,Byron Mullens,24.0,PHI,C,18.0,0.0,247.0,47.0,101.0,0.465,20.0,50.0,0.4,27.0,51.0,0.529,0.564,8.0,14.0,0.571,17.0,43.0,60.0,8.0,9.0,8.0,14.0,31.0,122.0,0.0,,2014,2013-14
323.0,Drew Gooden,32.0,WAS,C,22.0,0.0,395.0,76.0,143.0,0.531,7.0,17.0,0.412,69.0,126.0,0.548,0.556,24.0,27.0,0.889,37.0,77.0,114.0,15.0,10.0,7.0,17.0,53.0,183.0,0.0,,2014,2013-14
324.0,Dennis Schröder,20.0,ATL,PG,49.0,0.0,641.0,72.0,188.0,0.383,10.0,42.0,0.238,62.0,146.0,0.425,0.41,29.0,43.0,0.674,5.0,55.0,60.0,93.0,17.0,0.0,61.0,54.0,183.0,0.0,,2014,2013-14
325.0,Robbie Hummel,24.0,MIN,SF,53.0,5.0,655.0,67.0,177.0,0.379,32.0,89.0,0.36,35.0,88.0,0.398,0.469,15.0,16.0,0.938,35.0,97.0,132.0,23.0,16.0,2.0,10.0,57.0,181.0,0.0,,2014,2013-14
326.0,Miroslav Raduljica,26.0,MIL,C,48.0,2.0,465.0,68.0,126.0,0.54,0.0,0.0,,68.0,126.0,0.54,0.54,45.0,55.0,0.818,54.0,54.0,108.0,23.0,7.0,13.0,28.0,84.0,181.0,0.0,,2014,2013-14
327.0,Steve Novak,30.0,TOR,PF,54.0,1.0,540.0,60.0,146.0,0.411,52.0,122.0,0.426,8.0,24.0,0.333,0.589,6.0,6.0,1.0,8.0,50.0,58.0,13.0,12.0,4.0,5.0,44.0,178.0,0.0,,2014,2013-14
328.0,Larry Sanders,25.0,MIL,C,23.0,20.0,584.0,76.0,162.0,0.469,0.0,1.0,0.0,76.0,161.0,0.472,0.469,26.0,55.0,0.473,60.0,105.0,165.0,19.0,18.0,40.0,26.0,74.0,178.0,0.0,,2014,2013-14
329.0,Nando De Colo,26.0,2TM,SG,47.0,3.0,494.0,64.0,153.0,0.418,18.0,53.0,0.34,46.0,100.0,0.46,0.477,31.0,35.0,0.886,14.0,59.0,73.0,65.0,22.0,6.0,35.0,48.0,177.0,0.0,,2014,2013-14
329.0,Nando De Colo,26.0,SAS,SG,26.0,3.0,301.0,42.0,93.0,0.452,10.0,31.0,0.323,32.0,62.0,0.516,0.505,18.0,22.0,0.818,6.0,39.0,45.0,32.0,15.0,3.0,21.0,25.0,112.0,0.0,,2014,2013-14
329.0,Nando De Colo,26.0,TOR,SG,21.0,0.0,193.0,22.0,60.0,0.367,8.0,22.0,0.364,14.0,38.0,0.368,0.433,13.0,13.0,1.0,8.0,20.0,28.0,33.0,7.0,3.0,14.0,23.0,65.0,0.0,,2014,2013-14
330.0,Joel Freeland,26.0,POR,C,52.0,0.0,727.0,77.0,162.0,0.475,0.0,2.0,0.0,77.0,160.0,0.481,0.475,20.0,29.0,0.69,88.0,120.0,208.0,36.0,10.0,22.0,32.0,95.0,174.0,0.0,,2014,2013-14
331.0,Udonis Haslem,33.0,MIA,PF,46.0,18.0,653.0,74.0,146.0,0.507,0.0,0.0,,74.0,146.0,0.507,0.507,25.0,44.0,0.568,42.0,133.0,175.0,13.0,11.0,15.0,24.0,79.0,173.0,0.0,,2014,2013-14
332.0,Quincy Acy,23.0,2TM,SF,63.0,0.0,847.0,66.0,141.0,0.468,4.0,15.0,0.267,62.0,126.0,0.492,0.482,35.0,53.0,0.66,72.0,144.0,216.0,28.0,23.0,26.0,30.0,122.0,171.0,0.0,,2014,2013-14
332.0,Quincy Acy,23.0,TOR,SF,7.0,0.0,61.0,6.0,14.0,0.429,2.0,5.0,0.4,4.0,9.0,0.444,0.5,5.0,8.0,0.625,5.0,10.0,15.0,4.0,4.0,3.0,2.0,8.0,19.0,0.0,,2014,2013-14
332.0,Quincy Acy,23.0,SAC,SF,56.0,0.0,786.0,60.0,127.0,0.472,2.0,10.0,0.2,58.0,117.0,0.496,0.48,30.0,45.0,0.667,67.0,134.0,201.0,24.0,19.0,23.0,28.0,114.0,152.0,0.0,,2014,2013-14
333.0,Luke Babbitt,24.0,NOP,PF,27.0,2.0,473.0,60.0,154.0,0.39,36.0,95.0,0.379,24.0,59.0,0.407,0.506,14.0,18.0,0.778,18.0,70.0,88.0,29.0,7.0,11.0,15.0,52.0,170.0,0.0,,2014,2013-14
334.0,Will Barton,23.0,POR,SG,41.0,0.0,387.0,65.0,156.0,0.417,10.0,33.0,0.303,55.0,123.0,0.447,0.449,26.0,32.0,0.813,16.0,58.0,74.0,33.0,9.0,7.0,18.0,31.0,166.0,0.0,,2014,2013-14
335.0,Vítor Luiz Faverani,25.0,BOS,C,37.0,8.0,488.0,64.0,147.0,0.435,12.0,40.0,0.3,52.0,107.0,0.486,0.476,24.0,37.0,0.649,42.0,86.0,128.0,16.0,14.0,27.0,41.0,74.0,164.0,0.0,,2014,2013-14
336.0,Aron Baynes,27.0,SAS,C,53.0,4.0,491.0,71.0,163.0,0.436,0.0,0.0,,71.0,163.0,0.436,0.436,19.0,21.0,0.905,57.0,88.0,145.0,34.0,2.0,5.0,36.0,77.0,161.0,0.0,,2014,2013-14
337.0,John Lucas III,31.0,UTA,PG,42.0,6.0,591.0,62.0,190.0,0.326,25.0,84.0,0.298,37.0,106.0,0.349,0.392,10.0,16.0,0.625,12.0,27.0,39.0,42.0,14.0,0.0,22.0,41.0,159.0,0.0,,2014,2013-14
338.0,Derrick Rose,25.0,CHI,PG,10.0,10.0,311.0,58.0,164.0,0.354,16.0,47.0,0.34,42.0,117.0,0.359,0.402,27.0,32.0,0.844,9.0,23.0,32.0,43.0,5.0,1.0,34.0,15.0,159.0,0.0,,2014,2013-14
339.0,Greg Stiemsma,28.0,NOP,C,55.0,20.0,1007.0,70.0,122.0,0.574,0.0,1.0,0.0,70.0,121.0,0.579,0.574,19.0,32.0,0.594,72.0,154.0,226.0,36.0,35.0,57.0,44.0,169.0,159.0,0.0,,2014,2013-14
340.0,Jason Terry,36.0,BRK,PG,35.0,0.0,570.0,55.0,152.0,0.362,39.0,103.0,0.379,16.0,49.0,0.327,0.49,10.0,15.0,0.667,4.0,33.0,37.0,56.0,13.0,0.0,27.0,48.0,159.0,0.0,,2014,2013-14
341.0,MarShon Brooks,25.0,3TM,SG,35.0,0.0,316.0,57.0,125.0,0.456,13.0,25.0,0.52,44.0,100.0,0.44,0.508,32.0,44.0,0.727,10.0,44.0,54.0,25.0,14.0,4.0,24.0,21.0,159.0,0.0,,2014,2013-14
341.0,MarShon Brooks,25.0,BOS,SG,10.0,0.0,73.0,9.0,24.0,0.375,2.0,4.0,0.5,7.0,20.0,0.35,0.417,11.0,14.0,0.786,1.0,18.0,19.0,4.0,1.0,1.0,7.0,5.0,31.0,0.0,,2014,2013-14
341.0,MarShon Brooks,25.0,GSW,SG,7.0,0.0,15.0,5.0,13.0,0.385,0.0,2.0,0.0,5.0,11.0,0.455,0.385,3.0,4.0,0.75,1.0,4.0,5.0,0.0,1.0,0.0,0.0,0.0,13.0,0.0,,2014,2013-14
341.0,MarShon Brooks,25.0,LAL,SG,18.0,0.0,228.0,43.0,88.0,0.489,11.0,19.0,0.579,32.0,69.0,0.464,0.551,18.0,26.0,0.692,8.0,22.0,30.0,21.0,12.0,3.0,17.0,16.0,115.0,0.0,,2014,2013-14
342.0,Chris Copeland,29.0,IND,SF,41.0,0.0,265.0,55.0,117.0,0.47,33.0,79.0,0.418,22.0,38.0,0.579,0.611,10.0,14.0,0.714,7.0,25.0,32.0,18.0,3.0,7.0,14.0,38.0,153.0,0.0,,2014,2013-14
343.0,Leandro Barbosa,31.0,PHO,PG,20.0,0.0,368.0,56.0,131.0,0.427,7.0,25.0,0.28,49.0,106.0,0.462,0.454,31.0,39.0,0.795,5.0,32.0,37.0,32.0,7.0,4.0,19.0,30.0,150.0,0.0,,2014,2013-14
344.0,Ronny Turiaf,31.0,MIN,C,31.0,10.0,606.0,64.0,107.0,0.598,0.0,0.0,,64.0,107.0,0.598,0.598,21.0,50.0,0.42,55.0,119.0,174.0,24.0,8.0,50.0,24.0,65.0,149.0,0.0,,2014,2013-14
345.0,Jeremy Tyler,22.0,NYK,C,41.0,0.0,398.0,60.0,116.0,0.517,0.0,0.0,,60.0,116.0,0.517,0.517,26.0,48.0,0.542,38.0,71.0,109.0,8.0,6.0,20.0,26.0,70.0,146.0,0.0,,2014,2013-14
346.0,Wayne Ellington,26.0,DAL,SG,45.0,1.0,393.0,55.0,126.0,0.437,25.0,59.0,0.424,30.0,67.0,0.448,0.536,10.0,11.0,0.909,8.0,35.0,43.0,19.0,16.0,2.0,11.0,33.0,145.0,0.0,,2014,2013-14
347.0,Brandon Davies,22.0,PHI,PF,51.0,0.0,575.0,54.0,128.0,0.422,2.0,10.0,0.2,52.0,118.0,0.441,0.43,34.0,53.0,0.642,38.0,71.0,109.0,28.0,24.0,8.0,35.0,92.0,144.0,0.0,,2014,2013-14
348.0,Ekpe Udoh,26.0,MIL,PF,42.0,14.0,804.0,57.0,143.0,0.399,0.0,0.0,,57.0,143.0,0.399,0.399,30.0,47.0,0.638,61.0,87.0,148.0,31.0,15.0,44.0,38.0,96.0,144.0,0.0,,2014,2013-14
349.0,Shabazz Muhammad,21.0,MIN,SG,37.0,0.0,290.0,57.0,124.0,0.46,3.0,11.0,0.273,54.0,113.0,0.478,0.472,26.0,40.0,0.65,24.0,29.0,53.0,6.0,8.0,1.0,16.0,24.0,143.0,0.0,,2014,2013-14
350.0,Ryan Hollins,29.0,LAC,PF,61.0,0.0,482.0,53.0,72.0,0.736,0.0,0.0,,53.0,72.0,0.736,0.736,35.0,56.0,0.625,31.0,59.0,90.0,8.0,9.0,31.0,29.0,87.0,141.0,0.0,,2014,2013-14
351.0,Toure' Murry,24.0,NYK,PG,51.0,0.0,373.0,56.0,129.0,0.434,5.0,12.0,0.417,51.0,117.0,0.436,0.453,23.0,39.0,0.59,13.0,31.0,44.0,49.0,19.0,1.0,34.0,46.0,140.0,0.0,,2014,2013-14
352.0,Metta World Peace,34.0,NYK,SF,29.0,1.0,388.0,56.0,141.0,0.397,17.0,54.0,0.315,39.0,87.0,0.448,0.457,10.0,16.0,0.625,18.0,41.0,59.0,17.0,24.0,8.0,19.0,44.0,139.0,0.0,,2014,2013-14
353.0,Garrett Temple,27.0,WAS,SG,75.0,0.0,638.0,51.0,141.0,0.362,6.0,29.0,0.207,45.0,112.0,0.402,0.383,30.0,43.0,0.698,21.0,47.0,68.0,72.0,35.0,11.0,42.0,72.0,138.0,0.0,,2014,2013-14
354.0,Kenyon Martin,36.0,NYK,PF,32.0,15.0,633.0,63.0,123.0,0.512,0.0,1.0,0.0,63.0,122.0,0.516,0.512,11.0,19.0,0.579,36.0,98.0,134.0,50.0,25.0,27.0,26.0,85.0,137.0,0.0,,2014,2013-14
355.0,Rasual Butler,34.0,IND,SG,50.0,2.0,378.0,51.0,110.0,0.464,26.0,62.0,0.419,25.0,48.0,0.521,0.582,8.0,14.0,0.571,6.0,35.0,41.0,17.0,7.0,9.0,11.0,30.0,136.0,0.0,,2014,2013-14
356.0,Jannero Pargo,34.0,CHA,PG,29.0,0.0,242.0,52.0,118.0,0.441,24.0,60.0,0.4,28.0,58.0,0.483,0.542,8.0,11.0,0.727,1.0,19.0,20.0,52.0,14.0,1.0,26.0,17.0,136.0,0.0,,2014,2013-14
357.0,Shane Larkin,21.0,DAL,PG,48.0,0.0,489.0,52.0,137.0,0.38,12.0,38.0,0.316,40.0,99.0,0.404,0.423,16.0,25.0,0.64,11.0,31.0,42.0,71.0,26.0,1.0,39.0,46.0,132.0,0.0,,2014,2013-14
358.0,Chuck Hayes,30.0,2TM,C,61.0,1.0,754.0,56.0,130.0,0.431,0.0,1.0,0.0,56.0,129.0,0.434,0.431,20.0,25.0,0.8,69.0,141.0,210.0,35.0,34.0,12.0,33.0,95.0,132.0,0.0,,2014,2013-14
358.0,Chuck Hayes,30.0,SAC,C,16.0,1.0,179.0,14.0,32.0,0.438,0.0,0.0,,14.0,32.0,0.438,0.438,5.0,7.0,0.714,20.0,27.0,47.0,6.0,11.0,2.0,7.0,18.0,33.0,0.0,,2014,2013-14
358.0,Chuck Hayes,30.0,TOR,C,45.0,0.0,575.0,42.0,98.0,0.429,0.0,1.0,0.0,42.0,97.0,0.433,0.429,15.0,18.0,0.833,49.0,114.0,163.0,29.0,23.0,10.0,26.0,77.0,99.0,0.0,,2014,2013-14
359.0,Nazr Mohammed,36.0,CHI,C,80.0,1.0,562.0,54.0,126.0,0.429,0.0,0.0,,54.0,126.0,0.429,0.429,16.0,30.0,0.533,66.0,109.0,175.0,20.0,14.0,30.0,37.0,77.0,124.0,0.0,,2014,2013-14
360.0,Reggie Bullock,22.0,LAC,SF,43.0,0.0,395.0,43.0,121.0,0.355,22.0,73.0,0.301,21.0,48.0,0.438,0.446,7.0,9.0,0.778,11.0,43.0,54.0,12.0,9.0,1.0,13.0,26.0,115.0,0.0,,2014,2013-14
361.0,Hedo Türkoğlu,34.0,LAC,SF,38.0,0.0,392.0,42.0,109.0,0.385,22.0,50.0,0.44,20.0,59.0,0.339,0.486,9.0,18.0,0.5,11.0,78.0,89.0,33.0,19.0,10.0,16.0,50.0,115.0,0.0,,2014,2013-14
362.0,Gustavo Ayón,28.0,ATL,C,26.0,14.0,429.0,52.0,102.0,0.51,0.0,0.0,,52.0,102.0,0.51,0.51,8.0,20.0,0.4,42.0,83.0,125.0,28.0,25.0,10.0,29.0,47.0,112.0,0.0,,2014,2013-14
363.0,Donald Sloan,26.0,IND,SG,48.0,1.0,392.0,44.0,117.0,0.376,10.0,42.0,0.238,34.0,75.0,0.453,0.419,12.0,20.0,0.6,4.0,40.0,44.0,50.0,10.0,1.0,22.0,19.0,110.0,0.0,,2014,2013-14
364.0,Jason Maxiell,30.0,ORL,PF,34.0,13.0,488.0,47.0,105.0,0.448,0.0,0.0,,47.0,105.0,0.448,0.448,15.0,31.0,0.484,28.0,58.0,86.0,9.0,8.0,20.0,14.0,47.0,109.0,0.0,,2014,2013-14
365.0,Darius Morris,23.0,3TM,PG,27.0,0.0,313.0,39.0,96.0,0.406,12.0,38.0,0.316,27.0,58.0,0.466,0.469,17.0,26.0,0.654,7.0,19.0,26.0,44.0,13.0,0.0,27.0,33.0,107.0,0.0,,2014,2013-14
365.0,Darius Morris,23.0,PHI,PG,12.0,0.0,193.0,29.0,67.0,0.433,10.0,24.0,0.417,19.0,43.0,0.442,0.507,15.0,21.0,0.714,3.0,10.0,13.0,31.0,8.0,0.0,19.0,21.0,83.0,0.0,,2014,2013-14
365.0,Darius Morris,23.0,LAC,PG,10.0,0.0,54.0,4.0,13.0,0.308,0.0,7.0,0.0,4.0,6.0,0.667,0.308,1.0,2.0,0.5,0.0,5.0,5.0,5.0,2.0,0.0,2.0,9.0,9.0,0.0,,2014,2013-14
365.0,Darius Morris,23.0,MEM,PG,5.0,0.0,66.0,6.0,16.0,0.375,2.0,7.0,0.286,4.0,9.0,0.444,0.438,1.0,3.0,0.333,4.0,4.0,8.0,8.0,3.0,0.0,6.0,3.0,15.0,0.0,,2014,2013-14
366.0,Marquis Teague,20.0,2TM,SG,40.0,3.0,443.0,38.0,119.0,0.319,5.0,18.0,0.278,33.0,101.0,0.327,0.34,26.0,35.0,0.743,1.0,39.0,40.0,58.0,10.0,5.0,39.0,46.0,107.0,0.0,,2014,2013-14
366.0,Marquis Teague,20.0,CHI,SG,19.0,2.0,242.0,16.0,66.0,0.242,2.0,10.0,0.2,14.0,56.0,0.25,0.258,11.0,16.0,0.688,1.0,18.0,19.0,28.0,2.0,4.0,17.0,25.0,45.0,0.0,,2014,2013-14
366.0,Marquis Teague,20.0,BRK,SG,21.0,1.0,201.0,22.0,53.0,0.415,3.0,8.0,0.375,19.0,45.0,0.422,0.443,15.0,19.0,0.789,0.0,21.0,21.0,30.0,8.0,1.0,22.0,21.0,62.0,0.0,,2014,2013-14
367.0,Rudy Gobert,21.0,UTA,C,45.0,0.0,434.0,36.0,74.0,0.486,0.0,0.0,,36.0,74.0,0.486,0.486,32.0,65.0,0.492,51.0,104.0,155.0,7.0,8.0,41.0,32.0,57.0,104.0,0.0,,2014,2013-14
368.0,Steve Nash,39.0,LAL,PG,15.0,10.0,313.0,36.0,94.0,0.383,8.0,24.0,0.333,28.0,70.0,0.4,0.426,22.0,24.0,0.917,4.0,25.0,29.0,86.0,7.0,2.0,31.0,18.0,102.0,0.0,,2014,2013-14
369.0,Isaiah Canaan,22.0,HOU,PG,22.0,0.0,252.0,31.0,87.0,0.356,18.0,55.0,0.327,13.0,32.0,0.406,0.46,21.0,29.0,0.724,7.0,17.0,24.0,22.0,8.0,4.0,21.0,25.0,101.0,0.0,,2014,2013-14
370.0,Orlando Johnson,24.0,2TM,SG,45.0,0.0,392.0,36.0,113.0,0.319,9.0,47.0,0.191,27.0,66.0,0.409,0.358,19.0,26.0,0.731,9.0,46.0,55.0,20.0,6.0,2.0,15.0,26.0,100.0,0.0,,2014,2013-14
370.0,Orlando Johnson,24.0,IND,SG,38.0,0.0,342.0,33.0,96.0,0.344,8.0,41.0,0.195,25.0,55.0,0.455,0.385,17.0,22.0,0.773,7.0,44.0,51.0,16.0,6.0,1.0,14.0,23.0,91.0,0.0,,2014,2013-14
370.0,Orlando Johnson,24.0,SAC,SG,7.0,0.0,50.0,3.0,17.0,0.176,1.0,6.0,0.167,2.0,11.0,0.182,0.206,2.0,4.0,0.5,2.0,2.0,4.0,4.0,0.0,1.0,1.0,3.0,9.0,0.0,,2014,2013-14
371.0,Ben Gordon,30.0,CHA,SG,19.0,0.0,279.0,37.0,108.0,0.343,8.0,29.0,0.276,29.0,79.0,0.367,0.38,17.0,21.0,0.81,3.0,24.0,27.0,21.0,10.0,2.0,21.0,18.0,99.0,0.0,,2014,2013-14
372.0,Jarvis Varnado,25.0,2TM,PF,24.0,0.0,339.0,36.0,60.0,0.6,0.0,0.0,,36.0,60.0,0.6,0.6,27.0,52.0,0.519,19.0,44.0,63.0,13.0,10.0,29.0,10.0,62.0,99.0,0.0,,2014,2013-14
372.0,Jarvis Varnado,25.0,CHI,PF,1.0,0.0,2.0,0.0,0.0,,0.0,0.0,,0.0,0.0,,,0.0,0.0,,0.0,0.0,0.0,0.0,0.0,0.0,0.0,1.0,0.0,0.0,,2014,2013-14
372.0,Jarvis Varnado,25.0,PHI,PF,23.0,0.0,337.0,36.0,60.0,0.6,0.0,0.0,,36.0,60.0,0.6,0.6,27.0,52.0,0.519,19.0,44.0,63.0,13.0,10.0,29.0,10.0,61.0,99.0,0.0,,2014,2013-14
373.0,Meyers Leonard,21.0,POR,C,40.0,0.0,355.0,41.0,91.0,0.451,0.0,6.0,0.0,41.0,85.0,0.482,0.451,16.0,21.0,0.762,26.0,85.0,111.0,18.0,7.0,5.0,15.0,76.0,98.0,0.0,,2014,2013-14
374.0,James Jones,33.0,MIA,SF,20.0,6.0,236.0,31.0,68.0,0.456,28.0,54.0,0.519,3.0,14.0,0.214,0.662,7.0,11.0,0.636,2.0,21.0,23.0,9.0,3.0,4.0,4.0,6.0,97.0,0.0,,2014,2013-14
375.0,Dewayne Dedmon,24.0,3TM,C,31.0,6.0,390.0,38.0,83.0,0.458,0.0,0.0,,38.0,83.0,0.458,0.458,21.0,32.0,0.656,38.0,89.0,127.0,5.0,7.0,22.0,18.0,66.0,97.0,0.0,,2014,2013-14
375.0,Dewayne Dedmon,24.0,GSW,C,4.0,0.0,6.0,0.0,1.0,0.0,0.0,0.0,,0.0,1.0,0.0,0.0,1.0,2.0,0.5,0.0,0.0,0.0,0.0,0.0,0.0,0.0,1.0,1.0,0.0,,2014,2013-14
375.0,Dewayne Dedmon,24.0,PHI,C,11.0,0.0,150.0,15.0,29.0,0.517,0.0,0.0,,15.0,29.0,0.517,0.517,7.0,13.0,0.538,11.0,38.0,49.0,3.0,0.0,9.0,9.0,28.0,37.0,0.0,,2014,2013-14
375.0,Dewayne Dedmon,24.0,ORL,C,16.0,6.0,234.0,23.0,53.0,0.434,0.0,0.0,,23.0,53.0,0.434,0.434,13.0,17.0,0.765,27.0,51.0,78.0,2.0,7.0,13.0,9.0,37.0,59.0,0.0,,2014,2013-14
376.0,Quincy Pondexter,25.0,MEM,SG,15.0,2.0,270.0,31.0,79.0,0.392,11.0,34.0,0.324,20.0,45.0,0.444,0.462,21.0,26.0,0.808,10.0,16.0,26.0,20.0,5.0,1.0,15.0,18.0,94.0,0.0,,2014,2013-14
377.0,Josh Harrellson,24.0,DET,C,32.0,0.0,317.0,38.0,82.0,0.463,12.0,31.0,0.387,26.0,51.0,0.51,0.537,5.0,7.0,0.714,30.0,46.0,76.0,15.0,6.0,15.0,10.0,44.0,93.0,0.0,,2014,2013-14
378.0,Cole Aldrich,25.0,NYK,C,46.0,2.0,330.0,33.0,61.0,0.541,0.0,0.0,,33.0,61.0,0.541,0.541,26.0,30.0,0.867,37.0,92.0,129.0,14.0,8.0,30.0,18.0,40.0,92.0,0.0,,2014,2013-14
379.0,Charlie Villanueva,29.0,DET,PF,20.0,0.0,180.0,35.0,92.0,0.38,14.0,56.0,0.25,21.0,36.0,0.583,0.457,8.0,14.0,0.571,6.0,28.0,34.0,6.0,4.0,5.0,7.0,16.0,92.0,0.0,,2014,2013-14
380.0,Tyshawn Taylor,23.0,BRK,PG,23.0,3.0,270.0,31.0,91.0,0.341,3.0,12.0,0.25,28.0,79.0,0.354,0.357,24.0,30.0,0.8,3.0,12.0,15.0,36.0,12.0,1.0,31.0,29.0,89.0,0.0,,2014,2013-14
381.0,Alex Len,20.0,PHO,C,42.0,3.0,362.0,33.0,78.0,0.423,0.0,0.0,,33.0,78.0,0.423,0.423,20.0,31.0,0.645,39.0,60.0,99.0,4.0,4.0,18.0,26.0,68.0,86.0,0.0,,2014,2013-14
382.0,Mike Harris,30.0,UTA,PF,20.0,0.0,225.0,29.0,61.0,0.475,0.0,2.0,0.0,29.0,59.0,0.492,0.475,26.0,27.0,0.963,15.0,18.0,33.0,5.0,16.0,7.0,11.0,36.0,84.0,0.0,,2014,2013-14
383.0,Antawn Jamison,37.0,LAC,PF,22.0,0.0,248.0,29.0,92.0,0.315,8.0,41.0,0.195,21.0,51.0,0.412,0.359,18.0,25.0,0.72,9.0,46.0,55.0,7.0,9.0,3.0,7.0,29.0,84.0,0.0,,2014,2013-14
384.0,Kobe Bryant,35.0,LAL,SG,6.0,6.0,177.0,31.0,73.0,0.425,3.0,16.0,0.188,28.0,57.0,0.491,0.445,18.0,21.0,0.857,2.0,24.0,26.0,38.0,7.0,1.0,34.0,9.0,83.0,0.0,AS,2014,2013-14
385.0,Gigi Datome,26.0,DET,SF,34.0,0.0,238.0,34.0,97.0,0.351,7.0,39.0,0.179,27.0,58.0,0.466,0.387,8.0,10.0,0.8,14.0,32.0,46.0,11.0,6.0,1.0,11.0,20.0,83.0,0.0,,2014,2013-14
386.0,Eric Maynor,26.0,2TM,PG,31.0,0.0,327.0,32.0,101.0,0.317,12.0,37.0,0.324,20.0,64.0,0.313,0.376,6.0,11.0,0.545,9.0,30.0,39.0,52.0,9.0,3.0,29.0,17.0,82.0,0.0,,2014,2013-14
386.0,Eric Maynor,26.0,WAS,PG,23.0,0.0,215.0,21.0,72.0,0.292,8.0,25.0,0.32,13.0,47.0,0.277,0.347,2.0,3.0,0.667,7.0,17.0,24.0,40.0,5.0,1.0,17.0,13.0,52.0,0.0,,2014,2013-14
386.0,Eric Maynor,26.0,PHI,PG,8.0,0.0,112.0,11.0,29.0,0.379,4.0,12.0,0.333,7.0,17.0,0.412,0.448,4.0,8.0,0.5,2.0,13.0,15.0,12.0,4.0,2.0,12.0,4.0,30.0,0.0,,2014,2013-14
387.0,Brandon Rush,28.0,UTA,SG,38.0,0.0,418.0,30.0,90.0,0.333,16.0,47.0,0.34,14.0,43.0,0.326,0.422,3.0,5.0,0.6,5.0,39.0,44.0,24.0,5.0,9.0,20.0,31.0,79.0,0.0,,2014,2013-14
388.0,Otto Porter Jr.,20.0,WAS,SF,37.0,0.0,319.0,33.0,91.0,0.363,4.0,21.0,0.19,29.0,70.0,0.414,0.385,8.0,12.0,0.667,21.0,36.0,57.0,10.0,8.0,1.0,14.0,26.0,78.0,0.0,,2014,2013-14
389.0,Carl Landry,30.0,SAC,PF,18.0,1.0,233.0,31.0,60.0,0.517,0.0,0.0,,31.0,60.0,0.517,0.517,14.0,17.0,0.824,15.0,42.0,57.0,5.0,3.0,1.0,9.0,34.0,76.0,0.0,,2014,2013-14
390.0,Mike Muscala,22.0,ATL,PF,20.0,0.0,215.0,31.0,73.0,0.425,0.0,3.0,0.0,31.0,70.0,0.443,0.425,14.0,14.0,1.0,17.0,35.0,52.0,7.0,3.0,10.0,12.0,29.0,76.0,0.0,,2014,2013-14
391.0,Andre Roberson,22.0,OKC,SG,40.0,16.0,399.0,33.0,68.0,0.485,2.0,13.0,0.154,31.0,55.0,0.564,0.5,7.0,10.0,0.7,36.0,58.0,94.0,15.0,19.0,10.0,19.0,74.0,75.0,0.0,,2014,2013-14
392.0,Chris Singleton,24.0,WAS,SF,25.0,0.0,250.0,25.0,67.0,0.373,7.0,19.0,0.368,18.0,48.0,0.375,0.425,18.0,25.0,0.72,18.0,37.0,55.0,6.0,9.0,3.0,17.0,25.0,75.0,0.0,,2014,2013-14
393.0,Roger Mason,33.0,MIA,SG,25.0,2.0,260.0,25.0,67.0,0.373,17.0,48.0,0.354,8.0,19.0,0.421,0.5,7.0,7.0,1.0,1.0,21.0,22.0,19.0,6.0,1.0,9.0,26.0,74.0,0.0,,2014,2013-14
394.0,Ronnie Price,30.0,ORL,SG,31.0,2.0,377.0,28.0,92.0,0.304,9.0,43.0,0.209,19.0,49.0,0.388,0.353,9.0,13.0,0.692,8.0,35.0,43.0,66.0,25.0,2.0,26.0,50.0,74.0,0.0,,2014,2013-14
395.0,Manny Harris,24.0,LAL,SG,9.0,0.0,180.0,28.0,70.0,0.4,7.0,20.0,0.35,21.0,50.0,0.42,0.45,10.0,12.0,0.833,7.0,27.0,34.0,11.0,4.0,1.0,9.0,10.0,73.0,0.0,,2014,2013-14
396.0,Gal Mekel,25.0,DAL,PG,31.0,1.0,292.0,30.0,86.0,0.349,5.0,20.0,0.25,25.0,66.0,0.379,0.378,8.0,12.0,0.667,5.0,22.0,27.0,63.0,4.0,1.0,31.0,31.0,73.0,0.0,,2014,2013-14
397.0,Chauncey Billups,37.0,DET,SG,19.0,7.0,309.0,24.0,79.0,0.304,14.0,48.0,0.292,10.0,31.0,0.323,0.392,10.0,12.0,0.833,4.0,24.0,28.0,42.0,8.0,1.0,25.0,25.0,72.0,0.0,,2014,2013-14
398.0,Dionte Christmas,27.0,PHO,SF,31.0,0.0,198.0,22.0,62.0,0.355,9.0,31.0,0.29,13.0,31.0,0.419,0.427,18.0,24.0,0.75,13.0,25.0,38.0,8.0,2.0,3.0,6.0,19.0,71.0,0.0,,2014,2013-14
399.0,Ian Clark,22.0,UTA,SG,23.0,0.0,172.0,26.0,67.0,0.388,11.0,31.0,0.355,15.0,36.0,0.417,0.47,5.0,7.0,0.714,3.0,16.0,19.0,15.0,8.0,2.0,14.0,24.0,68.0,0.0,,2014,2013-14
400.0,Landry Fields,25.0,TOR,SF,30.0,2.0,322.0,27.0,67.0,0.403,0.0,5.0,0.0,27.0,62.0,0.435,0.403,14.0,22.0,0.636,15.0,44.0,59.0,20.0,10.0,3.0,11.0,25.0,68.0,0.0,,2014,2013-14
401.0,Greg Oden,26.0,MIA,C,23.0,6.0,212.0,27.0,49.0,0.551,0.0,0.0,,27.0,49.0,0.551,0.551,13.0,23.0,0.565,23.0,31.0,54.0,1.0,7.0,13.0,12.0,52.0,67.0,0.0,,2014,2013-14
402.0,Austin Daye,25.0,2TM,SF,22.0,1.0,148.0,24.0,68.0,0.353,12.0,37.0,0.324,12.0,31.0,0.387,0.441,6.0,10.0,0.6,5.0,22.0,27.0,8.0,4.0,4.0,5.0,18.0,66.0,0.0,,2014,2013-14
402.0,Austin Daye,25.0,TOR,SF,8.0,0.0,33.0,3.0,13.0,0.231,0.0,8.0,0.0,3.0,5.0,0.6,0.231,2.0,3.0,0.667,2.0,5.0,7.0,2.0,0.0,0.0,0.0,4.0,8.0,0.0,,2014,2013-14
402.0,Austin Daye,25.0,SAS,SF,14.0,1.0,115.0,21.0,55.0,0.382,12.0,29.0,0.414,9.0,26.0,0.346,0.491,4.0,7.0,0.571,3.0,17.0,20.0,6.0,4.0,4.0,5.0,14.0,58.0,0.0,,2014,2013-14
403.0,Daniel Orton,23.0,PHI,C,22.0,4.0,251.0,21.0,47.0,0.447,0.0,0.0,,21.0,47.0,0.447,0.447,23.0,30.0,0.767,16.0,45.0,61.0,15.0,6.0,16.0,18.0,38.0,65.0,0.0,,2014,2013-14
404.0,Aaron Gray,29.0,2TM,C,37.0,6.0,355.0,27.0,61.0,0.443,0.0,1.0,0.0,27.0,60.0,0.45,0.443,11.0,20.0,0.55,42.0,69.0,111.0,22.0,10.0,8.0,31.0,64.0,65.0,0.0,,2014,2013-14
404.0,Aaron Gray,29.0,TOR,C,4.0,0.0,20.0,2.0,3.0,0.667,0.0,0.0,,2.0,3.0,0.667,0.667,1.0,2.0,0.5,3.0,5.0,8.0,3.0,0.0,0.0,4.0,7.0,5.0,0.0,,2014,2013-14
404.0,Aaron Gray,29.0,SAC,C,33.0,6.0,335.0,25.0,58.0,0.431,0.0,1.0,0.0,25.0,57.0,0.439,0.431,10.0,18.0,0.556,39.0,64.0,103.0,19.0,10.0,8.0,27.0,57.0,60.0,0.0,,2014,2013-14
405.0,Lorenzo Brown,23.0,PHI,PG,26.0,0.0,224.0,26.0,86.0,0.302,3.0,30.0,0.1,23.0,56.0,0.411,0.32,9.0,13.0,0.692,8.0,20.0,28.0,41.0,13.0,3.0,16.0,19.0,64.0,0.0,,2014,2013-14
406.0,Shannon Brown,28.0,2TM,SG,29.0,1.0,251.0,24.0,66.0,0.364,0.0,2.0,0.0,24.0,64.0,0.375,0.364,15.0,21.0,0.714,7.0,21.0,28.0,9.0,13.0,0.0,18.0,24.0,63.0,0.0,,2014,2013-14
406.0,Shannon Brown,28.0,SAS,SG,10.0,1.0,103.0,8.0,28.0,0.286,0.0,2.0,0.0,8.0,26.0,0.308,0.286,7.0,9.0,0.778,1.0,12.0,13.0,5.0,1.0,0.0,8.0,12.0,23.0,0.0,,2014,2013-14
406.0,Shannon Brown,28.0,NYK,SG,19.0,0.0,148.0,16.0,38.0,0.421,0.0,0.0,,16.0,38.0,0.421,0.421,8.0,12.0,0.667,6.0,9.0,15.0,4.0,12.0,0.0,10.0,12.0,40.0,0.0,,2014,2013-14
407.0,Jorge Gutiérrez,25.0,BRK,PG,15.0,2.0,244.0,25.0,54.0,0.463,3.0,12.0,0.25,22.0,42.0,0.524,0.491,9.0,12.0,0.75,3.0,19.0,22.0,30.0,10.0,1.0,14.0,37.0,62.0,0.0,,2014,2013-14
408.0,Peyton Siva,23.0,DET,SG,24.0,0.0,224.0,18.0,57.0,0.316,7.0,25.0,0.28,11.0,32.0,0.344,0.377,11.0,15.0,0.733,2.0,12.0,14.0,34.0,9.0,1.0,18.0,27.0,54.0,0.0,,2014,2013-14
409.0,Casper Ware,24.0,PHI,PG,9.0,0.0,116.0,18.0,42.0,0.429,7.0,21.0,0.333,11.0,21.0,0.524,0.512,5.0,6.0,0.833,0.0,9.0,9.0,10.0,8.0,0.0,5.0,11.0,48.0,0.0,,2014,2013-14
410.0,Chris Wright,25.0,MIL,SF,8.0,0.0,126.0,21.0,35.0,0.6,0.0,1.0,0.0,21.0,34.0,0.618,0.6,6.0,15.0,0.4,10.0,10.0,20.0,5.0,7.0,5.0,5.0,17.0,48.0,0.0,,2014,2013-14
411.0,Victor Claver,25.0,POR,SF,21.0,0.0,184.0,17.0,42.0,0.405,3.0,18.0,0.167,14.0,24.0,0.583,0.44,10.0,11.0,0.909,9.0,30.0,39.0,12.0,3.0,3.0,11.0,16.0,47.0,0.0,,2014,2013-14
412.0,Solomon Hill,22.0,IND,SF,28.0,0.0,226.0,17.0,40.0,0.425,7.0,23.0,0.304,10.0,17.0,0.588,0.513,6.0,7.0,0.857,9.0,32.0,41.0,12.0,5.0,2.0,13.0,19.0,47.0,0.0,,2014,2013-14
413.0,A.J. Price,27.0,MIN,SG,28.0,0.0,99.0,19.0,46.0,0.413,6.0,22.0,0.273,13.0,24.0,0.542,0.478,0.0,2.0,0.0,1.0,9.0,10.0,13.0,1.0,0.0,7.0,5.0,44.0,0.0,,2014,2013-14
414.0,James Nunnally,23.0,2TM,SF,13.0,0.0,165.0,15.0,46.0,0.326,8.0,25.0,0.32,7.0,21.0,0.333,0.413,6.0,9.0,0.667,1.0,18.0,19.0,8.0,6.0,2.0,7.0,11.0,44.0,0.0,,2014,2013-14
414.0,James Nunnally,23.0,ATL,SF,4.0,0.0,54.0,6.0,18.0,0.333,3.0,10.0,0.3,3.0,8.0,0.375,0.417,3.0,4.0,0.75,1.0,7.0,8.0,2.0,1.0,1.0,4.0,2.0,18.0,0.0,,2014,2013-14
414.0,James Nunnally,23.0,PHI,SF,9.0,0.0,111.0,9.0,28.0,0.321,5.0,15.0,0.333,4.0,13.0,0.308,0.411,3.0,5.0,0.6,0.0,11.0,11.0,6.0,5.0,1.0,3.0,9.0,26.0,0.0,,2014,2013-14
415.0,Dwight Buycks,24.0,TOR,PG,14.0,0.0,146.0,15.0,48.0,0.313,5.0,17.0,0.294,10.0,31.0,0.323,0.365,8.0,9.0,0.889,4.0,19.0,23.0,10.0,8.0,0.0,10.0,11.0,43.0,0.0,,2014,2013-14
416.0,Troy Daniels,22.0,HOU,SG,5.0,1.0,75.0,15.0,31.0,0.484,12.0,25.0,0.48,3.0,6.0,0.5,0.677,0.0,0.0,,0.0,4.0,4.0,5.0,0.0,0.0,3.0,6.0,42.0,0.0,,2014,2013-14
417.0,John Jenkins,22.0,ATL,SG,13.0,0.0,158.0,16.0,42.0,0.381,4.0,18.0,0.222,12.0,24.0,0.5,0.429,4.0,4.0,1.0,3.0,19.0,22.0,11.0,1.0,1.0,11.0,11.0,40.0,0.0,,2014,2013-14
418.0,Jamaal Franklin,22.0,MEM,SG,21.0,0.0,161.0,16.0,39.0,0.41,5.0,11.0,0.455,11.0,28.0,0.393,0.474,2.0,2.0,1.0,4.0,19.0,23.0,6.0,4.0,2.0,11.0,23.0,39.0,0.0,,2014,2013-14
419.0,Lou Amundson,31.0,2TM,PF,19.0,0.0,185.0,16.0,32.0,0.5,0.0,0.0,,16.0,32.0,0.5,0.5,6.0,24.0,0.25,28.0,27.0,55.0,6.0,9.0,11.0,14.0,49.0,38.0,0.0,,2014,2013-14
419.0,Lou Amundson,31.0,NOP,PF,18.0,0.0,184.0,16.0,32.0,0.5,0.0,0.0,,16.0,32.0,0.5,0.5,6.0,24.0,0.25,28.0,27.0,55.0,6.0,9.0,11.0,14.0,49.0,38.0,0.0,,2014,2013-14
419.0,Lou Amundson,31.0,CHI,PF,1.0,0.0,1.0,0.0,0.0,,0.0,0.0,,0.0,0.0,,,0.0,0.0,,0.0,0.0,0.0,0.0,0.0,0.0,0.0,0.0,0.0,0.0,,2014,2013-14
420.0,Greg Smith,23.0,HOU,C,11.0,0.0,100.0,18.0,28.0,0.643,0.0,0.0,,18.0,28.0,0.643,0.643,2.0,5.0,0.4,11.0,16.0,27.0,0.0,1.0,2.0,5.0,17.0,38.0,0.0,,2014,2013-14
421.0,Sergey Karasev,20.0,CLE,SF,22.0,1.0,156.0,12.0,35.0,0.343,4.0,19.0,0.211,8.0,16.0,0.5,0.4,9.0,10.0,0.9,0.0,16.0,16.0,6.0,3.0,1.0,11.0,22.0,37.0,0.0,,2014,2013-14
422.0,Arnett Moultrie,23.0,PHI,PF,12.0,2.0,187.0,16.0,38.0,0.421,0.0,0.0,,16.0,38.0,0.421,0.421,4.0,5.0,0.8,11.0,24.0,35.0,2.0,8.0,4.0,7.0,22.0,36.0,0.0,,2014,2013-14
423.0,JaVale McGee,26.0,DEN,C,5.0,5.0,79.0,17.0,38.0,0.447,0.0,0.0,,17.0,38.0,0.447,0.447,1.0,1.0,1.0,10.0,7.0,17.0,2.0,1.0,7.0,8.0,16.0,35.0,0.0,,2014,2013-14
424.0,Allen Crabbe,21.0,POR,SG,15.0,0.0,100.0,12.0,33.0,0.364,6.0,14.0,0.429,6.0,19.0,0.316,0.455,3.0,4.0,0.75,1.0,8.0,9.0,6.0,2.0,1.0,3.0,10.0,33.0,0.0,,2014,2013-14
425.0,Glen Rice Jr.,23.0,WAS,SG,11.0,1.0,109.0,11.0,37.0,0.297,5.0,17.0,0.294,6.0,20.0,0.3,0.365,5.0,7.0,0.714,4.0,16.0,20.0,7.0,6.0,1.0,9.0,7.0,32.0,0.0,,2014,2013-14
426.0,Tornike Shengelia,22.0,2TM,SF,26.0,0.0,154.0,13.0,28.0,0.464,0.0,6.0,0.0,13.0,22.0,0.591,0.464,3.0,8.0,0.375,4.0,12.0,16.0,14.0,3.0,1.0,12.0,18.0,29.0,0.0,,2014,2013-14
426.0,Tornike Shengelia,22.0,BRK,SF,17.0,0.0,137.0,11.0,24.0,0.458,0.0,6.0,0.0,11.0,18.0,0.611,0.458,3.0,8.0,0.375,4.0,10.0,14.0,12.0,2.0,1.0,11.0,16.0,25.0,0.0,,2014,2013-14
426.0,Tornike Shengelia,22.0,CHI,SF,9.0,0.0,17.0,2.0,4.0,0.5,0.0,0.0,,2.0,4.0,0.5,0.5,0.0,0.0,,0.0,2.0,2.0,2.0,1.0,0.0,1.0,2.0,4.0,0.0,,2014,2013-14
427.0,Bernard James,28.0,DAL,C,30.0,0.0,146.0,11.0,23.0,0.478,0.0,1.0,0.0,11.0,22.0,0.5,0.478,6.0,11.0,0.545,15.0,27.0,42.0,3.0,3.0,8.0,10.0,24.0,28.0,0.0,,2014,2013-14
428.0,Joel Anthony,31.0,2TM,C,33.0,0.0,186.0,12.0,32.0,0.375,0.0,0.0,,12.0,32.0,0.375,0.375,4.0,8.0,0.5,15.0,23.0,38.0,2.0,3.0,12.0,3.0,17.0,28.0,0.0,,2014,2013-14
428.0,Joel Anthony,31.0,MIA,C,12.0,0.0,37.0,2.0,6.0,0.333,0.0,0.0,,2.0,6.0,0.333,0.333,2.0,2.0,1.0,2.0,5.0,7.0,0.0,0.0,4.0,1.0,4.0,6.0,0.0,,2014,2013-14
428.0,Joel Anthony,31.0,BOS,C,21.0,0.0,149.0,10.0,26.0,0.385,0.0,0.0,,10.0,26.0,0.385,0.385,2.0,6.0,0.333,13.0,18.0,31.0,2.0,3.0,8.0,2.0,13.0,22.0,0.0,,2014,2013-14
429.0,Hasheem Thabeet,26.0,OKC,C,23.0,0.0,192.0,13.0,23.0,0.565,0.0,0.0,,13.0,23.0,0.565,0.565,1.0,5.0,0.2,9.0,31.0,40.0,1.0,4.0,9.0,14.0,47.0,27.0,0.0,,2014,2013-14
430.0,Justin Hamilton,23.0,2TM,C,8.0,0.0,72.0,9.0,20.0,0.45,3.0,9.0,0.333,6.0,11.0,0.545,0.525,5.0,5.0,1.0,4.0,3.0,7.0,0.0,5.0,0.0,4.0,8.0,26.0,0.0,,2014,2013-14
430.0,Justin Hamilton,23.0,CHA,C,1.0,0.0,4.0,0.0,0.0,,0.0,0.0,,0.0,0.0,,,0.0,0.0,,0.0,0.0,0.0,0.0,1.0,0.0,1.0,0.0,0.0,0.0,,2014,2013-14
430.0,Justin Hamilton,23.0,MIA,C,7.0,0.0,68.0,9.0,20.0,0.45,3.0,9.0,0.333,6.0,11.0,0.545,0.525,5.0,5.0,1.0,4.0,3.0,7.0,0.0,4.0,0.0,3.0,8.0,26.0,0.0,,2014,2013-14
431.0,Nemanja Nedović,22.0,GSW,SG,24.0,0.0,142.0,8.0,39.0,0.205,3.0,18.0,0.167,5.0,21.0,0.238,0.244,7.0,8.0,0.875,3.0,12.0,15.0,13.0,0.0,1.0,13.0,13.0,26.0,0.0,,2014,2013-14
432.0,Jared Cunningham,22.0,2TM,SG,13.0,0.0,80.0,6.0,21.0,0.286,1.0,7.0,0.143,5.0,14.0,0.357,0.31,13.0,16.0,0.813,1.0,5.0,6.0,8.0,3.0,0.0,2.0,16.0,26.0,0.0,,2014,2013-14
432.0,Jared Cunningham,22.0,ATL,SG,5.0,0.0,22.0,1.0,2.0,0.5,0.0,1.0,0.0,1.0,1.0,1.0,0.5,0.0,2.0,0.0,0.0,1.0,1.0,3.0,0.0,0.0,2.0,3.0,2.0,0.0,,2014,2013-14
432.0,Jared Cunningham,22.0,SAC,SG,8.0,0.0,58.0,5.0,19.0,0.263,1.0,6.0,0.167,4.0,13.0,0.308,0.289,13.0,14.0,0.929,1.0,4.0,5.0,5.0,3.0,0.0,0.0,13.0,24.0,0.0,,2014,2013-14
433.0,Hilton Armstrong,29.0,GSW,C,15.0,1.0,97.0,9.0,19.0,0.474,0.0,0.0,,9.0,19.0,0.474,0.474,7.0,16.0,0.438,19.0,28.0,47.0,5.0,4.0,4.0,6.0,11.0,25.0,0.0,,2014,2013-14
434.0,Jason Collins,35.0,BRK,C,22.0,1.0,172.0,11.0,24.0,0.458,0.0,3.0,0.0,11.0,21.0,0.524,0.458,3.0,4.0,0.75,7.0,12.0,19.0,4.0,8.0,1.0,7.0,30.0,25.0,0.0,,2014,2013-14
435.0,Chris Babb,23.0,BOS,SG,14.0,0.0,132.0,8.0,30.0,0.267,6.0,27.0,0.222,2.0,3.0,0.667,0.367,0.0,0.0,,4.0,13.0,17.0,3.0,6.0,0.0,3.0,13.0,22.0,0.0,,2014,2013-14
436.0,Tony Mitchell,21.0,DET,PF,21.0,0.0,79.0,5.0,12.0,0.417,1.0,1.0,1.0,4.0,11.0,0.364,0.458,11.0,19.0,0.579,15.0,11.0,26.0,2.0,6.0,3.0,4.0,9.0,22.0,0.0,,2014,2013-14
437.0,Viacheslav Kravtsov,26.0,PHO,C,20.0,0.0,59.0,8.0,15.0,0.533,0.0,0.0,,8.0,15.0,0.533,0.533,4.0,8.0,0.5,9.0,8.0,17.0,1.0,0.0,1.0,6.0,7.0,20.0,0.0,,2014,2013-14
438.0,Shavlik Randolph,30.0,PHO,PF,14.0,0.0,95.0,7.0,14.0,0.5,0.0,0.0,,7.0,14.0,0.5,0.5,6.0,11.0,0.545,7.0,18.0,25.0,1.0,3.0,1.0,5.0,15.0,20.0,0.0,,2014,2013-14
439.0,Carrick Felix,23.0,CLE,SG,7.0,0.0,38.0,7.0,14.0,0.5,2.0,5.0,0.4,5.0,9.0,0.556,0.571,3.0,4.0,0.75,1.0,5.0,6.0,4.0,0.0,0.0,4.0,4.0,19.0,0.0,,2014,2013-14
440.0,Ricky Ledo,21.0,DAL,SG,11.0,0.0,33.0,6.0,17.0,0.353,3.0,8.0,0.375,3.0,9.0,0.333,0.441,4.0,4.0,1.0,0.0,2.0,2.0,2.0,1.0,0.0,2.0,2.0,19.0,0.0,,2014,2013-14
441.0,Julyan Stone,25.0,TOR,SG,21.0,0.0,120.0,7.0,17.0,0.412,2.0,8.0,0.25,5.0,9.0,0.556,0.471,2.0,3.0,0.667,2.0,18.0,20.0,12.0,3.0,0.0,5.0,13.0,18.0,0.0,,2014,2013-14
442.0,Robert Covington,23.0,HOU,SF,7.0,0.0,34.0,6.0,14.0,0.429,4.0,11.0,0.364,2.0,3.0,0.667,0.571,0.0,0.0,,2.0,3.0,5.0,0.0,2.0,0.0,1.0,3.0,16.0,0.0,,2014,2013-14
443.0,Stephen Jackson,35.0,LAC,SF,9.0,0.0,107.0,6.0,26.0,0.231,1.0,14.0,0.071,5.0,12.0,0.417,0.25,2.0,4.0,0.5,2.0,8.0,10.0,5.0,6.0,1.0,6.0,11.0,15.0,0.0,,2014,2013-14
444.0,Ognjen Kuzmić,23.0,GSW,C,21.0,0.0,92.0,5.0,13.0,0.385,0.0,0.0,,5.0,13.0,0.385,0.385,5.0,11.0,0.455,10.0,11.0,21.0,2.0,3.0,4.0,10.0,17.0,15.0,0.0,,2014,2013-14
445.0,Malcolm Thomas,25.0,2TM,PF,8.0,0.0,63.0,7.0,16.0,0.438,1.0,4.0,0.25,6.0,12.0,0.5,0.469,0.0,2.0,0.0,5.0,16.0,21.0,2.0,0.0,3.0,9.0,5.0,15.0,0.0,,2014,2013-14
445.0,Malcolm Thomas,25.0,SAS,PF,1.0,0.0,15.0,1.0,4.0,0.25,0.0,0.0,,1.0,4.0,0.25,0.25,0.0,2.0,0.0,1.0,8.0,9.0,0.0,0.0,2.0,1.0,0.0,2.0,0.0,,2014,2013-14
445.0,Malcolm Thomas,25.0,UTA,PF,7.0,0.0,48.0,6.0,12.0,0.5,1.0,4.0,0.25,5.0,8.0,0.625,0.542,0.0,0.0,,4.0,8.0,12.0,2.0,0.0,1.0,8.0,5.0,13.0,0.0,,2014,2013-14
446.0,Solomon Jones,29.0,ORL,PF,11.0,0.0,85.0,6.0,17.0,0.353,0.0,0.0,,6.0,17.0,0.353,0.353,2.0,4.0,0.5,8.0,8.0,16.0,2.0,2.0,2.0,2.0,12.0,14.0,0.0,,2014,2013-14
447.0,James Southerland,23.0,2TM,SF,4.0,0.0,30.0,5.0,15.0,0.333,3.0,6.0,0.5,2.0,9.0,0.222,0.433,1.0,2.0,0.5,0.0,8.0,8.0,0.0,1.0,2.0,1.0,3.0,14.0,0.0,,2014,2013-14
447.0,James Southerland,23.0,CHA,SF,1.0,0.0,3.0,0.0,3.0,0.0,0.0,1.0,0.0,0.0,2.0,0.0,0.0,0.0,0.0,,0.0,0.0,0.0,0.0,0.0,0.0,0.0,0.0,0.0,0.0,,2014,2013-14
447.0,James Southerland,23.0,NOP,SF,3.0,0.0,27.0,5.0,12.0,0.417,3.0,5.0,0.6,2.0,7.0,0.286,0.542,1.0,2.0,0.5,0.0,8.0,8.0,0.0,1.0,2.0,1.0,3.0,14.0,0.0,,2014,2013-14
448.0,Adonis Thomas,20.0,2TM,SF,6.0,1.0,37.0,6.0,14.0,0.429,1.0,5.0,0.2,5.0,9.0,0.556,0.464,1.0,1.0,1.0,0.0,3.0,3.0,3.0,0.0,0.0,1.0,6.0,14.0,0.0,,2014,2013-14
448.0,Adonis Thomas,20.0,ORL,SF,4.0,0.0,24.0,3.0,9.0,0.333,0.0,3.0,0.0,3.0,6.0,0.5,0.333,1.0,1.0,1.0,0.0,3.0,3.0,2.0,0.0,0.0,0.0,2.0,7.0,0.0,,2014,2013-14
448.0,Adonis Thomas,20.0,PHI,SF,2.0,1.0,13.0,3.0,5.0,0.6,1.0,2.0,0.5,2.0,3.0,0.667,0.7,0.0,0.0,,0.0,0.0,0.0,1.0,0.0,0.0,1.0,4.0,7.0,0.0,,2014,2013-14
449.0,Keith Bogans,33.0,BOS,SG,6.0,0.0,55.0,3.0,6.0,0.5,3.0,6.0,0.5,0.0,0.0,,0.75,3.0,3.0,1.0,0.0,3.0,3.0,3.0,1.0,0.0,1.0,2.0,12.0,0.0,,2014,2013-14
450.0,Earl Watson,34.0,POR,PG,24.0,0.0,161.0,3.0,11.0,0.273,2.0,7.0,0.286,1.0,4.0,0.25,0.364,4.0,4.0,1.0,5.0,10.0,15.0,28.0,5.0,1.0,17.0,33.0,12.0,0.0,,2014,2013-14
451.0,Mike James,38.0,CHI,PG,11.0,0.0,77.0,5.0,21.0,0.238,1.0,5.0,0.2,4.0,16.0,0.25,0.262,0.0,2.0,0.0,0.0,7.0,7.0,17.0,2.0,0.0,5.0,11.0,11.0,0.0,,2014,2013-14
452.0,Reggie Williams,27.0,OKC,SF,3.0,0.0,17.0,5.0,9.0,0.556,1.0,3.0,0.333,4.0,6.0,0.667,0.611,0.0,0.0,,0.0,0.0,0.0,1.0,1.0,0.0,2.0,1.0,11.0,0.0,,2014,2013-14
453.0,Jamaal Tinsley,35.0,UTA,PG,8.0,5.0,110.0,4.0,20.0,0.2,1.0,15.0,0.067,3.0,5.0,0.6,0.225,0.0,0.0,,2.0,9.0,11.0,23.0,2.0,0.0,9.0,10.0,9.0,0.0,,2014,2013-14
454.0,Othyus Jeffers,28.0,2TM,SG,6.0,1.0,47.0,3.0,6.0,0.5,0.0,2.0,0.0,3.0,4.0,0.75,0.5,3.0,4.0,0.75,1.0,8.0,9.0,1.0,0.0,0.0,1.0,3.0,9.0,0.0,,2014,2013-14
454.0,Othyus Jeffers,28.0,SAS,SG,4.0,1.0,34.0,3.0,5.0,0.6,0.0,1.0,0.0,3.0,4.0,0.75,0.6,1.0,2.0,0.5,1.0,5.0,6.0,1.0,0.0,0.0,0.0,2.0,7.0,0.0,,2014,2013-14
454.0,Othyus Jeffers,28.0,MIN,SG,2.0,0.0,13.0,0.0,1.0,0.0,0.0,1.0,0.0,0.0,0.0,,0.0,2.0,2.0,1.0,0.0,3.0,3.0,0.0,0.0,0.0,1.0,1.0,2.0,0.0,,2014,2013-14
455.0,Ronnie Brewer,28.0,2TM,SF,24.0,3.0,160.0,3.0,15.0,0.2,1.0,8.0,0.125,2.0,7.0,0.286,0.233,0.0,2.0,0.0,2.0,12.0,14.0,10.0,6.0,1.0,2.0,4.0,7.0,0.0,,2014,2013-14
455.0,Ronnie Brewer,28.0,HOU,SF,23.0,3.0,158.0,3.0,15.0,0.2,1.0,8.0,0.125,2.0,7.0,0.286,0.233,0.0,2.0,0.0,2.0,12.0,14.0,10.0,6.0,1.0,2.0,4.0,7.0,0.0,,2014,2013-14
455.0,Ronnie Brewer,28.0,CHI,SF,1.0,0.0,2.0,0.0,0.0,,0.0,0.0,,0.0,0.0,,,0.0,0.0,,0.0,0.0,0.0,0.0,0.0,0.0,0.0,0.0,0.0,0.0,,2014,2013-14
456.0,D.J. Stephens,23.0,MIL,SG,3.0,0.0,15.0,3.0,7.0,0.429,0.0,0.0,,3.0,7.0,0.429,0.429,1.0,1.0,1.0,1.0,4.0,5.0,0.0,0.0,0.0,0.0,0.0,7.0,0.0,,2014,2013-14
457.0,Melvin Ely,35.0,NOP,C,2.0,0.0,27.0,3.0,6.0,0.5,0.0,0.0,,3.0,6.0,0.5,0.5,0.0,0.0,,0.0,1.0,1.0,0.0,0.0,1.0,0.0,5.0,6.0,0.0,,2014,2013-14
458.0,Ryan Gomes,31.0,OKC,SF,5.0,0.0,34.0,3.0,8.0,0.375,0.0,2.0,0.0,3.0,6.0,0.5,0.375,0.0,0.0,,0.0,4.0,4.0,1.0,0.0,0.0,1.0,5.0,6.0,0.0,,2014,2013-14
459.0,Damion James,26.0,SAS,SF,5.0,1.0,50.0,2.0,9.0,0.222,0.0,2.0,0.0,2.0,7.0,0.286,0.222,2.0,2.0,1.0,1.0,11.0,12.0,3.0,0.0,1.0,1.0,3.0,6.0,0.0,,2014,2013-14
460.0,Tony Mitchell,24.0,MIL,SF,3.0,0.0,10.0,3.0,5.0,0.6,0.0,1.0,0.0,3.0,4.0,0.75,0.6,0.0,0.0,,1.0,0.0,1.0,1.0,1.0,0.0,0.0,0.0,6.0,0.0,,2014,2013-14
461.0,Erik Murphy,23.0,CHI,C,24.0,0.0,62.0,3.0,13.0,0.231,0.0,3.0,0.0,3.0,10.0,0.3,0.231,0.0,0.0,,2.0,6.0,8.0,2.0,0.0,4.0,2.0,7.0,6.0,0.0,,2014,2013-14
462.0,Hamady N'Diaye,27.0,SAC,C,14.0,0.0,74.0,3.0,9.0,0.333,0.0,0.0,,3.0,9.0,0.333,0.333,0.0,1.0,0.0,5.0,13.0,18.0,3.0,0.0,4.0,3.0,15.0,6.0,0.0,,2014,2013-14
463.0,Lance Thomas,25.0,NOP,SF,5.0,0.0,42.0,2.0,9.0,0.222,0.0,0.0,,2.0,9.0,0.222,0.222,2.0,4.0,0.5,2.0,5.0,7.0,3.0,0.0,0.0,2.0,4.0,6.0,0.0,,2014,2013-14
464.0,Vander Blue,21.0,BOS,SG,3.0,0.0,15.0,2.0,4.0,0.5,0.0,1.0,0.0,2.0,3.0,0.667,0.5,1.0,5.0,0.2,0.0,3.0,3.0,1.0,0.0,0.0,2.0,1.0,5.0,0.0,,2014,2013-14
465.0,Sasha Vujačić,29.0,LAC,SG,2.0,0.0,10.0,2.0,5.0,0.4,1.0,2.0,0.5,1.0,3.0,0.333,0.5,0.0,0.0,,0.0,3.0,3.0,0.0,1.0,0.0,3.0,1.0,5.0,0.0,,2014,2013-14
466.0,Josh Powell,31.0,HOU,PF,1.0,0.0,19.0,2.0,6.0,0.333,0.0,0.0,,2.0,6.0,0.333,0.333,0.0,0.0,,0.0,5.0,5.0,0.0,0.0,1.0,1.0,1.0,4.0,0.0,,2014,2013-14
467.0,Andris Biedriņš,27.0,UTA,C,6.0,0.0,45.0,1.0,1.0,1.0,0.0,0.0,,1.0,1.0,1.0,1.0,1.0,6.0,0.167,2.0,15.0,17.0,0.0,0.0,0.0,2.0,6.0,3.0,0.0,,2014,2013-14
468.0,Seth Curry,23.0,2TM,PG,2.0,0.0,13.0,1.0,3.0,0.333,1.0,1.0,1.0,0.0,2.0,0.0,0.5,0.0,0.0,,0.0,1.0,1.0,0.0,2.0,0.0,0.0,0.0,3.0,0.0,,2014,2013-14
468.0,Seth Curry,23.0,MEM,PG,1.0,0.0,4.0,0.0,0.0,,0.0,0.0,,0.0,0.0,,,0.0,0.0,,0.0,0.0,0.0,0.0,0.0,0.0,0.0,0.0,0.0,0.0,,2014,2013-14
468.0,Seth Curry,23.0,CLE,PG,1.0,0.0,9.0,1.0,3.0,0.333,1.0,1.0,1.0,0.0,2.0,0.0,0.5,0.0,0.0,,0.0,1.0,1.0,0.0,2.0,0.0,0.0,0.0,3.0,0.0,,2014,2013-14
469.0,Arinze Onuaku,26.0,2TM,PF,5.0,0.0,30.0,1.0,5.0,0.2,0.0,0.0,,1.0,5.0,0.2,0.2,1.0,2.0,0.5,2.0,6.0,8.0,3.0,0.0,0.0,1.0,3.0,3.0,0.0,,2014,2013-14
469.0,Arinze Onuaku,26.0,NOP,PF,3.0,0.0,25.0,1.0,4.0,0.25,0.0,0.0,,1.0,4.0,0.25,0.25,1.0,2.0,0.5,2.0,5.0,7.0,3.0,0.0,0.0,1.0,3.0,3.0,0.0,,2014,2013-14
469.0,Arinze Onuaku,26.0,CLE,PF,2.0,0.0,5.0,0.0,1.0,0.0,0.0,0.0,,0.0,1.0,0.0,0.0,0.0,0.0,,0.0,1.0,1.0,0.0,0.0,0.0,0.0,0.0,0.0,0.0,,2014,2013-14
470.0,Shane Edwards,26.0,CLE,SF,2.0,0.0,12.0,1.0,3.0,0.333,0.0,0.0,,1.0,3.0,0.333,0.333,0.0,0.0,,1.0,1.0,2.0,0.0,0.0,0.0,1.0,1.0,2.0,0.0,,2014,2013-14
471.0,DeAndre Liggins,25.0,MIA,SG,1.0,0.0,1.0,1.0,1.0,1.0,0.0,0.0,,1.0,1.0,1.0,1.0,0.0,0.0,,1.0,0.0,1.0,0.0,0.0,0.0,0.0,0.0,2.0,0.0,,2014,2013-14
472.0,Maalik Wayns,22.0,LAC,PG,2.0,0.0,9.0,1.0,2.0,0.5,0.0,0.0,,1.0,2.0,0.5,0.5,0.0,0.0,,0.0,2.0,2.0,2.0,2.0,0.0,0.0,4.0,2.0,0.0,,2014,2013-14
473.0,Scotty Hopson,24.0,CLE,SG,2.0,0.0,7.0,0.0,4.0,0.0,0.0,2.0,0.0,0.0,2.0,0.0,0.0,1.0,2.0,0.5,0.0,0.0,0.0,1.0,1.0,0.0,0.0,0.0,1.0,0.0,,2014,2013-14
474.0,Mustafa Shakur,29.0,OKC,PG,3.0,0.0,11.0,0.0,3.0,0.0,0.0,1.0,0.0,0.0,2.0,0.0,0.0,1.0,2.0,0.5,0.0,0.0,0.0,4.0,0.0,0.0,2.0,2.0,1.0,0.0,,2014,2013-14
475.0,Josh Childress,30.0,NOP,SF,4.0,0.0,24.0,0.0,0.0,,0.0,0.0,,0.0,0.0,,,0.0,0.0,,0.0,3.0,3.0,2.0,1.0,0.0,1.0,1.0,0.0,0.0,,2014,2013-14
476.0,Elias Harris,24.0,LAL,SF,2.0,0.0,11.0,0.0,1.0,0.0,0.0,0.0,,0.0,1.0,0.0,0.0,0.0,0.0,,1.0,0.0,1.0,1.0,1.0,0.0,0.0,0.0,0.0,0.0,,2014,2013-14
477.0,Royal Ivey,32.0,OKC,SG,2.0,0.0,5.0,0.0,2.0,0.0,0.0,1.0,0.0,0.0,1.0,0.0,0.0,0.0,0.0,,0.0,1.0,1.0,0.0,0.0,0.0,0.0,1.0,0.0,0.0,,2014,2013-14
478.0,Darius Johnson-Odom,24.0,PHI,SG,3.0,0.0,15.0,0.0,7.0,0.0,0.0,3.0,0.0,0.0,4.0,0.0,0.0,0.0,2.0,0.0,0.0,2.0,2.0,1.0,1.0,0.0,2.0,3.0,0.0,0.0,,2014,2013-14
479.0,Dexter Pittman,25.0,ATL,C,2.0,0.0,3.0,0.0,1.0,0.0,0.0,0.0,,0.0,1.0,0.0,0.0,0.0,2.0,0.0,3.0,0.0,3.0,0.0,0.0,0.0,0.0,0.0,0.0,0.0,,2014,2013-14
480.0,Chris Smith,26.0,NYK,PG,2.0,0.0,2.0,0.0,0.0,,0.0,0.0,,0.0,0.0,,,0.0,0.0,,0.0,0.0,0.0,0.0,0.0,0.0,0.0,0.0,0.0,0.0,,2014,2013-14
481.0,D.J. White,27.0,CHA,PF,2.0,0.0,10.0,0.0,1.0,0.0,0.0,0.0,,0.0,1.0,0.0,0.0,0.0,0.0,,0.0,2.0,2.0,0.0,1.0,0.0,0.0,1.0,0.0,0.0,,2014,2013-14
482.0,Royce White,22.0,SAC,PF,3.0,0.0,9.0,0.0,1.0,0.0,0.0,0.0,,0.0,1.0,0.0,0.0,0.0,0.0,,0.0,0.0,0.0,0.0,0.0,0.0,0.0,2.0,0.0,0.0,,2014,2013-14
,League Average,,,,,,,,,0.454,,,0.36,,,0.488,0.501,,,0.756,,,,,,,,,,,,2014,2013-14
