Rk,Player,Age,Team,Pos,G,GS,MP,FG,FGA,FG%,3P,3PA,3P%,2P,2PA,2P%,eFG%,FT,FTA,FT%,ORB,DRB,TRB,AST,STL,BLK,TOV,PF,PTS,Awards,season_end_year,season
1.0,Joel Embiid,27.0,PHI,C,68.0,68.0,33.8,9.8,19.6,0.499,1.4,3.7,0.371,8.4,15.9,0.529,0.534,9.6,11.8,0.814,2.1,9.6,11.7,4.2,1.1,1.5,3.1,2.7,30.6,"MVP-2,AS,NBA2",2022,2021-22
2.0,LeBron James,37.0,LAL,C,56.0,56.0,37.2,11.4,21.8,0.524,2.9,8.0,0.359,8.6,13.8,0.62,0.59,4.5,6.0,0.756,1.1,7.1,8.2,6.2,1.3,1.1,3.5,2.2,30.3,"MVP-10,AS,NBA3",2022,2021-22
3.0,Giannis Antetokounmpo,27.0,MIL,PF,67.0,67.0,32.9,10.3,18.6,0.553,1.1,3.6,0.293,9.2,15.0,0.616,0.582,8.3,11.4,0.722,2.0,9.6,11.6,5.8,1.1,1.4,3.3,3.2,29.9,"MVP-3,DPOY-6,AS,NBA1,DEF1",2022,2021-22
4.0,Kevin Durant,33.0,BRK,PF,55.0,55.0,37.2,10.5,20.3,0.518,2.1,5.5,0.383,8.4,14.8,0.568,0.57,6.8,7.4,0.91,0.5,6.9,7.4,6.4,0.9,0.9,3.5,2.1,29.9,"MVP-10,AS,NBA2",2022,2021-22
5.0,Luka Dončić,22.0,DAL,PG,65.0,65.0,35.4,9.9,21.6,0.457,3.1,8.8,0.353,6.8,12.8,0.528,0.529,5.6,7.5,0.744,0.9,8.3,9.1,8.7,1.2,0.6,4.5,2.2,28.4,"MVP-5,AS,NBA1",2022,2021-22
6.0,Trae Young,23.0,ATL,PG,76.0,76.0,34.9,9.4,20.3,0.46,3.1,8.0,0.382,6.3,12.3,0.512,0.536,6.6,7.3,0.904,0.7,3.1,3.7,9.7,0.9,0.1,4.0,1.7,28.4,"AS,NBA3",2022,2021-22
7.0,DeMar DeRozan,32.0,CHI,PF,76.0,76.0,36.1,10.2,20.2,0.504,0.7,1.9,0.352,9.5,18.3,0.52,0.521,6.8,7.8,0.877,0.7,4.4,5.2,4.9,0.9,0.3,2.4,2.3,27.9,"MVP-10,AS,NBA2",2022,2021-22
8.0,Kyrie Irving,29.0,BRK,PG,29.0,29.0,37.6,10.0,21.2,0.469,3.4,8.2,0.418,6.5,13.0,0.501,0.55,4.1,4.4,0.915,0.6,3.8,4.4,5.8,1.4,0.6,2.5,2.8,27.4,,2022,2021-22
9.0,Ja Morant,22.0,MEM,PG,57.0,57.0,33.1,10.2,20.6,0.493,1.5,4.5,0.344,8.6,16.2,0.534,0.53,5.5,7.3,0.761,1.4,4.4,5.7,6.7,1.2,0.4,3.4,1.5,27.4,"MVP-7,MIP-1,AS,NBA2",2022,2021-22
10.0,Nikola Jokić,26.0,DEN,C,74.0,74.0,33.5,10.3,17.7,0.583,1.3,3.9,0.337,9.0,13.8,0.652,0.62,5.1,6.3,0.81,2.8,11.0,13.8,7.9,1.5,0.9,3.8,2.6,27.1,"MVP-1,AS,NBA1",2022,2021-22
11.0,Jayson Tatum,23.0,BOS,SF,76.0,76.0,35.9,9.3,20.6,0.453,3.0,8.6,0.353,6.3,12.0,0.524,0.526,5.3,6.2,0.853,1.1,6.9,8.0,4.4,1.0,0.6,2.9,2.3,26.9,"MVP-6,AS,NBA1",2022,2021-22
12.0,Devin Booker,25.0,PHO,SG,68.0,68.0,34.5,9.7,20.9,0.466,2.7,7.0,0.383,7.0,13.9,0.508,0.53,4.6,5.3,0.868,0.7,4.4,5.0,4.8,1.1,0.4,2.4,2.6,26.8,"MVP-4,AS,NBA1",2022,2021-22
13.0,Donovan Mitchell,25.0,UTA,SG,67.0,67.0,33.8,9.2,20.5,0.448,3.5,9.8,0.355,5.7,10.8,0.533,0.533,4.0,4.7,0.853,0.8,3.4,4.2,5.3,1.5,0.2,3.0,2.4,25.9,AS,2022,2021-22
14.0,Stephen Curry,33.0,GSW,PG,64.0,64.0,34.5,8.4,19.1,0.437,4.5,11.7,0.38,3.9,7.4,0.527,0.554,4.3,4.7,0.923,0.5,4.7,5.2,6.3,1.3,0.4,3.2,2.0,25.5,"MVP-8,AS,NBA2",2022,2021-22
15.0,Karl-Anthony Towns,26.0,MIN,C,74.0,74.0,33.5,8.7,16.4,0.529,2.0,4.9,0.41,6.6,11.5,0.58,0.591,5.2,6.3,0.822,2.6,7.2,9.8,3.6,1.0,1.1,3.1,3.6,24.6,"AS,NBA3",2022,2021-22
16.0,Shai Gilgeous-Alexander,23.0,OKC,PG,56.0,56.0,34.7,8.5,18.8,0.453,1.6,5.3,0.3,6.9,13.5,0.514,0.496,5.9,7.2,0.81,0.7,4.3,5.0,5.9,1.3,0.8,2.8,2.5,24.5,,2022,2021-22
17.0,Zach LaVine,26.0,CHI,SG,67.0,67.0,34.7,8.4,17.7,0.476,2.8,7.1,0.389,5.7,10.6,0.534,0.554,4.8,5.6,0.853,0.3,4.3,4.6,4.5,0.6,0.3,2.6,1.8,24.4,AS,2022,2021-22
18.0,Paul George,31.0,LAC,PF,31.0,31.0,34.7,8.6,20.5,0.421,2.9,8.3,0.354,5.7,12.2,0.467,0.493,4.1,4.8,0.858,0.4,6.5,6.9,5.7,2.2,0.4,4.1,2.4,24.3,,2022,2021-22
19.0,Damian Lillard,31.0,POR,PG,29.0,29.0,36.4,7.7,19.0,0.402,3.2,9.8,0.324,4.5,9.2,0.485,0.486,5.5,6.2,0.878,0.4,3.7,4.1,7.3,0.6,0.4,2.9,1.3,24.0,,2022,2021-22
20.0,Jaylen Brown,25.0,BOS,SF,66.0,66.0,33.6,8.7,18.4,0.473,2.5,7.0,0.358,6.2,11.4,0.544,0.541,3.7,4.8,0.758,0.8,5.3,6.1,3.5,1.1,0.3,2.7,2.5,23.6,,2022,2021-22
21.0,Bradley Beal,28.0,WAS,SG,40.0,40.0,36.0,8.7,19.3,0.451,1.6,5.3,0.3,7.1,14.0,0.508,0.492,4.2,5.1,0.833,1.0,3.8,4.7,6.6,0.9,0.4,3.4,2.4,23.2,,2022,2021-22
22.0,Anthony Davis,28.0,LAL,C,40.0,40.0,35.1,9.3,17.4,0.532,0.3,1.8,0.186,8.9,15.6,0.571,0.542,4.4,6.1,0.713,2.7,7.2,9.9,3.1,1.2,2.3,2.1,2.4,23.2,,2022,2021-22
23.0,De'Aaron Fox,24.0,SAC,PG,59.0,59.0,35.3,8.7,18.5,0.473,1.3,4.2,0.297,7.5,14.3,0.524,0.506,4.4,5.9,0.75,0.4,3.5,3.9,5.6,1.2,0.4,2.8,2.9,23.2,,2022,2021-22
24.0,Pascal Siakam,27.0,TOR,PF,68.0,68.0,37.9,8.8,17.8,0.494,1.1,3.2,0.344,7.7,14.5,0.527,0.525,4.2,5.6,0.749,1.9,6.6,8.5,5.3,1.3,0.6,2.7,3.3,22.8,NBA3,2022,2021-22
25.0,Brandon Ingram,24.0,NOP,SF,55.0,55.0,34.0,8.2,17.9,0.461,1.3,4.1,0.327,6.9,13.8,0.501,0.498,4.8,5.9,0.826,0.6,5.2,5.8,5.6,0.6,0.5,2.7,2.2,22.7,,2022,2021-22
26.0,CJ McCollum,30.0,2TM,PG,62.0,62.0,34.6,8.6,18.8,0.46,2.9,7.6,0.388,5.7,11.2,0.509,0.539,1.9,2.7,0.682,0.9,3.5,4.3,5.1,1.1,0.4,2.0,2.0,22.1,,2022,2021-22
26.0,CJ McCollum,30.0,POR,SG,36.0,36.0,35.2,8.1,18.5,0.436,3.1,8.0,0.384,5.0,10.4,0.476,0.52,1.3,1.9,0.706,0.9,3.3,4.3,4.5,1.0,0.6,1.9,2.1,20.5,,2022,2021-22
26.0,CJ McCollum,30.0,NOP,PG,26.0,26.0,33.8,9.5,19.2,0.493,2.7,6.9,0.394,6.7,12.3,0.549,0.564,2.6,3.9,0.667,0.7,3.7,4.5,5.8,1.3,0.0,2.2,1.7,24.3,,2022,2021-22
27.0,James Harden,32.0,2TM,PG,65.0,65.0,37.2,6.3,15.3,0.41,2.3,6.9,0.33,4.0,8.4,0.476,0.485,7.2,8.2,0.877,0.8,6.8,7.7,10.3,1.3,0.6,4.4,2.4,22.0,AS,2022,2021-22
27.0,James Harden,32.0,BRK,PG,44.0,44.0,37.0,6.6,16.0,0.414,2.3,7.0,0.332,4.3,9.1,0.476,0.486,6.9,8.0,0.869,1.0,7.0,8.0,10.2,1.3,0.7,4.8,2.4,22.5,,2022,2021-22
27.0,James Harden,32.0,PHI,PG,21.0,21.0,37.7,5.5,13.6,0.402,2.2,6.7,0.326,3.3,6.9,0.476,0.483,7.9,8.9,0.892,0.6,6.5,7.1,10.5,1.2,0.2,3.4,2.3,21.0,,2022,2021-22
28.0,Darius Garland,22.0,CLE,PG,68.0,68.0,35.7,8.0,17.3,0.462,2.6,6.7,0.383,5.4,10.6,0.512,0.536,3.2,3.5,0.892,0.6,2.7,3.3,8.6,1.3,0.1,3.6,1.7,21.7,AS,2022,2021-22
29.0,Jimmy Butler,32.0,MIA,SF,57.0,57.0,33.9,7.0,14.5,0.48,0.5,2.0,0.233,6.5,12.5,0.52,0.496,6.9,8.0,0.87,1.8,4.1,5.9,5.5,1.6,0.5,2.1,1.5,21.4,AS,2022,2021-22
30.0,Anthony Edwards,20.0,MIN,SG,72.0,72.0,34.3,7.6,17.3,0.441,3.0,8.4,0.357,4.6,8.9,0.519,0.527,3.1,3.9,0.786,0.9,3.9,4.8,3.8,1.5,0.6,2.6,2.3,21.3,,2022,2021-22
31.0,Dejounte Murray,25.0,SAS,PG,68.0,68.0,34.8,8.4,18.3,0.462,1.4,4.3,0.327,7.0,13.9,0.504,0.5,2.9,3.6,0.794,1.2,7.1,8.3,9.2,2.0,0.3,2.6,2.0,21.1,AS,2022,2021-22
32.0,Tyler Herro,22.0,MIA,SG,66.0,10.0,32.6,7.6,17.0,0.447,2.7,6.7,0.399,4.9,10.3,0.477,0.525,2.9,3.3,0.868,0.5,4.5,5.0,4.0,0.7,0.1,2.6,1.4,20.7,6MOY-1,2022,2021-22
33.0,Klay Thompson,31.0,GSW,SG,32.0,32.0,29.4,7.7,17.9,0.429,3.6,9.3,0.385,4.1,8.7,0.477,0.529,1.4,1.6,0.902,0.5,3.4,3.9,2.8,0.5,0.5,1.3,1.7,20.4,,2022,2021-22
34.0,Fred VanVleet,27.0,TOR,PG,65.0,65.0,37.9,6.8,16.9,0.403,3.7,9.9,0.377,3.1,7.0,0.44,0.513,3.0,3.4,0.874,0.7,3.8,4.4,6.7,1.7,0.5,2.6,2.5,20.3,AS,2022,2021-22
35.0,Kristaps Porziņģis,26.0,2TM,PF,51.0,51.0,29.0,6.9,15.0,0.459,1.5,4.9,0.31,5.4,10.1,0.532,0.51,4.9,5.6,0.867,2.0,6.1,8.1,2.3,0.7,1.6,1.6,2.7,20.2,,2022,2021-22
35.0,Kristaps Porziņģis,26.0,DAL,PF,34.0,34.0,29.5,6.7,14.9,0.451,1.4,5.1,0.283,5.3,9.9,0.537,0.499,4.3,5.0,0.865,1.9,5.8,7.7,2.0,0.7,1.7,1.6,2.6,19.2,,2022,2021-22
35.0,Kristaps Porziņģis,26.0,WAS,PF,17.0,17.0,28.2,7.2,15.2,0.475,1.7,4.6,0.367,5.5,10.6,0.522,0.531,5.9,6.8,0.871,2.2,6.6,8.8,2.9,0.7,1.5,1.6,2.9,22.1,,2022,2021-22
36.0,Miles Bridges,23.0,CHO,PF,80.0,80.0,35.5,7.5,15.2,0.491,1.9,5.8,0.331,5.5,9.4,0.59,0.554,3.3,4.2,0.802,1.1,5.9,7.0,3.8,0.9,0.8,1.9,2.4,20.2,,2022,2021-22
37.0,LaMelo Ball,20.0,CHO,PG,75.0,75.0,32.3,7.2,16.7,0.429,2.9,7.5,0.389,4.2,9.2,0.462,0.517,2.8,3.2,0.872,1.4,5.2,6.7,7.6,1.6,0.4,3.3,3.2,20.1,AS,2022,2021-22
38.0,Khris Middleton,30.0,MIL,SF,66.0,66.0,32.4,6.8,15.5,0.443,2.5,6.6,0.373,4.4,8.9,0.494,0.522,3.9,4.4,0.89,0.6,4.8,5.4,5.4,1.2,0.3,2.9,2.4,20.1,AS,2022,2021-22
39.0,Julius Randle,27.0,NYK,PF,72.0,72.0,35.3,7.1,17.3,0.411,1.7,5.4,0.308,5.4,11.9,0.458,0.459,4.2,5.6,0.756,1.7,8.2,9.9,5.1,0.7,0.5,3.4,2.8,20.1,,2022,2021-22
40.0,RJ Barrett,21.0,NYK,SF,70.0,70.0,34.5,7.0,17.1,0.408,2.0,5.8,0.342,5.0,11.3,0.442,0.466,4.1,5.8,0.714,0.9,4.9,5.8,3.0,0.6,0.2,2.2,2.0,20.0,,2022,2021-22
41.0,Terry Rozier,27.0,CHO,SG,73.0,73.0,33.7,7.1,16.0,0.444,3.0,8.1,0.374,4.1,7.9,0.516,0.539,2.1,2.4,0.852,0.8,3.5,4.3,4.5,1.3,0.3,1.3,1.6,19.3,,2022,2021-22
42.0,Jerami Grant,27.0,DET,PF,47.0,47.0,31.9,6.3,14.9,0.426,1.9,5.4,0.358,4.4,9.5,0.465,0.491,4.6,5.5,0.838,0.6,3.5,4.1,2.4,0.9,1.0,1.8,2.3,19.2,,2022,2021-22
43.0,Bam Adebayo,24.0,MIA,C,56.0,56.0,32.6,7.3,13.0,0.557,0.0,0.1,0.0,7.3,12.9,0.562,0.557,4.6,6.1,0.753,2.4,7.6,10.1,3.4,1.4,0.8,2.6,3.1,19.1,"DPOY-4,DEF2",2022,2021-22
44.0,Malcolm Brogdon,29.0,IND,PG,36.0,36.0,33.5,6.8,15.1,0.448,1.6,5.2,0.312,5.1,9.9,0.518,0.501,4.0,4.6,0.856,0.9,4.2,5.1,5.9,0.8,0.4,2.1,2.0,19.1,,2022,2021-22
45.0,Norman Powell,28.0,2TM,SF,45.0,41.0,32.4,6.2,13.4,0.461,2.4,5.6,0.419,3.8,7.8,0.491,0.549,4.2,5.2,0.811,0.4,2.8,3.2,2.1,0.9,0.5,1.5,2.4,19.0,,2022,2021-22
45.0,Norman Powell,28.0,POR,SF,40.0,39.0,33.3,6.2,13.6,0.456,2.3,5.7,0.406,3.9,7.8,0.492,0.542,4.0,5.0,0.803,0.4,2.9,3.3,2.1,1.0,0.4,1.6,2.3,18.7,,2022,2021-22
45.0,Norman Powell,28.0,LAC,SG,5.0,2.0,25.0,6.4,12.6,0.508,2.6,4.8,0.542,3.8,7.8,0.487,0.611,6.0,7.0,0.857,0.6,2.2,2.8,2.8,0.4,0.8,1.4,2.8,21.4,,2022,2021-22
46.0,Domantas Sabonis,25.0,2TM,PF,62.0,61.0,34.5,7.1,12.5,0.573,0.6,2.0,0.312,6.5,10.5,0.623,0.598,4.0,5.4,0.741,3.2,8.9,12.1,5.2,1.0,0.4,3.1,3.3,18.9,,2022,2021-22
46.0,Domantas Sabonis,25.0,IND,PF,47.0,46.0,34.7,7.0,12.1,0.58,0.7,2.3,0.324,6.3,9.9,0.639,0.61,4.1,5.5,0.74,3.3,8.8,12.1,5.0,1.0,0.5,3.0,3.1,18.9,,2022,2021-22
46.0,Domantas Sabonis,25.0,SAC,PF,15.0,15.0,33.6,7.5,13.5,0.554,0.3,1.1,0.235,7.2,12.3,0.584,0.564,3.7,4.9,0.743,3.1,9.3,12.3,5.8,0.9,0.3,3.5,3.8,18.9,,2022,2021-22
47.0,Jordan Poole,22.0,GSW,SG,76.0,51.0,30.0,6.2,13.9,0.448,2.8,7.6,0.364,3.5,6.3,0.55,0.548,3.2,3.5,0.925,0.4,3.0,3.4,4.0,0.8,0.3,2.5,2.7,18.5,,2022,2021-22
48.0,Russell Westbrook,33.0,LAL,PG,78.0,78.0,34.3,7.0,15.8,0.444,1.0,3.4,0.298,6.0,12.4,0.485,0.476,3.4,5.1,0.667,1.4,6.0,7.4,7.1,1.0,0.3,3.8,3.0,18.5,,2022,2021-22
49.0,Dillon Brooks,26.0,MEM,SF,32.0,31.0,27.7,7.1,16.4,0.432,1.4,4.7,0.309,5.7,11.8,0.48,0.475,2.8,3.3,0.849,0.9,2.3,3.2,2.8,1.1,0.3,1.6,3.3,18.4,,2022,2021-22
50.0,Jrue Holiday,31.0,MIL,PG,67.0,64.0,32.9,7.1,14.2,0.501,2.0,4.8,0.411,5.2,9.4,0.547,0.57,2.0,2.7,0.761,1.0,3.5,4.5,6.8,1.6,0.4,2.7,2.0,18.3,"DPOY-8,DEF2",2022,2021-22
51.0,Gary Trent Jr.,23.0,TOR,SG,70.0,69.0,35.0,6.4,15.5,0.414,3.0,7.8,0.383,3.4,7.7,0.445,0.511,2.5,2.9,0.853,0.4,2.4,2.7,2.0,1.7,0.3,1.0,2.1,18.3,,2022,2021-22
52.0,Desmond Bane,23.0,MEM,SG,76.0,76.0,29.8,6.7,14.5,0.461,3.0,6.9,0.436,3.7,7.6,0.484,0.565,1.8,2.0,0.903,0.6,3.8,4.4,2.7,1.2,0.4,1.5,2.6,18.2,,2022,2021-22
53.0,Bojan Bogdanović,32.0,UTA,PF,69.0,69.0,30.9,6.1,13.4,0.455,2.6,6.8,0.387,3.5,6.7,0.524,0.552,3.2,3.8,0.858,0.8,3.4,4.3,1.7,0.5,0.0,1.7,1.7,18.1,,2022,2021-22
54.0,D'Angelo Russell,25.0,MIN,PG,65.0,65.0,32.0,6.2,15.0,0.411,2.7,8.0,0.34,3.5,7.0,0.492,0.502,3.0,3.7,0.825,0.4,2.9,3.3,7.1,1.0,0.3,2.5,2.0,18.1,,2022,2021-22
55.0,Christian Wood,26.0,HOU,C,68.0,67.0,30.8,6.5,12.9,0.501,1.9,4.9,0.39,4.5,8.0,0.57,0.576,3.0,4.9,0.623,1.6,8.5,10.1,2.3,0.8,1.0,1.9,2.5,17.9,,2022,2021-22
56.0,Jonas Valančiūnas,29.0,NOP,C,74.0,74.0,30.3,6.9,12.7,0.544,0.8,2.1,0.361,6.1,10.5,0.581,0.574,3.2,3.9,0.82,3.1,8.3,11.4,2.6,0.6,0.8,2.4,3.3,17.8,,2022,2021-22
57.0,Nikola Vučević,31.0,CHI,C,73.0,73.0,33.1,7.5,15.8,0.473,1.4,4.5,0.314,6.1,11.3,0.537,0.518,1.3,1.7,0.76,1.9,9.1,11.0,3.2,1.0,1.0,1.9,2.5,17.6,,2022,2021-22
58.0,Tyrese Maxey,21.0,PHI,PG,75.0,74.0,35.3,6.4,13.3,0.485,1.8,4.1,0.427,4.7,9.1,0.512,0.552,2.8,3.3,0.866,0.3,2.9,3.2,4.3,0.7,0.4,1.2,2.1,17.5,,2022,2021-22
59.0,Cade Cunningham,20.0,DET,SG,64.0,64.0,32.6,6.7,16.1,0.416,1.8,5.7,0.314,4.9,10.4,0.472,0.471,2.2,2.6,0.845,0.9,4.6,5.5,5.6,1.2,0.7,3.7,3.1,17.4,ROY-3,2022,2021-22
60.0,Jalen Green,19.0,HOU,SG,67.0,67.0,31.9,6.1,14.2,0.426,2.3,6.8,0.343,3.7,7.4,0.502,0.508,2.8,3.5,0.797,0.5,2.9,3.4,2.6,0.7,0.3,2.0,1.5,17.3,ROY-4,2022,2021-22
61.0,Anfernee Simons,22.0,POR,SG,57.0,30.0,29.5,6.2,14.0,0.443,3.1,7.8,0.405,3.1,6.2,0.49,0.555,1.8,2.0,0.888,0.5,2.2,2.6,3.9,0.5,0.1,2.0,1.9,17.3,,2022,2021-22
62.0,Deandre Ayton,23.0,PHO,C,58.0,58.0,29.5,7.6,12.0,0.634,0.1,0.3,0.368,7.5,11.7,0.642,0.639,1.8,2.4,0.746,2.6,7.7,10.2,1.4,0.7,0.7,1.6,2.4,17.2,,2022,2021-22
63.0,Luguentz Dort,22.0,OKC,SG,51.0,51.0,32.6,5.7,14.2,0.404,2.5,7.7,0.332,3.2,6.6,0.487,0.493,3.2,3.7,0.843,0.7,3.4,4.2,1.7,0.9,0.4,1.7,2.9,17.2,,2022,2021-22
64.0,Tobias Harris,29.0,PHI,PF,73.0,73.0,34.8,6.8,14.0,0.482,1.4,3.8,0.367,5.4,10.2,0.525,0.532,2.3,2.8,0.842,1.1,5.7,6.8,3.5,0.6,0.6,1.6,2.2,17.2,,2022,2021-22
65.0,Andrew Wiggins,26.0,GSW,SF,73.0,73.0,31.9,6.5,14.0,0.466,2.2,5.5,0.393,4.4,8.5,0.513,0.543,2.0,3.2,0.634,1.2,3.3,4.5,2.2,1.0,0.7,1.5,2.2,17.2,AS,2022,2021-22
66.0,OG Anunoby,24.0,TOR,SF,48.0,48.0,36.0,6.4,14.5,0.443,2.4,6.6,0.363,4.0,7.9,0.511,0.526,1.9,2.5,0.754,1.5,4.0,5.5,2.6,1.5,0.5,1.7,2.7,17.1,,2022,2021-22
67.0,Kyle Kuzma,26.0,WAS,PF,66.0,66.0,33.4,6.4,14.2,0.452,1.9,5.7,0.341,4.5,8.5,0.526,0.52,2.4,3.3,0.712,1.1,7.4,8.5,3.5,0.6,0.9,2.6,1.9,17.1,,2022,2021-22
68.0,Caris LeVert,27.0,2TM,SG,58.0,49.0,30.7,6.5,14.7,0.444,1.4,4.4,0.32,5.1,10.3,0.497,0.492,2.5,3.3,0.756,0.7,2.9,3.7,4.3,0.9,0.4,1.9,2.3,17.0,,2022,2021-22
68.0,Caris LeVert,27.0,IND,SG,39.0,39.0,31.1,7.1,15.9,0.447,1.6,4.8,0.323,5.6,11.1,0.501,0.496,2.8,3.7,0.76,0.8,3.1,3.8,4.4,0.9,0.5,1.9,2.3,18.7,,2022,2021-22
68.0,Caris LeVert,27.0,CLE,SG,19.0,10.0,29.8,5.3,12.2,0.435,1.1,3.5,0.313,4.2,8.7,0.485,0.481,1.8,2.5,0.745,0.7,2.7,3.4,3.9,0.8,0.3,1.7,2.1,13.6,,2022,2021-22
69.0,Keldon Johnson,22.0,SAS,SF,75.0,74.0,31.9,6.3,13.5,0.466,2.1,5.3,0.398,4.2,8.2,0.51,0.545,2.4,3.1,0.756,1.1,5.0,6.1,2.1,0.8,0.2,1.2,2.0,17.0,,2022,2021-22
70.0,Reggie Jackson,31.0,LAC,SG,75.0,75.0,31.2,6.4,16.3,0.392,2.2,6.8,0.326,4.2,9.5,0.439,0.46,1.8,2.2,0.847,0.5,3.1,3.6,4.8,0.7,0.2,2.3,2.1,16.8,,2022,2021-22
71.0,Harrison Barnes,29.0,SAC,PF,77.0,77.0,33.6,5.1,10.8,0.469,1.8,4.7,0.394,3.2,6.2,0.525,0.554,4.4,5.4,0.826,1.1,4.5,5.6,2.4,0.7,0.2,1.5,1.2,16.4,,2022,2021-22
72.0,Cole Anthony,21.0,ORL,PG,65.0,65.0,31.7,5.5,14.0,0.391,2.0,6.0,0.338,3.5,8.0,0.432,0.464,3.3,3.9,0.854,0.5,4.9,5.4,5.7,0.7,0.3,2.6,2.6,16.3,,2022,2021-22
73.0,Jalen Brunson,25.0,DAL,SG,79.0,61.0,31.9,6.4,12.8,0.502,1.2,3.2,0.373,5.2,9.6,0.545,0.549,2.3,2.7,0.84,0.5,3.4,3.9,4.8,0.8,0.0,1.6,1.9,16.3,,2022,2021-22
74.0,Jaren Jackson Jr.,22.0,MEM,PF,78.0,78.0,27.3,5.5,13.3,0.415,1.6,5.1,0.319,3.9,8.1,0.476,0.477,3.6,4.4,0.823,1.5,4.3,5.8,1.1,0.9,2.3,1.7,3.5,16.3,"DPOY-5,DEF1",2022,2021-22
75.0,John Collins,24.0,ATL,PF,54.0,53.0,30.8,6.3,11.9,0.526,1.2,3.3,0.364,5.1,8.7,0.588,0.576,2.5,3.1,0.793,1.7,6.1,7.8,1.8,0.6,1.0,1.1,3.0,16.2,,2022,2021-22
76.0,Jarrett Allen,23.0,CLE,C,56.0,56.0,32.3,6.6,9.7,0.677,0.0,0.2,0.1,6.6,9.6,0.688,0.678,2.9,4.2,0.708,3.4,7.3,10.8,1.6,0.8,1.3,1.7,1.7,16.1,AS,2022,2021-22
77.0,Saddiq Bey,22.0,DET,SF,82.0,82.0,33.0,5.5,13.9,0.396,2.6,7.4,0.346,2.9,6.4,0.454,0.489,2.6,3.1,0.827,1.3,4.1,5.4,2.8,0.9,0.2,1.2,1.6,16.1,,2022,2021-22
78.0,Jordan Clarkson,29.0,UTA,SG,79.0,1.0,27.1,5.9,14.1,0.419,2.4,7.6,0.318,3.5,6.5,0.535,0.504,1.8,2.2,0.828,0.8,2.6,3.5,2.5,0.8,0.2,1.6,1.9,16.0,6MOY-4,2022,2021-22
79.0,Collin Sexton,23.0,CLE,SG,11.0,11.0,28.7,6.2,13.7,0.45,1.0,4.1,0.244,5.2,9.6,0.538,0.487,2.6,3.5,0.744,1.2,2.1,3.3,2.1,0.9,0.0,2.8,2.3,16.0,,2022,2021-22
80.0,Gordon Hayward,31.0,CHO,SF,49.0,48.0,31.9,5.8,12.6,0.459,1.8,4.5,0.391,4.0,8.1,0.496,0.528,2.6,3.0,0.846,0.8,3.8,4.6,3.6,1.0,0.4,1.7,1.7,15.9,,2022,2021-22
81.0,Buddy Hield,29.0,2TM,SG,81.0,32.0,30.9,5.5,13.6,0.406,3.2,8.8,0.366,2.3,4.7,0.482,0.526,1.4,1.6,0.874,0.8,3.5,4.4,2.8,0.9,0.3,1.9,2.3,15.6,,2022,2021-22
81.0,Buddy Hield,29.0,SAC,SG,55.0,6.0,28.6,4.8,12.6,0.382,3.3,9.0,0.368,1.5,3.6,0.419,0.514,1.5,1.7,0.87,0.8,3.2,4.0,1.9,0.9,0.3,1.6,2.1,14.4,,2022,2021-22
81.0,Buddy Hield,29.0,IND,SG,26.0,26.0,35.6,7.0,15.6,0.447,3.1,8.5,0.362,3.9,7.1,0.549,0.546,1.2,1.3,0.886,0.9,4.2,5.1,4.8,1.0,0.4,2.4,2.7,18.2,,2022,2021-22
82.0,Rudy Gobert,29.0,UTA,C,66.0,66.0,32.1,5.5,7.7,0.713,0.0,0.1,0.0,5.5,7.6,0.718,0.713,4.6,6.7,0.69,3.7,11.0,14.7,1.1,0.7,2.1,1.8,2.7,15.6,"DPOY-3,AS,DEF1",2022,2021-22
83.0,Kevin Porter Jr.,21.0,HOU,PG,61.0,61.0,31.3,5.5,13.2,0.415,2.5,6.8,0.375,3.0,6.5,0.456,0.511,2.0,3.2,0.642,0.7,3.7,4.4,6.2,1.1,0.4,3.1,2.6,15.6,,2022,2021-22
84.0,Marcus Morris,32.0,LAC,PF,54.0,54.0,29.0,5.6,12.8,0.434,1.9,5.1,0.367,3.7,7.7,0.478,0.507,2.4,2.7,0.872,0.5,3.9,4.4,2.1,0.5,0.3,1.3,2.1,15.4,,2022,2021-22
85.0,Tyrese Haliburton,21.0,2TM,PG,77.0,77.0,35.0,5.6,11.8,0.473,2.1,5.1,0.414,3.5,6.8,0.517,0.562,2.1,2.5,0.842,0.8,3.2,4.0,8.2,1.7,0.6,2.6,1.6,15.3,,2022,2021-22
85.0,Tyrese Haliburton,21.0,SAC,SG,51.0,51.0,34.5,5.3,11.5,0.457,2.0,4.9,0.413,3.2,6.5,0.491,0.546,1.7,2.0,0.837,0.8,3.1,3.9,7.4,1.7,0.7,2.3,1.4,14.3,,2022,2021-22
85.0,Tyrese Haliburton,21.0,IND,PG,26.0,26.0,36.1,6.2,12.4,0.502,2.2,5.3,0.416,4.0,7.2,0.565,0.59,2.8,3.3,0.849,0.8,3.5,4.3,9.6,1.8,0.6,3.2,1.9,17.5,,2022,2021-22
86.0,Scottie Barnes,20.0,TOR,PF,74.0,74.0,35.4,6.2,12.6,0.492,0.8,2.6,0.301,5.4,10.0,0.543,0.524,2.1,2.9,0.735,2.6,4.9,7.5,3.5,1.1,0.7,1.8,2.6,15.3,ROY-1,2022,2021-22
87.0,Franz Wagner,20.0,ORL,SF,79.0,79.0,30.7,5.8,12.3,0.468,1.2,3.4,0.354,4.6,8.9,0.511,0.517,2.4,2.8,0.863,1.1,3.4,4.5,2.9,0.9,0.4,1.5,2.1,15.2,ROY-5,2022,2021-22
88.0,Bogdan Bogdanović,29.0,ATL,SG,63.0,27.0,29.3,5.4,12.6,0.431,2.7,7.3,0.368,2.7,5.3,0.516,0.537,1.5,1.8,0.843,0.5,3.5,4.0,3.1,1.1,0.2,1.1,2.1,15.1,6MOY-6,2022,2021-22
89.0,Wendell Carter Jr.,22.0,ORL,PF,62.0,61.0,29.9,5.8,11.0,0.525,1.1,3.5,0.327,4.7,7.6,0.615,0.576,2.3,3.3,0.691,2.2,8.2,10.5,2.8,0.6,0.7,1.9,2.7,15.0,,2022,2021-22
90.0,Seth Curry,31.0,2TM,SG,64.0,64.0,33.4,5.6,11.5,0.487,2.5,5.8,0.422,3.2,5.7,0.553,0.594,1.3,1.5,0.872,0.3,2.8,3.1,3.6,0.8,0.2,1.7,2.3,15.0,,2022,2021-22
90.0,Seth Curry,31.0,PHI,SG,45.0,45.0,34.8,5.7,11.7,0.485,2.2,5.6,0.4,3.5,6.2,0.561,0.58,1.4,1.6,0.877,0.4,3.0,3.4,4.0,0.8,0.2,1.9,2.2,15.0,,2022,2021-22
90.0,Seth Curry,31.0,BRK,SG,19.0,19.0,29.9,5.5,11.1,0.493,3.1,6.5,0.468,2.4,4.6,0.529,0.63,0.9,1.1,0.857,0.2,2.4,2.6,2.6,0.9,0.2,1.3,2.5,14.9,,2022,2021-22
91.0,Aaron Gordon,26.0,DEN,PF,75.0,75.0,31.7,5.8,11.1,0.52,1.2,3.5,0.335,4.6,7.7,0.605,0.573,2.3,3.1,0.743,1.7,4.2,5.9,2.5,0.6,0.6,1.8,2.0,15.0,,2022,2021-22
92.0,Evan Mobley,20.0,CLE,PF,69.0,69.0,33.8,6.1,12.0,0.508,0.3,1.3,0.25,5.8,10.7,0.541,0.522,2.4,3.7,0.663,2.1,6.2,8.3,2.5,0.8,1.7,1.9,2.1,15.0,ROY-2,2022,2021-22
93.0,Jusuf Nurkić,27.0,POR,C,56.0,56.0,28.2,5.7,10.7,0.535,0.3,1.0,0.268,5.5,9.7,0.563,0.548,3.3,4.8,0.69,3.0,8.1,11.1,2.8,1.1,0.6,2.6,3.4,15.0,,2022,2021-22
94.0,Kelly Oubre Jr.,26.0,CHO,SF,76.0,13.0,26.3,5.4,12.3,0.44,2.5,7.3,0.345,2.9,5.0,0.578,0.542,1.7,2.5,0.667,1.0,2.9,4.0,1.1,1.0,0.4,0.9,2.5,15.0,6MOY-7,2022,2021-22
95.0,Josh Hart,26.0,2TM,SG,54.0,53.0,33.2,5.3,10.5,0.504,1.4,3.9,0.343,4.0,6.6,0.601,0.569,3.0,3.9,0.758,1.1,6.0,7.2,4.1,1.1,0.2,2.1,2.8,14.9,,2022,2021-22
95.0,Josh Hart,26.0,NOP,SG,41.0,40.0,33.5,4.8,9.4,0.505,1.0,3.2,0.323,3.7,6.2,0.598,0.56,2.8,3.8,0.753,1.3,6.5,7.8,4.1,1.1,0.3,2.0,2.9,13.4,,2022,2021-22
95.0,Josh Hart,26.0,POR,SG,13.0,13.0,32.1,7.1,14.1,0.503,2.4,6.4,0.373,4.7,7.7,0.61,0.587,3.4,4.4,0.772,0.7,4.7,5.4,4.3,1.2,0.2,2.5,2.5,19.9,,2022,2021-22
96.0,Lauri Markkanen,24.0,CLE,SF,61.0,61.0,30.8,5.1,11.5,0.445,2.2,6.2,0.358,2.9,5.3,0.548,0.542,2.3,2.6,0.868,1.0,4.7,5.7,1.3,0.7,0.5,0.9,2.1,14.8,,2022,2021-22
97.0,Will Barton,31.0,DEN,SG,71.0,71.0,32.1,5.5,12.6,0.438,2.2,6.1,0.365,3.3,6.6,0.504,0.525,1.4,1.8,0.803,0.6,4.2,4.8,3.9,0.8,0.4,1.8,1.6,14.7,,2022,2021-22
98.0,Jaylen Hoard,22.0,OKC,SF,7.0,5.0,34.3,6.3,12.9,0.489,1.3,3.6,0.36,5.0,9.3,0.538,0.539,0.9,2.0,0.429,4.3,7.7,12.0,2.4,0.9,0.7,1.1,2.0,14.7,,2022,2021-22
99.0,Chris Paul,36.0,PHO,PG,65.0,65.0,32.9,5.6,11.3,0.493,1.0,3.1,0.317,4.6,8.3,0.559,0.536,2.6,3.1,0.837,0.3,4.0,4.4,10.8,1.9,0.3,2.4,2.1,14.7,"MVP-9,AS,NBA3",2022,2021-22
100.0,Bobby Portis,26.0,MIL,C,72.0,59.0,28.2,5.8,12.1,0.479,1.8,4.7,0.393,3.9,7.4,0.533,0.555,1.2,1.6,0.752,2.5,6.6,9.1,1.2,0.7,0.7,1.3,2.4,14.6,,2022,2021-22
101.0,Mikal Bridges,25.0,PHO,SF,82.0,82.0,34.8,5.6,10.5,0.534,1.4,3.8,0.369,4.2,6.7,0.628,0.601,1.6,1.9,0.834,0.9,3.3,4.2,2.3,1.2,0.4,0.8,1.8,14.2,"DPOY-2,DEF1",2022,2021-22
102.0,Tim Hardaway Jr.,29.0,DAL,SG,42.0,20.0,29.6,5.0,12.6,0.394,2.4,7.2,0.336,2.5,5.4,0.473,0.491,1.9,2.5,0.757,0.3,3.4,3.7,2.2,0.9,0.1,0.8,1.8,14.2,,2022,2021-22
103.0,Evan Fournier,29.0,NYK,SG,80.0,80.0,29.5,5.0,12.1,0.417,3.0,7.7,0.389,2.0,4.3,0.465,0.541,1.0,1.4,0.708,0.4,2.2,2.6,2.1,1.0,0.3,1.3,2.3,14.1,,2022,2021-22
104.0,Malik Monk,23.0,LAL,SG,76.0,37.0,28.1,5.1,10.9,0.473,2.3,5.8,0.391,2.9,5.1,0.568,0.578,1.2,1.5,0.795,0.5,2.9,3.4,2.9,0.8,0.4,1.6,1.8,13.8,,2022,2021-22
105.0,Spencer Dinwiddie,28.0,2TM,PG,67.0,51.0,29.6,4.6,11.0,0.416,1.7,4.9,0.339,2.9,6.0,0.479,0.493,2.9,3.8,0.774,0.7,3.5,4.2,5.2,0.7,0.2,1.6,2.2,13.7,,2022,2021-22
105.0,Spencer Dinwiddie,28.0,WAS,PG,44.0,44.0,30.2,4.2,11.2,0.376,1.6,5.1,0.31,2.6,6.0,0.432,0.447,2.6,3.3,0.811,0.8,3.9,4.7,5.8,0.6,0.2,1.7,2.4,12.6,,2022,2021-22
105.0,Spencer Dinwiddie,28.0,DAL,PG,23.0,7.0,28.3,5.3,10.6,0.498,1.8,4.5,0.404,3.4,6.0,0.568,0.584,3.4,4.7,0.725,0.4,2.7,3.1,3.9,0.7,0.3,1.3,1.9,15.8,,2022,2021-22
106.0,Mike Conley,34.0,UTA,PG,72.0,72.0,28.6,4.8,11.0,0.435,2.3,5.8,0.408,2.4,5.2,0.464,0.542,1.8,2.3,0.796,0.7,2.4,3.0,5.3,1.3,0.3,1.7,2.0,13.7,,2022,2021-22
107.0,Kevin Love,33.0,CLE,C,74.0,4.0,22.5,4.4,10.3,0.43,2.5,6.4,0.392,1.9,3.8,0.493,0.553,2.2,2.7,0.838,1.2,6.1,7.2,2.2,0.4,0.2,1.3,1.4,13.6,6MOY-2,2022,2021-22
108.0,Dennis Schröder,28.0,2TM,PG,64.0,29.0,28.7,4.9,11.3,0.431,1.3,3.9,0.344,3.5,7.4,0.477,0.49,2.5,2.9,0.853,0.5,2.8,3.3,4.6,0.8,0.1,2.2,2.4,13.5,,2022,2021-22
108.0,Dennis Schröder,28.0,BOS,PG,49.0,25.0,29.2,5.2,11.9,0.44,1.4,3.9,0.349,3.9,8.0,0.485,0.497,2.5,3.0,0.848,0.6,2.8,3.3,4.2,0.8,0.1,2.1,2.4,14.4,,2022,2021-22
108.0,Dennis Schröder,28.0,HOU,PG,15.0,4.0,26.9,3.7,9.3,0.393,1.3,3.9,0.328,2.4,5.5,0.439,0.461,2.3,2.6,0.872,0.4,2.9,3.3,5.9,0.8,0.2,2.6,2.5,10.9,,2022,2021-22
109.0,Jakob Poeltl,26.0,SAS,C,68.0,67.0,29.0,6.0,9.8,0.618,0.0,0.0,1.0,6.0,9.7,0.618,0.619,1.4,2.8,0.495,3.9,5.5,9.3,2.8,0.7,1.7,1.6,3.1,13.5,,2022,2021-22
110.0,Eric Gordon,33.0,HOU,SG,57.0,46.0,29.3,4.7,9.9,0.475,2.2,5.3,0.412,2.5,4.6,0.548,0.585,1.8,2.4,0.778,0.3,1.7,2.0,2.7,0.5,0.3,1.9,1.1,13.4,,2022,2021-22
111.0,De'Andre Hunter,24.0,ATL,SF,53.0,52.0,29.8,4.8,10.8,0.442,1.4,3.7,0.379,3.4,7.2,0.474,0.506,2.4,3.1,0.765,0.5,2.8,3.3,1.3,0.7,0.4,1.3,2.9,13.4,,2022,2021-22
112.0,Kyle Lowry,35.0,MIA,PG,63.0,63.0,33.9,4.4,10.0,0.44,2.3,6.1,0.377,2.1,3.9,0.539,0.555,2.3,2.8,0.851,0.5,4.0,4.5,7.5,1.1,0.3,2.7,2.8,13.4,,2022,2021-22
113.0,Carmelo Anthony,37.0,LAL,PF,69.0,3.0,26.0,4.6,10.5,0.441,2.2,5.8,0.375,2.5,4.7,0.521,0.544,1.9,2.3,0.83,0.9,3.3,4.2,1.0,0.7,0.8,0.9,2.4,13.3,,2022,2021-22
114.0,Derrick White,27.0,2TM,SG,75.0,52.0,29.3,4.5,10.7,0.421,1.5,4.9,0.312,3.0,5.7,0.515,0.493,2.7,3.1,0.864,0.5,3.0,3.5,4.9,0.9,0.8,1.6,2.3,13.2,,2022,2021-22
114.0,Derrick White,27.0,SAS,SG,49.0,48.0,30.3,5.0,11.6,0.426,1.7,5.3,0.314,3.3,6.4,0.519,0.497,2.8,3.3,0.869,0.5,3.0,3.5,5.6,1.0,0.9,1.8,2.4,14.4,,2022,2021-22
114.0,Derrick White,27.0,BOS,SG,26.0,4.0,27.4,3.6,8.8,0.409,1.3,4.3,0.306,2.3,4.6,0.504,0.483,2.5,2.9,0.853,0.5,2.9,3.4,3.5,0.6,0.6,1.2,2.2,11.0,,2022,2021-22
115.0,Kentavious Caldwell-Pope,28.0,WAS,SG,77.0,77.0,30.2,4.7,10.8,0.435,2.1,5.3,0.39,2.6,5.5,0.48,0.531,1.8,2.0,0.89,0.5,2.9,3.4,1.9,1.1,0.3,1.3,1.8,13.2,,2022,2021-22
116.0,Montrezl Harrell,28.0,2TM,C,71.0,3.0,23.1,5.0,7.8,0.645,0.1,0.2,0.235,5.0,7.6,0.658,0.649,3.0,4.2,0.716,2.1,4.0,6.1,2.0,0.4,0.6,1.0,1.9,13.1,6MOY-9,2022,2021-22
116.0,Montrezl Harrell,28.0,WAS,C,46.0,3.0,24.3,5.4,8.3,0.645,0.1,0.3,0.267,5.3,8.0,0.66,0.65,3.2,4.5,0.727,2.1,4.6,6.7,2.1,0.4,0.7,1.1,1.9,14.1,,2022,2021-22
116.0,Montrezl Harrell,28.0,CHO,C,25.0,0.0,21.0,4.4,6.9,0.645,0.0,0.1,0.0,4.4,6.8,0.653,0.645,2.5,3.6,0.692,2.1,2.8,4.9,2.0,0.4,0.5,0.9,2.0,11.4,,2022,2021-22
117.0,Chris Duarte,24.0,IND,SG,55.0,39.0,28.0,4.9,11.3,0.432,1.7,4.6,0.369,3.2,6.7,0.475,0.507,1.6,2.0,0.804,0.7,3.4,4.1,2.1,1.0,0.2,1.6,1.7,13.1,,2022,2021-22
118.0,Ricky Rubio,31.0,CLE,PG,34.0,8.0,28.5,4.4,12.1,0.363,1.7,5.1,0.339,2.6,7.0,0.38,0.434,2.6,3.0,0.854,0.4,3.7,4.1,6.6,1.4,0.2,2.6,2.2,13.1,,2022,2021-22
119.0,Lonzo Ball,24.0,CHI,PG,35.0,35.0,34.6,4.6,10.9,0.423,3.1,7.4,0.423,1.5,3.5,0.423,0.567,0.6,0.8,0.75,1.0,4.4,5.4,5.1,1.8,0.9,2.3,2.4,13.0,,2022,2021-22
120.0,LaMarcus Aldridge,36.0,BRK,C,47.0,12.0,22.3,5.4,9.7,0.55,0.3,1.0,0.304,5.1,8.8,0.578,0.566,1.9,2.2,0.873,1.6,3.9,5.5,0.9,0.3,1.0,0.9,1.7,12.9,,2022,2021-22
121.0,Myles Turner,25.0,IND,C,42.0,42.0,29.4,4.8,9.4,0.509,1.5,4.4,0.333,3.3,5.0,0.662,0.587,1.9,2.5,0.752,1.5,5.5,7.1,1.0,0.7,2.8,1.3,2.8,12.9,,2022,2021-22
122.0,Brandon Williams,22.0,POR,PG,24.0,16.0,26.7,4.4,11.8,0.372,1.3,4.4,0.292,3.1,7.3,0.42,0.427,2.8,4.0,0.701,0.8,2.3,3.1,3.9,1.0,0.4,2.4,2.2,12.9,,2022,2021-22
123.0,Coby White,21.0,CHI,PG,61.0,17.0,27.5,4.6,10.6,0.433,2.2,5.8,0.385,2.3,4.8,0.491,0.539,1.3,1.5,0.857,0.3,2.7,3.0,2.9,0.5,0.2,1.1,2.2,12.7,,2022,2021-22
124.0,Monte Morris,26.0,DEN,PG,75.0,74.0,29.9,5.0,10.3,0.484,1.7,4.2,0.395,3.3,6.1,0.545,0.564,1.0,1.1,0.869,0.4,2.7,3.0,4.4,0.7,0.2,1.0,1.2,12.6,,2022,2021-22
125.0,Josh Giddey,19.0,OKC,SF,54.0,54.0,31.5,5.2,12.4,0.419,1.0,3.9,0.263,4.2,8.5,0.492,0.461,1.0,1.5,0.709,1.8,6.0,7.8,6.4,0.9,0.4,3.2,1.6,12.5,,2022,2021-22
126.0,Cameron Johnson,25.0,PHO,PF,66.0,16.0,26.2,4.2,9.2,0.46,2.5,5.9,0.425,1.7,3.3,0.523,0.596,1.5,1.7,0.86,0.6,3.5,4.1,1.5,0.9,0.2,0.7,1.7,12.5,6MOY-3,2022,2021-22
127.0,Brook Lopez,33.0,MIL,C,13.0,11.0,22.9,4.7,10.1,0.466,1.5,4.1,0.358,3.2,6.0,0.538,0.538,1.5,1.8,0.87,1.5,2.6,4.1,0.5,0.6,1.2,0.9,2.6,12.4,,2022,2021-22
128.0,Victor Oladipo,29.0,MIA,SG,8.0,1.0,21.6,4.4,9.1,0.479,1.9,4.5,0.417,2.5,4.6,0.541,0.582,1.8,2.4,0.737,0.4,2.5,2.9,3.5,0.6,0.1,2.0,1.6,12.4,,2022,2021-22
129.0,Devin Vassell,21.0,SAS,SF,71.0,32.0,27.3,4.6,10.8,0.427,1.9,5.4,0.361,2.7,5.4,0.492,0.516,1.2,1.4,0.838,0.6,3.7,4.3,1.9,1.1,0.6,0.8,2.0,12.3,,2022,2021-22
130.0,Malik Beasley,25.0,MIN,SG,79.0,18.0,25.0,4.2,10.8,0.391,3.0,8.1,0.377,1.2,2.7,0.432,0.532,0.6,0.8,0.817,0.3,2.5,2.9,1.5,0.5,0.2,0.5,1.1,12.1,,2022,2021-22
131.0,Kevin Huerter,23.0,ATL,SF,74.0,60.0,29.6,4.7,10.3,0.454,2.2,5.6,0.389,2.5,4.7,0.53,0.559,0.6,0.7,0.808,0.4,3.0,3.4,2.7,0.7,0.4,1.2,2.5,12.1,,2022,2021-22
132.0,Marcus Smart,27.0,BOS,PG,71.0,71.0,32.3,4.2,10.1,0.418,1.7,5.1,0.331,2.5,5.0,0.506,0.501,2.0,2.5,0.793,0.6,3.2,3.8,5.9,1.7,0.3,2.2,2.3,12.1,"DPOY-1,DEF1",2022,2021-22
133.0,Lonnie Walker IV,23.0,SAS,SG,70.0,6.0,23.0,4.4,10.9,0.407,1.6,5.0,0.314,2.9,5.9,0.487,0.48,1.7,2.1,0.784,0.3,2.3,2.6,2.2,0.6,0.3,1.0,1.4,12.1,,2022,2021-22
134.0,Derrick Rose,33.0,NYK,PG,26.0,4.0,24.5,4.7,10.5,0.445,1.4,3.5,0.402,3.3,7.0,0.467,0.513,1.2,1.2,0.968,0.8,2.2,3.0,4.0,0.8,0.5,1.5,0.6,12.0,,2022,2021-22
135.0,Devonte' Graham,26.0,NOP,PG,76.0,63.0,28.4,3.9,10.7,0.363,2.5,7.4,0.341,1.4,3.3,0.413,0.481,1.6,1.8,0.843,0.5,1.8,2.3,4.2,0.9,0.2,1.4,1.3,11.9,,2022,2021-22
136.0,Luke Kennard,25.0,LAC,SG,70.0,13.0,27.4,4.1,9.1,0.449,2.7,6.0,0.449,1.4,3.1,0.449,0.598,1.0,1.1,0.896,0.3,3.0,3.3,2.1,0.6,0.1,0.9,1.4,11.9,6MOY-5,2022,2021-22
137.0,Jalen Suggs,20.0,ORL,PG,48.0,45.0,27.2,4.1,11.4,0.361,0.9,4.1,0.214,3.3,7.3,0.443,0.4,2.6,3.4,0.773,0.5,3.0,3.6,4.4,1.2,0.4,3.0,3.0,11.8,,2022,2021-22
138.0,Jae'Sean Tate,26.0,HOU,PF,78.0,77.0,26.4,4.7,9.3,0.498,0.8,2.6,0.312,3.8,6.8,0.569,0.541,1.7,2.4,0.707,1.7,3.7,5.4,2.8,0.9,0.5,1.8,3.7,11.8,,2022,2021-22
139.0,Alec Burks,30.0,NYK,SG,81.0,44.0,28.6,3.5,9.0,0.391,1.9,4.8,0.404,1.6,4.2,0.378,0.499,2.7,3.3,0.822,0.6,4.3,4.9,3.0,1.0,0.3,1.1,2.7,11.7,,2022,2021-22
140.0,Danilo Gallinari,33.0,ATL,PF,66.0,18.0,25.3,3.9,9.0,0.434,1.7,4.5,0.381,2.2,4.6,0.485,0.528,2.1,2.4,0.904,0.5,4.1,4.7,1.5,0.4,0.2,0.6,1.4,11.7,,2022,2021-22
141.0,Kemba Walker,31.0,NYK,PG,37.0,37.0,25.6,4.0,10.0,0.403,2.0,5.4,0.367,2.1,4.6,0.444,0.501,1.6,1.9,0.845,0.4,2.6,3.0,3.5,0.7,0.2,1.3,1.0,11.6,,2022,2021-22
142.0,Davion Mitchell,23.0,SAC,PG,75.0,19.0,27.7,4.7,11.2,0.418,1.3,4.3,0.316,3.3,7.0,0.48,0.477,0.7,1.1,0.659,0.4,1.8,2.2,4.2,0.7,0.3,1.5,1.9,11.5,,2022,2021-22
143.0,Cameron Oliver,25.0,ATL,SF,2.0,0.0,21.5,5.0,7.5,0.667,0.5,1.5,0.333,4.5,6.0,0.75,0.7,1.0,1.5,0.667,1.0,2.0,3.0,1.5,0.5,0.5,0.0,2.5,11.5,,2022,2021-22
144.0,Patty Mills,33.0,BRK,SG,81.0,48.0,29.0,4.0,9.8,0.408,2.8,7.0,0.4,1.2,2.8,0.429,0.551,0.6,0.7,0.814,0.2,1.7,1.9,2.3,0.6,0.2,0.9,1.4,11.4,,2022,2021-22
145.0,Marvin Bagley III,22.0,2TM,PF,48.0,25.0,23.9,4.7,9.3,0.504,0.5,2.0,0.237,4.2,7.3,0.579,0.53,1.4,2.1,0.663,2.2,4.9,7.0,0.8,0.5,0.4,0.8,1.9,11.3,,2022,2021-22
145.0,Marvin Bagley III,22.0,SAC,PF,30.0,17.0,21.9,3.8,8.2,0.463,0.5,2.1,0.242,3.3,6.1,0.538,0.494,1.2,1.6,0.745,2.2,4.9,7.2,0.6,0.3,0.4,0.7,1.7,9.3,,2022,2021-22
145.0,Marvin Bagley III,22.0,DET,PF,18.0,8.0,27.2,6.2,11.1,0.555,0.4,1.9,0.229,5.7,9.2,0.624,0.575,1.8,3.0,0.593,2.1,4.7,6.8,1.1,0.7,0.4,1.0,2.4,14.6,,2022,2021-22
146.0,Rui Hachimura,23.0,WAS,PF,42.0,13.0,22.5,4.5,9.1,0.491,1.3,2.9,0.447,3.1,6.1,0.512,0.563,1.1,1.6,0.697,0.6,3.2,3.8,1.1,0.5,0.2,0.8,1.3,11.3,,2022,2021-22
147.0,Joe Harris,30.0,BRK,SF,14.0,14.0,30.2,4.0,8.9,0.452,2.9,6.3,0.466,1.1,2.6,0.417,0.617,0.4,0.4,0.833,0.4,3.6,4.0,1.0,0.5,0.1,1.1,2.2,11.3,,2022,2021-22
148.0,Doug McDermott,30.0,SAS,PF,51.0,51.0,24.0,4.2,9.1,0.462,2.1,5.0,0.422,2.1,4.1,0.512,0.578,0.8,1.0,0.784,0.4,1.9,2.3,1.3,0.3,0.1,0.8,1.5,11.3,,2022,2021-22
149.0,Immanuel Quickley,22.0,NYK,PG,78.0,3.0,23.1,3.6,9.3,0.392,1.8,5.1,0.346,1.9,4.2,0.448,0.487,2.3,2.6,0.881,0.4,2.8,3.2,3.5,0.7,0.0,1.3,2.1,11.3,6MOY-10,2022,2021-22
150.0,Grayson Allen,26.0,MIL,SG,66.0,61.0,27.3,3.9,8.6,0.448,2.4,5.9,0.409,1.5,2.7,0.533,0.588,1.0,1.1,0.865,0.5,2.9,3.4,1.5,0.7,0.3,0.7,1.5,11.1,,2022,2021-22
151.0,Clint Capela,27.0,ATL,C,74.0,73.0,27.6,5.0,8.2,0.613,0.0,0.0,0.0,5.0,8.1,0.614,0.613,1.1,2.3,0.473,3.8,8.1,11.9,1.2,0.7,1.3,0.6,2.2,11.1,,2022,2021-22
152.0,Gary Harris,27.0,ORL,SG,61.0,30.0,28.4,3.9,9.1,0.434,1.9,5.0,0.384,2.0,4.1,0.494,0.539,1.4,1.6,0.874,0.6,1.4,2.0,1.8,1.0,0.1,1.0,1.8,11.1,,2022,2021-22
153.0,Hamidou Diallo,23.0,DET,SG,58.0,29.0,21.9,4.5,9.1,0.496,0.4,1.6,0.247,4.1,7.5,0.55,0.518,1.6,2.4,0.65,1.2,3.6,4.8,1.3,1.2,0.3,1.0,2.5,11.0,,2022,2021-22
154.0,Dorian Finney-Smith,28.0,DAL,PF,80.0,80.0,33.1,4.1,8.7,0.471,2.2,5.4,0.395,1.9,3.2,0.599,0.595,0.7,1.0,0.675,1.5,3.2,4.7,1.9,1.1,0.5,1.0,2.3,11.0,,2022,2021-22
155.0,Zavier Simpson,24.0,OKC,PG,4.0,4.0,43.5,4.8,13.0,0.365,0.3,2.0,0.125,4.5,11.0,0.409,0.375,1.3,1.3,1.0,0.5,4.8,5.3,7.5,1.3,1.0,2.5,3.8,11.0,,2022,2021-22
156.0,Duncan Robinson,27.0,MIA,SG,79.0,68.0,25.9,3.7,9.2,0.399,2.9,7.9,0.372,0.7,1.3,0.569,0.559,0.6,0.8,0.836,0.3,2.3,2.6,1.6,0.5,0.2,0.8,2.5,10.9,,2022,2021-22
157.0,Darius Bazley,21.0,OKC,PF,69.0,53.0,27.9,4.0,9.4,0.422,1.2,3.9,0.297,2.8,5.5,0.511,0.484,1.7,2.5,0.688,1.0,5.3,6.3,1.4,0.8,1.0,1.3,1.0,10.8,,2022,2021-22
158.0,Markelle Fultz,23.0,ORL,PG,18.0,3.0,20.0,4.6,9.7,0.474,0.2,0.9,0.235,4.4,8.8,0.5,0.486,1.4,1.7,0.806,0.2,2.5,2.7,5.5,1.1,0.3,2.2,1.2,10.8,,2022,2021-22
159.0,Terance Mann,25.0,LAC,SF,81.0,33.0,28.6,4.1,8.5,0.484,0.9,2.6,0.365,3.2,6.0,0.535,0.539,1.6,2.0,0.78,1.3,4.0,5.2,2.6,0.7,0.3,1.0,2.2,10.8,,2022,2021-22
160.0,De'Anthony Melton,23.0,MEM,SG,73.0,15.0,22.7,3.8,9.5,0.404,1.9,5.1,0.374,1.9,4.4,0.44,0.504,1.2,1.6,0.75,0.9,3.6,4.5,2.7,1.4,0.5,1.5,1.8,10.8,6MOY-8,2022,2021-22
161.0,Cameron Payne,27.0,PHO,PG,58.0,12.0,22.0,4.1,10.1,0.409,1.2,3.6,0.336,2.9,6.5,0.449,0.469,1.3,1.5,0.843,0.4,2.6,3.0,4.9,0.7,0.3,1.8,2.1,10.8,,2022,2021-22
162.0,Melvin Frazier,25.0,OKC,SG,3.0,0.0,40.0,4.3,16.0,0.271,0.3,7.0,0.048,4.0,9.0,0.444,0.281,1.7,2.3,0.714,1.7,2.7,4.3,0.3,0.3,0.0,1.0,2.7,10.7,,2022,2021-22
163.0,Cedi Osman,26.0,CLE,SF,66.0,3.0,22.2,3.7,8.7,0.432,1.9,5.4,0.357,1.8,3.2,0.559,0.544,1.3,2.0,0.664,0.4,1.8,2.2,2.0,0.8,0.2,1.0,1.9,10.7,,2022,2021-22
164.0,Nickeil Alexander-Walker,23.0,2TM,SG,65.0,21.0,22.6,3.9,10.5,0.372,1.6,5.2,0.311,2.3,5.3,0.433,0.449,1.2,1.7,0.743,0.6,2.3,2.9,2.4,0.7,0.4,1.4,1.6,10.6,,2022,2021-22
164.0,Nickeil Alexander-Walker,23.0,NOP,SG,50.0,19.0,26.3,4.7,12.6,0.375,1.9,6.1,0.311,2.8,6.5,0.434,0.45,1.4,1.9,0.722,0.7,2.6,3.3,2.8,0.8,0.4,1.7,1.8,12.8,,2022,2021-22
164.0,Nickeil Alexander-Walker,23.0,UTA,SG,15.0,2.0,9.9,1.1,3.2,0.333,0.7,2.2,0.303,0.4,1.0,0.4,0.438,0.7,0.8,0.917,0.1,1.5,1.5,1.1,0.3,0.3,0.5,1.0,3.5,,2022,2021-22
165.0,Mo Bamba,23.0,ORL,C,71.0,69.0,25.7,4.2,8.7,0.48,1.5,4.0,0.381,2.7,4.7,0.563,0.566,0.8,1.0,0.781,2.1,6.0,8.1,1.2,0.5,1.7,1.1,2.6,10.6,,2022,2021-22
166.0,Frank Jackson,23.0,DET,PG,53.0,7.0,22.0,3.7,9.1,0.402,1.6,5.3,0.308,2.0,3.8,0.529,0.491,1.6,2.0,0.827,0.4,1.3,1.6,1.0,0.5,0.2,0.7,1.7,10.6,,2022,2021-22
167.0,Frank Kaminsky,28.0,PHO,C,9.0,0.0,20.1,4.0,7.3,0.545,0.6,1.7,0.333,3.4,5.7,0.608,0.583,2.0,2.2,0.9,1.2,3.3,4.6,1.4,0.9,0.8,0.6,1.6,10.6,,2022,2021-22
168.0,Max Strus,25.0,MIA,SF,68.0,16.0,23.3,3.7,8.3,0.441,2.7,6.5,0.41,1.0,1.8,0.557,0.602,0.6,0.8,0.792,0.4,2.6,3.0,1.4,0.4,0.2,0.8,1.7,10.6,,2022,2021-22
169.0,Trey Lyles,26.0,2TM,PF,75.0,23.0,20.5,3.5,7.5,0.466,0.9,2.8,0.321,2.6,4.7,0.552,0.526,2.6,3.2,0.802,1.2,3.9,5.1,1.2,0.4,0.4,1.0,1.6,10.5,,2022,2021-22
169.0,Trey Lyles,26.0,DET,PF,51.0,3.0,19.4,3.4,7.5,0.456,0.9,2.9,0.301,2.6,4.7,0.55,0.513,2.7,3.5,0.784,1.2,3.6,4.8,1.1,0.4,0.5,1.1,1.8,10.4,,2022,2021-22
169.0,Trey Lyles,26.0,SAC,PF,24.0,20.0,22.8,3.6,7.4,0.489,1.0,2.6,0.365,2.7,4.8,0.557,0.553,2.4,2.8,0.851,1.2,4.4,5.6,1.3,0.3,0.3,0.8,1.3,10.6,,2022,2021-22
170.0,Brandon Clarke,25.0,MEM,PF,64.0,1.0,19.5,4.5,7.0,0.644,0.1,0.3,0.227,4.4,6.6,0.666,0.65,1.3,2.0,0.654,2.1,3.2,5.3,1.3,0.6,1.1,0.5,1.9,10.4,6MOY-11,2022,2021-22
171.0,Terence Davis,24.0,SAC,SG,30.0,11.0,17.9,3.8,8.9,0.423,1.6,5.0,0.329,2.1,3.9,0.542,0.515,1.2,1.5,0.818,0.4,2.8,3.1,1.3,0.8,0.4,1.1,2.3,10.4,,2022,2021-22
172.0,Richaun Holmes,28.0,SAC,C,45.0,37.0,23.9,4.4,6.7,0.66,0.0,0.1,0.4,4.4,6.6,0.664,0.663,1.6,2.0,0.778,2.1,5.0,7.0,1.1,0.4,0.9,1.2,2.8,10.4,,2022,2021-22
173.0,Tre Mann,20.0,OKC,PG,60.0,26.0,22.8,3.9,9.8,0.393,1.6,4.5,0.36,2.2,5.3,0.421,0.476,1.1,1.4,0.793,0.4,2.4,2.9,1.5,0.8,0.2,1.2,1.7,10.4,,2022,2021-22
174.0,Jeff Green,35.0,DEN,PF,75.0,63.0,24.7,3.7,7.1,0.524,0.7,2.2,0.315,3.0,4.8,0.62,0.574,2.2,2.6,0.833,0.5,2.5,3.1,1.3,0.4,0.4,0.9,2.0,10.3,,2022,2021-22
175.0,P.J. Washington,23.0,CHO,C,65.0,28.0,27.2,3.8,8.2,0.47,1.7,4.6,0.365,2.2,3.6,0.606,0.573,0.9,1.2,0.716,1.3,3.9,5.2,2.3,0.9,0.9,1.3,2.3,10.3,,2022,2021-22
176.0,Ivica Zubac,24.0,LAC,C,76.0,76.0,24.4,4.1,6.5,0.626,0.0,0.0,,4.1,6.5,0.626,0.626,2.2,3.0,0.727,2.9,5.6,8.5,1.6,0.5,1.0,1.5,2.7,10.3,,2022,2021-22
177.0,Josh Richardson,28.0,2TM,SG,65.0,7.0,24.6,3.6,8.2,0.438,1.6,3.8,0.415,2.0,4.4,0.458,0.534,1.5,1.7,0.889,0.6,2.2,2.8,1.8,0.9,0.4,1.0,1.8,10.2,,2022,2021-22
177.0,Josh Richardson,28.0,BOS,SG,44.0,0.0,24.7,3.5,7.8,0.443,1.4,3.5,0.397,2.0,4.3,0.481,0.534,1.4,1.6,0.859,0.6,2.3,2.8,1.5,0.8,0.5,0.9,1.9,9.7,,2022,2021-22
177.0,Josh Richardson,28.0,SAS,SG,21.0,7.0,24.4,3.9,9.1,0.429,1.9,4.3,0.444,2.0,4.8,0.416,0.534,1.7,1.8,0.946,0.8,2.1,2.9,2.3,1.0,0.3,1.3,1.6,11.4,,2022,2021-22
178.0,Al Horford,35.0,BOS,C,69.0,69.0,29.1,3.9,8.2,0.467,1.3,3.8,0.336,2.6,4.4,0.582,0.546,1.2,1.4,0.842,1.6,6.1,7.7,3.4,0.7,1.3,0.9,1.9,10.2,DPOY-9,2022,2021-22
179.0,Ben McLemore,28.0,POR,SG,64.0,6.0,20.1,3.4,8.4,0.401,2.4,6.5,0.362,1.0,1.9,0.533,0.541,1.1,1.4,0.818,0.2,1.4,1.6,0.9,0.6,0.2,0.9,1.6,10.2,,2022,2021-22
180.0,Cam Reddish,22.0,2TM,SF,49.0,7.0,20.7,3.4,8.3,0.404,1.3,3.8,0.359,2.0,4.6,0.442,0.485,2.1,2.3,0.902,0.5,1.6,2.1,1.0,1.0,0.3,1.2,1.2,10.1,,2022,2021-22
180.0,Cam Reddish,22.0,ATL,SF,34.0,7.0,23.4,4.1,10.1,0.402,1.7,4.5,0.379,2.4,5.6,0.421,0.487,2.1,2.4,0.9,0.6,1.9,2.5,1.1,1.0,0.3,1.3,1.3,11.9,,2022,2021-22
180.0,Cam Reddish,22.0,NYK,SF,15.0,0.0,14.3,1.8,4.3,0.415,0.5,2.1,0.258,1.3,2.3,0.559,0.477,1.9,2.1,0.906,0.3,1.1,1.4,0.7,0.8,0.3,0.9,1.0,6.1,,2022,2021-22
181.0,Justin Holiday,32.0,2TM,SF,74.0,65.0,27.8,3.5,8.9,0.394,2.4,6.5,0.367,1.1,2.4,0.467,0.528,0.7,0.8,0.806,0.4,2.2,2.6,1.7,0.8,0.4,0.9,2.1,10.1,,2022,2021-22
181.0,Justin Holiday,32.0,IND,SF,49.0,40.0,28.9,3.9,9.3,0.415,2.6,6.9,0.378,1.3,2.5,0.516,0.553,0.7,0.8,0.829,0.4,2.4,2.8,1.8,0.7,0.4,1.0,2.1,11.0,,2022,2021-22
181.0,Justin Holiday,32.0,SAC,SG,25.0,25.0,25.6,2.8,8.2,0.348,2.0,5.8,0.342,0.8,2.3,0.362,0.471,0.6,0.8,0.762,0.4,1.8,2.2,1.5,0.8,0.6,0.8,2.0,8.3,,2022,2021-22
182.0,Bones Hyland,21.0,DEN,SG,69.0,4.0,19.0,3.3,8.3,0.403,1.9,5.2,0.366,1.4,3.1,0.465,0.518,1.6,1.8,0.856,0.2,2.5,2.7,2.8,0.6,0.3,1.2,2.2,10.1,,2022,2021-22
183.0,Isaiah Roby,23.0,OKC,PF,45.0,28.0,21.1,3.7,7.2,0.514,1.0,2.2,0.444,2.7,5.0,0.545,0.582,1.7,2.6,0.672,1.7,3.2,4.8,1.6,0.8,0.8,1.0,2.4,10.1,,2022,2021-22
184.0,Devin Cannady,25.0,ORL,PG,5.0,0.0,29.0,3.0,8.8,0.341,3.0,7.4,0.405,0.0,1.4,0.0,0.511,1.0,1.4,0.714,0.2,1.0,1.2,2.0,1.0,0.6,1.0,1.8,10.0,,2022,2021-22
185.0,Talen Horton-Tucker,21.0,LAL,SG,60.0,19.0,25.2,3.7,9.0,0.416,0.8,3.0,0.269,2.9,5.9,0.492,0.462,1.7,2.1,0.8,0.6,2.6,3.2,2.7,1.0,0.5,1.4,2.5,10.0,,2022,2021-22
186.0,Garrison Mathews,25.0,HOU,SG,65.0,33.0,26.3,2.8,7.1,0.399,2.1,5.9,0.36,0.7,1.2,0.6,0.55,2.2,2.8,0.794,0.5,2.4,2.9,1.0,0.9,0.4,0.6,2.6,10.0,,2022,2021-22
187.0,Terrence Ross,30.0,ORL,SG,63.0,0.0,23.0,3.5,8.8,0.397,1.2,4.2,0.292,2.3,4.6,0.493,0.467,1.8,2.1,0.862,0.3,2.2,2.6,1.8,0.4,0.2,1.2,1.1,10.0,,2022,2021-22
188.0,Robert Williams,24.0,BOS,C,61.0,61.0,29.6,4.4,6.0,0.736,0.0,0.0,0.0,4.4,6.0,0.738,0.736,1.1,1.5,0.722,3.9,5.7,9.6,2.0,0.9,2.2,1.0,2.2,10.0,"DPOY-7,DEF2",2022,2021-22
189.0,Eric Bledsoe,32.0,LAC,PG,54.0,29.0,25.2,3.6,8.7,0.421,0.9,3.0,0.313,2.7,5.6,0.479,0.475,1.6,2.2,0.761,0.5,2.9,3.4,4.2,1.3,0.4,2.1,1.6,9.9,,2022,2021-22
190.0,Pat Connaughton,29.0,MIL,SF,65.0,19.0,26.0,3.5,7.6,0.458,2.2,5.7,0.395,1.2,1.9,0.643,0.605,0.7,0.8,0.833,0.7,3.5,4.2,1.3,0.9,0.2,0.5,1.3,9.9,,2022,2021-22
191.0,Michael Porter Jr.,23.0,DEN,SF,9.0,9.0,29.4,4.1,11.4,0.359,1.1,5.3,0.208,3.0,6.1,0.491,0.408,0.6,1.0,0.556,1.0,5.6,6.6,1.9,1.1,0.2,1.3,1.8,9.9,,2022,2021-22
192.0,Duane Washington Jr.,21.0,IND,PG,48.0,7.0,20.2,3.6,8.9,0.405,1.7,4.5,0.377,1.9,4.4,0.434,0.5,1.0,1.3,0.754,0.1,1.6,1.7,1.8,0.5,0.1,1.2,1.4,9.9,,2022,2021-22
193.0,Nassir Little,21.0,POR,SF,42.0,23.0,25.9,3.5,7.5,0.46,1.2,3.7,0.331,2.2,3.8,0.584,0.541,1.6,2.2,0.734,1.4,4.2,5.6,1.3,0.6,0.9,1.0,2.0,9.8,,2022,2021-22
194.0,Alperen Şengün,19.0,HOU,C,72.0,13.0,20.7,3.5,7.3,0.474,0.4,1.6,0.248,3.1,5.7,0.539,0.502,2.3,3.2,0.711,1.9,3.5,5.5,2.6,0.8,0.9,2.0,3.0,9.6,,2022,2021-22
195.0,Terry Taylor,22.0,IND,PF,33.0,7.0,21.6,4.1,6.7,0.614,0.4,1.2,0.316,3.7,5.5,0.676,0.641,1.1,1.5,0.706,2.9,2.3,5.2,1.2,0.4,0.2,0.7,1.8,9.6,,2022,2021-22
196.0,Herbert Jones,23.0,NOP,PF,78.0,69.0,29.9,3.5,7.4,0.476,0.7,2.2,0.337,2.8,5.2,0.533,0.525,1.8,2.1,0.84,1.3,2.5,3.8,2.1,1.7,0.8,1.3,3.1,9.5,ROY-6,2022,2021-22
197.0,Chris Boucher,29.0,TOR,SF,80.0,9.0,21.1,3.4,7.2,0.464,0.9,2.9,0.297,2.5,4.4,0.575,0.523,1.9,2.4,0.777,2.2,3.9,6.2,0.3,0.6,0.9,0.5,2.2,9.4,,2022,2021-22
198.0,Jae Crowder,31.0,PHO,PF,67.0,67.0,28.1,3.2,8.1,0.399,1.9,5.4,0.348,1.3,2.7,0.503,0.516,1.1,1.3,0.789,0.4,4.8,5.3,1.9,1.4,0.4,0.8,2.6,9.4,,2022,2021-22
199.0,Daniel Gafford,23.0,WAS,C,72.0,53.0,20.1,4.0,5.7,0.693,0.0,0.0,0.0,4.0,5.7,0.695,0.693,1.5,2.1,0.699,2.2,3.5,5.7,0.9,0.4,1.4,0.9,2.4,9.4,,2022,2021-22
200.0,Jaxson Hayes,21.0,NOP,C,70.0,28.0,20.0,3.5,5.7,0.616,0.3,0.8,0.351,3.2,4.9,0.66,0.641,2.1,2.7,0.766,1.6,2.9,4.5,0.6,0.5,0.8,0.8,2.2,9.3,,2022,2021-22
201.0,Jonathan Kuminga,19.0,GSW,SF,70.0,12.0,16.9,3.4,6.6,0.513,0.7,2.1,0.336,2.7,4.4,0.598,0.567,1.9,2.7,0.684,0.8,2.6,3.3,0.9,0.4,0.3,1.1,2.1,9.3,,2022,2021-22
202.0,Jalen Smith,21.0,2TM,PF,51.0,8.0,18.1,3.5,6.9,0.503,0.8,2.4,0.328,2.7,4.5,0.596,0.56,1.5,2.0,0.765,2.0,4.0,6.0,0.5,0.3,0.8,0.8,1.9,9.2,,2022,2021-22
202.0,Jalen Smith,21.0,PHO,PF,29.0,4.0,13.2,2.2,4.7,0.46,0.3,1.3,0.231,1.9,3.4,0.551,0.493,1.4,1.8,0.769,1.9,2.9,4.8,0.2,0.2,0.6,0.8,1.8,6.0,,2022,2021-22
202.0,Jalen Smith,21.0,IND,PF,22.0,4.0,24.7,5.1,9.7,0.531,1.4,3.8,0.373,3.7,5.9,0.631,0.603,1.7,2.3,0.76,2.1,5.5,7.6,0.8,0.4,1.0,0.9,2.0,13.4,,2022,2021-22
203.0,Reggie Perry,21.0,2TM,PF,10.0,1.0,18.7,4.0,7.9,0.506,0.3,1.6,0.188,3.7,6.3,0.587,0.525,0.9,1.5,0.6,1.5,3.2,4.7,1.2,0.9,0.6,1.1,3.3,9.2,,2022,2021-22
203.0,Reggie Perry,21.0,POR,PF,9.0,1.0,19.7,4.3,8.7,0.5,0.3,1.8,0.188,4.0,6.9,0.581,0.519,1.0,1.7,0.6,1.7,3.4,5.1,1.3,1.0,0.7,1.2,3.3,10.0,,2022,2021-22
203.0,Reggie Perry,21.0,IND,PF,1.0,0.0,10.0,1.0,1.0,1.0,0.0,0.0,,1.0,1.0,1.0,1.0,0.0,0.0,,0.0,1.0,1.0,0.0,0.0,0.0,0.0,3.0,2.0,,2022,2021-22
204.0,Patrick Beverley,33.0,MIN,PG,58.0,54.0,25.4,3.1,7.5,0.406,1.4,4.2,0.343,1.6,3.3,0.485,0.501,1.7,2.3,0.722,1.1,3.1,4.1,4.6,1.2,0.9,1.3,3.0,9.2,,2022,2021-22
205.0,Caleb Martin,26.0,MIA,SF,60.0,12.0,22.9,3.5,6.8,0.507,1.1,2.6,0.413,2.4,4.3,0.565,0.585,1.2,1.6,0.763,1.2,2.7,3.8,1.1,1.0,0.5,0.9,1.7,9.2,,2022,2021-22
206.0,Jaden McDaniels,21.0,MIN,PF,70.0,31.0,25.8,3.6,7.9,0.46,1.1,3.6,0.317,2.5,4.3,0.579,0.532,0.8,1.0,0.803,1.1,3.1,4.2,1.1,0.7,0.8,1.1,3.2,9.2,,2022,2021-22
207.0,JaVale McGee,34.0,PHO,C,74.0,17.0,15.8,3.9,6.2,0.629,0.0,0.1,0.222,3.9,6.1,0.637,0.631,1.4,2.0,0.699,2.2,4.5,6.7,0.6,0.3,1.1,1.3,2.4,9.2,,2022,2021-22
208.0,Georges Niang,28.0,PHI,PF,76.0,7.0,22.8,3.2,7.4,0.437,2.1,5.1,0.403,1.2,2.3,0.511,0.575,0.7,0.8,0.881,0.3,2.3,2.7,1.3,0.4,0.2,0.8,2.5,9.2,,2022,2021-22
209.0,Precious Achiuwa,22.0,TOR,C,73.0,28.0,23.6,3.6,8.3,0.439,0.8,2.1,0.359,2.9,6.1,0.468,0.486,1.1,1.8,0.595,2.0,4.5,6.5,1.1,0.5,0.6,1.2,2.1,9.1,,2022,2021-22
210.0,Oshae Brissett,23.0,IND,SF,67.0,25.0,23.3,3.1,7.6,0.411,1.2,3.5,0.35,1.9,4.0,0.465,0.493,1.7,2.4,0.695,1.6,3.7,5.3,1.1,0.7,0.4,0.8,1.7,9.1,,2022,2021-22
211.0,Willy Hernangómez,27.0,NOP,C,50.0,8.0,16.8,3.4,6.5,0.52,0.1,0.2,0.333,3.3,6.3,0.527,0.526,2.2,2.8,0.773,2.9,3.9,6.8,1.3,0.4,0.4,1.0,1.9,9.1,,2022,2021-22
212.0,Kelly Olynyk,30.0,DET,C,40.0,1.0,19.1,3.2,7.2,0.448,1.0,3.0,0.336,2.2,4.2,0.527,0.517,1.7,2.2,0.775,1.4,3.1,4.4,2.8,0.8,0.5,1.5,2.5,9.1,,2022,2021-22
213.0,Donte DiVincenzo,25.0,2TM,SG,42.0,1.0,24.0,2.8,8.0,0.351,1.8,5.2,0.339,1.0,2.8,0.373,0.461,1.7,2.0,0.843,1.0,3.1,4.0,2.8,1.1,0.2,1.7,1.6,9.0,,2022,2021-22
213.0,Donte DiVincenzo,25.0,MIL,SG,17.0,0.0,20.1,2.3,6.9,0.331,1.2,4.4,0.284,1.1,2.6,0.409,0.419,1.4,1.6,0.852,1.1,2.5,3.5,1.7,0.6,0.2,1.6,1.5,7.2,,2022,2021-22
213.0,Donte DiVincenzo,25.0,SAC,SG,25.0,1.0,26.6,3.2,8.7,0.362,2.1,5.8,0.368,1.0,3.0,0.351,0.484,1.9,2.2,0.839,0.9,3.5,4.4,3.6,1.5,0.2,1.8,1.7,10.3,,2022,2021-22
214.0,DeMarcus Cousins,31.0,2TM,C,48.0,7.0,15.0,3.1,6.8,0.46,0.8,2.5,0.303,2.3,4.2,0.554,0.517,2.0,2.6,0.76,1.5,4.1,5.6,1.5,0.7,0.4,1.8,2.9,9.0,,2022,2021-22
214.0,DeMarcus Cousins,31.0,MIL,C,17.0,5.0,16.9,3.2,6.9,0.466,0.8,2.8,0.271,2.5,4.1,0.6,0.521,1.8,2.2,0.816,1.4,4.4,5.8,1.1,0.9,0.5,0.9,2.7,9.1,,2022,2021-22
214.0,DeMarcus Cousins,31.0,DEN,C,31.0,2.0,13.9,3.0,6.6,0.456,0.8,2.4,0.324,2.3,4.3,0.53,0.515,2.1,2.8,0.736,1.6,3.9,5.5,1.7,0.6,0.4,2.2,3.0,8.9,,2022,2021-22
215.0,Bruce Brown,25.0,BRK,SF,72.0,45.0,24.6,3.6,7.0,0.506,0.5,1.3,0.404,3.0,5.7,0.529,0.543,1.3,1.8,0.758,1.4,3.4,4.8,2.1,1.1,0.7,0.8,2.4,9.0,,2022,2021-22
216.0,Amir Coffey,24.0,LAC,SG,69.0,30.0,22.7,3.1,6.8,0.453,1.4,3.7,0.378,1.7,3.1,0.542,0.556,1.5,1.7,0.863,0.4,2.5,2.9,1.8,0.6,0.2,0.7,1.3,9.0,,2022,2021-22
217.0,Obi Toppin,23.0,NYK,PF,72.0,10.0,17.1,3.5,6.6,0.531,0.7,2.3,0.308,2.8,4.2,0.655,0.586,1.3,1.7,0.758,1.0,2.8,3.7,1.1,0.3,0.5,0.8,1.4,9.0,,2022,2021-22
218.0,Moritz Wagner,24.0,ORL,C,63.0,3.0,15.2,3.1,6.3,0.497,1.0,3.2,0.328,2.1,3.1,0.672,0.581,1.7,2.0,0.806,0.7,3.0,3.7,1.4,0.3,0.2,0.9,2.0,9.0,,2022,2021-22
219.0,Patrick Williams,20.0,CHI,PF,17.0,9.0,24.8,3.2,6.0,0.529,0.9,1.7,0.517,2.3,4.3,0.534,0.603,1.8,2.4,0.732,1.0,3.1,4.1,0.9,0.5,0.5,0.9,1.6,9.0,,2022,2021-22
220.0,Chimezie Metu,24.0,SAC,C,60.0,20.0,21.3,3.4,7.5,0.452,1.0,3.1,0.306,2.4,4.4,0.555,0.516,1.2,1.5,0.78,0.6,5.0,5.6,1.0,0.9,0.5,1.0,1.6,8.9,,2022,2021-22
221.0,Bryn Forbes,28.0,2TM,SG,75.0,2.0,17.1,3.1,7.2,0.429,1.6,3.9,0.414,1.5,3.3,0.447,0.542,1.1,1.2,0.908,0.1,1.1,1.2,1.0,0.3,0.1,0.7,1.3,8.8,,2022,2021-22
221.0,Bryn Forbes,28.0,SAS,SG,40.0,1.0,16.9,3.2,7.4,0.432,1.6,3.8,0.417,1.6,3.6,0.448,0.539,1.1,1.2,0.898,0.1,1.5,1.6,1.0,0.4,0.1,0.8,1.1,9.1,,2022,2021-22
221.0,Bryn Forbes,28.0,DEN,SG,35.0,1.0,17.4,2.9,6.9,0.424,1.7,4.1,0.41,1.3,2.8,0.444,0.545,1.0,1.1,0.921,0.2,0.7,0.9,1.0,0.2,0.1,0.7,1.5,8.6,,2022,2021-22
222.0,Ayo Dosunmu,22.0,CHI,SG,77.0,40.0,27.4,3.6,6.9,0.52,0.9,2.4,0.376,2.7,4.5,0.596,0.585,0.7,1.0,0.679,0.4,2.4,2.8,3.3,0.8,0.4,1.4,2.4,8.8,,2022,2021-22
223.0,KJ Martin,21.0,HOU,SF,79.0,2.0,21.0,3.5,6.6,0.533,0.8,2.1,0.357,2.8,4.5,0.617,0.591,1.0,1.6,0.634,1.0,2.7,3.8,1.3,0.4,0.5,0.8,1.4,8.8,,2022,2021-22
224.0,Isaac Okoro,21.0,CLE,SF,67.0,61.0,29.6,3.1,6.4,0.48,0.8,2.3,0.35,2.3,4.1,0.555,0.544,1.8,2.3,0.768,1.1,1.9,3.0,1.8,0.8,0.3,0.9,2.4,8.8,,2022,2021-22
225.0,Nic Claxton,22.0,BRK,C,47.0,19.0,20.7,3.8,5.6,0.674,0.0,0.0,,3.8,5.6,0.674,0.674,1.1,2.0,0.581,1.9,3.7,5.6,0.9,0.5,1.1,0.8,2.3,8.7,,2022,2021-22
226.0,Tyus Jones,25.0,MEM,PG,73.0,23.0,21.2,3.4,7.6,0.451,1.1,2.8,0.39,2.3,4.8,0.487,0.524,0.7,0.9,0.818,0.2,2.2,2.4,4.4,0.9,0.0,0.6,0.4,8.7,6MOY-11,2022,2021-22
227.0,Dwight Powell,30.0,DAL,C,82.0,71.0,21.9,3.3,4.9,0.671,0.2,0.5,0.351,3.1,4.4,0.703,0.687,2.0,2.6,0.783,2.1,2.8,4.9,1.2,0.5,0.5,0.8,2.7,8.7,,2022,2021-22
228.0,Gabe Vincent,25.0,MIA,PG,68.0,27.0,23.4,3.1,7.5,0.417,1.8,4.8,0.368,1.4,2.8,0.5,0.533,0.6,0.8,0.815,0.3,1.5,1.9,3.1,0.9,0.2,1.4,2.3,8.7,,2022,2021-22
229.0,Reggie Bullock,30.0,DAL,SF,68.0,37.0,28.0,3.0,7.4,0.401,2.1,5.8,0.36,0.9,1.6,0.55,0.542,0.6,0.7,0.833,0.5,3.1,3.5,1.2,0.6,0.2,0.6,1.6,8.6,,2022,2021-22
230.0,Chuma Okeke,23.0,ORL,PF,70.0,20.0,25.0,3.1,8.2,0.376,1.7,5.3,0.318,1.4,2.9,0.48,0.478,0.8,0.9,0.846,0.7,4.3,5.0,1.7,1.4,0.6,0.8,1.4,8.6,,2022,2021-22
231.0,Robert Covington,31.0,2TM,PF,71.0,42.0,27.3,2.9,7.0,0.42,1.8,4.8,0.378,1.1,2.2,0.509,0.548,0.8,1.0,0.841,0.8,4.7,5.5,1.3,1.5,1.3,1.1,2.7,8.5,,2022,2021-22
231.0,Robert Covington,31.0,POR,PF,48.0,40.0,29.8,2.7,7.0,0.381,1.6,4.8,0.343,1.0,2.2,0.462,0.499,0.6,0.8,0.833,0.9,4.9,5.7,1.4,1.5,1.3,1.2,2.8,7.6,,2022,2021-22
231.0,Robert Covington,31.0,LAC,PF,23.0,2.0,22.1,3.5,7.0,0.5,2.1,4.7,0.45,1.4,2.3,0.604,0.651,1.2,1.4,0.848,0.8,4.3,5.1,1.0,1.3,1.2,0.7,2.5,10.4,,2022,2021-22
232.0,T.J. McConnell,29.0,IND,PG,27.0,8.0,24.1,3.7,7.7,0.481,0.4,1.2,0.303,3.3,6.5,0.514,0.505,0.7,0.9,0.826,0.7,2.6,3.3,4.9,1.1,0.4,1.1,2.0,8.5,,2022,2021-22
233.0,Jaylen Nowell,22.0,MIN,SG,62.0,1.0,15.7,3.2,6.7,0.475,1.0,2.6,0.394,2.1,4.1,0.526,0.551,1.2,1.5,0.783,0.4,1.6,2.0,2.1,0.4,0.2,0.6,1.2,8.5,,2022,2021-22
234.0,Mitchell Robinson,23.0,NYK,C,72.0,62.0,25.7,3.6,4.8,0.761,0.0,0.0,,3.6,4.8,0.761,0.761,1.2,2.5,0.486,4.1,4.5,8.6,0.5,0.8,1.8,0.8,2.7,8.5,,2022,2021-22
235.0,Cam Thomas,20.0,BRK,SG,67.0,2.0,17.6,3.3,7.5,0.433,0.7,2.6,0.27,2.6,4.9,0.52,0.48,1.3,1.6,0.829,0.2,2.2,2.4,1.2,0.5,0.1,0.8,1.0,8.5,,2022,2021-22
236.0,Isaiah Thomas,32.0,3TM,PG,22.0,1.0,15.1,3.0,7.6,0.401,1.3,3.8,0.337,1.8,3.8,0.464,0.485,1.0,1.2,0.846,0.2,1.1,1.3,1.5,0.3,0.2,0.7,1.5,8.4,,2022,2021-22
236.0,Isaiah Thomas,32.0,LAL,PG,4.0,1.0,25.3,3.0,9.8,0.308,1.3,5.5,0.227,1.8,4.3,0.412,0.372,2.0,2.8,0.727,0.3,1.8,2.0,1.5,0.0,0.5,1.3,3.0,9.3,,2022,2021-22
236.0,Isaiah Thomas,32.0,DAL,PG,1.0,0.0,13.0,3.0,8.0,0.375,0.0,3.0,0.0,3.0,5.0,0.6,0.375,0.0,0.0,,0.0,0.0,0.0,4.0,0.0,0.0,0.0,0.0,6.0,,2022,2021-22
236.0,Isaiah Thomas,32.0,CHO,PG,17.0,0.0,12.9,3.1,7.1,0.433,1.4,3.4,0.397,1.7,3.6,0.468,0.529,0.8,0.9,0.933,0.2,1.1,1.2,1.4,0.4,0.2,0.6,1.3,8.3,,2022,2021-22
237.0,Deni Avdija,21.0,WAS,SF,82.0,8.0,24.2,3.0,7.1,0.432,1.0,3.2,0.317,2.0,3.9,0.525,0.503,1.3,1.7,0.757,0.6,4.5,5.2,2.0,0.7,0.5,1.1,2.3,8.4,,2022,2021-22
238.0,Lance Stephenson,31.0,2TM,SG,46.0,1.0,17.7,3.2,7.0,0.455,0.6,2.0,0.3,2.6,5.1,0.515,0.497,1.4,1.7,0.788,0.3,2.5,2.8,3.6,0.5,0.1,1.6,2.1,8.3,,2022,2021-22
238.0,Lance Stephenson,31.0,ATL,SG,6.0,0.0,11.7,0.8,2.2,0.385,0.0,0.5,0.0,0.8,1.7,0.5,0.385,0.2,0.3,0.5,0.2,2.3,2.5,1.8,0.0,0.0,0.7,1.3,1.8,,2022,2021-22
238.0,Lance Stephenson,31.0,IND,PG,40.0,1.0,18.6,3.6,7.8,0.458,0.7,2.2,0.31,2.9,5.6,0.516,0.502,1.6,2.0,0.795,0.3,2.5,2.8,3.9,0.6,0.1,1.7,2.2,9.3,,2022,2021-22
239.0,Nicolas Batum,33.0,LAC,PF,59.0,54.0,24.8,3.0,6.6,0.463,1.8,4.6,0.4,1.2,2.0,0.607,0.602,0.4,0.6,0.658,0.5,3.8,4.3,1.7,1.0,0.7,0.7,1.4,8.3,,2022,2021-22
240.0,Isaiah Hartenstein,23.0,LAC,C,68.0,0.0,17.9,3.4,5.4,0.626,0.2,0.4,0.467,3.2,4.9,0.64,0.645,1.3,1.9,0.689,1.7,3.2,4.9,2.4,0.7,1.1,1.2,2.5,8.3,,2022,2021-22
241.0,Isaiah Jackson,20.0,IND,C,36.0,15.0,15.0,3.2,5.7,0.563,0.1,0.4,0.313,3.1,5.3,0.584,0.575,1.7,2.4,0.682,1.7,2.5,4.1,0.3,0.7,1.4,1.1,2.6,8.3,,2022,2021-22
242.0,Naz Reid,22.0,MIN,C,77.0,6.0,15.8,3.0,6.2,0.489,0.7,2.2,0.343,2.3,4.0,0.568,0.549,1.5,1.9,0.765,1.3,2.6,3.9,0.9,0.5,0.9,1.1,2.2,8.3,,2022,2021-22
243.0,Landry Shamet,24.0,PHO,SG,69.0,14.0,20.8,2.8,7.0,0.394,1.8,4.8,0.368,1.0,2.2,0.45,0.521,1.0,1.2,0.84,0.2,1.6,1.8,1.6,0.4,0.1,0.6,1.3,8.3,,2022,2021-22
244.0,Isaiah Stewart,20.0,DET,C,71.0,71.0,25.6,3.5,6.9,0.51,0.2,0.6,0.326,3.3,6.3,0.529,0.526,1.0,1.5,0.718,3.2,5.5,8.7,1.2,0.3,1.1,1.2,3.0,8.3,,2022,2021-22
245.0,Aaron Wiggins,23.0,OKC,SG,50.0,35.0,24.2,3.1,6.7,0.463,0.8,2.8,0.304,2.3,4.0,0.573,0.525,1.2,1.7,0.729,1.0,2.5,3.6,1.4,0.6,0.2,1.1,1.9,8.3,,2022,2021-22
246.0,Daniel Theis,29.0,2TM,C,47.0,27.0,20.8,3.2,6.2,0.519,0.7,2.3,0.308,2.5,3.9,0.641,0.576,1.0,1.5,0.681,1.3,3.6,4.9,0.9,0.4,0.7,1.0,2.4,8.2,,2022,2021-22
246.0,Daniel Theis,29.0,HOU,C,26.0,21.0,22.5,3.2,6.9,0.469,0.9,3.0,0.291,2.3,3.8,0.61,0.534,1.0,1.5,0.675,1.2,3.8,5.0,0.8,0.4,0.7,1.2,2.4,8.4,,2022,2021-22
246.0,Daniel Theis,29.0,BOS,C,21.0,6.0,18.7,3.2,5.3,0.598,0.5,1.3,0.357,2.7,4.0,0.679,0.643,1.0,1.5,0.688,1.3,3.4,4.7,1.0,0.4,0.7,0.7,2.3,7.9,,2022,2021-22
247.0,Corey Kispert,22.0,WAS,SF,77.0,36.0,23.4,3.0,6.7,0.455,1.5,4.2,0.35,1.6,2.5,0.629,0.564,0.7,0.8,0.871,0.7,2.0,2.7,1.1,0.5,0.3,0.6,1.2,8.2,,2022,2021-22
248.0,Shake Milton,25.0,PHI,SG,55.0,6.0,21.4,3.1,7.3,0.429,0.8,2.4,0.323,2.4,4.9,0.481,0.483,1.1,1.3,0.836,0.5,2.0,2.6,2.5,0.5,0.3,0.8,1.8,8.2,,2022,2021-22
249.0,Onyeka Okongwu,21.0,ATL,C,48.0,6.0,20.7,3.3,4.7,0.69,0.0,0.0,,3.3,4.7,0.69,0.69,1.7,2.3,0.727,2.4,3.5,5.9,1.1,0.6,1.3,0.9,3.1,8.2,,2022,2021-22
250.0,Otto Porter Jr.,28.0,GSW,PF,63.0,15.0,22.2,3.1,6.6,0.464,1.3,3.4,0.37,1.8,3.2,0.565,0.56,0.8,1.0,0.803,1.4,4.4,5.7,1.5,1.1,0.5,0.6,1.3,8.2,,2022,2021-22
251.0,Hassan Whiteside,32.0,UTA,C,65.0,8.0,17.9,3.3,5.1,0.652,0.0,0.0,,3.3,5.1,0.652,0.652,1.6,2.6,0.623,2.6,5.0,7.6,0.4,0.3,1.6,0.8,2.8,8.2,,2022,2021-22
252.0,Rudy Gay,35.0,UTA,PF,55.0,1.0,18.9,2.9,6.9,0.414,1.3,3.7,0.345,1.6,3.2,0.494,0.507,1.1,1.4,0.785,1.0,3.4,4.4,1.0,0.5,0.3,0.9,1.7,8.1,,2022,2021-22
253.0,Damian Jones,26.0,SAC,C,56.0,15.0,18.2,3.1,4.8,0.658,0.2,0.5,0.345,2.9,4.2,0.696,0.677,1.7,2.3,0.718,1.3,3.1,4.4,1.2,0.5,0.8,1.1,2.3,8.1,,2022,2021-22
254.0,Ziaire Williams,20.0,MEM,SF,62.0,31.0,21.7,3.1,6.8,0.45,1.2,3.9,0.314,1.9,2.9,0.632,0.54,0.7,0.9,0.782,0.4,1.7,2.1,1.0,0.6,0.2,0.7,1.8,8.1,,2022,2021-22
255.0,Cory Joseph,30.0,DET,PG,65.0,39.0,24.6,2.7,6.2,0.445,1.0,2.4,0.414,1.7,3.7,0.465,0.526,1.5,1.7,0.885,0.4,2.2,2.7,3.6,0.6,0.3,1.3,2.3,8.0,,2022,2021-22
256.0,Mike Muscala,30.0,OKC,C,43.0,0.0,13.8,2.6,5.8,0.456,1.6,3.8,0.429,1.0,2.0,0.506,0.597,1.1,1.3,0.842,0.5,2.5,3.0,0.5,0.4,0.6,0.3,1.3,8.0,,2022,2021-22
257.0,Malik Newman,24.0,CLE,PG,1.0,0.0,8.0,3.0,5.0,0.6,0.0,1.0,0.0,3.0,4.0,0.75,0.6,2.0,2.0,1.0,0.0,1.0,1.0,1.0,0.0,0.0,1.0,0.0,8.0,,2022,2021-22
258.0,Lindy Waters III,24.0,OKC,SG,25.0,1.0,18.6,2.8,7.0,0.406,2.1,5.8,0.363,0.7,1.2,0.621,0.557,0.2,0.2,0.8,0.2,2.7,2.9,1.0,0.8,0.3,0.4,1.2,8.0,,2022,2021-22
259.0,Andre Drummond,28.0,2TM,C,73.0,36.0,19.7,3.4,5.9,0.57,0.0,0.0,0.0,3.4,5.9,0.574,0.57,1.2,2.2,0.524,3.1,6.2,9.3,1.8,1.1,0.9,1.6,2.6,7.9,,2022,2021-22
259.0,Andre Drummond,28.0,PHI,C,49.0,12.0,18.4,2.6,4.9,0.538,0.0,0.0,0.0,2.6,4.8,0.542,0.538,0.9,1.7,0.512,2.8,6.1,8.8,2.0,1.1,0.9,1.6,2.5,6.1,,2022,2021-22
259.0,Andre Drummond,28.0,BRK,C,24.0,24.0,22.3,5.0,8.1,0.61,0.0,0.0,0.0,5.0,8.1,0.613,0.61,1.8,3.4,0.537,3.9,6.4,10.3,1.4,0.9,1.0,1.5,3.0,11.8,,2022,2021-22
260.0,Josh Christopher,20.0,HOU,SG,74.0,2.0,18.0,3.0,6.8,0.448,0.8,2.6,0.296,2.3,4.2,0.54,0.504,1.1,1.5,0.735,0.7,1.8,2.5,2.0,0.9,0.2,1.5,1.3,7.9,,2022,2021-22
261.0,Jordan Nwora,23.0,MIL,SF,62.0,13.0,19.1,3.0,7.5,0.403,1.3,3.7,0.348,1.7,3.8,0.455,0.488,0.6,0.7,0.837,0.6,3.0,3.6,1.0,0.4,0.3,0.9,1.3,7.9,,2022,2021-22
262.0,Zach Collins,24.0,SAS,C,28.0,4.0,17.9,2.7,5.5,0.49,0.5,1.5,0.341,2.2,4.1,0.544,0.535,1.9,2.3,0.8,1.6,3.8,5.5,2.2,0.5,0.8,1.6,2.4,7.8,,2022,2021-22
263.0,Grant Williams,23.0,BOS,PF,77.0,21.0,24.4,2.7,5.6,0.475,1.4,3.4,0.411,1.3,2.3,0.569,0.597,1.1,1.2,0.905,0.8,2.7,3.6,1.0,0.5,0.7,0.8,2.4,7.8,,2022,2021-22
264.0,Drew Eubanks,24.0,2TM,C,71.0,31.0,17.5,3.1,5.2,0.596,0.1,0.3,0.217,3.0,4.9,0.621,0.602,1.4,1.8,0.762,1.8,3.5,5.4,1.2,0.4,0.6,1.1,1.7,7.7,,2022,2021-22
264.0,Drew Eubanks,24.0,SAS,C,49.0,9.0,12.1,1.7,3.2,0.528,0.0,0.2,0.125,1.7,3.1,0.55,0.531,1.2,1.6,0.747,1.3,2.7,4.0,1.0,0.3,0.6,0.9,1.2,4.7,,2022,2021-22
264.0,Drew Eubanks,24.0,POR,C,22.0,22.0,29.5,6.2,9.6,0.646,0.2,0.7,0.267,6.0,9.0,0.675,0.656,1.8,2.3,0.784,3.0,5.5,8.5,1.6,0.8,0.5,1.6,2.8,14.5,,2022,2021-22
265.0,Cody Martin,26.0,CHO,SF,71.0,11.0,26.3,2.9,6.0,0.482,0.9,2.2,0.384,2.0,3.7,0.542,0.554,1.1,1.5,0.701,1.2,2.9,4.0,2.5,1.2,0.5,0.9,1.6,7.7,,2022,2021-22
266.0,Kyle Anderson,28.0,MEM,PF,69.0,11.0,21.5,3.0,6.8,0.446,0.5,1.6,0.33,2.5,5.2,0.481,0.484,1.0,1.5,0.638,1.0,4.3,5.3,2.7,1.1,0.7,1.0,1.6,7.6,,2022,2021-22
267.0,Kris Dunn,27.0,POR,PG,14.0,3.0,24.0,3.1,7.3,0.431,0.1,0.8,0.091,3.1,6.5,0.473,0.436,1.2,1.3,0.944,0.6,2.9,3.5,5.6,1.6,0.2,2.3,2.7,7.6,,2022,2021-22
268.0,R.J. Hampton,20.0,ORL,SG,64.0,14.0,21.9,2.7,7.1,0.383,1.0,2.9,0.35,1.7,4.3,0.405,0.453,1.2,1.8,0.641,0.4,2.7,3.0,2.5,0.7,0.2,1.4,1.6,7.6,,2022,2021-22
269.0,Furkan Korkmaz,24.0,PHI,SG,67.0,19.0,21.1,2.7,7.0,0.387,1.1,4.0,0.289,1.6,3.0,0.515,0.469,1.0,1.3,0.81,0.3,2.3,2.6,1.9,0.5,0.1,0.7,0.9,7.6,,2022,2021-22
270.0,Markieff Morris,32.0,MIA,PF,17.0,1.0,17.5,3.2,6.7,0.474,0.8,2.3,0.333,2.4,4.4,0.547,0.531,0.5,0.5,0.889,1.0,1.6,2.6,1.4,0.4,0.1,1.2,1.9,7.6,,2022,2021-22
271.0,Aleksej Pokusevski,20.0,OKC,PF,61.0,12.0,20.2,3.0,7.5,0.408,0.9,3.2,0.289,2.1,4.2,0.498,0.47,0.6,0.8,0.7,1.2,4.0,5.2,2.1,0.6,0.6,1.5,1.4,7.6,,2022,2021-22
272.0,P.J. Tucker,36.0,MIA,PF,71.0,70.0,27.9,2.9,6.0,0.484,1.1,2.7,0.415,1.8,3.3,0.54,0.577,0.6,0.9,0.738,1.4,4.0,5.5,2.1,0.8,0.2,0.9,2.3,7.6,,2022,2021-22
273.0,Trendon Watford,21.0,POR,SF,48.0,10.0,18.1,3.0,5.6,0.532,0.2,0.8,0.237,2.8,4.8,0.581,0.549,1.5,2.0,0.755,1.2,3.0,4.1,1.7,0.5,0.6,0.9,2.4,7.6,,2022,2021-22
274.0,Goran Dragić,35.0,2TM,PG,21.0,8.0,23.7,2.7,7.2,0.377,0.8,3.0,0.254,2.0,4.2,0.466,0.43,1.3,1.6,0.818,0.6,2.5,3.1,4.1,0.9,0.2,1.6,2.1,7.5,,2022,2021-22
274.0,Goran Dragić,35.0,TOR,PG,5.0,2.0,18.0,2.6,6.8,0.382,0.8,2.8,0.286,1.8,4.0,0.45,0.441,2.0,2.0,1.0,0.4,2.4,2.8,1.8,1.0,0.2,0.2,1.6,8.0,,2022,2021-22
274.0,Goran Dragić,35.0,BRK,PG,16.0,6.0,25.5,2.8,7.3,0.376,0.8,3.1,0.245,2.0,4.3,0.471,0.427,1.1,1.4,0.739,0.7,2.5,3.2,4.8,0.9,0.2,2.1,2.3,7.3,,2022,2021-22
275.0,Draymond Green,31.0,GSW,PF,46.0,44.0,28.9,2.9,5.6,0.525,0.3,1.2,0.296,2.6,4.4,0.586,0.556,1.3,2.0,0.659,1.0,6.3,7.3,7.0,1.3,1.1,3.0,3.0,7.5,"DPOY-10,AS,DEF2",2022,2021-22
276.0,Raul Neto,29.0,WAS,PG,70.0,19.0,19.6,2.9,6.3,0.463,0.5,1.7,0.292,2.4,4.6,0.526,0.502,1.2,1.5,0.769,0.2,1.7,1.9,3.1,0.8,0.0,1.1,1.5,7.5,,2022,2021-22
277.0,Jeremiah Robinson-Earl,21.0,OKC,C,49.0,36.0,22.2,2.7,6.6,0.414,1.2,3.4,0.352,1.6,3.2,0.478,0.503,0.8,1.1,0.741,1.5,4.1,5.6,1.0,0.6,0.3,0.8,1.5,7.5,,2022,2021-22
278.0,D.J. Wilson,25.0,TOR,PF,4.0,1.0,13.5,2.8,3.8,0.733,0.0,0.5,0.0,2.8,3.3,0.846,0.733,2.0,2.5,0.8,0.3,3.8,4.0,1.3,1.3,0.3,0.5,1.5,7.5,,2022,2021-22
279.0,Thomas Bryant,24.0,WAS,C,27.0,9.0,16.3,2.9,5.5,0.52,0.4,1.6,0.286,2.4,3.9,0.613,0.561,1.3,1.5,0.875,1.0,3.0,4.0,0.9,0.2,0.8,0.7,1.6,7.4,,2022,2021-22
280.0,Alex Caruso,27.0,CHI,SG,41.0,18.0,28.0,2.5,6.2,0.398,1.0,3.1,0.333,1.5,3.2,0.462,0.48,1.4,1.8,0.795,0.8,2.8,3.6,4.0,1.7,0.4,1.4,2.6,7.4,,2022,2021-22
281.0,Jared Harper,24.0,NOP,PG,5.0,0.0,8.6,2.8,5.2,0.538,1.0,2.4,0.417,1.8,2.8,0.643,0.635,0.8,0.8,1.0,0.4,0.0,0.4,2.8,0.8,0.2,0.4,1.0,7.4,,2022,2021-22
282.0,Damion Lee,29.0,GSW,SG,63.0,5.0,19.9,2.7,6.1,0.441,1.0,3.0,0.337,1.7,3.1,0.541,0.523,1.0,1.2,0.88,0.4,2.8,3.2,1.0,0.6,0.1,0.6,1.5,7.4,,2022,2021-22
283.0,Royce O'Neale,28.0,UTA,SF,77.0,77.0,31.2,2.6,5.8,0.457,1.5,4.0,0.389,1.1,1.8,0.609,0.591,0.6,0.7,0.804,0.8,3.9,4.8,2.5,1.1,0.4,1.0,2.4,7.4,,2022,2021-22
284.0,Kenrich Williams,27.0,OKC,SF,49.0,0.0,21.9,3.0,6.5,0.461,0.8,2.5,0.339,2.1,4.0,0.536,0.525,0.6,1.1,0.545,1.5,3.0,4.5,2.2,0.9,0.2,0.9,1.7,7.4,,2022,2021-22
285.0,Jeremy Lamb,29.0,2TM,SF,56.0,0.0,16.7,2.4,6.2,0.383,1.0,3.0,0.324,1.4,3.2,0.441,0.463,1.6,1.9,0.84,0.5,2.3,2.8,1.4,0.6,0.4,0.7,1.1,7.3,,2022,2021-22
285.0,Jeremy Lamb,29.0,IND,SF,39.0,0.0,15.7,2.2,5.8,0.373,1.0,3.0,0.333,1.2,2.8,0.414,0.458,1.7,2.1,0.838,0.4,2.0,2.4,1.3,0.6,0.4,0.6,1.1,7.1,,2022,2021-22
285.0,Jeremy Lamb,29.0,SAC,SG,17.0,0.0,18.9,2.8,7.0,0.403,0.9,3.1,0.302,1.9,3.9,0.485,0.471,1.3,1.5,0.846,0.6,2.9,3.5,1.8,0.5,0.5,0.8,0.9,7.9,,2022,2021-22
286.0,Wes Iwundu,27.0,ATL,SF,3.0,1.0,27.3,2.7,6.0,0.444,1.0,1.7,0.6,1.7,4.3,0.385,0.528,1.0,1.3,0.75,1.0,3.3,4.3,0.0,0.3,0.0,0.3,2.7,7.3,,2022,2021-22
287.0,Taurean Prince,27.0,MIN,PF,69.0,8.0,17.1,2.6,5.7,0.454,1.2,3.3,0.376,1.3,2.3,0.565,0.564,0.9,1.2,0.756,0.4,2.1,2.5,1.0,0.7,0.3,0.8,1.7,7.3,,2022,2021-22
288.0,Austin Reaves,23.0,LAL,SG,61.0,19.0,23.2,2.4,5.2,0.459,0.9,2.7,0.317,1.5,2.5,0.616,0.542,1.6,1.9,0.839,0.7,2.4,3.2,1.8,0.5,0.3,0.7,1.4,7.3,,2022,2021-22
289.0,Keon Johnson,19.0,2TM,SG,37.0,12.0,18.8,2.6,7.4,0.353,0.9,2.7,0.34,1.7,4.6,0.36,0.415,1.1,1.4,0.804,0.6,1.5,2.2,2.1,0.8,0.3,1.2,1.9,7.2,,2022,2021-22
289.0,Keon Johnson,19.0,LAC,SG,15.0,0.0,9.0,1.1,3.4,0.333,0.2,0.7,0.273,0.9,2.7,0.35,0.363,1.1,1.4,0.762,0.4,1.0,1.4,0.9,0.5,0.1,0.5,1.4,3.5,,2022,2021-22
289.0,Keon Johnson,19.0,POR,SG,22.0,12.0,25.5,3.6,10.0,0.357,1.4,4.0,0.348,2.2,6.0,0.364,0.428,1.1,1.4,0.833,0.8,1.9,2.7,2.9,1.0,0.5,1.8,2.2,9.7,,2022,2021-22
290.0,Braxton Key,24.0,2TM,SF,11.0,0.0,17.9,3.0,6.5,0.458,0.5,1.9,0.286,2.5,4.6,0.529,0.5,0.6,1.2,0.538,1.2,3.4,4.5,1.0,0.9,1.0,1.0,2.4,7.2,,2022,2021-22
290.0,Braxton Key,24.0,PHI,SF,2.0,0.0,3.0,0.5,1.0,0.5,0.0,0.5,0.0,0.5,0.5,1.0,0.5,0.0,0.0,,0.5,0.5,1.0,0.5,0.5,0.0,1.0,0.5,1.0,,2022,2021-22
290.0,Braxton Key,24.0,DET,SF,9.0,0.0,21.2,3.6,7.8,0.457,0.7,2.2,0.3,2.9,5.6,0.52,0.5,0.8,1.4,0.538,1.3,4.0,5.3,1.1,1.0,1.2,1.0,2.8,8.6,,2022,2021-22
291.0,Javonte Green,28.0,CHI,SF,65.0,45.0,23.4,2.7,5.0,0.542,0.6,1.6,0.356,2.2,3.4,0.625,0.597,1.2,1.5,0.833,1.4,2.8,4.2,0.9,1.0,0.5,0.5,2.0,7.2,,2022,2021-22
292.0,Joe Ingles,34.0,UTA,SF,45.0,15.0,24.9,2.6,6.3,0.404,1.7,5.0,0.347,0.8,1.3,0.617,0.54,0.4,0.5,0.773,0.3,2.6,2.9,3.5,0.5,0.1,1.0,1.8,7.2,,2022,2021-22
293.0,Ty Jerome,24.0,OKC,SG,48.0,4.0,16.7,2.6,6.8,0.378,1.1,3.9,0.29,1.5,3.0,0.493,0.46,0.8,1.0,0.809,0.4,1.2,1.6,2.3,0.6,0.1,0.8,1.5,7.1,,2022,2021-22
294.0,Robin Lopez,33.0,ORL,C,36.0,9.0,17.0,3.1,5.5,0.553,0.1,0.2,0.333,3.0,5.4,0.56,0.558,0.9,1.5,0.593,1.9,1.6,3.5,1.5,0.1,0.5,1.2,1.9,7.1,,2022,2021-22
295.0,Théo Maledon,20.0,OKC,PG,51.0,7.0,17.8,2.3,6.2,0.375,0.9,2.9,0.293,1.5,3.3,0.449,0.445,1.5,2.0,0.79,0.4,2.2,2.6,2.2,0.6,0.2,1.3,1.3,7.1,,2022,2021-22
296.0,Gary Payton II,29.0,GSW,SG,71.0,16.0,17.6,3.0,4.8,0.616,0.6,1.7,0.358,2.4,3.2,0.754,0.679,0.5,0.8,0.603,1.0,2.5,3.5,0.9,1.4,0.3,0.6,1.8,7.1,,2022,2021-22
297.0,Larry Nance Jr.,29.0,2TM,PF,46.0,11.0,22.6,2.8,5.4,0.522,0.5,1.5,0.329,2.3,3.8,0.599,0.569,0.9,1.2,0.702,1.6,3.8,5.4,1.8,0.9,0.4,0.8,1.8,7.0,,2022,2021-22
297.0,Larry Nance Jr.,29.0,POR,C,37.0,11.0,23.2,2.8,5.4,0.515,0.5,1.7,0.306,2.2,3.7,0.61,0.563,0.9,1.3,0.653,1.6,4.1,5.6,2.0,1.0,0.4,0.7,1.8,6.9,,2022,2021-22
297.0,Larry Nance Jr.,29.0,NOP,PF,9.0,0.0,20.2,3.0,5.4,0.551,0.4,0.9,0.5,2.6,4.6,0.561,0.592,0.9,0.9,1.0,1.6,2.8,4.3,0.9,0.6,0.8,1.1,1.9,7.3,,2022,2021-22
298.0,Goga Bitadze,22.0,IND,C,50.0,16.0,14.6,2.6,5.0,0.52,0.5,1.6,0.288,2.2,3.4,0.628,0.565,1.3,1.9,0.681,1.6,2.0,3.5,1.1,0.4,0.8,0.9,2.1,7.0,,2022,2021-22
299.0,Sekou Doumbouya,21.0,LAL,PF,2.0,0.0,8.0,2.5,4.0,0.625,0.5,1.0,0.5,2.0,3.0,0.667,0.688,1.5,2.0,0.75,1.0,2.0,3.0,0.0,1.5,1.0,1.0,0.5,7.0,,2022,2021-22
300.0,Maxi Kleber,30.0,DAL,PF,59.0,21.0,24.6,2.4,6.0,0.398,1.4,4.3,0.325,1.0,1.7,0.586,0.516,0.8,1.1,0.708,1.2,4.7,5.9,1.2,0.5,1.0,0.8,2.3,7.0,6MOY-11,2022,2021-22
301.0,Olivier Sarr,22.0,OKC,C,22.0,2.0,19.1,2.6,4.6,0.574,0.6,1.3,0.448,2.0,3.3,0.625,0.639,1.1,1.3,0.828,1.5,2.7,4.2,0.9,0.3,0.7,1.0,2.4,7.0,,2022,2021-22
302.0,Steven Adams,28.0,MEM,C,76.0,75.0,26.3,2.8,5.1,0.547,0.0,0.0,0.0,2.8,5.0,0.548,0.547,1.4,2.6,0.543,4.6,5.4,10.0,3.4,0.9,0.8,1.5,2.0,6.9,,2022,2021-22
303.0,Killian Hayes,20.0,DET,PG,66.0,40.0,25.0,2.7,7.0,0.383,0.7,2.5,0.263,2.0,4.4,0.452,0.431,0.9,1.1,0.77,0.5,2.6,3.2,4.2,1.2,0.5,1.7,2.8,6.9,,2022,2021-22
304.0,Jarred Vanderbilt,22.0,MIN,PF,74.0,67.0,25.4,2.9,4.9,0.587,0.0,0.2,0.143,2.8,4.7,0.605,0.59,1.2,1.8,0.656,2.9,5.5,8.4,1.3,1.3,0.6,1.0,2.4,6.9,,2022,2021-22
305.0,Serge Ibaka,32.0,2TM,C,54.0,12.0,16.2,2.7,5.5,0.5,0.7,1.8,0.374,2.1,3.6,0.563,0.563,0.6,0.8,0.727,1.1,3.5,4.6,0.9,0.2,0.6,0.8,1.9,6.8,,2022,2021-22
305.0,Serge Ibaka,32.0,LAC,C,35.0,10.0,15.4,2.7,5.5,0.49,0.7,1.8,0.387,2.0,3.7,0.538,0.552,0.6,0.8,0.69,1.1,3.1,4.3,1.0,0.2,0.7,0.9,1.6,6.6,,2022,2021-22
305.0,Serge Ibaka,32.0,MIL,C,19.0,2.0,17.8,2.8,5.5,0.519,0.7,1.9,0.351,2.2,3.5,0.612,0.582,0.6,0.8,0.8,1.2,4.1,5.3,0.7,0.2,0.4,0.5,2.4,7.0,,2022,2021-22
306.0,Mason Jones,23.0,LAL,SG,4.0,0.0,12.8,1.8,3.8,0.467,0.3,1.0,0.25,1.5,2.8,0.545,0.5,3.0,3.8,0.8,0.3,2.3,2.5,1.0,0.5,0.0,0.3,2.0,6.8,,2022,2021-22
307.0,Brandon Boston Jr.,20.0,LAC,SG,51.0,0.0,14.9,2.5,6.4,0.385,0.7,2.2,0.306,1.8,4.2,0.425,0.437,1.2,1.4,0.819,0.3,1.8,2.2,1.0,0.5,0.3,0.6,0.8,6.7,,2022,2021-22
308.0,Wayne Ellington,34.0,LAL,SG,43.0,9.0,18.8,2.3,5.5,0.414,1.9,4.9,0.389,0.4,0.6,0.615,0.586,0.2,0.3,0.818,0.2,1.6,1.8,0.7,0.5,0.1,0.4,1.0,6.7,,2022,2021-22
309.0,Stanley Johnson,25.0,LAL,PF,48.0,27.0,22.8,2.4,5.2,0.466,0.7,2.2,0.314,1.8,3.0,0.575,0.532,1.1,1.5,0.716,0.7,2.5,3.2,1.7,0.9,0.3,0.7,2.3,6.7,,2022,2021-22
310.0,Georgios Kalaitzakis,23.0,2TM,SF,13.0,4.0,16.5,2.4,5.2,0.463,0.8,2.0,0.385,1.6,3.2,0.512,0.537,1.1,2.3,0.467,0.5,1.2,1.6,0.9,0.8,0.2,1.5,1.5,6.6,,2022,2021-22
310.0,Georgios Kalaitzakis,23.0,MIL,SF,9.0,0.0,5.3,0.6,1.2,0.455,0.2,0.4,0.5,0.3,0.8,0.429,0.545,0.4,1.0,0.444,0.4,0.4,0.9,0.0,0.1,0.1,0.4,0.9,1.8,,2022,2021-22
310.0,Georgios Kalaitzakis,23.0,OKC,SF,4.0,4.0,41.5,6.5,14.0,0.464,2.0,5.5,0.364,4.5,8.5,0.529,0.536,2.5,5.3,0.476,0.5,2.8,3.3,3.0,2.5,0.3,4.0,2.8,17.5,,2022,2021-22
311.0,Torrey Craig,31.0,2TM,SF,78.0,16.0,20.5,2.6,5.7,0.454,1.0,3.0,0.329,1.6,2.7,0.594,0.541,0.5,0.7,0.75,1.1,2.9,4.0,1.2,0.6,0.5,0.9,1.9,6.6,,2022,2021-22
311.0,Torrey Craig,31.0,IND,SF,51.0,14.0,20.3,2.5,5.5,0.456,0.9,2.7,0.333,1.6,2.8,0.573,0.537,0.5,0.7,0.771,1.2,2.7,3.8,1.1,0.5,0.4,0.8,1.9,6.5,,2022,2021-22
311.0,Torrey Craig,31.0,PHO,SF,27.0,2.0,20.8,2.7,5.9,0.45,1.1,3.6,0.323,1.5,2.4,0.641,0.547,0.4,0.6,0.706,1.0,3.3,4.3,1.2,0.8,0.6,1.0,2.1,6.9,,2022,2021-22
312.0,Zeke Nnaji,21.0,DEN,PF,41.0,1.0,17.0,2.3,4.5,0.516,0.9,2.0,0.463,1.4,2.6,0.557,0.616,1.0,1.6,0.631,1.4,2.2,3.6,0.4,0.4,0.3,0.6,1.9,6.6,,2022,2021-22
313.0,B.J. Johnson,26.0,ORL,SF,4.0,0.0,16.3,2.8,6.3,0.44,1.0,2.5,0.4,1.8,3.8,0.467,0.52,0.0,0.0,,1.5,2.3,3.8,0.0,0.0,0.3,0.0,1.0,6.5,,2022,2021-22
314.0,Mason Plumlee,31.0,CHO,C,73.0,73.0,24.6,2.8,4.4,0.641,0.0,0.0,0.0,2.8,4.4,0.645,0.641,0.9,2.3,0.392,2.4,5.3,7.7,3.1,0.8,0.7,1.4,3.1,6.5,,2022,2021-22
315.0,Josh Jackson,24.0,2TM,SF,51.0,3.0,16.3,2.4,5.9,0.4,0.6,2.5,0.254,1.7,3.3,0.512,0.455,1.1,1.5,0.714,0.4,2.4,2.8,1.1,0.5,0.4,0.9,1.7,6.4,,2022,2021-22
315.0,Josh Jackson,24.0,DET,SF,39.0,3.0,18.1,2.6,6.4,0.41,0.8,2.9,0.265,1.9,3.5,0.529,0.47,1.0,1.4,0.714,0.4,2.7,3.2,1.3,0.5,0.5,1.0,1.8,7.1,,2022,2021-22
315.0,Josh Jackson,24.0,SAC,SF,12.0,0.0,10.3,1.4,4.1,0.347,0.3,1.4,0.176,1.2,2.7,0.438,0.378,1.3,1.8,0.714,0.3,1.2,1.5,0.4,0.4,0.3,0.8,1.4,4.3,,2022,2021-22
316.0,Justin Anderson,28.0,2TM,SF,16.0,6.0,19.8,2.3,5.9,0.379,0.9,3.7,0.254,1.3,2.3,0.583,0.458,0.9,1.2,0.789,0.3,2.6,2.9,2.1,0.5,0.4,0.5,1.4,6.4,,2022,2021-22
316.0,Justin Anderson,28.0,CLE,SF,3.0,0.0,15.7,1.3,2.7,0.5,0.7,2.0,0.333,0.7,0.7,1.0,0.625,1.0,1.3,0.75,0.0,2.0,2.0,2.0,0.3,0.0,0.7,1.3,4.3,,2022,2021-22
316.0,Justin Anderson,28.0,IND,SF,13.0,6.0,20.7,2.5,6.7,0.368,1.0,4.1,0.245,1.5,2.6,0.559,0.443,0.9,1.2,0.8,0.3,2.8,3.1,2.1,0.5,0.5,0.5,1.4,6.8,,2022,2021-22
317.0,Avery Bradley,31.0,LAL,SG,62.0,45.0,22.7,2.4,5.6,0.423,1.3,3.4,0.39,1.1,2.3,0.471,0.54,0.3,0.3,0.889,0.5,1.7,2.2,0.8,0.9,0.1,0.6,1.9,6.4,,2022,2021-22
318.0,JaMychal Green,31.0,DEN,PF,67.0,8.0,16.2,2.4,4.9,0.486,0.5,1.9,0.266,1.9,3.0,0.621,0.537,1.2,1.4,0.871,1.2,3.0,4.2,0.9,0.6,0.4,0.9,2.4,6.4,,2022,2021-22
319.0,Blake Griffin,32.0,BRK,C,56.0,24.0,17.1,2.4,5.6,0.425,0.7,2.6,0.262,1.7,3.0,0.565,0.486,1.0,1.4,0.724,1.1,3.0,4.1,1.9,0.5,0.3,0.6,1.7,6.4,,2022,2021-22
320.0,Brandon Knight,30.0,DAL,PG,5.0,0.0,13.0,2.0,5.0,0.4,0.8,3.4,0.235,1.2,1.6,0.75,0.48,1.6,1.6,1.0,0.0,1.6,1.6,1.6,0.2,0.0,0.8,1.0,6.4,,2022,2021-22
321.0,Isaiah Livers,23.0,DET,SF,19.0,5.0,20.2,2.2,4.7,0.456,1.4,3.4,0.422,0.7,1.4,0.538,0.606,0.6,0.7,0.857,0.8,2.2,3.0,1.1,0.7,0.4,0.8,1.9,6.4,,2022,2021-22
322.0,Ish Smith,33.0,2TM,PG,65.0,1.0,17.3,2.8,6.6,0.43,0.4,1.0,0.373,2.5,5.6,0.441,0.459,0.2,0.4,0.625,0.4,1.8,2.2,3.8,0.7,0.4,1.2,1.2,6.3,,2022,2021-22
322.0,Ish Smith,33.0,CHO,PG,37.0,1.0,13.8,2.0,5.0,0.395,0.3,0.7,0.4,1.7,4.3,0.394,0.422,0.3,0.5,0.632,0.3,1.2,1.5,2.6,0.5,0.3,1.0,0.9,4.5,,2022,2021-22
322.0,Ish Smith,33.0,WAS,PG,28.0,0.0,22.0,4.0,8.8,0.457,0.5,1.5,0.357,3.5,7.3,0.478,0.488,0.1,0.2,0.6,0.5,2.5,3.0,5.2,1.0,0.5,1.5,1.6,8.6,,2022,2021-22
323.0,Aaron Holiday,25.0,2TM,PG,63.0,15.0,16.2,2.4,5.4,0.447,0.6,1.6,0.379,1.8,3.7,0.477,0.504,0.9,1.1,0.868,0.4,1.6,1.9,2.4,0.7,0.1,1.1,1.5,6.3,,2022,2021-22
323.0,Aaron Holiday,25.0,WAS,PG,41.0,14.0,16.2,2.4,5.2,0.467,0.6,1.6,0.343,1.9,3.6,0.524,0.521,0.7,0.9,0.8,0.2,1.4,1.6,1.9,0.6,0.2,1.0,1.5,6.1,,2022,2021-22
323.0,Aaron Holiday,25.0,PHO,PG,22.0,1.0,16.3,2.3,5.6,0.411,0.7,1.6,0.444,1.6,4.0,0.398,0.476,1.4,1.5,0.939,0.7,1.8,2.5,3.4,0.8,0.0,1.3,1.5,6.8,,2022,2021-22
324.0,Dewayne Dedmon,32.0,MIA,C,67.0,15.0,15.9,2.4,4.3,0.566,0.3,0.7,0.404,2.2,3.6,0.597,0.598,1.1,1.5,0.75,1.6,4.2,5.8,0.7,0.4,0.6,1.0,2.6,6.3,,2022,2021-22
325.0,Hassani Gravett,25.0,ORL,PG,8.0,3.0,21.4,2.3,4.8,0.474,1.4,3.3,0.423,0.9,1.5,0.583,0.618,0.4,0.5,0.75,0.1,2.5,2.6,2.5,0.6,0.1,1.1,1.6,6.3,,2022,2021-22
326.0,Derrick Walton,26.0,DET,PG,3.0,3.0,36.0,2.0,8.7,0.231,1.0,4.3,0.231,1.0,4.3,0.231,0.288,1.3,1.3,1.0,0.7,2.7,3.3,7.0,2.3,1.3,3.7,2.7,6.3,,2022,2021-22
327.0,Lou Williams,35.0,ATL,PG,56.0,0.0,14.3,2.2,5.7,0.391,0.7,1.8,0.363,1.6,3.9,0.404,0.448,1.2,1.4,0.859,0.3,1.3,1.6,1.9,0.5,0.1,0.8,0.9,6.3,,2022,2021-22
328.0,Chaundee Brown Jr.,23.0,2TM,SF,5.0,2.0,20.8,2.0,6.4,0.313,1.2,3.6,0.333,0.8,2.8,0.286,0.406,1.0,1.2,0.833,0.2,3.0,3.2,0.8,0.4,0.0,0.2,1.4,6.2,,2022,2021-22
328.0,Chaundee Brown Jr.,23.0,LAL,SF,2.0,0.0,10.5,0.5,3.5,0.143,0.0,1.5,0.0,0.5,2.0,0.25,0.143,0.0,0.0,,0.0,1.0,1.0,0.0,0.0,0.0,0.5,0.0,1.0,,2022,2021-22
328.0,Chaundee Brown Jr.,23.0,ATL,SG,3.0,2.0,27.7,3.0,8.3,0.36,2.0,5.0,0.4,1.0,3.3,0.3,0.48,1.7,2.0,0.833,0.3,4.3,4.7,1.3,0.7,0.0,0.0,2.3,9.7,,2022,2021-22
329.0,Thaddeus Young,33.0,2TM,PF,52.0,1.0,16.3,2.7,5.2,0.518,0.3,0.9,0.354,2.4,4.3,0.554,0.55,0.4,0.9,0.469,1.5,2.5,4.0,2.0,1.0,0.3,1.0,1.6,6.2,,2022,2021-22
329.0,Thaddeus Young,33.0,SAS,PF,26.0,1.0,14.2,2.8,4.9,0.578,0.0,0.2,0.0,2.8,4.7,0.602,0.578,0.4,0.8,0.455,1.5,2.0,3.6,2.3,0.9,0.3,1.2,1.5,6.1,,2022,2021-22
329.0,Thaddeus Young,33.0,TOR,PF,26.0,0.0,18.3,2.6,5.5,0.465,0.7,1.7,0.395,1.9,3.9,0.495,0.524,0.5,1.0,0.481,1.5,2.9,4.4,1.7,1.2,0.4,0.8,1.7,6.3,,2022,2021-22
330.0,George Hill,35.0,MIL,PG,54.0,17.0,23.2,2.2,5.1,0.429,0.8,2.5,0.306,1.4,2.6,0.546,0.504,1.1,1.1,0.919,0.7,2.2,2.9,2.2,0.8,0.1,0.8,1.3,6.2,,2022,2021-22
331.0,Dwight Howard,36.0,LAL,C,60.0,27.0,16.2,2.2,3.7,0.612,0.1,0.3,0.533,2.1,3.4,0.618,0.63,1.6,2.4,0.658,2.0,4.0,5.9,0.6,0.6,0.6,0.8,1.9,6.2,,2022,2021-22
332.0,Vit Krejci,21.0,OKC,SG,30.0,8.0,23.0,2.3,5.6,0.407,1.1,3.3,0.327,1.2,2.3,0.522,0.503,0.6,0.7,0.864,0.6,2.8,3.4,1.9,0.6,0.3,1.0,2.2,6.2,,2022,2021-22
333.0,Jalen McDaniels,24.0,CHO,SF,55.0,2.0,16.3,2.2,4.6,0.484,0.7,2.0,0.38,1.5,2.7,0.562,0.565,1.0,1.3,0.736,0.7,2.4,3.1,1.1,0.5,0.4,0.7,1.7,6.2,,2022,2021-22
334.0,Payton Pritchard,24.0,BOS,PG,71.0,2.0,14.1,2.3,5.3,0.429,1.4,3.5,0.412,0.8,1.8,0.461,0.564,0.3,0.3,1.0,0.5,1.4,1.9,2.0,0.4,0.1,0.6,0.9,6.2,,2022,2021-22
335.0,Day'Ron Sharpe,20.0,BRK,PF,32.0,8.0,12.2,2.7,4.7,0.577,0.1,0.2,0.286,2.6,4.4,0.592,0.584,0.8,1.3,0.585,2.5,2.5,5.0,0.5,0.3,0.5,0.9,1.9,6.2,,2022,2021-22
336.0,Jose Alvarado,23.0,NOP,PG,54.0,1.0,15.4,2.4,5.4,0.446,0.6,2.0,0.291,1.8,3.4,0.538,0.5,0.7,1.0,0.679,0.5,1.4,1.9,2.8,1.3,0.1,0.7,1.4,6.1,,2022,2021-22
337.0,Nemanja Bjelica,33.0,GSW,C,71.0,0.0,16.1,2.3,4.8,0.468,0.8,2.1,0.362,1.5,2.7,0.549,0.547,0.8,1.1,0.728,0.9,3.3,4.1,2.2,0.6,0.4,1.2,1.8,6.1,,2022,2021-22
338.0,Lamar Stevens,24.0,CLE,PF,63.0,13.0,16.1,2.5,5.1,0.489,0.3,1.0,0.277,2.2,4.0,0.543,0.517,0.8,1.2,0.707,0.7,1.9,2.6,0.7,0.5,0.3,0.7,1.7,6.1,,2022,2021-22
339.0,Tristan Thompson,30.0,3TM,C,57.0,6.0,15.7,2.5,4.7,0.528,0.0,0.1,0.333,2.5,4.6,0.53,0.53,1.1,2.0,0.526,2.1,2.9,5.1,0.6,0.4,0.4,0.8,1.7,6.0,,2022,2021-22
339.0,Tristan Thompson,30.0,SAC,C,30.0,3.0,15.2,2.5,5.0,0.503,0.0,0.0,1.0,2.5,5.0,0.5,0.507,1.1,2.0,0.533,2.4,3.0,5.4,0.6,0.4,0.4,1.0,1.7,6.2,,2022,2021-22
339.0,Tristan Thompson,30.0,IND,C,4.0,0.0,16.5,3.3,6.0,0.542,0.0,0.0,,3.3,6.0,0.542,0.542,0.8,2.0,0.375,1.8,2.8,4.5,0.5,0.0,0.5,1.0,1.8,7.3,,2022,2021-22
339.0,Tristan Thompson,30.0,CHI,C,23.0,3.0,16.3,2.3,4.0,0.565,0.0,0.1,0.0,2.3,3.9,0.578,0.565,1.1,2.1,0.542,1.8,3.0,4.7,0.6,0.5,0.3,0.5,1.7,5.7,,2022,2021-22
340.0,Quentin Grimes,21.0,NYK,SG,46.0,6.0,17.1,2.1,5.1,0.404,1.6,4.1,0.381,0.5,1.0,0.5,0.557,0.3,0.4,0.684,0.5,1.5,2.0,1.0,0.7,0.2,0.6,1.6,6.0,,2022,2021-22
341.0,Tre Jones,22.0,SAS,PG,69.0,11.0,16.6,2.4,4.9,0.49,0.1,0.7,0.196,2.3,4.2,0.542,0.504,1.0,1.3,0.78,0.4,1.8,2.2,3.4,0.6,0.1,0.7,1.1,6.0,,2022,2021-22
342.0,Alex Len,28.0,SAC,C,39.0,10.0,15.9,2.4,4.5,0.534,0.2,0.5,0.286,2.3,4.0,0.568,0.551,1.1,1.6,0.651,1.3,2.8,4.1,1.2,0.3,0.6,1.1,2.6,6.0,,2022,2021-22
343.0,Kevon Looney,25.0,GSW,C,82.0,80.0,21.1,2.5,4.4,0.571,0.0,0.0,0.0,2.5,4.4,0.573,0.571,0.9,1.5,0.6,2.5,4.7,7.3,2.0,0.6,0.6,0.8,2.6,6.0,,2022,2021-22
344.0,Austin Rivers,29.0,DEN,SG,67.0,18.0,22.1,2.2,5.2,0.417,1.2,3.4,0.342,1.0,1.8,0.563,0.53,0.5,0.7,0.727,0.3,1.4,1.7,1.3,0.8,0.1,0.8,1.8,6.0,,2022,2021-22
345.0,Danuel House Jr.,28.0,3TM,SF,42.0,7.0,17.3,1.9,4.7,0.404,1.0,2.8,0.376,0.9,1.9,0.444,0.515,1.0,1.4,0.759,0.4,2.2,2.6,1.0,0.5,0.4,0.8,1.2,5.9,,2022,2021-22
345.0,Danuel House Jr.,28.0,HOU,SF,16.0,1.0,14.6,1.6,4.6,0.338,0.6,2.1,0.294,0.9,2.5,0.375,0.405,1.1,1.2,0.895,0.3,2.4,2.7,1.2,0.3,0.3,1.1,1.0,4.8,,2022,2021-22
345.0,Danuel House Jr.,28.0,NYK,SF,1.0,0.0,3.0,0.0,1.0,0.0,0.0,1.0,0.0,0.0,0.0,,0.0,0.0,0.0,,0.0,0.0,0.0,0.0,0.0,0.0,0.0,0.0,0.0,,2022,2021-22
345.0,Danuel House Jr.,28.0,UTA,SF,25.0,6.0,19.6,2.2,4.9,0.447,1.4,3.3,0.415,0.8,1.6,0.512,0.585,1.1,1.6,0.692,0.6,2.2,2.7,1.0,0.6,0.5,0.6,1.4,6.8,,2022,2021-22
346.0,Kessler Edwards,21.0,BRK,SF,48.0,23.0,20.6,2.3,5.6,0.412,1.0,2.8,0.353,1.3,2.7,0.473,0.502,0.3,0.4,0.842,0.9,2.7,3.6,0.6,0.6,0.5,0.9,1.8,5.9,,2022,2021-22
347.0,Danny Green,34.0,PHI,SF,62.0,28.0,21.8,2.0,5.2,0.394,1.7,4.4,0.38,0.4,0.8,0.469,0.555,0.2,0.2,0.786,0.5,2.0,2.5,1.0,1.0,0.6,0.7,1.7,5.9,,2022,2021-22
348.0,Kira Lewis Jr.,20.0,NOP,PG,24.0,0.0,14.2,2.5,6.1,0.404,0.5,2.4,0.224,1.9,3.7,0.523,0.449,0.4,0.5,0.833,0.4,1.3,1.6,2.0,0.5,0.0,1.1,0.7,5.9,,2022,2021-22
349.0,Bismack Biyombo,29.0,PHO,C,36.0,3.0,14.1,2.4,4.0,0.593,0.0,0.0,,2.4,4.0,0.593,0.593,1.1,2.0,0.535,1.8,2.9,4.6,0.6,0.3,0.7,0.7,1.9,5.8,,2022,2021-22
350.0,Carsen Edwards,23.0,DET,SG,4.0,0.0,19.8,2.3,7.5,0.3,1.0,4.0,0.25,1.3,3.5,0.357,0.367,0.3,0.3,1.0,0.5,1.0,1.5,3.5,0.5,0.0,1.3,1.0,5.8,,2022,2021-22
351.0,CJ Elleby,21.0,POR,SF,58.0,28.0,20.2,2.1,5.3,0.393,0.6,2.2,0.294,1.4,3.1,0.462,0.453,1.0,1.4,0.714,1.1,2.8,3.9,1.5,0.6,0.3,1.0,2.0,5.8,,2022,2021-22
352.0,Luka Garza,23.0,DET,C,32.0,5.0,12.2,2.1,4.6,0.449,0.5,1.5,0.327,1.6,3.1,0.51,0.503,1.2,1.9,0.623,1.8,1.3,3.1,0.6,0.3,0.2,0.6,1.7,5.8,,2022,2021-22
353.0,Xavier Moon,27.0,LAC,SG,10.0,0.0,13.7,2.5,5.1,0.49,0.5,1.4,0.357,2.0,3.7,0.541,0.539,0.3,0.5,0.6,0.2,1.2,1.4,2.4,0.7,0.3,0.6,0.9,5.8,,2022,2021-22
354.0,Eric Paschall,25.0,UTA,PF,58.0,3.0,12.7,2.0,4.1,0.485,0.7,1.9,0.37,1.3,2.2,0.583,0.57,1.1,1.5,0.767,0.5,1.3,1.8,0.6,0.2,0.1,0.5,0.9,5.8,,2022,2021-22
355.0,Joshua Primo,19.0,SAS,SF,50.0,16.0,19.3,2.0,5.4,0.374,0.8,2.7,0.307,1.2,2.7,0.444,0.452,0.9,1.2,0.746,0.6,1.6,2.3,1.6,0.4,0.5,1.1,1.6,5.8,,2022,2021-22
356.0,Cassius Stanley,22.0,DET,SG,9.0,1.0,17.2,2.1,5.1,0.413,0.4,1.9,0.235,1.7,3.2,0.517,0.457,1.1,1.1,1.0,0.6,1.6,2.1,0.4,0.6,0.2,0.7,1.9,5.8,,2022,2021-22
357.0,Justise Winslow,25.0,2TM,PF,48.0,11.0,16.1,2.3,5.4,0.428,0.3,1.4,0.227,2.0,4.0,0.497,0.457,0.8,1.4,0.591,1.0,3.2,4.2,1.8,0.7,0.5,1.0,1.4,5.7,,2022,2021-22
357.0,Justise Winslow,25.0,LAC,PF,37.0,1.0,12.9,1.7,3.8,0.447,0.1,0.8,0.172,1.6,3.0,0.518,0.465,0.7,1.1,0.61,0.8,2.8,3.6,1.4,0.6,0.5,1.0,1.2,4.2,,2022,2021-22
357.0,Justise Winslow,25.0,POR,PF,11.0,10.0,26.8,4.3,10.5,0.405,0.9,3.4,0.27,3.4,7.2,0.468,0.448,1.3,2.3,0.56,1.8,4.5,6.3,2.9,1.3,0.6,1.1,1.9,10.7,,2022,2021-22
358.0,Kelan Martin,26.0,2TM,SF,30.0,1.0,15.0,2.3,5.7,0.409,0.7,2.5,0.293,1.6,3.2,0.5,0.474,0.3,0.4,0.692,0.6,1.3,1.8,0.7,0.4,0.3,0.5,1.2,5.7,,2022,2021-22
358.0,Kelan Martin,26.0,IND,SF,27.0,1.0,16.4,2.6,6.2,0.417,0.8,2.7,0.297,1.8,3.5,0.511,0.482,0.3,0.5,0.692,0.6,1.4,2.0,0.8,0.5,0.3,0.5,1.3,6.3,,2022,2021-22
358.0,Kelan Martin,26.0,BOS,SF,3.0,0.0,2.0,0.0,1.0,0.0,0.0,0.3,0.0,0.0,0.7,0.0,0.0,0.0,0.0,,0.3,0.3,0.7,0.0,0.0,0.0,0.0,0.0,0.0,,2022,2021-22
359.0,Keita Bates-Diop,26.0,SAS,SF,59.0,14.0,16.2,2.3,4.5,0.517,0.3,0.9,0.309,2.0,3.5,0.572,0.549,0.8,1.0,0.754,1.1,2.9,3.9,0.7,0.5,0.2,0.8,1.0,5.7,,2022,2021-22
360.0,Naji Marshall,24.0,NOP,SF,55.0,4.0,13.4,2.0,4.9,0.405,0.4,1.9,0.2,1.6,3.0,0.537,0.444,1.3,1.7,0.796,0.7,1.9,2.6,1.1,0.6,0.1,0.8,1.3,5.7,,2022,2021-22
361.0,Matisse Thybulle,24.0,PHI,SG,66.0,50.0,25.5,2.3,4.5,0.5,0.7,2.2,0.313,1.6,2.4,0.673,0.575,0.5,0.7,0.791,0.6,1.7,2.3,1.1,1.7,1.1,0.6,2.4,5.7,"DPOY-11,DEF2",2022,2021-22
362.0,Dāvis Bertāns,29.0,2TM,PF,56.0,0.0,14.4,1.8,4.9,0.36,1.4,4.1,0.335,0.4,0.8,0.489,0.5,0.6,0.7,0.9,0.2,1.9,2.1,0.6,0.3,0.2,0.3,1.5,5.6,,2022,2021-22
362.0,Dāvis Bertāns,29.0,WAS,PF,34.0,0.0,14.7,1.8,5.0,0.351,1.4,4.2,0.319,0.4,0.8,0.519,0.485,0.8,0.9,0.933,0.2,1.6,1.8,0.5,0.3,0.2,0.4,1.6,5.7,,2022,2021-22
362.0,Dāvis Bertāns,29.0,DAL,PF,22.0,0.0,13.9,1.8,4.7,0.375,1.4,3.9,0.36,0.4,0.8,0.444,0.524,0.4,0.5,0.8,0.3,2.3,2.5,0.7,0.3,0.3,0.2,1.4,5.3,,2022,2021-22
363.0,Derrick Jones Jr.,24.0,CHI,PF,51.0,8.0,17.6,2.1,3.8,0.538,0.4,1.2,0.328,1.7,2.6,0.634,0.59,1.1,1.4,0.8,1.2,2.1,3.3,0.6,0.5,0.6,0.6,2.1,5.6,,2022,2021-22
364.0,Saben Lee,22.0,DET,PG,37.0,0.0,16.3,1.9,4.8,0.39,0.4,1.6,0.233,1.5,3.2,0.47,0.429,1.5,1.9,0.789,0.5,1.9,2.4,2.9,1.0,0.3,1.0,1.2,5.6,,2022,2021-22
365.0,Dennis Smith Jr.,24.0,POR,PG,37.0,4.0,17.2,2.1,5.1,0.418,0.2,0.7,0.222,2.0,4.4,0.451,0.434,1.1,1.7,0.656,0.5,1.8,2.4,3.6,1.2,0.3,1.4,1.4,5.6,,2022,2021-22
366.0,Keifer Sykes,28.0,IND,PG,32.0,11.0,17.7,2.2,5.9,0.363,0.8,2.8,0.3,1.3,3.1,0.42,0.434,0.5,0.5,0.882,0.3,1.2,1.4,1.9,0.4,0.1,1.0,1.6,5.6,,2022,2021-22
367.0,James Johnson,34.0,BRK,PF,62.0,10.0,19.2,2.3,5.0,0.469,0.4,1.4,0.271,2.0,3.6,0.545,0.507,0.5,0.9,0.527,0.8,2.6,3.5,2.1,0.5,0.5,0.8,2.6,5.5,,2022,2021-22
368.0,Greg Monroe,31.0,4TM,C,14.0,0.0,13.9,2.3,4.1,0.561,0.0,0.0,,2.3,4.1,0.561,0.561,0.9,1.6,0.522,2.1,2.4,4.6,1.6,0.6,0.7,0.9,1.7,5.4,,2022,2021-22
368.0,Greg Monroe,31.0,MIN,C,4.0,0.0,20.3,3.3,5.5,0.591,0.0,0.0,,3.3,5.5,0.591,0.591,0.8,1.8,0.429,1.5,4.5,6.0,4.0,1.0,1.5,1.8,2.3,7.3,,2022,2021-22
368.0,Greg Monroe,31.0,WAS,C,2.0,0.0,9.0,2.0,4.0,0.5,0.0,0.0,,2.0,4.0,0.5,0.5,0.0,0.0,,3.5,1.5,5.0,0.5,0.5,0.5,1.0,1.0,4.0,,2022,2021-22
368.0,Greg Monroe,31.0,MIL,C,5.0,0.0,14.0,2.2,4.4,0.5,0.0,0.0,,2.2,4.4,0.5,0.5,1.0,1.8,0.556,2.2,2.0,4.2,0.4,0.6,0.4,0.6,1.4,5.4,,2022,2021-22
368.0,Greg Monroe,31.0,UTA,C,3.0,0.0,8.7,1.3,1.7,0.8,0.0,0.0,,1.3,1.7,0.8,0.8,1.3,2.3,0.571,2.0,1.0,3.0,1.0,0.0,0.3,0.0,2.0,4.0,,2022,2021-22
369.0,Wenyen Gabriel,24.0,3TM,PF,26.0,5.0,13.8,2.1,4.2,0.491,0.3,1.1,0.286,1.8,3.2,0.561,0.527,1.0,1.6,0.595,1.5,2.2,3.7,0.5,0.2,0.4,0.6,2.6,5.4,,2022,2021-22
369.0,Wenyen Gabriel,24.0,BRK,PF,1.0,0.0,1.0,0.0,0.0,,0.0,0.0,,0.0,0.0,,,0.0,0.0,,0.0,1.0,1.0,0.0,0.0,0.0,0.0,0.0,0.0,,2022,2021-22
369.0,Wenyen Gabriel,24.0,LAC,PF,6.0,0.0,7.7,0.8,2.2,0.385,0.3,0.8,0.4,0.5,1.3,0.375,0.462,0.3,0.7,0.5,0.8,1.5,2.3,0.3,0.2,0.3,0.5,1.8,2.3,,2022,2021-22
369.0,Wenyen Gabriel,24.0,LAL,PF,19.0,5.0,16.4,2.6,5.1,0.505,0.3,1.2,0.261,2.3,3.9,0.581,0.536,1.2,2.0,0.605,1.8,2.5,4.3,0.6,0.2,0.5,0.7,3.0,6.7,,2022,2021-22
370.0,PJ Dozier,25.0,DEN,SG,18.0,0.0,18.9,2.0,5.5,0.364,0.8,2.7,0.313,1.2,2.8,0.412,0.439,0.6,0.7,0.769,0.8,2.7,3.5,1.6,0.6,0.3,0.7,1.8,5.4,,2022,2021-22
371.0,Rodney McGruder,30.0,DET,SG,51.0,2.0,14.8,1.9,4.4,0.436,1.1,2.9,0.397,0.8,1.5,0.506,0.564,0.4,0.5,0.731,0.6,1.6,2.2,0.9,0.4,0.1,0.5,1.1,5.4,,2022,2021-22
372.0,Trey Murphy III,21.0,NOP,SF,62.0,1.0,13.9,1.8,4.5,0.394,1.1,3.0,0.382,0.6,1.5,0.418,0.522,0.7,0.8,0.882,0.8,1.6,2.4,0.6,0.4,0.1,0.3,1.0,5.4,,2022,2021-22
373.0,Armoni Brooks,23.0,2TM,SG,54.0,11.0,15.6,1.8,5.4,0.339,1.4,4.6,0.297,0.4,0.7,0.6,0.467,0.3,0.4,0.857,0.4,1.5,1.9,1.1,0.5,0.2,0.5,1.4,5.3,,2022,2021-22
373.0,Armoni Brooks,23.0,HOU,SG,41.0,8.0,16.8,2.1,6.1,0.347,1.6,5.2,0.3,0.6,0.9,0.605,0.474,0.4,0.5,0.842,0.3,1.7,2.0,1.2,0.5,0.2,0.6,1.5,6.2,,2022,2021-22
373.0,Armoni Brooks,23.0,TOR,PG,13.0,3.0,11.8,0.8,2.9,0.289,0.8,2.8,0.278,0.1,0.2,0.5,0.421,0.2,0.2,1.0,0.6,1.1,1.7,1.0,0.5,0.2,0.3,1.1,2.6,,2022,2021-22
374.0,D.J. Augustin,34.0,2TM,PG,55.0,2.0,16.1,1.7,4.0,0.423,1.2,3.0,0.415,0.5,1.1,0.448,0.577,0.7,0.8,0.884,0.2,1.0,1.2,1.9,0.3,0.0,1.0,0.7,5.3,,2022,2021-22
374.0,D.J. Augustin,34.0,HOU,PG,34.0,2.0,15.0,1.6,4.0,0.404,1.1,2.8,0.406,0.5,1.2,0.4,0.548,1.0,1.1,0.868,0.2,1.0,1.2,2.2,0.3,0.0,1.3,0.5,5.4,,2022,2021-22
374.0,D.J. Augustin,34.0,LAL,PG,21.0,0.0,17.8,1.9,4.1,0.453,1.4,3.2,0.426,0.5,0.9,0.556,0.622,0.2,0.2,1.0,0.2,1.1,1.3,1.6,0.3,0.0,0.5,1.0,5.3,,2022,2021-22
375.0,Derrick Favors,30.0,OKC,C,39.0,18.0,16.7,2.4,4.7,0.516,0.1,0.4,0.125,2.4,4.3,0.554,0.522,0.4,0.6,0.64,1.5,3.2,4.7,0.6,0.4,0.3,0.2,1.6,5.3,,2022,2021-22
376.0,Dean Wade,25.0,CLE,PF,51.0,28.0,19.2,1.9,4.3,0.456,1.0,2.8,0.359,0.9,1.5,0.64,0.574,0.4,0.6,0.667,0.6,2.3,2.9,1.0,0.6,0.1,0.3,1.7,5.3,,2022,2021-22
377.0,Omer Yurtseven,23.0,MIA,C,56.0,12.0,12.6,2.3,4.4,0.526,0.0,0.2,0.091,2.3,4.2,0.547,0.528,0.7,1.1,0.623,1.5,3.7,5.3,0.9,0.3,0.4,0.7,1.5,5.3,,2022,2021-22
378.0,Garrett Temple,35.0,NOP,SG,59.0,16.0,18.6,1.9,5.0,0.376,1.0,3.1,0.319,0.9,1.9,0.473,0.476,0.5,0.7,0.683,0.5,1.9,2.4,1.3,0.7,0.4,0.7,1.4,5.2,,2022,2021-22
379.0,Cody Zeller,29.0,POR,C,27.0,0.0,13.1,1.9,3.3,0.567,0.0,0.1,0.0,1.9,3.2,0.593,0.567,1.4,1.8,0.776,1.9,2.8,4.6,0.8,0.3,0.2,0.7,2.1,5.2,,2022,2021-22
380.0,DeAndre' Bembry,27.0,2TM,SF,56.0,20.0,18.3,2.2,3.9,0.561,0.3,0.6,0.417,1.9,3.3,0.589,0.595,0.4,0.6,0.6,0.8,2.2,2.9,1.2,0.9,0.4,0.6,2.0,5.1,,2022,2021-22
380.0,DeAndre' Bembry,27.0,BRK,SF,48.0,20.0,19.8,2.5,4.4,0.568,0.3,0.8,0.417,2.2,3.7,0.599,0.603,0.4,0.7,0.6,0.8,2.4,3.2,1.3,1.0,0.5,0.6,2.2,5.8,,2022,2021-22
380.0,DeAndre' Bembry,27.0,MIL,SF,8.0,0.0,9.6,0.4,1.0,0.375,0.0,0.0,,0.4,1.0,0.375,0.375,0.0,0.0,,0.5,0.9,1.4,0.8,0.3,0.0,0.1,1.1,0.8,,2022,2021-22
381.0,Trey Burke,29.0,DAL,PG,42.0,0.0,10.5,2.0,5.1,0.391,0.6,2.0,0.317,1.4,3.2,0.436,0.451,0.5,0.5,0.87,0.1,0.7,0.8,1.4,0.3,0.0,0.6,0.9,5.1,,2022,2021-22
382.0,Facundo Campazzo,30.0,DEN,PG,65.0,4.0,18.2,1.6,4.6,0.361,0.9,3.0,0.301,0.8,1.6,0.476,0.459,0.9,1.2,0.769,0.4,1.4,1.8,3.4,1.0,0.4,1.0,1.9,5.1,,2022,2021-22
383.0,Wesley Matthews,35.0,MIL,SG,49.0,14.0,20.4,1.8,4.5,0.395,1.1,3.2,0.338,0.7,1.3,0.54,0.516,0.4,0.6,0.786,0.6,1.3,1.9,0.7,0.5,0.2,0.4,1.8,5.1,,2022,2021-22
384.0,David Nwaba,29.0,HOU,SF,46.0,4.0,13.2,1.8,3.8,0.483,0.3,1.1,0.306,1.5,2.8,0.551,0.526,1.0,1.5,0.716,0.9,2.4,3.3,0.8,0.6,0.4,0.5,1.2,5.1,,2022,2021-22
385.0,Ignas Brazdeikis,23.0,ORL,SF,42.0,1.0,12.8,1.9,4.5,0.431,0.6,2.1,0.31,1.3,2.4,0.535,0.503,0.5,0.8,0.656,0.5,1.2,1.7,0.9,0.2,0.1,0.4,1.1,5.0,,2022,2021-22
386.0,Jock Landale,26.0,SAS,C,54.0,1.0,10.9,1.9,3.8,0.495,0.5,1.6,0.326,1.3,2.1,0.626,0.566,0.6,0.8,0.829,1.2,1.4,2.6,0.8,0.2,0.3,0.6,1.0,4.9,,2022,2021-22
387.0,Rajon Rondo,35.0,2TM,PG,39.0,1.0,17.9,1.7,4.5,0.386,0.8,2.3,0.352,0.9,2.3,0.42,0.474,0.5,0.7,0.731,0.4,2.4,2.8,4.4,0.8,0.2,1.7,1.4,4.8,,2022,2021-22
387.0,Rajon Rondo,35.0,LAL,PG,18.0,0.0,16.1,1.3,3.9,0.324,0.4,1.7,0.267,0.8,2.3,0.366,0.38,0.1,0.1,0.5,0.6,2.2,2.7,3.7,0.7,0.3,1.9,1.4,3.1,,2022,2021-22
387.0,Rajon Rondo,35.0,CLE,PG,21.0,1.0,19.4,2.1,5.0,0.429,1.1,2.8,0.397,1.0,2.2,0.468,0.538,0.9,1.1,0.75,0.2,2.6,2.8,4.9,0.9,0.0,1.6,1.5,6.2,,2022,2021-22
388.0,Brandon Goodwin,26.0,CLE,PG,36.0,5.0,13.9,1.8,4.3,0.416,0.5,1.5,0.345,1.3,2.8,0.455,0.477,0.7,1.1,0.632,0.4,1.5,1.9,2.5,0.7,0.0,1.0,1.1,4.8,,2022,2021-22
389.0,Josh Green,21.0,DAL,SG,67.0,3.0,15.5,1.9,3.8,0.508,0.4,1.2,0.359,1.5,2.7,0.573,0.563,0.5,0.7,0.689,0.8,1.6,2.4,1.2,0.7,0.2,0.7,1.7,4.8,,2022,2021-22
390.0,John Konchar,25.0,MEM,SG,72.0,7.0,17.9,1.9,3.6,0.515,0.7,1.8,0.413,1.2,1.9,0.61,0.615,0.4,0.7,0.551,1.2,3.4,4.6,1.5,0.6,0.3,0.4,1.3,4.8,,2022,2021-22
391.0,Xavier Tillman Sr.,23.0,MEM,PF,53.0,2.0,13.2,1.8,4.1,0.454,0.2,0.9,0.204,1.7,3.2,0.527,0.477,0.9,1.3,0.648,1.2,1.8,3.0,1.2,0.9,0.3,0.6,1.2,4.8,,2022,2021-22
392.0,Udoka Azubuike,22.0,UTA,C,17.0,6.0,11.5,2.2,2.9,0.755,0.0,0.0,,2.2,2.9,0.755,0.755,0.4,0.6,0.545,1.1,3.1,4.2,0.0,0.1,0.6,0.7,1.5,4.7,,2022,2021-22
393.0,Greg Brown III,20.0,POR,SF,48.0,6.0,13.3,1.7,4.0,0.426,0.4,1.3,0.311,1.3,2.7,0.481,0.476,0.9,1.4,0.677,0.8,2.0,2.8,0.7,0.5,0.5,0.8,1.9,4.7,,2022,2021-22
394.0,David Duke Jr.,22.0,BRK,PG,22.0,7.0,15.5,1.8,4.9,0.361,0.4,1.7,0.243,1.4,3.2,0.423,0.403,0.8,1.0,0.81,1.4,1.7,3.0,0.8,0.6,0.3,0.4,1.6,4.7,,2022,2021-22
395.0,Cameron McGriff,24.0,POR,SF,3.0,0.0,15.3,1.7,4.7,0.357,0.7,2.0,0.333,1.0,2.7,0.375,0.429,0.7,0.7,1.0,2.0,3.0,5.0,1.0,0.0,0.3,0.0,2.3,4.7,,2022,2021-22
396.0,James Bouknight,21.0,CHO,SG,31.0,0.0,9.8,1.6,4.5,0.348,0.5,1.6,0.347,1.0,3.0,0.348,0.408,0.9,1.0,0.871,0.7,1.0,1.7,0.8,0.2,0.0,0.5,0.9,4.6,,2022,2021-22
397.0,Maurice Harkless,28.0,SAC,SF,47.0,24.0,18.4,1.8,3.9,0.459,0.7,2.1,0.307,1.1,1.7,0.65,0.544,0.4,0.6,0.714,0.3,2.1,2.4,0.5,0.6,0.5,0.7,1.6,4.6,,2022,2021-22
398.0,Svi Mykhailiuk,24.0,TOR,SF,56.0,5.0,12.8,1.6,4.2,0.389,0.7,2.4,0.306,0.9,1.8,0.5,0.476,0.6,0.7,0.865,0.4,1.3,1.6,0.8,0.5,0.1,0.6,1.0,4.6,,2022,2021-22
399.0,Romeo Langford,22.0,2TM,SG,48.0,5.0,16.1,1.7,4.0,0.435,0.6,1.8,0.341,1.1,2.2,0.509,0.51,0.5,0.9,0.548,0.6,1.6,2.3,0.4,0.5,0.3,0.3,1.0,4.5,,2022,2021-22
399.0,Romeo Langford,22.0,BOS,SG,44.0,5.0,16.5,1.8,4.2,0.429,0.7,1.9,0.349,1.1,2.3,0.495,0.508,0.5,0.8,0.588,0.7,1.7,2.4,0.4,0.5,0.4,0.4,1.0,4.7,,2022,2021-22
399.0,Romeo Langford,22.0,SAS,SG,4.0,0.0,10.8,1.0,1.8,0.571,0.0,0.5,0.0,1.0,1.3,0.8,0.571,0.8,2.0,0.375,0.0,1.0,1.0,0.5,0.3,0.0,0.0,0.3,2.8,,2022,2021-22
400.0,Khem Birch,29.0,TOR,C,55.0,28.0,18.0,1.8,3.6,0.485,0.0,0.3,0.0,1.8,3.4,0.522,0.485,1.0,1.3,0.746,2.2,2.1,4.3,1.0,0.5,0.5,0.5,1.9,4.5,,2022,2021-22
401.0,Marquese Chriss,24.0,DAL,PF,34.0,0.0,10.2,1.8,3.9,0.463,0.2,0.7,0.32,1.6,3.2,0.495,0.493,0.6,1.0,0.667,1.0,2.1,3.0,0.5,0.4,0.4,0.5,1.9,4.5,,2022,2021-22
402.0,Louis King,22.0,SAC,SF,10.0,0.0,10.4,1.5,4.7,0.319,0.8,2.7,0.296,0.7,2.0,0.35,0.404,0.7,1.0,0.7,0.0,1.2,1.2,0.9,0.2,0.1,0.0,1.4,4.5,,2022,2021-22
403.0,Taj Gibson,36.0,NYK,C,52.0,4.0,18.2,1.7,3.2,0.518,0.3,0.7,0.395,1.4,2.5,0.555,0.563,0.8,1.0,0.808,1.7,2.7,4.4,0.6,0.4,0.8,0.5,2.6,4.4,,2022,2021-22
404.0,Timothé Luwawu-Cabarrot,26.0,ATL,SF,52.0,18.0,13.2,1.4,3.6,0.398,0.8,2.3,0.361,0.6,1.2,0.469,0.516,0.7,0.8,0.854,0.3,1.3,1.6,0.8,0.3,0.1,0.4,1.5,4.4,,2022,2021-22
405.0,Moses Moody,19.0,GSW,SG,52.0,11.0,11.7,1.5,3.5,0.437,0.8,2.1,0.364,0.8,1.4,0.548,0.546,0.5,0.7,0.778,0.3,1.2,1.5,0.4,0.1,0.2,0.3,0.8,4.4,,2022,2021-22
406.0,Jabari Parker,26.0,BOS,PF,12.0,0.0,9.3,1.5,3.2,0.474,0.7,1.3,0.5,0.8,1.8,0.455,0.579,0.8,0.8,1.0,0.4,1.9,2.3,0.5,0.3,0.1,0.7,1.1,4.4,,2022,2021-22
407.0,Davon Reed,26.0,DEN,SG,48.0,5.0,13.9,1.7,3.4,0.503,0.8,1.8,0.43,0.9,1.6,0.587,0.618,0.2,0.3,0.667,0.3,2.0,2.3,1.1,0.5,0.2,0.3,1.3,4.4,,2022,2021-22
408.0,Delon Wright,29.0,ATL,SG,77.0,8.0,18.9,1.6,3.5,0.454,0.6,1.5,0.379,1.0,2.0,0.51,0.535,0.7,0.8,0.857,0.6,2.2,2.9,2.4,1.2,0.2,0.6,0.7,4.4,,2022,2021-22
409.0,Moses Brown,22.0,2TM,C,40.0,6.0,8.6,1.6,2.7,0.593,0.0,0.0,,1.6,2.7,0.593,0.593,1.1,1.8,0.597,1.0,2.4,3.4,0.0,0.2,0.4,0.5,1.3,4.3,,2022,2021-22
409.0,Moses Brown,22.0,DAL,C,26.0,1.0,6.5,1.0,1.9,0.54,0.0,0.0,,1.0,1.9,0.54,0.54,1.0,1.7,0.628,0.6,1.7,2.3,0.0,0.1,0.3,0.5,1.1,3.1,,2022,2021-22
409.0,Moses Brown,22.0,CLE,C,14.0,5.0,12.6,2.6,4.1,0.638,0.0,0.0,,2.6,4.1,0.638,0.638,1.1,2.1,0.552,1.6,3.6,5.3,0.0,0.3,0.5,0.4,1.8,6.4,,2022,2021-22
410.0,DeAndre Jordan,33.0,2TM,C,48.0,20.0,13.0,1.9,3.0,0.643,0.0,0.0,,1.9,3.0,0.643,0.643,0.5,0.8,0.55,1.7,3.8,5.5,0.4,0.3,0.7,0.8,1.5,4.3,,2022,2021-22
410.0,DeAndre Jordan,33.0,LAL,C,32.0,19.0,12.8,1.9,2.8,0.674,0.0,0.0,,1.9,2.8,0.674,0.674,0.4,0.8,0.462,1.6,3.8,5.4,0.4,0.3,0.8,0.7,1.6,4.1,,2022,2021-22
410.0,DeAndre Jordan,33.0,PHI,C,16.0,1.0,13.4,2.0,3.4,0.593,0.0,0.0,,2.0,3.4,0.593,0.593,0.6,0.9,0.714,2.0,3.8,5.8,0.5,0.1,0.6,1.0,1.3,4.6,,2022,2021-22
411.0,Troy Brown Jr.,22.0,CHI,SF,66.0,7.0,16.0,1.6,3.9,0.419,0.7,2.0,0.353,0.9,1.9,0.488,0.51,0.3,0.4,0.769,0.6,2.5,3.1,1.0,0.5,0.1,0.4,0.9,4.3,,2022,2021-22
412.0,Mamadi Diakite,25.0,OKC,PF,13.0,3.0,14.5,1.9,3.6,0.532,0.0,0.4,0.0,1.9,3.2,0.595,0.532,0.5,0.8,0.545,1.3,3.2,4.5,0.2,0.4,0.7,0.5,2.5,4.3,,2022,2021-22
413.0,Malachi Flynn,23.0,TOR,PG,44.0,5.0,12.2,1.6,4.2,0.393,0.7,2.0,0.333,1.0,2.1,0.452,0.475,0.3,0.5,0.625,0.2,1.2,1.4,1.6,0.5,0.1,0.3,1.0,4.3,,2022,2021-22
414.0,Boban Marjanović,33.0,DAL,C,23.0,0.0,5.6,1.8,3.0,0.6,0.0,0.2,0.25,1.8,2.9,0.621,0.607,0.6,1.0,0.591,0.3,1.3,1.7,0.1,0.0,0.1,0.7,1.0,4.3,,2022,2021-22
415.0,Trevelin Queen,24.0,HOU,SG,10.0,0.0,7.4,1.5,3.3,0.455,0.9,2.4,0.375,0.6,0.9,0.667,0.591,0.4,0.4,1.0,0.7,0.9,1.6,0.4,0.5,0.1,0.7,0.6,4.3,,2022,2021-22
416.0,Yuta Watanabe,27.0,TOR,SF,38.0,4.0,11.7,1.5,3.6,0.406,0.7,2.1,0.342,0.8,1.6,0.492,0.504,0.6,1.1,0.6,0.5,1.9,2.4,0.6,0.3,0.4,0.5,1.0,4.3,,2022,2021-22
417.0,Rayjon Tucker,24.0,2TM,SG,5.0,0.0,14.2,1.2,1.8,0.667,0.8,1.0,0.8,0.4,0.8,0.5,0.889,1.0,1.4,0.714,0.6,1.0,1.6,2.0,0.8,0.0,0.2,1.0,4.2,,2022,2021-22
417.0,Rayjon Tucker,24.0,DEN,SG,3.0,0.0,9.7,0.3,0.7,0.5,0.3,0.7,0.5,0.0,0.0,,0.75,1.0,1.3,0.75,0.3,1.0,1.3,1.3,0.3,0.0,0.0,1.0,2.0,,2022,2021-22
417.0,Rayjon Tucker,24.0,MIL,SG,2.0,0.0,21.0,2.5,3.5,0.714,1.5,1.5,1.0,1.0,2.0,0.5,0.929,1.0,1.5,0.667,1.0,1.0,2.0,3.0,1.5,0.0,0.5,1.0,7.5,,2022,2021-22
418.0,Jevon Carter,26.0,2TM,PG,66.0,3.0,13.7,1.5,3.8,0.387,1.0,2.6,0.388,0.5,1.3,0.386,0.518,0.2,0.3,0.833,0.2,1.5,1.7,1.5,0.4,0.2,0.5,1.0,4.2,,2022,2021-22
418.0,Jevon Carter,26.0,BRK,PG,46.0,1.0,12.0,1.3,3.8,0.333,0.9,2.8,0.331,0.3,1.0,0.34,0.454,0.2,0.2,0.7,0.2,1.3,1.5,1.0,0.3,0.2,0.6,1.0,3.6,,2022,2021-22
418.0,Jevon Carter,26.0,MIL,PG,20.0,2.0,17.7,2.0,4.0,0.506,1.2,2.2,0.558,0.8,1.8,0.444,0.658,0.4,0.4,1.0,0.3,1.9,2.2,2.5,0.5,0.2,0.4,1.1,5.6,,2022,2021-22
419.0,Sam Merrill,25.0,MEM,SG,6.0,0.0,9.7,1.3,4.0,0.333,1.2,3.8,0.304,0.2,0.2,1.0,0.479,0.3,0.7,0.5,0.2,1.0,1.2,0.7,0.0,0.0,0.3,0.5,4.2,,2022,2021-22
420.0,Lindell Wigginton,23.0,MIL,PG,19.0,0.0,10.5,1.4,3.2,0.426,0.5,1.4,0.346,0.9,1.8,0.486,0.5,1.0,1.8,0.543,0.2,1.2,1.3,1.2,0.3,0.1,0.6,0.9,4.2,,2022,2021-22
421.0,James Ennis III,31.0,3TM,SF,7.0,0.0,8.0,1.6,3.4,0.458,0.4,1.1,0.375,1.1,2.3,0.5,0.521,0.6,0.7,0.8,0.7,1.0,1.7,0.4,0.3,0.3,0.3,0.7,4.1,,2022,2021-22
421.0,James Ennis III,31.0,BRK,SF,2.0,0.0,7.0,1.0,3.5,0.286,0.5,1.0,0.5,0.5,2.5,0.2,0.357,0.0,0.0,,1.0,1.5,2.5,0.0,0.5,0.5,0.0,0.0,2.5,,2022,2021-22
421.0,James Ennis III,31.0,LAC,SF,2.0,0.0,14.0,3.5,5.5,0.636,1.0,2.0,0.5,2.5,3.5,0.714,0.727,2.0,2.0,1.0,1.0,1.5,2.5,0.0,0.5,0.5,0.5,2.0,10.0,,2022,2021-22
421.0,James Ennis III,31.0,DEN,SF,3.0,0.0,4.7,0.7,2.0,0.333,0.0,0.7,0.0,0.7,1.3,0.5,0.333,0.0,0.3,0.0,0.3,0.3,0.7,1.0,0.0,0.0,0.3,0.3,1.3,,2022,2021-22
422.0,Mychal Mulder,27.0,2TM,PG,17.0,3.0,14.1,1.4,4.5,0.312,1.0,3.2,0.315,0.4,1.4,0.304,0.422,0.2,0.2,1.0,0.1,1.3,1.4,0.3,0.2,0.1,0.5,0.8,4.1,,2022,2021-22
422.0,Mychal Mulder,27.0,ORL,PG,15.0,2.0,13.0,1.3,4.5,0.299,0.9,3.1,0.283,0.5,1.4,0.333,0.396,0.1,0.1,1.0,0.1,1.3,1.4,0.2,0.3,0.1,0.5,0.8,3.7,,2022,2021-22
422.0,Mychal Mulder,27.0,MIA,PG,2.0,1.0,22.0,2.0,5.0,0.4,2.0,4.0,0.5,0.0,1.0,0.0,0.6,1.0,1.0,1.0,0.0,1.5,1.5,1.0,0.0,0.5,0.0,0.5,7.0,,2022,2021-22
423.0,Santi Aldama,21.0,MEM,PF,32.0,0.0,11.3,1.7,4.1,0.402,0.2,1.5,0.125,1.5,2.6,0.56,0.424,0.6,1.0,0.625,1.0,1.7,2.7,0.7,0.2,0.3,0.5,1.1,4.1,,2022,2021-22
424.0,Vlatko Čančar,24.0,DEN,PF,15.0,1.0,11.7,1.5,2.7,0.561,0.5,0.8,0.583,1.1,1.9,0.552,0.646,0.6,0.9,0.643,0.5,1.5,2.1,1.1,0.1,0.2,0.6,1.2,4.1,,2022,2021-22
425.0,Anthony Gill,29.0,WAS,PF,44.0,0.0,10.5,1.4,2.5,0.569,0.3,0.6,0.538,1.1,1.9,0.578,0.633,1.0,1.2,0.808,0.8,1.2,1.9,0.6,0.1,0.3,0.4,1.3,4.1,,2022,2021-22
426.0,Markus Howard,22.0,DEN,SG,31.0,0.0,5.7,1.3,3.3,0.386,0.9,2.3,0.4,0.4,1.0,0.355,0.525,0.6,0.7,0.87,0.1,0.3,0.4,0.2,0.3,0.0,0.2,0.5,4.1,,2022,2021-22
427.0,Frank Ntilikina,23.0,DAL,SG,58.0,5.0,11.8,1.5,3.8,0.399,0.7,1.9,0.342,0.9,1.9,0.455,0.484,0.4,0.4,0.96,0.2,1.2,1.4,1.2,0.5,0.1,0.5,1.1,4.1,,2022,2021-22
428.0,Juan Toscano-Anderson,28.0,GSW,SF,73.0,6.0,13.6,1.6,3.2,0.489,0.4,1.2,0.322,1.2,2.0,0.588,0.549,0.5,1.0,0.571,0.4,2.0,2.4,1.7,0.7,0.2,0.9,1.6,4.1,,2022,2021-22
429.0,Mac McClung,23.0,2TM,SG,2.0,0.0,12.5,1.5,3.0,0.5,0.5,1.5,0.333,1.0,1.5,0.667,0.583,0.5,0.5,1.0,0.0,1.5,1.5,0.5,0.5,0.5,1.5,2.5,4.0,,2022,2021-22
429.0,Mac McClung,23.0,CHI,PG,1.0,0.0,3.0,1.0,1.0,1.0,0.0,0.0,,1.0,1.0,1.0,1.0,0.0,0.0,,0.0,0.0,0.0,0.0,0.0,0.0,1.0,0.0,2.0,,2022,2021-22
429.0,Mac McClung,23.0,LAL,SG,1.0,0.0,22.0,2.0,5.0,0.4,1.0,3.0,0.333,1.0,2.0,0.5,0.5,1.0,1.0,1.0,0.0,3.0,3.0,1.0,1.0,1.0,2.0,5.0,6.0,,2022,2021-22
430.0,Trevor Ariza,36.0,LAL,SF,24.0,11.0,19.3,1.4,4.1,0.333,0.8,3.1,0.27,0.5,1.0,0.52,0.434,0.4,0.8,0.556,0.4,3.0,3.4,1.1,0.5,0.3,0.5,0.8,4.0,,2022,2021-22
431.0,Scotty Hopson,32.0,OKC,SG,1.0,0.0,18.0,2.0,4.0,0.5,0.0,1.0,0.0,2.0,3.0,0.667,0.5,0.0,0.0,,0.0,1.0,1.0,1.0,0.0,0.0,2.0,1.0,4.0,,2022,2021-22
432.0,Andre Iguodala,38.0,GSW,SF,31.0,0.0,19.5,1.5,3.9,0.38,0.5,2.4,0.23,0.9,1.5,0.617,0.45,0.5,0.6,0.75,0.7,2.5,3.2,3.7,0.9,0.7,0.9,1.1,4.0,,2022,2021-22
433.0,Micah Potter,23.0,DET,C,3.0,0.0,10.3,1.7,3.7,0.455,0.0,0.7,0.0,1.7,3.0,0.556,0.455,0.7,0.7,1.0,1.3,1.7,3.0,0.0,0.3,0.3,0.3,1.3,4.0,,2022,2021-22
434.0,Matt Thomas,27.0,CHI,SG,40.0,0.0,11.5,1.4,3.4,0.41,0.9,2.3,0.385,0.5,1.1,0.465,0.541,0.4,0.5,0.8,0.1,1.2,1.3,0.5,0.2,0.1,0.2,0.5,4.0,,2022,2021-22
435.0,Gabe York,28.0,IND,SG,2.0,0.0,10.5,1.0,3.5,0.286,0.5,3.0,0.167,0.5,0.5,1.0,0.357,1.5,2.5,0.6,0.0,1.0,1.0,2.0,1.0,0.5,0.5,2.0,4.0,,2022,2021-22
436.0,Didi Louzada,22.0,2TM,SF,9.0,1.0,14.3,1.3,3.7,0.364,1.0,2.6,0.391,0.3,1.1,0.3,0.5,0.2,0.2,1.0,0.6,1.3,1.9,0.6,0.2,0.2,0.6,1.4,3.9,,2022,2021-22
436.0,Didi Louzada,22.0,NOP,SF,2.0,0.0,3.5,0.0,1.5,0.0,0.0,1.5,0.0,0.0,0.0,,0.0,0.0,0.0,,1.0,0.0,1.0,0.5,0.0,0.0,0.0,0.0,0.0,,2022,2021-22
436.0,Didi Louzada,22.0,POR,SG,7.0,1.0,17.4,1.7,4.3,0.4,1.3,2.9,0.45,0.4,1.4,0.3,0.55,0.3,0.3,1.0,0.4,1.7,2.1,0.6,0.3,0.3,0.7,1.9,5.0,,2022,2021-22
437.0,Kyle Guy,24.0,MIA,SG,19.0,0.0,9.8,1.4,3.4,0.4,0.7,2.1,0.35,0.6,1.3,0.48,0.508,0.4,0.6,0.667,0.2,0.7,0.9,0.9,0.4,0.1,0.7,0.6,3.9,,2022,2021-22
438.0,Malcolm Hill,26.0,2TM,SG,19.0,0.0,11.2,1.3,2.7,0.462,0.7,1.9,0.361,0.6,0.8,0.688,0.587,0.6,0.7,0.786,0.6,1.3,1.8,0.4,0.4,0.2,0.2,1.3,3.8,,2022,2021-22
438.0,Malcolm Hill,26.0,ATL,SG,3.0,0.0,15.3,1.7,2.7,0.625,1.0,1.7,0.6,0.7,1.0,0.667,0.813,1.3,1.3,1.0,0.7,1.3,2.0,0.3,1.3,0.3,0.0,2.3,5.7,,2022,2021-22
438.0,Malcolm Hill,26.0,CHI,SF,16.0,0.0,10.4,1.2,2.8,0.432,0.6,1.9,0.323,0.6,0.8,0.692,0.545,0.4,0.6,0.7,0.6,1.3,1.8,0.4,0.2,0.1,0.2,1.1,3.4,,2022,2021-22
439.0,Jared Butler,21.0,UTA,SG,42.0,1.0,8.6,1.5,3.6,0.404,0.7,2.1,0.318,0.8,1.5,0.524,0.497,0.3,0.4,0.688,0.1,1.0,1.1,1.5,0.4,0.2,0.8,1.1,3.8,,2022,2021-22
440.0,Sandro Mamukelashvili,22.0,MIL,PF,41.0,3.0,9.9,1.4,2.8,0.496,0.5,1.3,0.423,0.9,1.5,0.556,0.591,0.4,0.5,0.818,0.9,1.1,2.0,0.5,0.2,0.2,0.4,0.7,3.8,,2022,2021-22
441.0,Jordan McLaughlin,25.0,MIN,PG,62.0,3.0,14.5,1.4,3.2,0.44,0.4,1.4,0.318,1.0,1.9,0.53,0.508,0.5,0.6,0.75,0.4,1.2,1.5,2.9,0.9,0.2,0.6,0.9,3.8,,2022,2021-22
442.0,Aaron Nesmith,22.0,BOS,SF,52.0,3.0,11.0,1.4,3.5,0.396,0.6,2.2,0.27,0.8,1.3,0.612,0.481,0.4,0.5,0.808,0.3,1.4,1.7,0.4,0.4,0.1,0.6,1.3,3.8,,2022,2021-22
443.0,Jamorko Pickett,24.0,DET,PF,13.0,0.0,13.5,1.4,3.8,0.36,1.0,3.0,0.333,0.4,0.8,0.455,0.49,0.1,0.2,0.5,0.5,2.0,2.5,0.5,0.0,0.5,0.4,0.9,3.8,,2022,2021-22
444.0,Admiral Schofield,24.0,ORL,SF,38.0,1.0,12.3,1.4,3.4,0.419,0.7,2.1,0.329,0.7,1.3,0.56,0.519,0.3,0.4,0.8,0.4,1.9,2.3,0.7,0.1,0.1,0.6,1.5,3.8,,2022,2021-22
445.0,Cheick Diallo,25.0,DET,C,3.0,0.0,10.3,1.0,2.7,0.375,0.0,0.0,,1.0,2.7,0.375,0.375,1.7,2.0,0.833,1.3,2.7,4.0,0.0,0.3,0.0,0.3,2.0,3.7,,2022,2021-22
446.0,Enes Freedom,29.0,BOS,C,35.0,1.0,11.7,1.5,2.8,0.526,0.1,0.1,0.4,1.4,2.6,0.533,0.536,0.7,0.8,0.857,1.7,2.8,4.6,0.2,0.1,0.4,0.6,1.2,3.7,,2022,2021-22
447.0,Nathan Knight,24.0,MIN,PF,37.0,2.0,7.2,1.2,2.4,0.511,0.1,0.4,0.308,1.1,2.0,0.547,0.534,1.2,1.6,0.733,0.9,1.4,2.3,0.6,0.2,0.2,0.5,1.1,3.7,,2022,2021-22
448.0,KZ Okpala,22.0,MIA,PF,21.0,0.0,11.6,1.4,3.3,0.435,0.4,1.2,0.346,1.0,2.0,0.488,0.5,0.4,0.5,0.727,0.5,1.4,2.0,0.7,0.2,0.3,0.2,1.2,3.7,,2022,2021-22
449.0,Brad Wanamaker,32.0,2TM,PG,23.0,2.0,13.9,1.2,3.3,0.364,0.2,0.7,0.235,1.0,2.6,0.4,0.39,1.0,1.1,0.92,0.3,1.4,1.7,2.4,0.3,0.3,1.0,2.0,3.6,,2022,2021-22
449.0,Brad Wanamaker,32.0,IND,PG,22.0,1.0,13.3,1.2,3.3,0.361,0.2,0.8,0.235,1.0,2.5,0.4,0.389,0.9,1.0,0.909,0.3,1.3,1.6,2.2,0.2,0.3,1.0,1.9,3.5,,2022,2021-22
449.0,Brad Wanamaker,32.0,WAS,PG,1.0,1.0,27.0,2.0,5.0,0.4,0.0,0.0,,2.0,5.0,0.4,0.4,3.0,3.0,1.0,0.0,4.0,4.0,7.0,2.0,0.0,0.0,3.0,7.0,,2022,2021-22
450.0,Tomáš Satoranský,30.0,3TM,SG,55.0,13.0,16.5,1.3,3.5,0.377,0.2,1.0,0.208,1.1,2.5,0.442,0.406,0.8,1.0,0.796,0.5,1.8,2.3,3.3,0.5,0.1,0.8,1.3,3.6,,2022,2021-22
450.0,Tomáš Satoranský,30.0,NOP,SG,32.0,3.0,15.0,1.0,3.3,0.299,0.2,1.0,0.161,0.8,2.4,0.355,0.322,0.6,0.8,0.76,0.6,1.4,2.0,2.4,0.4,0.0,0.7,1.0,2.8,,2022,2021-22
450.0,Tomáš Satoranský,30.0,SAS,SF,1.0,0.0,9.0,0.0,0.0,,0.0,0.0,,0.0,0.0,,,3.0,4.0,0.75,0.0,1.0,1.0,0.0,0.0,0.0,0.0,0.0,3.0,,2022,2021-22
450.0,Tomáš Satoranský,30.0,WAS,PG,22.0,10.0,18.9,1.8,3.8,0.476,0.3,1.0,0.273,1.5,2.8,0.548,0.512,1.0,1.1,0.84,0.4,2.4,2.8,4.9,0.7,0.2,1.0,1.7,4.9,,2022,2021-22
451.0,Thanasis Antetokounmpo,29.0,MIL,SF,48.0,6.0,9.9,1.5,2.7,0.547,0.0,0.3,0.143,1.4,2.4,0.596,0.555,0.6,1.0,0.63,0.8,1.3,2.1,0.5,0.3,0.3,0.5,1.4,3.6,,2022,2021-22
452.0,Isaiah Joe,22.0,PHI,SG,55.0,1.0,11.1,1.1,3.2,0.35,0.8,2.5,0.333,0.3,0.8,0.405,0.477,0.5,0.6,0.935,0.1,0.9,1.0,0.6,0.3,0.1,0.3,0.9,3.6,,2022,2021-22
453.0,Tony Snell,30.0,2TM,SG,53.0,12.0,15.5,1.3,3.2,0.404,0.8,2.4,0.352,0.5,0.8,0.558,0.535,0.1,0.1,1.0,0.3,1.6,1.9,0.5,0.3,0.2,0.4,1.3,3.5,,2022,2021-22
453.0,Tony Snell,30.0,POR,SG,38.0,10.0,14.4,0.9,2.6,0.371,0.6,2.0,0.32,0.3,0.6,0.545,0.495,0.1,0.1,1.0,0.3,1.6,1.9,0.5,0.2,0.2,0.3,1.2,2.6,,2022,2021-22
453.0,Tony Snell,30.0,NOP,SG,15.0,2.0,18.5,2.2,4.9,0.446,1.4,3.5,0.396,0.8,1.4,0.571,0.588,0.1,0.1,1.0,0.3,1.7,2.1,0.5,0.5,0.1,0.5,1.7,5.9,,2022,2021-22
454.0,Elijah Hughes,23.0,2TM,SG,36.0,4.0,12.1,1.3,4.0,0.326,0.7,2.6,0.263,0.6,1.4,0.449,0.413,0.2,0.3,0.778,0.2,1.4,1.6,0.6,0.4,0.2,0.5,1.1,3.5,,2022,2021-22
454.0,Elijah Hughes,23.0,UTA,SF,14.0,1.0,8.0,1.1,2.6,0.417,0.7,2.0,0.357,0.4,0.6,0.625,0.556,0.2,0.2,1.0,0.1,1.1,1.2,0.4,0.3,0.1,0.5,0.5,3.1,,2022,2021-22
454.0,Elijah Hughes,23.0,POR,SG,22.0,3.0,14.6,1.5,4.9,0.296,0.7,3.0,0.224,0.8,1.9,0.415,0.366,0.2,0.3,0.667,0.2,1.7,1.9,0.7,0.5,0.3,0.5,1.5,3.8,,2022,2021-22
455.0,Paul Millsap,36.0,2TM,C,33.0,1.0,11.4,1.4,3.5,0.391,0.2,1.1,0.229,1.1,2.4,0.463,0.426,0.5,0.7,0.708,1.2,2.2,3.5,0.9,0.3,0.4,0.6,2.0,3.5,,2022,2021-22
455.0,Paul Millsap,36.0,BRK,C,24.0,0.0,11.3,1.3,3.5,0.376,0.3,1.1,0.222,1.1,2.4,0.448,0.412,0.5,0.7,0.706,1.2,2.5,3.7,1.0,0.2,0.5,0.5,2.0,3.4,,2022,2021-22
455.0,Paul Millsap,36.0,PHI,C,9.0,1.0,11.8,1.4,3.3,0.433,0.2,0.9,0.25,1.2,2.4,0.5,0.467,0.6,0.8,0.714,1.3,1.4,2.8,0.6,0.6,0.2,0.9,2.1,3.7,,2022,2021-22
456.0,Jarrett Culver,22.0,MEM,SG,37.0,0.0,9.1,1.4,3.6,0.378,0.3,1.3,0.255,1.1,2.4,0.443,0.422,0.4,0.9,0.471,0.4,0.9,1.3,0.9,0.5,0.1,0.5,1.1,3.5,,2022,2021-22
457.0,Gorgui Dieng,32.0,ATL,C,44.0,3.0,8.4,1.2,2.5,0.473,0.7,1.5,0.426,0.5,1.0,0.545,0.603,0.4,0.6,0.731,0.7,2.0,2.8,0.8,0.3,0.3,0.5,1.2,3.5,,2022,2021-22
458.0,Alfonzo McKinnie,29.0,CHI,SF,17.0,3.0,12.1,1.4,3.6,0.393,0.5,1.6,0.333,0.9,2.0,0.441,0.467,0.1,0.5,0.25,0.8,1.2,1.9,0.3,0.1,0.2,0.4,1.5,3.5,,2022,2021-22
459.0,Kent Bazemore,32.0,LAL,SF,39.0,14.0,14.0,1.2,3.6,0.324,0.7,2.1,0.363,0.4,1.5,0.271,0.428,0.3,0.4,0.765,0.3,1.4,1.8,0.9,0.6,0.2,0.5,1.8,3.4,,2022,2021-22
460.0,Tyler Cook,24.0,CHI,PF,20.0,2.0,10.0,1.2,1.9,0.605,0.0,0.0,,1.2,1.9,0.605,0.605,1.1,1.6,0.656,0.8,1.9,2.7,0.2,0.2,0.2,0.4,1.4,3.4,,2022,2021-22
461.0,Nerlens Noel,27.0,NYK,C,25.0,11.0,22.5,1.3,2.4,0.533,0.0,0.1,0.0,1.3,2.3,0.561,0.533,0.8,1.2,0.7,1.9,3.7,5.6,0.9,1.2,1.2,0.8,2.7,3.4,,2022,2021-22
462.0,Paul Watson,27.0,OKC,SF,9.0,3.0,17.3,1.3,3.9,0.343,0.7,2.9,0.231,0.7,1.0,0.667,0.429,0.1,0.2,0.5,0.3,2.7,3.0,0.9,0.3,0.3,0.4,1.1,3.4,,2022,2021-22
463.0,Juancho Hernangómez,26.0,3TM,PF,40.0,9.0,11.1,1.1,2.7,0.415,0.6,1.7,0.348,0.5,0.9,0.541,0.528,0.5,0.9,0.559,0.7,1.8,2.5,0.5,0.4,0.3,0.4,0.6,3.3,,2022,2021-22
463.0,Juancho Hernangómez,26.0,BOS,PF,18.0,0.0,5.3,0.3,1.5,0.185,0.2,1.0,0.167,0.1,0.5,0.222,0.241,0.3,0.5,0.667,0.5,0.9,1.4,0.2,0.2,0.1,0.3,0.4,1.1,,2022,2021-22
463.0,Juancho Hernangómez,26.0,SAS,PF,5.0,0.0,10.2,0.4,1.2,0.333,0.0,0.6,0.0,0.4,0.6,0.667,0.333,0.6,0.8,0.75,0.8,2.2,3.0,0.6,0.2,0.2,0.4,0.0,1.4,,2022,2021-22
463.0,Juancho Hernangómez,26.0,UTA,PF,17.0,9.0,17.5,2.2,4.3,0.507,1.2,2.8,0.438,0.9,1.5,0.64,0.651,0.6,1.2,0.476,0.9,2.6,3.5,0.8,0.5,0.4,0.5,1.1,6.2,,2022,2021-22
464.0,Semi Ojeleye,27.0,2TM,PF,30.0,0.0,13.5,1.0,3.3,0.303,0.5,1.7,0.3,0.5,1.6,0.306,0.379,0.8,1.0,0.793,0.9,1.6,2.5,0.3,0.2,0.2,0.3,1.0,3.3,,2022,2021-22
464.0,Semi Ojeleye,27.0,MIL,PF,20.0,0.0,15.4,0.9,3.5,0.257,0.6,2.1,0.268,0.4,1.5,0.241,0.336,0.5,0.7,0.769,1.3,1.7,2.9,0.3,0.3,0.3,0.3,1.3,2.9,,2022,2021-22
464.0,Semi Ojeleye,27.0,LAC,PF,10.0,0.0,9.8,1.2,2.9,0.414,0.4,0.9,0.444,0.8,2.0,0.4,0.483,1.3,1.6,0.813,0.2,1.4,1.6,0.4,0.2,0.1,0.4,0.4,4.1,,2022,2021-22
465.0,Tremont Waters,24.0,2TM,PG,3.0,0.0,16.7,1.3,4.7,0.286,0.7,3.0,0.222,0.7,1.7,0.4,0.357,0.0,0.0,,0.0,1.3,1.3,2.3,1.7,0.0,1.3,1.3,3.3,,2022,2021-22
465.0,Tremont Waters,24.0,TOR,PG,2.0,0.0,21.0,1.5,6.0,0.25,1.0,4.5,0.222,0.5,1.5,0.333,0.333,0.0,0.0,,0.0,2.0,2.0,3.5,2.0,0.0,2.0,1.0,4.0,,2022,2021-22
465.0,Tremont Waters,24.0,WAS,PG,1.0,0.0,8.0,1.0,2.0,0.5,0.0,0.0,,1.0,2.0,0.5,0.5,0.0,0.0,,0.0,0.0,0.0,0.0,1.0,0.0,0.0,2.0,2.0,,2022,2021-22
466.0,Tim Frazier,31.0,2TM,PG,12.0,3.0,17.3,1.2,3.8,0.311,0.5,1.4,0.353,0.7,2.3,0.286,0.378,0.4,0.8,0.556,0.4,1.2,1.6,2.8,0.3,0.1,1.3,2.3,3.3,,2022,2021-22
466.0,Tim Frazier,31.0,ORL,PG,10.0,3.0,20.0,1.3,4.3,0.302,0.6,1.7,0.353,0.7,2.6,0.269,0.372,0.5,0.9,0.556,0.5,1.4,1.9,3.3,0.3,0.1,1.3,2.4,3.7,,2022,2021-22
466.0,Tim Frazier,31.0,CLE,PG,2.0,0.0,4.0,0.5,1.0,0.5,0.0,0.0,,0.5,1.0,0.5,0.5,0.0,0.0,,0.0,0.0,0.0,0.5,0.0,0.0,1.0,1.5,1.0,,2022,2021-22
467.0,Sterling Brown,26.0,DAL,SG,49.0,3.0,12.8,1.2,3.2,0.381,0.6,1.9,0.304,0.6,1.3,0.492,0.471,0.3,0.3,0.933,0.5,2.5,3.0,0.7,0.3,0.1,0.5,1.1,3.3,,2022,2021-22
468.0,Trent Forrest,23.0,UTA,PG,60.0,6.0,12.8,1.3,2.6,0.49,0.1,0.5,0.185,1.2,2.1,0.555,0.506,0.6,0.8,0.792,0.4,1.3,1.7,1.8,0.5,0.1,0.8,0.7,3.3,,2022,2021-22
469.0,Gabriel Lundberg,27.0,PHO,SG,4.0,0.0,11.0,1.3,4.8,0.263,0.8,2.0,0.375,0.5,2.8,0.182,0.342,0.0,0.0,,0.5,1.3,1.8,2.8,0.8,0.0,0.8,1.8,3.3,,2022,2021-22
470.0,Killian Tillie,23.0,MEM,C,36.0,3.0,12.8,1.2,3.5,0.339,0.8,2.4,0.314,0.4,1.1,0.39,0.445,0.1,0.2,0.625,0.6,1.1,1.7,0.6,0.6,0.4,0.4,1.6,3.3,,2022,2021-22
471.0,Dalano Banton,22.0,TOR,PG,64.0,1.0,10.9,1.3,3.2,0.411,0.2,0.8,0.255,1.1,2.4,0.464,0.443,0.4,0.7,0.591,0.6,1.3,1.9,1.5,0.4,0.2,0.8,1.1,3.2,,2022,2021-22
472.0,Daishen Nix,19.0,HOU,SG,24.0,0.0,10.9,1.1,2.8,0.403,0.3,1.1,0.269,0.8,1.7,0.488,0.455,0.7,1.3,0.533,0.3,1.1,1.4,1.7,0.6,0.0,1.1,0.9,3.2,,2022,2021-22
473.0,Jahmi'us Ramsey,20.0,SAC,SG,19.0,0.0,7.1,1.3,3.1,0.414,0.3,0.9,0.278,1.0,2.1,0.475,0.457,0.4,0.7,0.5,0.2,0.5,0.7,0.4,0.1,0.1,0.3,0.5,3.2,,2022,2021-22
474.0,Justin Robinson,24.0,3TM,PG,25.0,0.0,12.2,1.1,3.7,0.301,0.7,2.4,0.295,0.4,1.3,0.313,0.398,0.2,0.3,0.5,0.2,0.7,0.8,1.3,0.4,0.0,0.7,1.1,3.1,,2022,2021-22
474.0,Justin Robinson,24.0,MIL,PG,17.0,0.0,11.6,1.1,3.4,0.316,0.6,2.2,0.27,0.5,1.2,0.4,0.404,0.1,0.1,1.0,0.1,0.6,0.8,1.2,0.5,0.0,0.6,1.0,2.8,,2022,2021-22
474.0,Justin Robinson,24.0,SAC,PG,3.0,0.0,5.0,0.3,2.7,0.125,0.0,1.0,0.0,0.3,1.7,0.2,0.125,0.0,0.0,,0.0,0.3,0.3,0.7,0.0,0.0,0.3,0.7,0.7,,2022,2021-22
474.0,Justin Robinson,24.0,DET,PG,5.0,0.0,18.2,1.8,5.6,0.321,1.6,4.2,0.381,0.2,1.4,0.143,0.464,0.4,1.2,0.333,0.4,1.0,1.4,1.8,0.2,0.2,1.0,1.6,5.6,,2022,2021-22
475.0,Kevin Knox,22.0,2TM,SF,30.0,0.0,7.4,1.0,2.8,0.365,0.5,1.8,0.278,0.5,1.0,0.516,0.453,0.5,0.7,0.727,0.5,1.0,1.5,0.3,0.1,0.1,0.2,0.6,3.1,,2022,2021-22
475.0,Kevin Knox,22.0,NYK,SF,13.0,0.0,8.5,1.2,3.1,0.375,0.8,2.2,0.357,0.4,0.9,0.417,0.5,0.5,0.8,0.7,0.6,1.1,1.7,0.2,0.2,0.1,0.4,0.4,3.6,,2022,2021-22
475.0,Kevin Knox,22.0,ATL,SF,17.0,0.0,6.5,0.9,2.6,0.356,0.3,1.5,0.192,0.6,1.1,0.579,0.411,0.5,0.7,0.75,0.4,0.9,1.3,0.4,0.1,0.1,0.1,0.8,2.7,,2022,2021-22
476.0,Rodney Hood,29.0,2TM,SF,52.0,0.0,13.6,1.1,3.0,0.369,0.6,1.8,0.33,0.5,1.3,0.424,0.465,0.3,0.4,0.895,0.3,1.2,1.5,0.7,0.3,0.1,0.2,0.6,3.1,,2022,2021-22
476.0,Rodney Hood,29.0,MIL,PF,39.0,0.0,14.9,1.2,3.4,0.351,0.6,2.1,0.3,0.6,1.3,0.431,0.443,0.3,0.4,0.929,0.3,1.4,1.7,0.8,0.3,0.1,0.2,0.7,3.3,,2022,2021-22
476.0,Rodney Hood,29.0,LAC,SF,13.0,0.0,9.8,0.9,2.0,0.462,0.5,0.8,0.545,0.5,1.2,0.4,0.577,0.3,0.4,0.8,0.2,0.6,0.8,0.6,0.2,0.2,0.3,0.3,2.6,,2022,2021-22
477.0,Keljin Blevins,26.0,POR,SF,31.0,1.0,11.3,1.1,3.6,0.306,0.7,2.3,0.292,0.4,1.3,0.333,0.401,0.2,0.4,0.545,0.5,0.9,1.5,0.6,0.4,0.0,0.5,0.9,3.1,,2022,2021-22
478.0,Devontae Cacok,25.0,SAS,PF,15.0,0.0,8.1,1.4,2.1,0.677,0.0,0.0,,1.4,2.1,0.677,0.677,0.3,0.5,0.571,0.5,2.3,2.8,0.4,0.5,0.5,0.2,1.1,3.1,,2022,2021-22
479.0,Paul Reed,22.0,PHI,C,38.0,2.0,7.9,1.4,2.5,0.563,0.1,0.2,0.25,1.4,2.3,0.591,0.573,0.2,0.4,0.429,1.2,1.3,2.4,0.4,0.9,0.4,0.3,1.5,3.1,,2022,2021-22
480.0,Javonte Smart,22.0,2TM,PG,17.0,1.0,11.8,1.1,3.5,0.317,0.5,1.6,0.296,0.6,1.9,0.333,0.383,0.3,0.4,0.833,0.3,1.1,1.4,0.9,0.4,0.2,0.6,0.7,3.0,,2022,2021-22
480.0,Javonte Smart,22.0,MIL,PG,13.0,1.0,12.3,0.8,3.3,0.256,0.3,1.4,0.222,0.5,1.9,0.28,0.302,0.4,0.5,0.833,0.3,1.2,1.5,1.1,0.3,0.2,0.7,0.8,2.4,,2022,2021-22
480.0,Javonte Smart,22.0,MIA,PG,4.0,0.0,10.0,2.0,4.3,0.471,1.0,2.3,0.444,1.0,2.0,0.5,0.588,0.0,0.0,,0.3,1.0,1.3,0.5,0.5,0.3,0.5,0.3,5.0,,2022,2021-22
481.0,Paris Bass,26.0,PHO,SF,2.0,0.0,3.5,1.0,3.0,0.333,0.0,1.0,0.0,1.0,2.0,0.5,0.333,1.0,1.0,1.0,1.0,1.0,2.0,0.0,0.5,0.0,1.0,1.0,3.0,,2022,2021-22
482.0,Charles Bassey,21.0,PHI,C,23.0,0.0,7.3,1.3,2.0,0.638,0.0,0.2,0.0,1.3,1.9,0.698,0.638,0.4,0.5,0.75,1.0,1.7,2.7,0.3,0.2,0.7,0.3,1.4,3.0,,2022,2021-22
483.0,Tony Bradley,24.0,CHI,C,55.0,7.0,10.0,1.3,2.2,0.585,0.0,0.0,,1.3,2.2,0.585,0.585,0.3,0.5,0.655,1.2,2.2,3.4,0.5,0.2,0.6,0.6,1.1,3.0,,2022,2021-22
484.0,Daniel Oturu,22.0,TOR,C,3.0,0.0,9.0,1.0,2.0,0.5,0.0,0.3,0.0,1.0,1.7,0.6,0.5,1.0,1.7,0.6,0.3,1.3,1.7,0.0,0.0,0.7,0.0,0.3,3.0,,2022,2021-22
485.0,Elfrid Payton,27.0,PHO,PG,50.0,1.0,11.0,1.3,3.5,0.383,0.1,0.4,0.222,1.3,3.1,0.401,0.394,0.2,0.6,0.375,0.4,1.3,1.8,2.0,0.5,0.1,0.9,0.8,3.0,,2022,2021-22
486.0,Neemias Queta,22.0,SAC,C,15.0,0.0,8.0,1.1,2.5,0.447,0.0,0.0,,1.1,2.5,0.447,0.447,0.7,1.1,0.647,0.9,1.1,2.1,0.4,0.1,0.5,0.4,1.2,3.0,,2022,2021-22
487.0,Nick Richards,24.0,CHO,C,50.0,5.0,7.3,1.2,1.8,0.667,0.0,0.0,,1.2,1.8,0.667,0.667,0.6,0.9,0.698,0.7,1.0,1.7,0.3,0.2,0.4,0.5,1.0,3.0,,2022,2021-22
488.0,Matt Ryan,24.0,BOS,SF,1.0,0.0,5.0,1.0,5.0,0.2,1.0,5.0,0.2,0.0,0.0,,0.3,0.0,0.0,,0.0,0.0,0.0,0.0,1.0,0.0,0.0,0.0,3.0,,2022,2021-22
489.0,Tre Scott,25.0,CLE,SF,2.0,0.0,5.5,1.5,3.0,0.5,0.0,0.5,0.0,1.5,2.5,0.6,0.5,0.0,0.0,,0.5,0.5,1.0,0.0,0.5,0.5,0.0,1.0,3.0,,2022,2021-22
490.0,Bruno Fernando,23.0,2TM,C,30.0,0.0,5.1,1.2,1.8,0.655,0.0,0.1,0.5,1.2,1.8,0.66,0.664,0.5,0.8,0.625,0.6,1.2,1.8,0.2,0.0,0.4,0.5,0.8,2.9,,2022,2021-22
490.0,Bruno Fernando,23.0,BOS,C,20.0,0.0,2.9,0.4,0.7,0.5,0.1,0.1,1.0,0.3,0.7,0.462,0.536,0.2,0.3,0.8,0.4,0.4,0.8,0.2,0.0,0.2,0.3,0.3,1.0,,2022,2021-22
490.0,Bruno Fernando,23.0,HOU,C,10.0,0.0,9.4,2.9,4.1,0.707,0.0,0.1,0.0,2.9,4.0,0.725,0.707,1.1,1.9,0.579,1.1,2.9,4.0,0.3,0.1,0.8,0.9,1.8,6.9,,2022,2021-22
491.0,Vernon Carey Jr.,20.0,2TM,C,7.0,1.0,6.3,1.0,1.9,0.538,0.0,0.0,,1.0,1.9,0.538,0.538,0.9,1.9,0.462,1.1,0.6,1.7,0.0,0.3,0.1,0.4,0.6,2.9,,2022,2021-22
491.0,Vernon Carey Jr.,20.0,CHO,C,4.0,1.0,4.3,0.8,1.5,0.5,0.0,0.0,,0.8,1.5,0.5,0.5,0.5,0.8,0.667,0.8,0.5,1.3,0.0,0.3,0.0,0.3,0.3,2.0,,2022,2021-22
491.0,Vernon Carey Jr.,20.0,WAS,C,3.0,0.0,9.0,1.3,2.3,0.571,0.0,0.0,,1.3,2.3,0.571,0.571,1.3,3.3,0.4,1.7,0.7,2.3,0.0,0.3,0.3,0.7,1.0,4.0,,2022,2021-22
492.0,Skylar Mays,24.0,ATL,SG,28.0,5.0,7.9,1.1,2.3,0.5,0.3,0.9,0.32,0.9,1.4,0.615,0.563,0.3,0.3,0.889,0.2,0.7,0.9,0.6,0.3,0.0,0.4,0.3,2.9,,2022,2021-22
493.0,Denzel Valentine,28.0,2TM,SG,24.0,0.0,9.3,1.0,2.8,0.379,0.8,2.0,0.404,0.3,0.8,0.316,0.523,0.0,0.0,,0.4,1.4,1.8,0.5,0.3,0.0,0.5,0.8,2.9,,2022,2021-22
493.0,Denzel Valentine,28.0,CLE,SG,22.0,0.0,9.3,1.0,2.8,0.371,0.8,2.0,0.409,0.2,0.8,0.278,0.516,0.0,0.0,,0.4,1.3,1.7,0.5,0.3,0.0,0.5,0.8,2.9,,2022,2021-22
493.0,Denzel Valentine,28.0,UTA,SG,2.0,0.0,9.0,1.0,2.0,0.5,0.5,1.5,0.333,0.5,0.5,1.0,0.625,0.0,0.0,,0.0,2.0,2.0,0.0,0.5,0.0,1.0,1.5,2.5,,2022,2021-22
494.0,Tyler Johnson,29.0,2TM,PG,6.0,0.0,15.2,1.0,3.3,0.3,0.8,2.2,0.385,0.2,1.2,0.143,0.425,0.0,0.0,,0.5,1.5,2.0,1.2,0.5,0.5,0.3,1.2,2.8,,2022,2021-22
494.0,Tyler Johnson,29.0,PHI,PG,3.0,0.0,12.7,1.3,3.3,0.4,1.0,2.3,0.429,0.3,1.0,0.333,0.55,0.0,0.0,,0.3,1.7,2.0,0.7,0.3,0.3,0.3,1.3,3.7,,2022,2021-22
494.0,Tyler Johnson,29.0,SAS,PG,3.0,0.0,17.7,0.7,3.3,0.2,0.7,2.0,0.333,0.0,1.3,0.0,0.3,0.0,0.0,,0.7,1.3,2.0,1.7,0.7,0.7,0.3,1.0,2.0,,2022,2021-22
495.0,Aleem Ford,24.0,ORL,SF,5.0,0.0,14.8,1.2,4.0,0.3,0.4,3.0,0.133,0.8,1.0,0.8,0.35,0.0,0.0,,0.4,2.6,3.0,0.4,0.2,0.0,0.8,1.4,2.8,,2022,2021-22
496.0,Tyrone Wallace,27.0,NOP,SG,6.0,0.0,12.5,1.2,3.3,0.35,0.3,1.3,0.25,0.8,2.0,0.417,0.4,0.2,0.8,0.2,0.0,1.3,1.3,0.2,0.5,0.2,0.3,1.2,2.8,,2022,2021-22
497.0,Gary Clark,27.0,NOP,PF,38.0,1.0,9.9,0.9,2.3,0.375,0.7,1.8,0.4,0.1,0.5,0.278,0.534,0.2,0.3,0.7,0.6,1.8,2.4,0.5,0.3,0.2,0.3,0.5,2.7,,2022,2021-22
498.0,Josh Okogie,23.0,MIN,SG,49.0,6.0,10.5,0.9,2.1,0.404,0.3,1.0,0.298,0.6,1.2,0.491,0.471,0.7,1.0,0.686,0.6,0.8,1.4,0.5,0.5,0.2,0.5,1.1,2.7,,2022,2021-22
499.0,Jay Scrubb,21.0,LAC,SG,18.0,0.0,6.7,1.0,2.6,0.391,0.3,1.2,0.286,0.7,1.4,0.48,0.457,0.4,0.6,0.7,0.1,0.8,0.9,0.4,0.2,0.2,0.4,0.5,2.7,,2022,2021-22
500.0,Quinndary Weatherspoon,25.0,GSW,SG,11.0,0.0,6.6,1.1,1.9,0.571,0.1,0.5,0.2,1.0,1.5,0.688,0.595,0.5,0.5,1.0,0.2,1.1,1.3,0.5,0.1,0.1,0.3,1.4,2.7,,2022,2021-22
501.0,Chris Silva,25.0,2TM,PF,10.0,0.0,9.1,0.8,1.5,0.533,0.0,0.0,,0.8,1.5,0.533,0.533,1.0,1.2,0.833,1.3,2.3,3.6,0.7,0.0,0.1,0.8,2.0,2.6,,2022,2021-22
501.0,Chris Silva,25.0,MIN,PF,1.0,0.0,3.0,0.0,0.0,,0.0,0.0,,0.0,0.0,,,0.0,0.0,,0.0,1.0,1.0,0.0,0.0,0.0,0.0,0.0,0.0,,2022,2021-22
501.0,Chris Silva,25.0,MIA,PF,9.0,0.0,9.8,0.9,1.7,0.533,0.0,0.0,,0.9,1.7,0.533,0.533,1.1,1.3,0.833,1.4,2.4,3.9,0.8,0.0,0.1,0.9,2.2,2.9,,2022,2021-22
502.0,Gabriel Deck,26.0,OKC,PF,7.0,0.0,8.0,1.1,2.0,0.571,0.3,0.6,0.5,0.9,1.4,0.6,0.643,0.0,0.0,,0.1,0.7,0.9,0.7,0.1,0.0,0.3,0.3,2.6,,2022,2021-22
503.0,Devon Dotson,22.0,CHI,PG,11.0,0.0,7.7,1.0,2.1,0.478,0.2,0.8,0.222,0.8,1.3,0.643,0.522,0.5,0.8,0.556,0.1,0.7,0.8,1.4,0.1,0.0,0.5,1.0,2.6,,2022,2021-22
504.0,Juwan Morgan,24.0,2TM,PF,2.0,0.0,15.5,1.0,1.5,0.667,0.5,1.0,0.5,0.5,0.5,1.0,0.833,0.0,0.0,,1.0,1.0,2.0,0.5,0.0,0.0,0.0,1.5,2.5,,2022,2021-22
504.0,Juwan Morgan,24.0,TOR,PF,1.0,0.0,27.0,2.0,3.0,0.667,1.0,2.0,0.5,1.0,1.0,1.0,0.833,0.0,0.0,,2.0,2.0,4.0,1.0,0.0,0.0,0.0,3.0,5.0,,2022,2021-22
504.0,Juwan Morgan,24.0,BOS,PF,1.0,0.0,4.0,0.0,0.0,,0.0,0.0,,0.0,0.0,,,0.0,0.0,,0.0,0.0,0.0,0.0,0.0,0.0,0.0,0.0,0.0,,2022,2021-22
505.0,Udonis Haslem,41.0,MIA,C,13.0,0.0,6.4,1.1,2.4,0.452,0.1,0.3,0.25,1.0,2.1,0.481,0.468,0.2,0.2,1.0,0.3,1.6,1.9,0.3,0.1,0.1,0.4,1.2,2.5,,2022,2021-22
506.0,Sam Hauser,24.0,BOS,SF,26.0,0.0,6.1,0.9,1.9,0.46,0.7,1.7,0.432,0.2,0.2,0.667,0.65,0.0,0.0,,0.2,0.9,1.1,0.4,0.0,0.1,0.1,0.3,2.5,,2022,2021-22
507.0,Theo Pinson,26.0,DAL,SF,19.0,0.0,7.8,0.7,2.1,0.359,0.5,1.6,0.333,0.2,0.5,0.444,0.487,0.5,0.5,1.0,0.1,1.0,1.1,0.9,0.3,0.1,0.3,0.6,2.5,,2022,2021-22
508.0,Bol Bol,22.0,DEN,PF,14.0,0.0,5.8,1.1,1.9,0.556,0.1,0.3,0.25,1.0,1.6,0.609,0.574,0.1,0.4,0.4,0.3,1.1,1.4,0.4,0.1,0.1,0.3,0.3,2.4,,2022,2021-22
509.0,Jalen Johnson,20.0,ATL,PF,22.0,0.0,5.5,1.0,1.9,0.537,0.1,0.6,0.231,0.9,1.3,0.679,0.573,0.2,0.3,0.714,0.1,1.1,1.2,0.1,0.1,0.1,0.4,0.4,2.4,,2022,2021-22
510.0,Jake Layman,27.0,MIN,SF,34.0,1.0,6.8,0.9,2.1,0.411,0.2,1.0,0.229,0.6,1.1,0.579,0.466,0.4,0.5,0.722,0.2,0.9,1.1,0.3,0.2,0.1,0.3,0.4,2.4,,2022,2021-22
511.0,Abdel Nader,28.0,PHO,SF,14.0,0.0,10.4,0.9,2.5,0.343,0.3,1.0,0.286,0.6,1.5,0.381,0.4,0.4,0.7,0.6,0.3,1.6,1.9,0.5,0.6,0.3,0.8,1.4,2.4,,2022,2021-22
512.0,Ish Wainright,27.0,PHO,PF,45.0,0.0,8.0,0.9,2.3,0.394,0.4,1.3,0.322,0.5,1.0,0.489,0.486,0.2,0.3,0.583,0.6,0.6,1.2,0.3,0.4,0.1,0.3,1.1,2.4,,2022,2021-22
513.0,Nik Stauskas,28.0,2TM,SG,8.0,0.0,4.9,0.6,1.8,0.357,0.5,1.3,0.4,0.1,0.5,0.25,0.5,0.5,0.8,0.667,0.1,0.3,0.4,0.3,0.0,0.0,0.1,0.1,2.3,,2022,2021-22
513.0,Nik Stauskas,28.0,MIA,SG,2.0,0.0,12.0,1.5,4.0,0.375,1.0,2.0,0.5,0.5,2.0,0.25,0.5,1.5,2.0,0.75,0.5,1.0,1.5,0.5,0.0,0.0,0.0,0.5,5.5,,2022,2021-22
513.0,Nik Stauskas,28.0,BOS,SG,6.0,0.0,2.5,0.3,1.0,0.333,0.3,1.0,0.333,0.0,0.0,,0.5,0.2,0.3,0.5,0.0,0.0,0.0,0.2,0.0,0.0,0.2,0.0,1.2,,2022,2021-22
514.0,Justin Champagnie,20.0,TOR,SF,36.0,0.0,7.8,0.9,1.9,0.463,0.3,0.8,0.357,0.6,1.1,0.538,0.537,0.3,0.3,1.0,1.0,1.0,2.0,0.3,0.2,0.1,0.2,0.9,2.3,,2022,2021-22
515.0,Freddie Gillespie,24.0,ORL,PF,9.0,2.0,13.2,1.0,2.4,0.409,0.0,0.1,0.0,1.0,2.3,0.429,0.409,0.3,0.8,0.429,1.4,2.6,4.0,0.6,0.3,1.0,0.6,2.0,2.3,,2022,2021-22
516.0,Haywood Highsmith,25.0,MIA,SF,19.0,1.0,8.6,0.8,2.4,0.348,0.5,1.5,0.321,0.4,0.9,0.389,0.446,0.1,0.3,0.4,0.5,0.8,1.4,0.3,0.1,0.2,0.2,0.7,2.3,,2022,2021-22
517.0,Miles McBride,21.0,NYK,PG,40.0,2.0,9.3,0.8,2.7,0.296,0.4,1.7,0.25,0.4,1.0,0.375,0.375,0.2,0.3,0.667,0.1,1.0,1.1,1.0,0.4,0.0,0.1,1.1,2.2,,2022,2021-22
518.0,Jericho Sims,23.0,NYK,PF,41.0,5.0,13.5,1.0,1.3,0.722,0.0,0.0,,1.0,1.3,0.722,0.722,0.3,0.7,0.414,1.5,2.6,4.1,0.5,0.3,0.5,0.5,1.6,2.2,,2022,2021-22
519.0,Dylan Windler,25.0,CLE,SF,50.0,0.0,9.2,0.7,2.0,0.378,0.4,1.4,0.3,0.3,0.6,0.571,0.485,0.3,0.4,0.833,0.4,1.4,1.8,0.7,0.3,0.1,0.3,0.9,2.2,,2022,2021-22
520.0,Jeff Dowtin Jr.,24.0,3TM,PG,9.0,0.0,12.0,0.9,2.9,0.308,0.1,1.0,0.111,0.8,1.9,0.412,0.327,0.2,0.2,1.0,0.9,1.1,2.0,1.1,0.6,0.1,0.6,0.6,2.1,,2022,2021-22
520.0,Jeff Dowtin Jr.,24.0,GSW,PG,4.0,0.0,7.0,0.8,1.5,0.5,0.0,0.3,0.0,0.8,1.3,0.6,0.5,0.0,0.0,,0.3,1.5,1.8,0.8,0.0,0.3,0.3,0.5,1.5,,2022,2021-22
520.0,Jeff Dowtin Jr.,24.0,MIL,PG,1.0,0.0,3.0,0.0,1.0,0.0,0.0,1.0,0.0,0.0,0.0,,0.0,0.0,0.0,,0.0,0.0,0.0,0.0,0.0,0.0,0.0,0.0,0.0,,2022,2021-22
520.0,Jeff Dowtin Jr.,24.0,ORL,PG,4.0,0.0,19.3,1.3,4.8,0.263,0.3,1.8,0.143,1.0,3.0,0.333,0.289,0.5,0.5,1.0,1.8,1.0,2.8,1.8,1.3,0.0,1.0,0.8,3.3,,2022,2021-22
521.0,Justin Jackson,26.0,2TM,SF,7.0,0.0,5.3,0.7,2.1,0.333,0.4,1.3,0.333,0.3,0.9,0.333,0.433,0.3,0.3,1.0,0.1,0.9,1.0,0.3,0.0,0.0,0.1,0.4,2.1,,2022,2021-22
521.0,Justin Jackson,26.0,BOS,SF,1.0,0.0,2.0,0.0,1.0,0.0,0.0,0.0,,0.0,1.0,0.0,0.0,2.0,2.0,1.0,0.0,0.0,0.0,0.0,0.0,0.0,0.0,0.0,2.0,,2022,2021-22
521.0,Justin Jackson,26.0,PHO,SF,6.0,0.0,5.8,0.8,2.3,0.357,0.5,1.5,0.333,0.3,0.8,0.4,0.464,0.0,0.0,,0.2,1.0,1.2,0.3,0.0,0.0,0.2,0.5,2.2,,2022,2021-22
522.0,Joe Wieskamp,22.0,SAS,SG,29.0,0.0,7.1,0.7,1.9,0.357,0.5,1.5,0.326,0.2,0.4,0.462,0.482,0.2,0.4,0.538,0.1,0.3,0.5,0.3,0.1,0.1,0.1,0.5,2.1,,2022,2021-22
523.0,Langston Galloway,30.0,2TM,SG,7.0,0.0,15.3,0.9,3.7,0.231,0.3,2.3,0.125,0.6,1.4,0.4,0.269,0.0,0.0,,0.4,2.1,2.6,1.7,0.1,0.0,0.9,1.0,2.0,,2022,2021-22
523.0,Langston Galloway,30.0,BRK,SG,4.0,0.0,14.5,1.3,3.3,0.385,0.5,2.0,0.25,0.8,1.3,0.6,0.462,0.0,0.0,,0.3,1.8,2.0,1.3,0.0,0.0,1.3,1.3,3.0,,2022,2021-22
523.0,Langston Galloway,30.0,MIL,SG,3.0,0.0,16.3,0.3,4.3,0.077,0.0,2.7,0.0,0.3,1.7,0.2,0.077,0.0,0.0,,0.7,2.7,3.3,2.3,0.3,0.0,0.3,0.7,0.7,,2022,2021-22
524.0,Luke Kornet,26.0,3TM,C,15.0,0.0,6.9,0.9,1.8,0.481,0.0,0.3,0.0,0.9,1.5,0.591,0.481,0.3,0.4,0.667,0.9,1.1,1.9,0.6,0.2,0.2,0.0,0.6,2.0,,2022,2021-22
524.0,Luke Kornet,26.0,CLE,C,2.0,0.0,7.5,0.5,2.5,0.2,0.0,0.5,0.0,0.5,2.0,0.25,0.2,1.0,1.5,0.667,1.0,0.5,1.5,0.5,0.0,0.5,0.0,0.5,2.0,,2022,2021-22
524.0,Luke Kornet,26.0,MIL,C,1.0,0.0,3.0,0.0,1.0,0.0,0.0,0.0,,0.0,1.0,0.0,0.0,0.0,0.0,,1.0,0.0,1.0,0.0,0.0,0.0,0.0,1.0,0.0,,2022,2021-22
524.0,Luke Kornet,26.0,BOS,C,12.0,0.0,7.1,1.0,1.8,0.571,0.0,0.3,0.0,1.0,1.4,0.706,0.571,0.2,0.3,0.667,0.8,1.3,2.1,0.7,0.3,0.2,0.0,0.6,2.2,,2022,2021-22
525.0,Ahmad Caver,25.0,IND,SG,1.0,0.0,1.0,1.0,1.0,1.0,0.0,0.0,,1.0,1.0,1.0,1.0,0.0,0.0,,0.0,0.0,0.0,0.0,0.0,0.0,0.0,0.0,2.0,,2022,2021-22
526.0,Chris Chiozza,26.0,GSW,PG,34.0,1.0,10.9,0.7,2.4,0.296,0.5,1.6,0.321,0.2,0.8,0.25,0.401,0.1,0.1,0.667,0.3,0.8,1.1,1.9,0.4,0.0,0.9,0.9,2.0,,2022,2021-22
527.0,Damyean Dotson,27.0,NYK,SG,2.0,0.0,10.5,1.0,2.0,0.5,0.0,0.5,0.0,1.0,1.5,0.667,0.5,0.0,0.0,,0.0,1.0,1.0,0.5,0.0,0.0,0.0,0.0,2.0,,2022,2021-22
528.0,Usman Garuba,19.0,HOU,PF,24.0,2.0,10.0,0.8,1.8,0.432,0.2,0.8,0.25,0.6,1.0,0.583,0.489,0.2,0.3,0.714,0.9,2.6,3.5,0.7,0.4,0.5,0.3,1.2,2.0,,2022,2021-22
529.0,Shaquille Harrison,28.0,BRK,SG,2.0,0.0,11.5,1.0,3.0,0.333,0.0,1.0,0.0,1.0,2.0,0.5,0.333,0.0,0.0,,0.5,1.5,2.0,1.5,0.5,0.5,1.0,1.5,2.0,,2022,2021-22
530.0,Joe Johnson,40.0,BOS,SG,1.0,0.0,2.0,1.0,1.0,1.0,0.0,0.0,,1.0,1.0,1.0,1.0,0.0,0.0,,0.0,0.0,0.0,0.0,0.0,0.0,0.0,0.0,2.0,,2022,2021-22
531.0,Jemerrio Jones,26.0,LAL,SF,2.0,0.0,7.5,1.0,1.5,0.667,0.0,0.0,,1.0,1.5,0.667,0.667,0.0,0.0,,1.0,0.5,1.5,0.0,0.5,0.0,0.0,1.0,2.0,,2022,2021-22
532.0,Norvel Pelle,28.0,UTA,C,3.0,0.0,6.3,1.0,1.7,0.6,0.0,0.0,,1.0,1.7,0.6,0.6,0.0,0.0,,1.0,1.0,2.0,0.0,0.0,0.3,0.7,0.3,2.0,,2022,2021-22
533.0,Craig Sword,28.0,WAS,SG,3.0,0.0,6.3,1.0,1.3,0.75,0.0,0.3,0.0,1.0,1.0,1.0,0.75,0.0,0.0,,0.0,0.0,0.0,0.3,1.3,0.0,0.3,2.3,2.0,,2022,2021-22
534.0,JT Thor,19.0,CHO,PF,33.0,0.0,7.9,0.7,1.7,0.436,0.2,0.8,0.259,0.5,0.8,0.607,0.5,0.4,0.6,0.6,0.3,1.0,1.3,0.6,0.2,0.3,0.3,0.8,2.0,,2022,2021-22
535.0,Cassius Winston,23.0,WAS,PG,7.0,0.0,5.6,0.6,1.6,0.364,0.3,0.9,0.333,0.3,0.7,0.4,0.455,0.6,0.6,1.0,0.0,0.1,0.1,1.0,0.0,0.0,0.4,1.3,2.0,,2022,2021-22
536.0,Marko Simonovic,22.0,CHI,C,9.0,0.0,3.9,0.4,1.7,0.267,0.1,0.6,0.2,0.3,1.1,0.3,0.3,0.9,1.2,0.727,0.6,0.6,1.1,0.0,0.1,0.1,0.2,0.7,1.9,,2022,2021-22
537.0,Alize Johnson,25.0,3TM,PF,23.0,0.0,7.3,0.7,1.7,0.436,0.0,0.2,0.0,0.7,1.5,0.486,0.436,0.3,0.5,0.583,1.2,1.4,2.7,0.4,0.2,0.0,0.5,0.8,1.8,,2022,2021-22
537.0,Alize Johnson,25.0,CHI,PF,16.0,0.0,7.6,0.8,1.4,0.522,0.0,0.1,0.0,0.8,1.3,0.571,0.522,0.3,0.4,0.571,1.0,1.3,2.3,0.5,0.2,0.0,0.5,0.9,1.8,,2022,2021-22
537.0,Alize Johnson,25.0,WAS,PF,3.0,0.0,6.0,0.7,2.0,0.333,0.0,0.7,0.0,0.7,1.3,0.5,0.333,0.0,0.3,0.0,1.7,2.3,4.0,0.0,0.0,0.0,1.0,0.0,1.3,,2022,2021-22
537.0,Alize Johnson,25.0,NOP,PF,4.0,0.0,7.0,0.8,2.5,0.3,0.0,0.0,,0.8,2.5,0.3,0.3,0.8,1.0,0.75,1.8,1.5,3.3,0.3,0.5,0.0,0.3,0.8,2.3,,2022,2021-22
538.0,Eugene Omoruyi,24.0,DAL,SF,4.0,0.0,4.5,0.5,1.3,0.4,0.3,0.5,0.5,0.3,0.8,0.333,0.5,0.5,1.0,0.5,0.5,1.3,1.8,0.5,0.0,0.0,0.0,0.5,1.8,,2022,2021-22
539.0,Brodric Thomas,25.0,BOS,SG,12.0,0.0,5.0,0.7,1.5,0.444,0.2,0.8,0.222,0.5,0.8,0.667,0.5,0.3,0.4,0.6,0.2,0.7,0.8,0.9,0.1,0.1,0.5,0.6,1.8,,2022,2021-22
540.0,Willie Cauley-Stein,28.0,2TM,C,20.0,2.0,9.2,0.8,1.8,0.457,0.1,0.1,0.5,0.8,1.7,0.455,0.471,0.1,0.1,0.5,0.7,1.4,2.0,0.5,0.3,0.2,0.4,1.0,1.7,,2022,2021-22
540.0,Willie Cauley-Stein,28.0,DAL,C,18.0,2.0,9.8,0.9,1.9,0.457,0.1,0.1,0.5,0.8,1.8,0.455,0.471,0.1,0.1,0.5,0.7,1.4,2.1,0.5,0.3,0.2,0.4,0.9,1.9,,2022,2021-22
540.0,Willie Cauley-Stein,28.0,PHI,C,2.0,0.0,3.0,0.0,0.0,,0.0,0.0,,0.0,0.0,,,0.0,0.0,,0.0,1.0,1.0,0.5,0.0,0.0,0.0,1.0,0.0,,2022,2021-22
541.0,Wayne Selden,27.0,NYK,SG,3.0,0.0,6.3,0.3,1.3,0.25,0.3,0.7,0.5,0.0,0.7,0.0,0.375,0.7,1.3,0.5,0.0,0.3,0.3,0.3,0.0,0.0,0.0,0.3,1.7,,2022,2021-22
542.0,Isaiah Todd,20.0,WAS,PF,12.0,0.0,6.2,0.6,2.2,0.269,0.3,1.3,0.25,0.3,0.8,0.3,0.346,0.2,0.5,0.333,0.3,0.8,1.0,0.3,0.3,0.2,0.3,0.3,1.7,,2022,2021-22
543.0,Ryan Arcidiacono,27.0,NYK,PG,10.0,0.0,7.6,0.6,1.2,0.5,0.4,0.9,0.444,0.2,0.3,0.667,0.667,0.0,0.0,,0.0,0.8,0.8,0.4,0.1,0.0,0.3,0.5,1.6,,2022,2021-22
544.0,Kevin Pangos,29.0,CLE,PG,24.0,3.0,6.9,0.6,1.9,0.326,0.3,1.1,0.231,0.4,0.8,0.45,0.391,0.1,0.2,0.75,0.1,0.4,0.5,1.3,0.1,0.0,0.3,0.5,1.6,,2022,2021-22
545.0,Rob Edwards,25.0,OKC,SG,2.0,0.0,5.5,0.5,2.0,0.25,0.5,2.0,0.25,0.0,0.0,,0.375,0.0,0.0,,0.0,1.5,1.5,0.0,0.0,0.0,0.5,0.0,1.5,,2022,2021-22
546.0,Emmanuel Mudiay,25.0,SAC,PG,2.0,0.0,5.5,0.0,1.0,0.0,0.0,0.0,,0.0,1.0,0.0,0.0,1.5,2.0,0.75,0.0,0.0,0.0,2.0,0.5,0.0,0.5,0.5,1.5,,2022,2021-22
547.0,Malik Fitts,24.0,2TM,PF,15.0,0.0,4.2,0.5,1.3,0.421,0.3,0.7,0.5,0.2,0.6,0.333,0.553,0.0,0.0,,0.1,1.0,1.1,0.3,0.0,0.0,0.1,0.3,1.4,,2022,2021-22
547.0,Malik Fitts,24.0,UTA,PF,7.0,0.0,5.0,0.3,1.3,0.222,0.3,0.6,0.5,0.0,0.7,0.0,0.333,0.0,0.0,,0.0,1.4,1.4,0.0,0.0,0.0,0.3,0.4,0.9,,2022,2021-22
547.0,Malik Fitts,24.0,BOS,PF,8.0,0.0,3.5,0.8,1.3,0.6,0.4,0.8,0.5,0.4,0.5,0.75,0.75,0.0,0.0,,0.3,0.6,0.9,0.6,0.0,0.0,0.0,0.1,1.9,,2022,2021-22
548.0,Charlie Brown Jr.,24.0,2TM,SG,22.0,2.0,8.0,0.5,1.8,0.256,0.0,0.5,0.083,0.4,1.2,0.333,0.269,0.4,0.5,0.9,0.6,0.8,1.5,0.3,0.5,0.2,0.2,0.8,1.4,,2022,2021-22
548.0,Charlie Brown Jr.,24.0,DAL,SG,3.0,0.0,5.0,0.3,1.7,0.2,0.0,1.0,0.0,0.3,0.7,0.5,0.2,0.0,0.0,,0.0,0.3,0.3,0.3,0.7,0.3,0.0,0.7,0.7,,2022,2021-22
548.0,Charlie Brown Jr.,24.0,PHI,SG,19.0,2.0,8.5,0.5,1.8,0.265,0.1,0.5,0.111,0.4,1.3,0.32,0.279,0.5,0.5,0.9,0.7,0.9,1.6,0.3,0.4,0.2,0.3,0.8,1.5,,2022,2021-22
549.0,Leandro Bolmaro,21.0,MIN,SF,35.0,2.0,6.9,0.5,1.5,0.315,0.1,0.5,0.278,0.3,1.0,0.333,0.361,0.3,0.4,0.846,0.5,0.8,1.2,0.6,0.2,0.0,0.4,0.7,1.4,,2022,2021-22
550.0,Moses Wright,23.0,2TM,PF,4.0,0.0,3.5,0.3,1.0,0.25,0.0,0.3,0.0,0.3,0.8,0.333,0.25,0.8,0.8,1.0,0.3,0.5,0.8,0.5,0.0,0.3,0.0,0.0,1.3,,2022,2021-22
550.0,Moses Wright,23.0,LAC,PF,1.0,0.0,1.0,0.0,0.0,,0.0,0.0,,0.0,0.0,,,0.0,0.0,,0.0,0.0,0.0,1.0,0.0,0.0,0.0,0.0,0.0,,2022,2021-22
550.0,Moses Wright,23.0,DAL,PF,3.0,0.0,4.3,0.3,1.3,0.25,0.0,0.3,0.0,0.3,1.0,0.333,0.25,1.0,1.0,1.0,0.3,0.7,1.0,0.3,0.0,0.3,0.0,0.0,1.7,,2022,2021-22
551.0,Darren Collison,34.0,LAL,PG,3.0,0.0,12.3,0.7,2.3,0.286,0.0,1.0,0.0,0.7,1.3,0.5,0.286,0.0,0.0,,0.0,1.3,1.3,0.7,0.3,0.0,0.3,1.7,1.3,,2022,2021-22
552.0,Jordan Schakel,23.0,WAS,SG,4.0,0.0,7.5,0.3,2.8,0.091,0.3,1.5,0.167,0.0,1.3,0.0,0.136,0.5,0.5,1.0,0.5,1.5,2.0,0.0,0.3,0.0,0.3,0.0,1.3,,2022,2021-22
553.0,Myles Powell,24.0,PHI,PG,11.0,0.0,4.7,0.5,1.5,0.294,0.1,0.5,0.167,0.4,1.0,0.364,0.324,0.2,0.2,1.0,0.1,0.5,0.5,0.3,0.1,0.0,0.3,0.7,1.2,,2022,2021-22
554.0,Petr Cornelie,26.0,DEN,PF,13.0,0.0,2.9,0.4,1.2,0.333,0.1,0.6,0.125,0.3,0.5,0.571,0.367,0.2,0.3,0.75,0.5,0.5,1.1,0.2,0.1,0.1,0.3,0.5,1.1,,2022,2021-22
555.0,Tacko Fall,26.0,CLE,C,11.0,1.0,5.4,0.5,1.1,0.417,0.0,0.0,,0.5,1.1,0.417,0.417,0.2,0.6,0.286,0.6,1.5,2.1,0.2,0.0,0.5,0.3,0.3,1.1,,2022,2021-22
556.0,Marcus Garrett,23.0,MIA,SG,12.0,0.0,10.7,0.4,1.8,0.238,0.1,0.3,0.25,0.3,1.4,0.235,0.262,0.2,0.4,0.4,0.8,1.2,1.9,0.6,0.4,0.3,0.2,1.3,1.1,,2022,2021-22
557.0,RJ Nembhard Jr.,22.0,CLE,SG,14.0,0.0,4.5,0.4,1.3,0.333,0.0,0.1,0.0,0.4,1.1,0.375,0.333,0.2,0.3,0.75,0.2,0.3,0.5,0.9,0.1,0.0,0.2,0.1,1.1,,2022,2021-22
558.0,Yves Pons,22.0,MEM,SF,12.0,0.0,5.9,0.4,1.3,0.313,0.3,0.8,0.333,0.2,0.6,0.286,0.406,0.0,0.2,0.0,0.4,0.6,1.0,0.1,0.1,0.3,0.1,0.5,1.1,,2022,2021-22
559.0,Shaq Buchanan,25.0,MEM,SG,2.0,0.0,5.0,0.5,2.0,0.25,0.0,1.0,0.0,0.5,1.0,0.5,0.25,0.0,0.0,,0.5,0.5,1.0,1.0,0.5,0.0,1.0,0.5,1.0,,2022,2021-22
560.0,Kai Jones,21.0,CHO,C,21.0,0.0,3.0,0.4,0.7,0.643,0.0,0.1,0.5,0.4,0.6,0.667,0.679,0.1,0.4,0.375,0.1,0.4,0.5,0.2,0.0,0.1,0.3,0.4,1.0,,2022,2021-22
561.0,Dakota Mathias,26.0,MEM,SG,6.0,0.0,2.7,0.3,1.0,0.333,0.3,1.0,0.333,0.0,0.0,,0.5,0.0,0.0,,0.0,0.3,0.3,0.2,0.2,0.0,0.0,0.2,1.0,,2022,2021-22
562.0,Deividas Sirvydis,21.0,DET,SG,3.0,0.0,9.0,0.3,3.3,0.1,0.3,2.3,0.143,0.0,1.0,0.0,0.15,0.0,0.0,,0.0,2.0,2.0,0.3,1.0,0.3,0.0,1.3,1.0,,2022,2021-22
563.0,Jaden Springer,19.0,PHI,SG,2.0,0.0,3.0,0.5,0.5,1.0,0.0,0.0,,0.5,0.5,1.0,1.0,0.0,0.0,,0.5,0.5,1.0,0.0,0.0,1.0,0.5,0.0,1.0,,2022,2021-22
564.0,Tyrell Terry,21.0,MEM,PG,2.0,0.0,1.5,0.5,0.5,1.0,0.0,0.0,,0.5,0.5,1.0,1.0,0.0,0.0,,0.0,0.0,0.0,0.0,0.0,0.0,0.0,0.5,1.0,,2022,2021-22
565.0,McKinley Wright IV,23.0,MIN,PG,5.0,0.0,3.8,0.4,0.6,0.667,0.2,0.4,0.5,0.2,0.2,1.0,0.833,0.0,0.0,,0.0,0.0,0.0,0.6,0.0,0.0,0.2,0.2,1.0,,2022,2021-22
566.0,Ed Davis,32.0,CLE,C,31.0,3.0,6.5,0.4,0.5,0.688,0.0,0.0,,0.4,0.5,0.688,0.688,0.2,0.5,0.429,0.5,1.6,2.1,0.2,0.1,0.3,0.2,1.1,0.9,,2022,2021-22
567.0,Carlik Jones,24.0,2TM,PG,5.0,0.0,4.6,0.2,1.8,0.111,0.0,0.2,0.0,0.2,1.6,0.125,0.111,0.4,0.4,1.0,0.2,0.4,0.6,1.0,0.2,0.0,0.6,0.0,0.8,,2022,2021-22
567.0,Carlik Jones,24.0,DAL,PG,3.0,0.0,6.3,0.0,2.3,0.0,0.0,0.3,0.0,0.0,2.0,0.0,0.0,0.7,0.7,1.0,0.3,0.7,1.0,1.7,0.3,0.0,1.0,0.0,0.7,,2022,2021-22
567.0,Carlik Jones,24.0,DEN,PG,2.0,0.0,2.0,0.5,1.0,0.5,0.0,0.0,,0.5,1.0,0.5,0.5,0.0,0.0,,0.0,0.0,0.0,0.0,0.0,0.0,0.0,0.0,1.0,,2022,2021-22
568.0,Isaac Bonga,22.0,TOR,SF,15.0,0.0,4.6,0.2,0.9,0.231,0.1,0.3,0.25,0.1,0.6,0.222,0.269,0.3,0.5,0.625,0.3,0.2,0.5,0.3,0.5,0.1,0.1,0.7,0.8,,2022,2021-22
569.0,Jarron Cumberland,24.0,POR,SG,3.0,0.0,4.0,0.3,0.7,0.5,0.0,0.3,0.0,0.3,0.3,1.0,0.5,0.0,0.0,,0.3,0.7,1.0,0.3,0.0,0.0,0.0,0.7,0.7,,2022,2021-22
570.0,Chandler Hutchison,25.0,PHO,SF,6.0,0.0,3.7,0.2,0.3,0.5,0.0,0.0,,0.2,0.3,0.5,0.5,0.3,0.3,1.0,0.0,0.8,0.8,0.3,0.0,0.0,0.7,0.2,0.7,,2022,2021-22
571.0,DaQuan Jeffries,24.0,MEM,SG,3.0,0.0,3.0,0.3,0.7,0.5,0.0,0.3,0.0,0.3,0.3,1.0,0.5,0.0,0.0,,0.0,0.7,0.7,0.3,0.0,0.0,0.0,0.3,0.7,,2022,2021-22
572.0,Jaylen Morris,26.0,SAS,SG,3.0,0.0,5.3,0.0,2.0,0.0,0.0,0.7,0.0,0.0,1.3,0.0,0.0,0.7,1.3,0.5,0.0,0.7,0.7,0.7,0.0,0.0,0.3,0.7,0.7,,2022,2021-22
573.0,Xavier Sneed,24.0,2TM,SF,9.0,0.0,4.3,0.2,1.1,0.2,0.1,0.9,0.125,0.1,0.2,0.5,0.25,0.0,0.0,,0.2,0.4,0.7,0.1,0.0,0.0,0.0,0.2,0.6,,2022,2021-22
573.0,Xavier Sneed,24.0,MEM,SF,2.0,0.0,4.0,0.0,1.0,0.0,0.0,1.0,0.0,0.0,0.0,,0.0,0.0,0.0,,0.5,0.5,1.0,0.0,0.0,0.0,0.0,1.0,0.0,,2022,2021-22
573.0,Xavier Sneed,24.0,UTA,SF,7.0,0.0,4.4,0.3,1.1,0.25,0.1,0.9,0.167,0.1,0.3,0.5,0.313,0.0,0.0,,0.1,0.4,0.6,0.1,0.0,0.0,0.0,0.0,0.7,,2022,2021-22
574.0,Solomon Hill,30.0,ATL,SF,13.0,1.0,10.7,0.2,1.5,0.15,0.2,1.0,0.154,0.1,0.5,0.143,0.2,0.0,0.0,,0.5,1.3,1.8,0.9,0.3,0.2,0.1,1.2,0.6,,2022,2021-22
575.0,Robert Woodard II,22.0,SAC,SF,12.0,0.0,3.5,0.2,1.3,0.125,0.1,0.3,0.25,0.1,1.0,0.083,0.156,0.2,0.2,1.0,0.4,0.5,0.9,0.3,0.1,0.1,0.1,0.3,0.6,,2022,2021-22
576.0,Sharife Cooper,20.0,ATL,PG,13.0,0.0,3.0,0.2,1.1,0.214,0.1,0.5,0.167,0.2,0.6,0.25,0.25,0.0,0.0,,0.0,0.4,0.4,0.4,0.0,0.0,0.4,0.1,0.5,,2022,2021-22
577.0,Scottie Lewis,21.0,CHO,SG,2.0,0.0,3.5,0.0,0.0,,0.0,0.0,,0.0,0.0,,,0.5,1.0,0.5,0.0,0.0,0.0,0.5,0.5,0.0,0.0,0.0,0.5,,2022,2021-22
578.0,Joel Ayayi,21.0,WAS,SG,7.0,0.0,2.9,0.1,0.9,0.167,0.0,0.1,0.0,0.1,0.7,0.2,0.167,0.0,0.0,,0.1,0.3,0.4,0.6,0.0,0.0,0.0,0.0,0.3,,2022,2021-22
579.0,Aaron Henry,22.0,PHI,SF,6.0,0.0,2.8,0.2,0.8,0.2,0.0,0.2,0.0,0.2,0.7,0.25,0.2,0.0,0.0,,0.0,0.2,0.2,0.0,0.0,0.3,0.3,0.3,0.3,,2022,2021-22
580.0,George King,28.0,DAL,SF,4.0,0.0,4.8,0.0,1.3,0.0,0.0,1.0,0.0,0.0,0.3,0.0,0.0,0.3,0.5,0.5,0.0,1.3,1.3,0.0,0.0,0.0,0.3,1.0,0.3,,2022,2021-22
581.0,Miye Oni,24.0,UTA,SG,16.0,0.0,2.8,0.1,0.6,0.222,0.1,0.5,0.125,0.1,0.1,1.0,0.278,0.0,0.1,0.0,0.1,0.4,0.4,0.3,0.0,0.0,0.1,0.4,0.3,,2022,2021-22
582.0,Cat Barber,27.0,ATL,PG,3.0,0.0,4.3,0.0,1.3,0.0,0.0,0.0,,0.0,1.3,0.0,0.0,0.0,1.3,0.0,0.3,0.7,1.0,1.0,0.0,0.0,0.3,0.3,0.0,,2022,2021-22
583.0,Jordan Bell,27.0,CHI,C,1.0,0.0,2.0,0.0,0.0,,0.0,0.0,,0.0,0.0,,,0.0,0.0,,1.0,0.0,1.0,0.0,1.0,0.0,0.0,2.0,0.0,,2022,2021-22
584.0,Zylan Cheatham,26.0,UTA,SF,1.0,0.0,5.0,0.0,3.0,0.0,0.0,2.0,0.0,0.0,1.0,0.0,0.0,0.0,0.0,,0.0,0.0,0.0,0.0,0.0,0.0,0.0,0.0,0.0,,2022,2021-22
585.0,Sam Dekker,27.0,TOR,PF,1.0,0.0,1.0,0.0,0.0,,0.0,0.0,,0.0,0.0,,,0.0,0.0,,0.0,0.0,0.0,0.0,0.0,0.0,0.0,0.0,0.0,,2022,2021-22
586.0,Javin DeLaurier,23.0,MIL,C,1.0,0.0,3.0,0.0,0.0,,0.0,0.0,,0.0,0.0,,,0.0,0.0,,0.0,1.0,1.0,0.0,1.0,0.0,0.0,1.0,0.0,,2022,2021-22
587.0,Jaime Echenique,24.0,WAS,C,1.0,0.0,3.0,0.0,0.0,,0.0,0.0,,0.0,0.0,,,0.0,0.0,,0.0,0.0,0.0,0.0,0.0,0.0,0.0,0.0,0.0,,2022,2021-22
588.0,Jordan Goodwin,23.0,WAS,SG,2.0,0.0,3.0,0.0,1.5,0.0,0.0,0.5,0.0,0.0,1.0,0.0,0.0,0.0,0.0,,0.0,0.5,0.5,0.0,0.0,0.0,0.0,0.5,0.0,,2022,2021-22
589.0,Tyler Hall,24.0,NYK,SG,1.0,0.0,2.0,0.0,0.0,,0.0,0.0,,0.0,0.0,,,0.0,0.0,,0.0,0.0,0.0,0.0,0.0,0.0,0.0,0.0,0.0,,2022,2021-22
590.0,Nate Hinton,22.0,IND,SG,2.0,0.0,1.0,0.0,0.5,0.0,0.0,0.0,,0.0,0.5,0.0,0.0,0.0,0.0,,0.0,0.0,0.0,0.0,0.0,0.0,0.5,0.0,0.0,,2022,2021-22
591.0,Jay Huff,23.0,LAL,C,4.0,0.0,5.0,0.0,0.8,0.0,0.0,0.5,0.0,0.0,0.3,0.0,0.0,0.0,0.0,,0.3,0.8,1.0,0.3,0.3,0.3,0.3,0.3,0.0,,2022,2021-22
592.0,Feron Hunt,22.0,NYK,SF,2.0,0.0,4.0,0.0,1.0,0.0,0.0,0.0,,0.0,1.0,0.0,0.0,0.0,0.0,,0.5,0.0,0.5,0.5,0.5,0.0,0.5,0.5,0.0,,2022,2021-22
593.0,DeJon Jarreau,24.0,IND,SG,1.0,0.0,1.0,0.0,0.0,,0.0,0.0,,0.0,0.0,,,0.0,0.0,,0.0,0.0,0.0,0.0,0.0,0.0,0.0,0.0,0.0,,2022,2021-22
594.0,David Johnson,20.0,TOR,SG,2.0,0.0,1.0,0.0,0.5,0.0,0.0,0.5,0.0,0.0,0.0,,0.0,0.0,0.0,,0.0,0.0,0.0,0.0,0.0,0.0,0.0,0.0,0.0,,2022,2021-22
595.0,Arnoldas Kulboka,24.0,CHO,SF,2.0,0.0,2.5,0.0,0.5,0.0,0.0,0.5,0.0,0.0,0.0,,0.0,0.0,0.0,,0.0,0.0,0.0,0.0,0.0,0.0,0.0,0.5,0.0,,2022,2021-22
596.0,Anthony Lamb,24.0,SAS,SF,2.0,0.0,4.0,0.0,1.0,0.0,0.0,1.0,0.0,0.0,0.0,,0.0,0.0,0.0,,0.0,0.5,0.5,1.0,0.0,0.0,0.0,0.0,0.0,,2022,2021-22
597.0,JaQuori McLaughlin,24.0,DAL,PG,4.0,0.0,2.8,0.0,0.5,0.0,0.0,0.3,0.0,0.0,0.3,0.0,0.0,0.0,0.0,,0.0,0.0,0.0,0.5,0.0,0.0,0.0,0.3,0.0,,2022,2021-22
598.0,C.J. Miles,34.0,BOS,SG,1.0,0.0,2.0,0.0,0.0,,0.0,0.0,,0.0,0.0,,,0.0,0.0,,0.0,0.0,0.0,0.0,0.0,0.0,0.0,1.0,0.0,,2022,2021-22
599.0,Matt Mooney,25.0,NYK,SG,1.0,0.0,2.0,0.0,1.0,0.0,0.0,1.0,0.0,0.0,0.0,,0.0,0.0,0.0,,0.0,0.0,0.0,0.0,1.0,0.0,1.0,0.0,0.0,,2022,2021-22
600.0,Ade Murkey,24.0,SAC,SG,1.0,0.0,1.0,0.0,0.0,,0.0,0.0,,0.0,0.0,,,0.0,0.0,,0.0,0.0,0.0,0.0,0.0,0.0,0.0,0.0,0.0,,2022,2021-22
601.0,Jaysean Paige,27.0,DET,PG,1.0,0.0,7.0,0.0,3.0,0.0,0.0,2.0,0.0,0.0,1.0,0.0,0.0,0.0,0.0,,0.0,1.0,1.0,1.0,0.0,0.0,1.0,2.0,0.0,,2022,2021-22
602.0,Trayvon Palmer,27.0,DET,SG,1.0,0.0,17.0,0.0,1.0,0.0,0.0,0.0,,0.0,1.0,0.0,0.0,0.0,0.0,,0.0,2.0,2.0,0.0,0.0,0.0,1.0,2.0,0.0,,2022,2021-22
603.0,Emanuel Terry,25.0,PHO,PF,3.0,0.0,6.0,0.0,1.7,0.0,0.0,0.0,,0.0,1.7,0.0,0.0,0.0,0.0,,2.7,2.3,5.0,0.7,0.3,0.0,1.7,1.3,0.0,,2022,2021-22
604.0,Jon Teske,24.0,MEM,C,3.0,0.0,2.7,0.0,0.3,0.0,0.0,0.0,,0.0,0.3,0.0,0.0,0.0,0.7,0.0,0.0,0.7,0.7,0.3,0.3,0.0,0.0,0.3,0.0,,2022,2021-22
605.0,M.J. Walker,23.0,PHO,SG,2.0,0.0,4.0,0.0,2.0,0.0,0.0,1.0,0.0,0.0,1.0,0.0,0.0,0.0,0.0,,0.0,0.5,0.5,0.5,1.0,0.0,0.0,0.5,0.0,,2022,2021-22
,League Average,,,,,,,,,0.461,,,0.354,,,0.533,0.532,,,0.775,,,,,,,,,,,2022,2021-22
