Rk,Player,Age,Team,Pos,G,GS,MP,FG,FGA,FG%,3P,3PA,3P%,2P,2PA,2P%,eFG%,FT,FTA,FT%,ORB,DRB,TRB,AST,STL,BLK,TOV,PF,PTS,Trp-Dbl,Awards,season_end_year,season
1.0,Trae Young,23.0,ATL,PG,76.0,76.0,2652.0,711.0,1544.0,0.46,233.0,610.0,0.382,478.0,934.0,0.512,0.536,500.0,553.0,0.904,50.0,234.0,284.0,737.0,72.0,7.0,303.0,128.0,2155.0,0.0,"AS,NBA3",2022,2021-22
2.0,DeMar DeRozan,32.0,CHI,PF,76.0,76.0,2743.0,774.0,1535.0,0.504,50.0,142.0,0.352,724.0,1393.0,0.52,0.521,520.0,593.0,0.877,56.0,336.0,392.0,374.0,68.0,24.0,181.0,178.0,2118.0,0.0,"MVP-10,AS,NBA2",2022,2021-22
3.0,Joel Embiid,27.0,PHI,C,68.0,68.0,2297.0,666.0,1334.0,0.499,93.0,251.0,0.371,573.0,1083.0,0.529,0.534,654.0,803.0,0.814,146.0,650.0,796.0,284.0,77.0,99.0,214.0,181.0,2079.0,2.0,"MVP-2,AS,NBA2",2022,2021-22
4.0,Jayson Tatum,23.0,BOS,SF,76.0,76.0,2731.0,708.0,1564.0,0.453,230.0,651.0,0.353,478.0,913.0,0.524,0.526,400.0,469.0,0.853,85.0,524.0,609.0,334.0,75.0,49.0,217.0,174.0,2046.0,0.0,"MVP-6,AS,NBA1",2022,2021-22
5.0,Nikola Jokić,26.0,DEN,C,74.0,74.0,2476.0,764.0,1311.0,0.583,97.0,288.0,0.337,667.0,1023.0,0.652,0.62,379.0,468.0,0.81,206.0,813.0,1019.0,584.0,109.0,63.0,281.0,191.0,2004.0,19.0,"MVP-1,AS,NBA1",2022,2021-22
6.0,Giannis Antetokounmpo,27.0,MIL,PF,67.0,67.0,2204.0,689.0,1245.0,0.553,71.0,242.0,0.293,618.0,1003.0,0.616,0.582,553.0,766.0,0.722,134.0,644.0,778.0,388.0,72.0,91.0,219.0,212.0,2002.0,4.0,"MVP-3,DPOY-6,AS,NBA1,DEF1",2022,2021-22
7.0,Luka Dončić,22.0,DAL,PG,65.0,65.0,2301.0,641.0,1403.0,0.457,201.0,569.0,0.353,440.0,834.0,0.528,0.529,364.0,489.0,0.744,56.0,537.0,593.0,568.0,75.0,36.0,292.0,145.0,1847.0,10.0,"MVP-5,AS,NBA1",2022,2021-22
8.0,Devin Booker,25.0,PHO,SG,68.0,68.0,2345.0,662.0,1421.0,0.466,183.0,478.0,0.383,479.0,943.0,0.508,0.53,315.0,363.0,0.868,45.0,297.0,342.0,329.0,77.0,26.0,162.0,180.0,1822.0,0.0,"MVP-4,AS,NBA1",2022,2021-22
9.0,Karl-Anthony Towns,26.0,MIN,C,74.0,74.0,2476.0,642.0,1214.0,0.529,150.0,366.0,0.41,492.0,848.0,0.58,0.591,384.0,467.0,0.822,194.0,533.0,727.0,269.0,72.0,83.0,226.0,267.0,1818.0,1.0,"AS,NBA3",2022,2021-22
10.0,Donovan Mitchell,25.0,UTA,SG,67.0,67.0,2266.0,617.0,1376.0,0.448,232.0,654.0,0.355,385.0,722.0,0.533,0.533,267.0,313.0,0.853,55.0,227.0,282.0,358.0,99.0,12.0,200.0,164.0,1733.0,0.0,AS,2022,2021-22
11.0,LeBron James,37.0,LAL,C,56.0,56.0,2084.0,640.0,1221.0,0.524,161.0,448.0,0.359,479.0,773.0,0.62,0.59,254.0,336.0,0.756,63.0,396.0,459.0,349.0,73.0,59.0,196.0,121.0,1695.0,6.0,"MVP-10,AS,NBA3",2022,2021-22
12.0,Kevin Durant,33.0,BRK,PF,55.0,55.0,2047.0,578.0,1115.0,0.518,115.0,300.0,0.383,463.0,815.0,0.568,0.57,372.0,409.0,0.91,29.0,378.0,407.0,351.0,48.0,52.0,191.0,113.0,1643.0,4.0,"MVP-10,AS,NBA2",2022,2021-22
13.0,Zach LaVine,26.0,CHI,SG,67.0,67.0,2328.0,565.0,1186.0,0.476,185.0,475.0,0.389,380.0,711.0,0.534,0.554,320.0,375.0,0.853,22.0,286.0,308.0,303.0,41.0,23.0,171.0,120.0,1635.0,0.0,AS,2022,2021-22
14.0,Stephen Curry,33.0,GSW,PG,64.0,64.0,2211.0,535.0,1224.0,0.437,285.0,750.0,0.38,250.0,474.0,0.527,0.554,275.0,298.0,0.923,34.0,301.0,335.0,404.0,85.0,23.0,206.0,130.0,1630.0,2.0,"MVP-8,AS,NBA2",2022,2021-22
15.0,Miles Bridges,23.0,CHO,PF,80.0,80.0,2837.0,596.0,1214.0,0.491,154.0,465.0,0.331,442.0,749.0,0.59,0.554,267.0,333.0,0.802,90.0,469.0,559.0,300.0,74.0,67.0,150.0,193.0,1613.0,0.0,,2022,2021-22
16.0,Ja Morant,22.0,MEM,PG,57.0,57.0,1889.0,580.0,1177.0,0.493,88.0,256.0,0.344,492.0,921.0,0.534,0.53,316.0,415.0,0.761,77.0,248.0,325.0,384.0,66.0,22.0,196.0,86.0,1564.0,1.0,"MVP-7,MIP-1,AS,NBA2",2022,2021-22
17.0,Jaylen Brown,25.0,BOS,SF,66.0,66.0,2220.0,576.0,1217.0,0.473,166.0,464.0,0.358,410.0,753.0,0.544,0.541,241.0,318.0,0.758,53.0,351.0,404.0,231.0,70.0,18.0,178.0,163.0,1559.0,2.0,,2022,2021-22
18.0,Pascal Siakam,27.0,TOR,PF,68.0,68.0,2578.0,596.0,1207.0,0.494,75.0,218.0,0.344,521.0,989.0,0.527,0.525,284.0,379.0,0.749,128.0,452.0,580.0,360.0,85.0,42.0,181.0,225.0,1551.0,2.0,NBA3,2022,2021-22
19.0,Anthony Edwards,20.0,MIN,SG,72.0,72.0,2466.0,549.0,1245.0,0.441,215.0,602.0,0.357,334.0,643.0,0.519,0.527,220.0,280.0,0.786,62.0,281.0,343.0,275.0,105.0,46.0,190.0,164.0,1533.0,0.0,,2022,2021-22
20.0,LaMelo Ball,20.0,CHO,PG,75.0,75.0,2422.0,538.0,1254.0,0.429,220.0,565.0,0.389,318.0,689.0,0.462,0.517,212.0,243.0,0.872,108.0,393.0,501.0,571.0,119.0,30.0,245.0,237.0,1508.0,5.0,AS,2022,2021-22
21.0,Darius Garland,22.0,CLE,PG,68.0,68.0,2430.0,542.0,1173.0,0.462,174.0,454.0,0.383,368.0,719.0,0.512,0.536,215.0,241.0,0.892,39.0,185.0,224.0,583.0,89.0,7.0,248.0,115.0,1473.0,1.0,AS,2022,2021-22
22.0,Julius Randle,27.0,NYK,PF,72.0,72.0,2544.0,512.0,1246.0,0.411,120.0,390.0,0.308,392.0,856.0,0.458,0.459,303.0,401.0,0.756,125.0,591.0,716.0,370.0,53.0,39.0,245.0,205.0,1447.0,1.0,,2022,2021-22
23.0,Russell Westbrook,33.0,LAL,PG,78.0,78.0,2678.0,548.0,1233.0,0.444,79.0,265.0,0.298,469.0,968.0,0.485,0.476,266.0,399.0,0.667,110.0,470.0,580.0,550.0,75.0,20.0,295.0,235.0,1441.0,10.0,,2022,2021-22
24.0,Dejounte Murray,25.0,SAS,PG,68.0,68.0,2366.0,573.0,1241.0,0.462,96.0,294.0,0.327,477.0,947.0,0.504,0.5,196.0,247.0,0.794,80.0,483.0,563.0,627.0,138.0,23.0,180.0,138.0,1438.0,13.0,AS,2022,2021-22
25.0,James Harden,32.0,2TM,PG,65.0,65.0,2419.0,407.0,992.0,0.41,148.0,448.0,0.33,259.0,544.0,0.476,0.485,470.0,536.0,0.877,55.0,445.0,500.0,667.0,82.0,36.0,284.0,153.0,1432.0,11.0,AS,2022,2021-22
25.0,James Harden,32.0,BRK,PG,44.0,44.0,1627.0,292.0,706.0,0.414,102.0,307.0,0.332,190.0,399.0,0.476,0.486,304.0,350.0,0.869,42.0,309.0,351.0,447.0,56.0,31.0,212.0,105.0,990.0,9.0,,2022,2021-22
25.0,James Harden,32.0,PHI,PG,21.0,21.0,792.0,115.0,286.0,0.402,46.0,141.0,0.326,69.0,145.0,0.476,0.483,166.0,186.0,0.892,13.0,136.0,149.0,220.0,26.0,5.0,72.0,48.0,442.0,2.0,,2022,2021-22
26.0,Terry Rozier,27.0,CHO,SG,73.0,73.0,2458.0,518.0,1167.0,0.444,222.0,593.0,0.374,296.0,574.0,0.516,0.539,150.0,176.0,0.852,56.0,259.0,315.0,326.0,93.0,25.0,96.0,119.0,1408.0,1.0,,2022,2021-22
27.0,Jordan Poole,22.0,GSW,SG,76.0,51.0,2283.0,474.0,1058.0,0.448,211.0,580.0,0.364,263.0,478.0,0.55,0.548,246.0,266.0,0.925,34.0,226.0,260.0,304.0,60.0,23.0,187.0,206.0,1405.0,0.0,,2022,2021-22
28.0,RJ Barrett,21.0,NYK,SF,70.0,70.0,2417.0,487.0,1194.0,0.408,138.0,404.0,0.342,349.0,790.0,0.442,0.466,290.0,406.0,0.714,66.0,342.0,408.0,208.0,43.0,16.0,151.0,142.0,1402.0,0.0,,2022,2021-22
29.0,Desmond Bane,23.0,MEM,SG,76.0,76.0,2266.0,508.0,1101.0,0.461,228.0,523.0,0.436,280.0,578.0,0.484,0.565,140.0,155.0,0.903,46.0,288.0,334.0,208.0,92.0,29.0,111.0,196.0,1384.0,0.0,,2022,2021-22
30.0,Shai Gilgeous-Alexander,23.0,OKC,PG,56.0,56.0,1942.0,477.0,1052.0,0.453,89.0,297.0,0.3,388.0,755.0,0.514,0.496,328.0,405.0,0.81,37.0,241.0,278.0,331.0,71.0,46.0,154.0,142.0,1371.0,1.0,,2022,2021-22
31.0,CJ McCollum,30.0,2TM,PG,62.0,62.0,2145.0,536.0,1164.0,0.46,182.0,469.0,0.388,354.0,695.0,0.509,0.539,116.0,170.0,0.682,53.0,216.0,269.0,315.0,70.0,22.0,127.0,121.0,1370.0,0.0,,2022,2021-22
31.0,CJ McCollum,30.0,POR,SG,36.0,36.0,1267.0,290.0,665.0,0.436,111.0,289.0,0.384,179.0,376.0,0.476,0.52,48.0,68.0,0.706,34.0,119.0,153.0,163.0,36.0,21.0,70.0,77.0,739.0,0.0,,2022,2021-22
31.0,CJ McCollum,30.0,NOP,PG,26.0,26.0,878.0,246.0,499.0,0.493,71.0,180.0,0.394,175.0,319.0,0.549,0.564,68.0,102.0,0.667,19.0,97.0,116.0,152.0,34.0,1.0,57.0,44.0,631.0,0.0,,2022,2021-22
32.0,De'Aaron Fox,24.0,SAC,PG,59.0,59.0,2083.0,516.0,1092.0,0.473,74.0,249.0,0.297,442.0,843.0,0.524,0.506,261.0,348.0,0.75,25.0,206.0,231.0,330.0,68.0,25.0,168.0,172.0,1367.0,0.0,,2022,2021-22
33.0,Tyler Herro,22.0,MIA,SG,66.0,10.0,2151.0,501.0,1122.0,0.447,175.0,439.0,0.399,326.0,683.0,0.477,0.525,190.0,219.0,0.868,32.0,297.0,329.0,263.0,44.0,8.0,174.0,95.0,1367.0,0.0,6MOY-1,2022,2021-22
34.0,Khris Middleton,30.0,MIL,SF,66.0,66.0,2141.0,452.0,1021.0,0.443,162.0,434.0,0.373,290.0,587.0,0.494,0.522,259.0,291.0,0.89,41.0,315.0,356.0,358.0,76.0,18.0,190.0,160.0,1325.0,0.0,AS,2022,2021-22
35.0,Saddiq Bey,22.0,DET,SF,82.0,82.0,2704.0,450.0,1136.0,0.396,211.0,610.0,0.346,239.0,526.0,0.454,0.489,210.0,254.0,0.827,107.0,334.0,441.0,233.0,73.0,16.0,96.0,128.0,1321.0,0.0,,2022,2021-22
36.0,Fred VanVleet,27.0,TOR,PG,65.0,65.0,2462.0,442.0,1097.0,0.403,242.0,642.0,0.377,200.0,455.0,0.44,0.513,194.0,222.0,0.874,44.0,245.0,289.0,434.0,111.0,35.0,170.0,162.0,1320.0,1.0,AS,2022,2021-22
37.0,Jonas Valančiūnas,29.0,NOP,C,74.0,74.0,2240.0,510.0,938.0,0.544,57.0,158.0,0.361,453.0,780.0,0.581,0.574,237.0,289.0,0.82,226.0,617.0,843.0,190.0,41.0,60.0,179.0,247.0,1314.0,0.0,,2022,2021-22
38.0,Tyrese Maxey,21.0,PHI,PG,75.0,74.0,2650.0,483.0,995.0,0.485,132.0,309.0,0.427,351.0,686.0,0.512,0.552,213.0,246.0,0.866,26.0,214.0,240.0,321.0,55.0,32.0,88.0,156.0,1311.0,0.0,,2022,2021-22
39.0,Nikola Vučević,31.0,CHI,C,73.0,73.0,2418.0,546.0,1154.0,0.473,104.0,331.0,0.314,442.0,823.0,0.537,0.518,92.0,121.0,0.76,142.0,662.0,804.0,236.0,70.0,71.0,136.0,181.0,1288.0,0.0,,2022,2021-22
40.0,Jalen Brunson,25.0,DAL,SG,79.0,61.0,2524.0,506.0,1008.0,0.502,94.0,252.0,0.373,412.0,756.0,0.545,0.549,179.0,213.0,0.84,43.0,266.0,309.0,377.0,66.0,3.0,124.0,151.0,1285.0,0.0,,2022,2021-22
41.0,Gary Trent Jr.,23.0,TOR,SG,70.0,69.0,2448.0,450.0,1086.0,0.414,209.0,545.0,0.383,241.0,541.0,0.445,0.511,174.0,204.0,0.853,26.0,165.0,191.0,141.0,122.0,19.0,73.0,144.0,1283.0,0.0,,2022,2021-22
42.0,Keldon Johnson,22.0,SAS,SF,75.0,74.0,2392.0,471.0,1011.0,0.466,159.0,399.0,0.398,312.0,612.0,0.51,0.545,177.0,234.0,0.756,80.0,377.0,457.0,158.0,58.0,14.0,92.0,148.0,1278.0,0.0,,2022,2021-22
43.0,Jaren Jackson Jr.,22.0,MEM,PF,78.0,78.0,2126.0,430.0,1036.0,0.415,128.0,401.0,0.319,302.0,635.0,0.476,0.477,284.0,345.0,0.823,119.0,335.0,454.0,86.0,73.0,177.0,130.0,272.0,1272.0,0.0,"DPOY-5,DEF1",2022,2021-22
44.0,Jordan Clarkson,29.0,UTA,SG,79.0,1.0,2141.0,466.0,1113.0,0.419,190.0,597.0,0.318,276.0,516.0,0.535,0.504,144.0,174.0,0.828,67.0,206.0,273.0,194.0,66.0,16.0,129.0,149.0,1266.0,0.0,6MOY-4,2022,2021-22
45.0,Harrison Barnes,29.0,SAC,PF,77.0,77.0,2587.0,391.0,834.0,0.469,142.0,360.0,0.394,249.0,474.0,0.525,0.554,341.0,413.0,0.826,82.0,350.0,432.0,186.0,53.0,14.0,118.0,94.0,1265.0,0.0,,2022,2021-22
46.0,Buddy Hield,29.0,2TM,SG,81.0,32.0,2499.0,446.0,1098.0,0.406,262.0,716.0,0.366,184.0,382.0,0.482,0.526,111.0,127.0,0.874,66.0,287.0,353.0,229.0,73.0,25.0,153.0,184.0,1265.0,0.0,,2022,2021-22
46.0,Buddy Hield,29.0,SAC,SG,55.0,6.0,1574.0,265.0,693.0,0.382,182.0,495.0,0.368,83.0,198.0,0.419,0.514,80.0,92.0,0.87,43.0,178.0,221.0,105.0,48.0,15.0,90.0,113.0,792.0,0.0,,2022,2021-22
46.0,Buddy Hield,29.0,IND,SG,26.0,26.0,925.0,181.0,405.0,0.447,80.0,221.0,0.362,101.0,184.0,0.549,0.546,31.0,35.0,0.886,23.0,109.0,132.0,124.0,25.0,10.0,63.0,71.0,473.0,0.0,,2022,2021-22
47.0,Reggie Jackson,31.0,LAC,SG,75.0,75.0,2337.0,479.0,1222.0,0.392,167.0,512.0,0.326,312.0,710.0,0.439,0.46,138.0,163.0,0.847,39.0,232.0,271.0,359.0,55.0,15.0,173.0,159.0,1263.0,0.0,,2022,2021-22
48.0,Tobias Harris,29.0,PHI,PF,73.0,73.0,2543.0,493.0,1022.0,0.482,101.0,275.0,0.367,392.0,747.0,0.525,0.532,170.0,202.0,0.842,77.0,419.0,496.0,252.0,47.0,43.0,116.0,164.0,1257.0,1.0,,2022,2021-22
49.0,Andrew Wiggins,26.0,GSW,SF,73.0,73.0,2329.0,475.0,1019.0,0.466,157.0,399.0,0.393,318.0,620.0,0.513,0.543,149.0,235.0,0.634,85.0,240.0,325.0,161.0,76.0,51.0,111.0,158.0,1256.0,0.0,AS,2022,2021-22
50.0,Bojan Bogdanović,32.0,UTA,PF,69.0,69.0,2131.0,422.0,928.0,0.455,181.0,468.0,0.387,241.0,460.0,0.524,0.552,223.0,260.0,0.858,58.0,238.0,296.0,120.0,34.0,1.0,118.0,116.0,1248.0,0.0,,2022,2021-22
51.0,Brandon Ingram,24.0,NOP,SF,55.0,55.0,1869.0,453.0,983.0,0.461,74.0,226.0,0.327,379.0,757.0,0.501,0.498,266.0,322.0,0.826,35.0,285.0,320.0,307.0,34.0,26.0,151.0,119.0,1246.0,0.0,,2022,2021-22
52.0,Jrue Holiday,31.0,MIL,PG,67.0,64.0,2207.0,478.0,954.0,0.501,132.0,321.0,0.411,346.0,633.0,0.547,0.57,137.0,180.0,0.761,69.0,232.0,301.0,457.0,108.0,29.0,183.0,133.0,1225.0,0.0,"DPOY-8,DEF2",2022,2021-22
53.0,Jimmy Butler,32.0,MIA,SF,57.0,57.0,1931.0,398.0,829.0,0.48,27.0,116.0,0.233,371.0,713.0,0.52,0.496,396.0,455.0,0.87,102.0,234.0,336.0,312.0,94.0,27.0,121.0,88.0,1219.0,4.0,AS,2022,2021-22
54.0,Christian Wood,26.0,HOU,C,68.0,67.0,2094.0,440.0,878.0,0.501,131.0,336.0,0.39,309.0,542.0,0.57,0.576,207.0,332.0,0.623,110.0,576.0,686.0,155.0,54.0,65.0,126.0,171.0,1218.0,0.0,,2022,2021-22
55.0,Franz Wagner,20.0,ORL,SF,79.0,79.0,2429.0,456.0,975.0,0.468,96.0,271.0,0.354,360.0,704.0,0.511,0.517,189.0,219.0,0.863,84.0,272.0,356.0,231.0,68.0,34.0,119.0,164.0,1197.0,0.0,ROY-5,2022,2021-22
56.0,Tyrese Haliburton,21.0,2TM,PG,77.0,77.0,2695.0,430.0,909.0,0.473,161.0,389.0,0.414,269.0,520.0,0.517,0.562,160.0,190.0,0.842,61.0,250.0,311.0,628.0,134.0,49.0,199.0,121.0,1181.0,0.0,,2022,2021-22
56.0,Tyrese Haliburton,21.0,SAC,SG,51.0,51.0,1757.0,268.0,586.0,0.457,104.0,252.0,0.413,164.0,334.0,0.491,0.546,87.0,104.0,0.837,39.0,160.0,199.0,379.0,86.0,34.0,115.0,71.0,727.0,0.0,,2022,2021-22
56.0,Tyrese Haliburton,21.0,IND,PG,26.0,26.0,938.0,162.0,323.0,0.502,57.0,137.0,0.416,105.0,186.0,0.565,0.59,73.0,86.0,0.849,22.0,90.0,112.0,249.0,48.0,15.0,84.0,50.0,454.0,0.0,,2022,2021-22
57.0,D'Angelo Russell,25.0,MIN,PG,65.0,65.0,2077.0,401.0,975.0,0.411,176.0,518.0,0.34,225.0,457.0,0.492,0.502,198.0,240.0,0.825,25.0,191.0,216.0,460.0,62.0,22.0,165.0,130.0,1176.0,0.0,,2022,2021-22
58.0,Domantas Sabonis,25.0,2TM,PF,62.0,61.0,2136.0,443.0,773.0,0.573,39.0,125.0,0.312,404.0,648.0,0.623,0.598,246.0,332.0,0.741,201.0,551.0,752.0,323.0,59.0,27.0,195.0,203.0,1171.0,5.0,,2022,2021-22
58.0,Domantas Sabonis,25.0,IND,PF,47.0,46.0,1632.0,331.0,571.0,0.58,35.0,108.0,0.324,296.0,463.0,0.639,0.61,191.0,258.0,0.74,155.0,412.0,567.0,236.0,46.0,22.0,143.0,146.0,888.0,5.0,,2022,2021-22
58.0,Domantas Sabonis,25.0,SAC,PF,15.0,15.0,504.0,112.0,202.0,0.554,4.0,17.0,0.235,108.0,185.0,0.584,0.564,55.0,74.0,0.743,46.0,139.0,185.0,87.0,13.0,5.0,52.0,57.0,283.0,0.0,,2022,2021-22
59.0,Mikal Bridges,25.0,PHO,SF,82.0,82.0,2854.0,458.0,858.0,0.534,115.0,312.0,0.369,343.0,546.0,0.628,0.601,131.0,157.0,0.834,74.0,273.0,347.0,185.0,96.0,36.0,68.0,150.0,1162.0,0.0,"DPOY-2,DEF1",2022,2021-22
60.0,Jalen Green,19.0,HOU,SG,67.0,67.0,2138.0,406.0,954.0,0.426,157.0,458.0,0.343,249.0,496.0,0.502,0.508,188.0,236.0,0.797,33.0,193.0,226.0,176.0,44.0,18.0,135.0,103.0,1157.0,0.0,ROY-4,2022,2021-22
61.0,Kelly Oubre Jr.,26.0,CHO,SF,76.0,13.0,1999.0,410.0,932.0,0.44,191.0,553.0,0.345,219.0,379.0,0.578,0.542,126.0,189.0,0.667,79.0,223.0,302.0,84.0,77.0,31.0,67.0,189.0,1137.0,0.0,6MOY-7,2022,2021-22
62.0,Scottie Barnes,20.0,TOR,PF,74.0,74.0,2617.0,459.0,932.0,0.492,58.0,193.0,0.301,401.0,739.0,0.543,0.524,158.0,215.0,0.735,195.0,362.0,557.0,256.0,80.0,55.0,136.0,192.0,1134.0,0.0,ROY-1,2022,2021-22
63.0,Kyle Kuzma,26.0,WAS,PF,66.0,66.0,2204.0,423.0,936.0,0.452,128.0,375.0,0.341,295.0,561.0,0.526,0.52,156.0,219.0,0.712,70.0,491.0,561.0,233.0,42.0,57.0,169.0,128.0,1130.0,1.0,,2022,2021-22
64.0,Aaron Gordon,26.0,DEN,PF,75.0,75.0,2376.0,434.0,834.0,0.52,87.0,260.0,0.335,347.0,574.0,0.605,0.573,171.0,230.0,0.743,125.0,314.0,439.0,188.0,44.0,44.0,133.0,148.0,1126.0,0.0,,2022,2021-22
65.0,Evan Fournier,29.0,NYK,SG,80.0,80.0,2358.0,402.0,965.0,0.417,241.0,619.0,0.389,161.0,346.0,0.465,0.541,80.0,113.0,0.708,34.0,176.0,210.0,171.0,79.0,20.0,105.0,180.0,1125.0,0.0,,2022,2021-22
66.0,Cade Cunningham,20.0,DET,SG,64.0,64.0,2088.0,429.0,1031.0,0.416,114.0,363.0,0.314,315.0,668.0,0.472,0.471,142.0,168.0,0.845,58.0,296.0,354.0,356.0,78.0,43.0,234.0,200.0,1114.0,2.0,ROY-3,2022,2021-22
67.0,Bam Adebayo,24.0,MIA,C,56.0,56.0,1825.0,406.0,729.0,0.557,0.0,6.0,0.0,406.0,723.0,0.562,0.557,256.0,340.0,0.753,137.0,427.0,564.0,190.0,80.0,44.0,148.0,171.0,1068.0,0.0,"DPOY-4,DEF2",2022,2021-22
68.0,Cole Anthony,21.0,ORL,PG,65.0,65.0,2059.0,357.0,912.0,0.391,132.0,391.0,0.338,225.0,521.0,0.432,0.464,216.0,253.0,0.854,32.0,316.0,348.0,369.0,46.0,17.0,170.0,171.0,1062.0,0.0,,2022,2021-22
69.0,Bobby Portis,26.0,MIL,C,72.0,59.0,2028.0,417.0,871.0,0.479,133.0,338.0,0.393,284.0,533.0,0.533,0.555,85.0,113.0,0.752,180.0,477.0,657.0,86.0,53.0,51.0,90.0,174.0,1052.0,0.0,,2022,2021-22
70.0,Malik Monk,23.0,LAL,SG,76.0,37.0,2139.0,391.0,826.0,0.473,173.0,442.0,0.391,218.0,384.0,0.568,0.578,93.0,117.0,0.795,37.0,219.0,256.0,218.0,61.0,29.0,122.0,138.0,1048.0,0.0,,2022,2021-22
71.0,Will Barton,31.0,DEN,SG,71.0,71.0,2277.0,392.0,896.0,0.438,157.0,430.0,0.365,235.0,466.0,0.504,0.525,102.0,127.0,0.803,44.0,296.0,340.0,276.0,55.0,31.0,127.0,114.0,1043.0,0.0,,2022,2021-22
72.0,Evan Mobley,20.0,CLE,PF,69.0,69.0,2331.0,422.0,830.0,0.508,23.0,92.0,0.25,399.0,738.0,0.541,0.522,167.0,252.0,0.663,143.0,427.0,570.0,174.0,56.0,115.0,133.0,147.0,1034.0,0.0,ROY-2,2022,2021-22
73.0,Kristaps Porziņģis,26.0,2TM,PF,51.0,51.0,1481.0,352.0,767.0,0.459,78.0,252.0,0.31,274.0,515.0,0.532,0.51,248.0,286.0,0.867,102.0,309.0,411.0,119.0,37.0,84.0,81.0,137.0,1030.0,0.0,,2022,2021-22
73.0,Kristaps Porziņģis,26.0,DAL,PF,34.0,34.0,1002.0,229.0,508.0,0.451,49.0,173.0,0.283,180.0,335.0,0.537,0.499,147.0,170.0,0.865,64.0,197.0,261.0,69.0,25.0,59.0,53.0,88.0,654.0,0.0,,2022,2021-22
73.0,Kristaps Porziņģis,26.0,WAS,PF,17.0,17.0,479.0,123.0,259.0,0.475,29.0,79.0,0.367,94.0,180.0,0.522,0.531,101.0,116.0,0.871,38.0,112.0,150.0,50.0,12.0,25.0,28.0,49.0,376.0,0.0,,2022,2021-22
74.0,Rudy Gobert,29.0,UTA,C,66.0,66.0,2120.0,362.0,508.0,0.713,0.0,4.0,0.0,362.0,504.0,0.718,0.713,303.0,439.0,0.69,241.0,727.0,968.0,72.0,45.0,137.0,119.0,176.0,1027.0,0.0,"DPOY-3,AS,DEF1",2022,2021-22
75.0,Kentavious Caldwell-Pope,28.0,WAS,SG,77.0,77.0,2329.0,361.0,829.0,0.435,159.0,408.0,0.39,202.0,421.0,0.48,0.531,137.0,154.0,0.89,41.0,220.0,261.0,145.0,83.0,26.0,97.0,139.0,1018.0,0.0,,2022,2021-22
76.0,Kevin Love,33.0,CLE,C,74.0,4.0,1665.0,327.0,761.0,0.43,187.0,477.0,0.392,140.0,284.0,0.493,0.553,166.0,198.0,0.838,87.0,449.0,536.0,160.0,26.0,18.0,98.0,101.0,1007.0,0.0,6MOY-2,2022,2021-22
77.0,Deandre Ayton,23.0,PHO,C,58.0,58.0,1713.0,442.0,697.0,0.634,7.0,19.0,0.368,435.0,678.0,0.642,0.639,106.0,142.0,0.746,149.0,444.0,593.0,84.0,40.0,40.0,91.0,142.0,997.0,0.0,,2022,2021-22
78.0,Derrick White,27.0,2TM,SG,75.0,52.0,2199.0,337.0,800.0,0.421,115.0,369.0,0.312,222.0,431.0,0.515,0.493,203.0,235.0,0.864,38.0,223.0,261.0,366.0,64.0,58.0,119.0,172.0,992.0,0.0,,2022,2021-22
78.0,Derrick White,27.0,SAS,SG,49.0,48.0,1486.0,243.0,570.0,0.426,81.0,258.0,0.314,162.0,312.0,0.519,0.497,139.0,160.0,0.869,25.0,148.0,173.0,274.0,49.0,42.0,87.0,116.0,706.0,0.0,,2022,2021-22
78.0,Derrick White,27.0,BOS,SG,26.0,4.0,713.0,94.0,230.0,0.409,34.0,111.0,0.306,60.0,119.0,0.504,0.483,64.0,75.0,0.853,13.0,75.0,88.0,92.0,15.0,16.0,32.0,56.0,286.0,0.0,,2022,2021-22
79.0,Anfernee Simons,22.0,POR,SG,57.0,30.0,1681.0,353.0,797.0,0.443,179.0,442.0,0.405,174.0,355.0,0.49,0.555,103.0,116.0,0.888,26.0,125.0,151.0,221.0,30.0,6.0,115.0,110.0,988.0,0.0,,2022,2021-22
80.0,Mike Conley,34.0,UTA,PG,72.0,72.0,2058.0,344.0,791.0,0.435,169.0,414.0,0.408,175.0,377.0,0.464,0.542,129.0,162.0,0.796,47.0,170.0,217.0,385.0,96.0,21.0,123.0,142.0,986.0,0.0,,2022,2021-22
81.0,Caris LeVert,27.0,2TM,SG,58.0,49.0,1781.0,379.0,854.0,0.444,82.0,256.0,0.32,297.0,598.0,0.497,0.492,146.0,193.0,0.756,43.0,171.0,214.0,248.0,51.0,23.0,108.0,131.0,986.0,0.0,,2022,2021-22
81.0,Caris LeVert,27.0,IND,SG,39.0,39.0,1214.0,278.0,622.0,0.447,61.0,189.0,0.323,217.0,433.0,0.501,0.496,111.0,146.0,0.76,30.0,120.0,150.0,173.0,35.0,18.0,75.0,91.0,728.0,0.0,,2022,2021-22
81.0,Caris LeVert,27.0,CLE,SG,19.0,10.0,567.0,101.0,232.0,0.435,21.0,67.0,0.313,80.0,165.0,0.485,0.481,35.0,47.0,0.745,13.0,51.0,64.0,75.0,16.0,5.0,33.0,40.0,258.0,0.0,,2022,2021-22
82.0,Seth Curry,31.0,2TM,SG,64.0,64.0,2135.0,360.0,739.0,0.487,158.0,374.0,0.422,202.0,365.0,0.553,0.594,82.0,94.0,0.872,21.0,179.0,200.0,230.0,53.0,14.0,109.0,148.0,960.0,0.0,,2022,2021-22
82.0,Seth Curry,31.0,PHI,SG,45.0,45.0,1566.0,256.0,528.0,0.485,100.0,250.0,0.4,156.0,278.0,0.561,0.58,64.0,73.0,0.877,17.0,134.0,151.0,181.0,36.0,11.0,84.0,101.0,676.0,0.0,,2022,2021-22
82.0,Seth Curry,31.0,BRK,SG,19.0,19.0,569.0,104.0,211.0,0.493,58.0,124.0,0.468,46.0,87.0,0.529,0.63,18.0,21.0,0.857,4.0,45.0,49.0,49.0,17.0,3.0,25.0,47.0,284.0,0.0,,2022,2021-22
83.0,Chris Paul,36.0,PHO,PG,65.0,65.0,2139.0,363.0,736.0,0.493,63.0,199.0,0.317,300.0,537.0,0.559,0.536,169.0,202.0,0.837,22.0,261.0,283.0,702.0,121.0,20.0,153.0,134.0,958.0,2.0,"MVP-9,AS,NBA3",2022,2021-22
84.0,Malik Beasley,25.0,MIN,SG,79.0,18.0,1976.0,332.0,850.0,0.391,240.0,637.0,0.377,92.0,213.0,0.432,0.532,49.0,60.0,0.817,26.0,201.0,227.0,116.0,43.0,12.0,43.0,88.0,953.0,0.0,,2022,2021-22
85.0,Bogdan Bogdanović,29.0,ATL,SG,63.0,27.0,1848.0,342.0,794.0,0.431,169.0,459.0,0.368,173.0,335.0,0.516,0.537,97.0,115.0,0.843,29.0,221.0,250.0,194.0,68.0,14.0,70.0,132.0,950.0,0.0,6MOY-6,2022,2021-22
86.0,Kevin Porter Jr.,21.0,HOU,PG,61.0,61.0,1907.0,335.0,808.0,0.415,155.0,413.0,0.375,180.0,395.0,0.456,0.511,124.0,193.0,0.642,43.0,224.0,267.0,376.0,69.0,22.0,192.0,156.0,949.0,1.0,,2022,2021-22
87.0,Monte Morris,26.0,DEN,PG,75.0,74.0,2239.0,374.0,773.0,0.484,124.0,314.0,0.395,250.0,459.0,0.545,0.564,73.0,84.0,0.869,27.0,199.0,226.0,333.0,56.0,14.0,78.0,92.0,945.0,0.0,,2022,2021-22
88.0,Alec Burks,30.0,NYK,SG,81.0,44.0,2318.0,285.0,728.0,0.391,157.0,389.0,0.404,128.0,339.0,0.378,0.499,217.0,264.0,0.822,47.0,350.0,397.0,239.0,85.0,26.0,91.0,215.0,944.0,0.0,,2022,2021-22
89.0,Montrezl Harrell,28.0,2TM,C,71.0,3.0,1641.0,358.0,555.0,0.645,4.0,17.0,0.235,354.0,538.0,0.658,0.649,212.0,296.0,0.716,149.0,282.0,431.0,145.0,29.0,43.0,72.0,137.0,932.0,0.0,6MOY-9,2022,2021-22
89.0,Montrezl Harrell,28.0,WAS,C,46.0,3.0,1117.0,247.0,383.0,0.645,4.0,15.0,0.267,243.0,368.0,0.66,0.65,149.0,205.0,0.727,96.0,213.0,309.0,96.0,18.0,31.0,50.0,88.0,647.0,0.0,,2022,2021-22
89.0,Montrezl Harrell,28.0,CHO,C,25.0,0.0,524.0,111.0,172.0,0.645,0.0,2.0,0.0,111.0,170.0,0.653,0.645,63.0,91.0,0.692,53.0,69.0,122.0,49.0,11.0,12.0,22.0,49.0,285.0,0.0,,2022,2021-22
90.0,Wendell Carter Jr.,22.0,ORL,PF,62.0,61.0,1852.0,359.0,684.0,0.525,70.0,214.0,0.327,289.0,470.0,0.615,0.576,143.0,207.0,0.691,139.0,509.0,648.0,171.0,36.0,43.0,117.0,169.0,931.0,0.0,,2022,2021-22
91.0,Bradley Beal,28.0,WAS,SG,40.0,40.0,1439.0,348.0,771.0,0.451,63.0,210.0,0.3,285.0,561.0,0.508,0.492,169.0,203.0,0.833,38.0,151.0,189.0,265.0,36.0,15.0,135.0,95.0,928.0,0.0,,2022,2021-22
92.0,Anthony Davis,28.0,LAL,C,40.0,40.0,1404.0,370.0,695.0,0.532,13.0,70.0,0.186,357.0,625.0,0.571,0.542,174.0,244.0,0.713,106.0,288.0,394.0,122.0,49.0,90.0,82.0,97.0,927.0,0.0,,2022,2021-22
93.0,Patty Mills,33.0,BRK,SG,81.0,48.0,2346.0,324.0,794.0,0.408,227.0,568.0,0.4,97.0,226.0,0.429,0.551,48.0,59.0,0.814,18.0,138.0,156.0,183.0,51.0,17.0,73.0,112.0,923.0,0.0,,2022,2021-22
94.0,Carmelo Anthony,37.0,LAL,PF,69.0,3.0,1793.0,319.0,723.0,0.441,149.0,397.0,0.375,170.0,326.0,0.521,0.544,132.0,159.0,0.83,62.0,226.0,288.0,68.0,47.0,52.0,59.0,166.0,919.0,0.0,,2022,2021-22
95.0,Jae'Sean Tate,26.0,HOU,PF,78.0,77.0,2056.0,363.0,729.0,0.498,63.0,202.0,0.312,300.0,527.0,0.569,0.541,130.0,184.0,0.707,135.0,285.0,420.0,222.0,72.0,41.0,139.0,286.0,919.0,0.0,,2022,2021-22
96.0,Spencer Dinwiddie,28.0,2TM,PG,67.0,51.0,1980.0,306.0,735.0,0.416,112.0,330.0,0.339,194.0,405.0,0.479,0.493,195.0,252.0,0.774,45.0,234.0,279.0,346.0,44.0,13.0,104.0,150.0,919.0,1.0,,2022,2021-22
96.0,Spencer Dinwiddie,28.0,WAS,PG,44.0,44.0,1330.0,185.0,492.0,0.376,70.0,226.0,0.31,115.0,266.0,0.432,0.447,116.0,143.0,0.811,36.0,171.0,207.0,256.0,27.0,7.0,73.0,107.0,556.0,1.0,,2022,2021-22
96.0,Spencer Dinwiddie,28.0,DAL,PG,23.0,7.0,650.0,121.0,243.0,0.498,42.0,104.0,0.404,79.0,139.0,0.568,0.584,79.0,109.0,0.725,9.0,63.0,72.0,90.0,17.0,6.0,31.0,43.0,363.0,0.0,,2022,2021-22
97.0,Jakob Poeltl,26.0,SAS,C,68.0,67.0,1970.0,410.0,663.0,0.618,1.0,1.0,1.0,409.0,662.0,0.618,0.619,94.0,190.0,0.495,262.0,372.0,634.0,189.0,45.0,118.0,109.0,212.0,915.0,0.0,,2022,2021-22
98.0,Jarrett Allen,23.0,CLE,C,56.0,56.0,1809.0,369.0,545.0,0.677,1.0,10.0,0.1,368.0,535.0,0.688,0.678,165.0,233.0,0.708,192.0,410.0,602.0,92.0,44.0,75.0,94.0,97.0,904.0,0.0,AS,2022,2021-22
99.0,Jerami Grant,27.0,DET,PF,47.0,47.0,1500.0,298.0,699.0,0.426,91.0,254.0,0.358,207.0,445.0,0.465,0.491,217.0,259.0,0.838,28.0,163.0,191.0,111.0,44.0,49.0,85.0,107.0,904.0,0.0,,2022,2021-22
100.0,Devonte' Graham,26.0,NOP,PG,76.0,63.0,2162.0,296.0,815.0,0.363,192.0,563.0,0.341,104.0,252.0,0.413,0.481,118.0,140.0,0.843,37.0,140.0,177.0,316.0,71.0,12.0,105.0,95.0,902.0,0.0,,2022,2021-22
101.0,Lauri Markkanen,24.0,CLE,SF,61.0,61.0,1878.0,313.0,703.0,0.445,136.0,380.0,0.358,177.0,323.0,0.548,0.542,138.0,159.0,0.868,59.0,286.0,345.0,81.0,45.0,30.0,54.0,130.0,900.0,0.0,,2022,2021-22
102.0,Kevin Huerter,23.0,ATL,SF,74.0,60.0,2188.0,345.0,760.0,0.454,160.0,411.0,0.389,185.0,349.0,0.53,0.559,42.0,52.0,0.808,32.0,222.0,254.0,203.0,55.0,26.0,91.0,185.0,892.0,0.0,,2022,2021-22
103.0,Immanuel Quickley,22.0,NYK,PG,78.0,3.0,1802.0,284.0,724.0,0.392,137.0,396.0,0.346,147.0,328.0,0.448,0.487,177.0,201.0,0.881,31.0,216.0,247.0,275.0,54.0,3.0,99.0,167.0,882.0,2.0,6MOY-10,2022,2021-22
104.0,Dorian Finney-Smith,28.0,DAL,PF,80.0,80.0,2644.0,326.0,692.0,0.471,172.0,435.0,0.395,154.0,257.0,0.599,0.595,56.0,83.0,0.675,122.0,253.0,375.0,150.0,88.0,39.0,80.0,183.0,880.0,0.0,,2022,2021-22
105.0,Luguentz Dort,22.0,OKC,SG,51.0,51.0,1665.0,293.0,726.0,0.404,130.0,391.0,0.332,163.0,335.0,0.487,0.493,161.0,191.0,0.843,38.0,174.0,212.0,88.0,46.0,18.0,88.0,149.0,877.0,0.0,,2022,2021-22
106.0,John Collins,24.0,ATL,PF,54.0,53.0,1663.0,339.0,644.0,0.526,64.0,176.0,0.364,275.0,468.0,0.588,0.576,134.0,169.0,0.793,93.0,329.0,422.0,98.0,33.0,56.0,60.0,164.0,876.0,0.0,,2022,2021-22
107.0,Terance Mann,25.0,LAC,SF,81.0,33.0,2317.0,334.0,690.0,0.484,76.0,208.0,0.365,258.0,482.0,0.535,0.539,128.0,164.0,0.78,104.0,321.0,425.0,209.0,55.0,21.0,84.0,178.0,872.0,0.0,,2022,2021-22
108.0,Devin Vassell,21.0,SAS,SF,71.0,32.0,1937.0,326.0,764.0,0.427,137.0,380.0,0.361,189.0,384.0,0.492,0.516,83.0,99.0,0.838,44.0,262.0,306.0,136.0,76.0,41.0,58.0,143.0,872.0,0.0,,2022,2021-22
109.0,Dennis Schröder,28.0,2TM,PG,64.0,29.0,1837.0,312.0,724.0,0.431,86.0,250.0,0.344,226.0,474.0,0.477,0.49,157.0,184.0,0.853,34.0,180.0,214.0,296.0,53.0,8.0,143.0,154.0,867.0,0.0,,2022,2021-22
109.0,Dennis Schröder,28.0,BOS,PG,49.0,25.0,1433.0,257.0,584.0,0.44,67.0,192.0,0.349,190.0,392.0,0.485,0.497,123.0,145.0,0.848,28.0,136.0,164.0,208.0,41.0,5.0,104.0,116.0,704.0,0.0,,2022,2021-22
109.0,Dennis Schröder,28.0,HOU,PG,15.0,4.0,404.0,55.0,140.0,0.393,19.0,58.0,0.328,36.0,82.0,0.439,0.461,34.0,39.0,0.872,6.0,44.0,50.0,88.0,12.0,3.0,39.0,38.0,163.0,0.0,,2022,2021-22
110.0,Duncan Robinson,27.0,MIA,SG,79.0,68.0,2043.0,290.0,726.0,0.399,232.0,624.0,0.372,58.0,102.0,0.569,0.559,51.0,61.0,0.836,24.0,179.0,203.0,129.0,42.0,14.0,60.0,201.0,863.0,0.0,,2022,2021-22
111.0,Davion Mitchell,23.0,SAC,PG,75.0,19.0,2076.0,352.0,843.0,0.418,101.0,320.0,0.316,251.0,523.0,0.48,0.477,56.0,85.0,0.659,33.0,133.0,166.0,313.0,55.0,24.0,114.0,141.0,861.0,0.0,,2022,2021-22
112.0,Marcus Smart,27.0,BOS,PG,71.0,71.0,2296.0,300.0,718.0,0.418,119.0,360.0,0.331,181.0,358.0,0.506,0.501,142.0,179.0,0.793,42.0,228.0,270.0,417.0,119.0,18.0,159.0,160.0,861.0,0.0,"DPOY-1,DEF1",2022,2021-22
113.0,Norman Powell,28.0,2TM,SF,45.0,41.0,1458.0,279.0,605.0,0.461,106.0,253.0,0.419,173.0,352.0,0.491,0.549,189.0,233.0,0.811,20.0,125.0,145.0,96.0,42.0,21.0,69.0,106.0,853.0,0.0,,2022,2021-22
113.0,Norman Powell,28.0,POR,SF,40.0,39.0,1333.0,247.0,542.0,0.456,93.0,229.0,0.406,154.0,313.0,0.492,0.542,159.0,198.0,0.803,17.0,114.0,131.0,82.0,40.0,17.0,62.0,92.0,746.0,0.0,,2022,2021-22
113.0,Norman Powell,28.0,LAC,SG,5.0,2.0,125.0,32.0,63.0,0.508,13.0,24.0,0.542,19.0,39.0,0.487,0.611,30.0,35.0,0.857,3.0,11.0,14.0,14.0,2.0,4.0,7.0,14.0,107.0,0.0,,2022,2021-22
114.0,Lonnie Walker IV,23.0,SAS,SG,70.0,6.0,1612.0,311.0,764.0,0.407,111.0,353.0,0.314,200.0,411.0,0.487,0.48,116.0,148.0,0.784,18.0,163.0,181.0,152.0,44.0,19.0,71.0,98.0,849.0,0.0,,2022,2021-22
115.0,Kyle Lowry,35.0,MIA,PG,63.0,63.0,2133.0,276.0,627.0,0.44,144.0,382.0,0.377,132.0,245.0,0.539,0.555,148.0,174.0,0.851,33.0,249.0,282.0,474.0,67.0,17.0,168.0,177.0,844.0,2.0,,2022,2021-22
116.0,Jusuf Nurkić,27.0,POR,C,56.0,56.0,1579.0,321.0,600.0,0.535,15.0,56.0,0.268,306.0,544.0,0.563,0.548,185.0,268.0,0.69,167.0,452.0,619.0,157.0,62.0,34.0,143.0,189.0,842.0,0.0,,2022,2021-22
117.0,Luke Kennard,25.0,LAC,SG,70.0,13.0,1919.0,287.0,639.0,0.449,190.0,423.0,0.449,97.0,216.0,0.449,0.598,69.0,77.0,0.896,20.0,209.0,229.0,146.0,42.0,6.0,60.0,101.0,833.0,0.0,6MOY-5,2022,2021-22
118.0,Marcus Morris,32.0,LAC,PF,54.0,54.0,1564.0,300.0,691.0,0.434,101.0,275.0,0.367,199.0,416.0,0.478,0.507,129.0,148.0,0.872,26.0,213.0,239.0,113.0,28.0,18.0,69.0,115.0,830.0,0.0,,2022,2021-22
119.0,OG Anunoby,24.0,TOR,SF,48.0,48.0,1728.0,309.0,697.0,0.443,115.0,317.0,0.363,194.0,380.0,0.511,0.526,89.0,118.0,0.754,74.0,190.0,264.0,125.0,71.0,25.0,80.0,131.0,822.0,0.0,,2022,2021-22
120.0,Cameron Johnson,25.0,PHO,PF,66.0,16.0,1730.0,279.0,607.0,0.46,166.0,391.0,0.425,113.0,216.0,0.523,0.596,98.0,114.0,0.86,42.0,231.0,273.0,99.0,57.0,16.0,47.0,113.0,822.0,0.0,6MOY-3,2022,2021-22
121.0,Clint Capela,27.0,ATL,C,74.0,73.0,2042.0,370.0,604.0,0.613,0.0,1.0,0.0,370.0,603.0,0.614,0.613,80.0,169.0,0.473,279.0,598.0,877.0,92.0,55.0,93.0,44.0,166.0,820.0,0.0,,2022,2021-22
122.0,Josh Hart,26.0,2TM,SG,54.0,53.0,1791.0,287.0,569.0,0.504,73.0,213.0,0.343,214.0,356.0,0.601,0.569,160.0,211.0,0.758,62.0,326.0,388.0,224.0,61.0,13.0,114.0,150.0,807.0,0.0,,2022,2021-22
122.0,Josh Hart,26.0,NOP,SG,41.0,40.0,1374.0,195.0,386.0,0.505,42.0,130.0,0.323,153.0,256.0,0.598,0.56,116.0,154.0,0.753,53.0,265.0,318.0,168.0,45.0,11.0,81.0,118.0,548.0,0.0,,2022,2021-22
122.0,Josh Hart,26.0,POR,SG,13.0,13.0,417.0,92.0,183.0,0.503,31.0,83.0,0.373,61.0,100.0,0.61,0.587,44.0,57.0,0.772,9.0,61.0,70.0,56.0,16.0,2.0,33.0,32.0,259.0,0.0,,2022,2021-22
123.0,Kyrie Irving,29.0,BRK,PG,29.0,29.0,1091.0,289.0,616.0,0.469,100.0,239.0,0.418,189.0,377.0,0.501,0.55,118.0,129.0,0.915,16.0,111.0,127.0,167.0,41.0,17.0,73.0,81.0,796.0,0.0,,2022,2021-22
124.0,De'Anthony Melton,23.0,MEM,SG,73.0,15.0,1657.0,281.0,695.0,0.404,139.0,372.0,0.374,142.0,323.0,0.44,0.504,90.0,120.0,0.75,64.0,264.0,328.0,194.0,104.0,39.0,112.0,128.0,791.0,0.0,6MOY-8,2022,2021-22
125.0,Trey Lyles,26.0,2TM,PF,75.0,23.0,1537.0,262.0,562.0,0.466,67.0,209.0,0.321,195.0,353.0,0.552,0.526,195.0,243.0,0.802,89.0,290.0,379.0,88.0,29.0,32.0,73.0,123.0,786.0,0.0,,2022,2021-22
125.0,Trey Lyles,26.0,DET,PF,51.0,3.0,990.0,175.0,384.0,0.456,44.0,146.0,0.301,131.0,238.0,0.55,0.513,138.0,176.0,0.784,60.0,184.0,244.0,58.0,22.0,26.0,54.0,91.0,532.0,0.0,,2022,2021-22
125.0,Trey Lyles,26.0,SAC,PF,24.0,20.0,547.0,87.0,178.0,0.489,23.0,63.0,0.365,64.0,115.0,0.557,0.553,57.0,67.0,0.851,29.0,106.0,135.0,30.0,7.0,6.0,19.0,32.0,254.0,0.0,,2022,2021-22
126.0,Ivica Zubac,24.0,LAC,C,76.0,76.0,1852.0,310.0,495.0,0.626,0.0,0.0,,310.0,495.0,0.626,0.626,165.0,227.0,0.727,217.0,427.0,644.0,120.0,36.0,77.0,114.0,203.0,785.0,0.0,,2022,2021-22
127.0,Gordon Hayward,31.0,CHO,SF,49.0,48.0,1564.0,283.0,617.0,0.459,86.0,220.0,0.391,197.0,397.0,0.496,0.528,126.0,149.0,0.846,38.0,186.0,224.0,177.0,47.0,22.0,81.0,85.0,778.0,0.0,,2022,2021-22
128.0,Jeff Green,35.0,DEN,PF,75.0,63.0,1849.0,277.0,529.0,0.524,53.0,168.0,0.315,224.0,361.0,0.62,0.574,165.0,198.0,0.833,41.0,190.0,231.0,96.0,28.0,27.0,71.0,151.0,772.0,0.0,,2022,2021-22
129.0,Coby White,21.0,CHI,PG,61.0,17.0,1675.0,279.0,644.0,0.433,136.0,353.0,0.385,143.0,291.0,0.491,0.539,78.0,91.0,0.857,17.0,165.0,182.0,176.0,29.0,11.0,70.0,137.0,772.0,0.0,,2022,2021-22
130.0,Danilo Gallinari,33.0,ATL,PF,66.0,18.0,1672.0,259.0,597.0,0.434,112.0,294.0,0.381,147.0,303.0,0.485,0.528,141.0,156.0,0.904,35.0,273.0,308.0,101.0,28.0,12.0,38.0,93.0,771.0,0.0,,2022,2021-22
131.0,Eric Gordon,33.0,HOU,SG,57.0,46.0,1669.0,268.0,564.0,0.475,124.0,301.0,0.412,144.0,263.0,0.548,0.585,105.0,135.0,0.778,15.0,98.0,113.0,154.0,28.0,18.0,107.0,63.0,765.0,0.0,,2022,2021-22
132.0,Mo Bamba,23.0,ORL,C,71.0,69.0,1824.0,296.0,617.0,0.48,107.0,281.0,0.381,189.0,336.0,0.563,0.566,57.0,73.0,0.781,148.0,424.0,572.0,85.0,38.0,118.0,77.0,182.0,756.0,0.0,,2022,2021-22
133.0,Chris Boucher,29.0,TOR,SF,80.0,9.0,1690.0,268.0,577.0,0.464,68.0,229.0,0.297,200.0,348.0,0.575,0.523,150.0,193.0,0.777,179.0,315.0,494.0,25.0,49.0,75.0,42.0,174.0,754.0,0.0,,2022,2021-22
134.0,Paul George,31.0,LAC,PF,31.0,31.0,1077.0,268.0,636.0,0.421,91.0,257.0,0.354,177.0,379.0,0.467,0.493,127.0,148.0,0.858,12.0,201.0,213.0,176.0,67.0,13.0,126.0,74.0,754.0,0.0,,2022,2021-22
135.0,Justin Holiday,32.0,2TM,SF,74.0,65.0,2057.0,261.0,662.0,0.394,177.0,482.0,0.367,84.0,180.0,0.467,0.528,50.0,62.0,0.806,29.0,161.0,190.0,128.0,57.0,33.0,70.0,154.0,749.0,0.0,,2022,2021-22
135.0,Justin Holiday,32.0,IND,SF,49.0,40.0,1416.0,190.0,458.0,0.415,127.0,336.0,0.378,63.0,122.0,0.516,0.553,34.0,41.0,0.829,18.0,117.0,135.0,90.0,36.0,18.0,49.0,105.0,541.0,0.0,,2022,2021-22
135.0,Justin Holiday,32.0,SAC,SG,25.0,25.0,641.0,71.0,204.0,0.348,50.0,146.0,0.342,21.0,58.0,0.362,0.471,16.0,21.0,0.762,11.0,44.0,55.0,38.0,21.0,15.0,21.0,49.0,208.0,0.0,,2022,2021-22
136.0,Darius Bazley,21.0,OKC,PF,69.0,53.0,1924.0,274.0,649.0,0.422,80.0,269.0,0.297,194.0,380.0,0.511,0.484,117.0,170.0,0.688,71.0,365.0,436.0,97.0,58.0,70.0,90.0,68.0,745.0,0.0,,2022,2021-22
137.0,Herbert Jones,23.0,NOP,PF,78.0,69.0,2335.0,274.0,576.0,0.476,57.0,169.0,0.337,217.0,407.0,0.533,0.525,137.0,163.0,0.84,98.0,198.0,296.0,167.0,130.0,60.0,100.0,238.0,742.0,0.0,ROY-6,2022,2021-22
138.0,Grayson Allen,26.0,MIL,SG,66.0,61.0,1805.0,255.0,569.0,0.448,159.0,389.0,0.409,96.0,180.0,0.533,0.588,64.0,74.0,0.865,32.0,190.0,222.0,100.0,46.0,18.0,43.0,96.0,733.0,0.0,,2022,2021-22
139.0,Max Strus,25.0,MIA,SF,68.0,16.0,1587.0,249.0,564.0,0.441,181.0,442.0,0.41,68.0,122.0,0.557,0.602,42.0,53.0,0.792,24.0,178.0,202.0,92.0,28.0,16.0,57.0,116.0,721.0,0.0,,2022,2021-22
140.0,Chris Duarte,24.0,IND,SG,55.0,39.0,1541.0,268.0,621.0,0.432,94.0,255.0,0.369,174.0,366.0,0.475,0.507,90.0,112.0,0.804,41.0,185.0,226.0,114.0,56.0,10.0,90.0,95.0,720.0,0.0,,2022,2021-22
141.0,Dwight Powell,30.0,DAL,C,82.0,71.0,1798.0,269.0,401.0,0.671,13.0,37.0,0.351,256.0,364.0,0.703,0.687,166.0,212.0,0.783,173.0,231.0,404.0,97.0,37.0,39.0,64.0,220.0,717.0,0.0,,2022,2021-22
142.0,De'Andre Hunter,24.0,ATL,SF,53.0,52.0,1577.0,254.0,575.0,0.442,74.0,195.0,0.379,180.0,380.0,0.474,0.506,127.0,166.0,0.765,26.0,150.0,176.0,68.0,36.0,21.0,69.0,155.0,709.0,0.0,,2022,2021-22
143.0,Cedi Osman,26.0,CLE,SF,66.0,3.0,1462.0,247.0,572.0,0.432,128.0,359.0,0.357,119.0,213.0,0.559,0.544,87.0,131.0,0.664,25.0,121.0,146.0,135.0,52.0,10.0,67.0,127.0,709.0,0.0,,2022,2021-22
144.0,Al Horford,35.0,BOS,C,69.0,69.0,2005.0,266.0,569.0,0.467,89.0,265.0,0.336,177.0,304.0,0.582,0.546,80.0,95.0,0.842,108.0,422.0,530.0,232.0,49.0,92.0,65.0,130.0,701.0,0.0,DPOY-9,2022,2021-22
145.0,Georges Niang,28.0,PHI,PF,76.0,7.0,1736.0,246.0,563.0,0.437,156.0,387.0,0.403,90.0,176.0,0.511,0.575,52.0,59.0,0.881,25.0,178.0,203.0,102.0,30.0,13.0,59.0,190.0,700.0,0.0,,2022,2021-22
146.0,Bones Hyland,21.0,DEN,SG,69.0,4.0,1310.0,230.0,571.0,0.403,131.0,358.0,0.366,99.0,213.0,0.465,0.518,107.0,125.0,0.856,14.0,174.0,188.0,191.0,41.0,20.0,86.0,153.0,698.0,0.0,,2022,2021-22
147.0,KJ Martin,21.0,HOU,SF,79.0,2.0,1656.0,279.0,523.0,0.533,60.0,168.0,0.357,219.0,355.0,0.617,0.591,78.0,123.0,0.634,80.0,217.0,297.0,101.0,34.0,40.0,60.0,113.0,696.0,0.0,,2022,2021-22
148.0,Damian Lillard,31.0,POR,PG,29.0,29.0,1056.0,222.0,552.0,0.402,92.0,284.0,0.324,130.0,268.0,0.485,0.486,159.0,181.0,0.878,13.0,107.0,120.0,212.0,17.0,11.0,83.0,37.0,695.0,0.0,,2022,2021-22
149.0,Alperen Şengün,19.0,HOU,C,72.0,13.0,1489.0,249.0,525.0,0.474,29.0,117.0,0.248,220.0,408.0,0.539,0.502,165.0,232.0,0.711,138.0,255.0,393.0,185.0,59.0,68.0,145.0,214.0,692.0,0.0,,2022,2021-22
150.0,Nickeil Alexander-Walker,23.0,2TM,SG,65.0,21.0,1466.0,253.0,680.0,0.372,105.0,338.0,0.311,148.0,342.0,0.433,0.449,81.0,109.0,0.743,37.0,150.0,187.0,156.0,46.0,23.0,93.0,103.0,692.0,0.0,,2022,2021-22
150.0,Nickeil Alexander-Walker,23.0,NOP,SG,50.0,19.0,1317.0,237.0,632.0,0.375,95.0,305.0,0.311,142.0,327.0,0.434,0.45,70.0,97.0,0.722,36.0,128.0,164.0,139.0,41.0,19.0,85.0,88.0,639.0,0.0,,2022,2021-22
150.0,Nickeil Alexander-Walker,23.0,UTA,SG,15.0,2.0,149.0,16.0,48.0,0.333,10.0,33.0,0.303,6.0,15.0,0.4,0.438,11.0,12.0,0.917,1.0,22.0,23.0,17.0,5.0,4.0,8.0,15.0,53.0,0.0,,2022,2021-22
151.0,Malcolm Brogdon,29.0,IND,PG,36.0,36.0,1206.0,243.0,543.0,0.448,58.0,186.0,0.312,185.0,357.0,0.518,0.501,143.0,167.0,0.856,33.0,152.0,185.0,212.0,30.0,14.0,77.0,71.0,687.0,1.0,,2022,2021-22
152.0,Deni Avdija,21.0,WAS,SF,82.0,8.0,1984.0,250.0,579.0,0.432,82.0,259.0,0.317,168.0,320.0,0.525,0.503,103.0,136.0,0.757,52.0,373.0,425.0,167.0,59.0,44.0,87.0,190.0,685.0,0.0,,2022,2021-22
153.0,JaVale McGee,34.0,PHO,C,74.0,17.0,1172.0,288.0,458.0,0.629,2.0,9.0,0.222,286.0,449.0,0.637,0.631,102.0,146.0,0.699,163.0,333.0,496.0,42.0,22.0,81.0,98.0,181.0,680.0,0.0,,2022,2021-22
154.0,Ayo Dosunmu,22.0,CHI,SG,77.0,40.0,2110.0,278.0,535.0,0.52,70.0,186.0,0.376,208.0,349.0,0.596,0.585,53.0,78.0,0.679,27.0,187.0,214.0,256.0,60.0,29.0,108.0,182.0,679.0,0.0,,2022,2021-22
155.0,Gary Harris,27.0,ORL,SG,61.0,30.0,1730.0,240.0,553.0,0.434,116.0,302.0,0.384,124.0,251.0,0.494,0.539,83.0,95.0,0.874,36.0,86.0,122.0,108.0,59.0,9.0,61.0,112.0,679.0,0.0,,2022,2021-22
156.0,Daniel Gafford,23.0,WAS,C,72.0,53.0,1444.0,285.0,411.0,0.693,0.0,1.0,0.0,285.0,410.0,0.695,0.693,107.0,153.0,0.699,155.0,252.0,407.0,68.0,30.0,99.0,65.0,170.0,677.0,0.0,,2022,2021-22
157.0,Josh Giddey,19.0,OKC,SF,54.0,54.0,1700.0,281.0,670.0,0.419,56.0,213.0,0.263,225.0,457.0,0.492,0.461,56.0,79.0,0.709,98.0,323.0,421.0,345.0,51.0,20.0,171.0,88.0,674.0,4.0,,2022,2021-22
158.0,P.J. Washington,23.0,CHO,C,65.0,28.0,1768.0,250.0,532.0,0.47,110.0,301.0,0.365,140.0,231.0,0.606,0.573,58.0,81.0,0.716,82.0,255.0,337.0,147.0,57.0,61.0,82.0,152.0,668.0,0.0,,2022,2021-22
159.0,Brandon Clarke,25.0,MEM,PF,64.0,1.0,1246.0,288.0,447.0,0.644,5.0,22.0,0.227,283.0,425.0,0.666,0.65,85.0,130.0,0.654,135.0,207.0,342.0,86.0,39.0,68.0,34.0,122.0,666.0,0.0,6MOY-11,2022,2021-22
160.0,Josh Richardson,28.0,2TM,SG,65.0,7.0,1600.0,234.0,534.0,0.438,102.0,246.0,0.415,132.0,288.0,0.458,0.534,96.0,108.0,0.889,42.0,143.0,185.0,115.0,56.0,29.0,66.0,116.0,666.0,0.0,,2022,2021-22
160.0,Josh Richardson,28.0,BOS,SG,44.0,0.0,1087.0,152.0,343.0,0.443,62.0,156.0,0.397,90.0,187.0,0.481,0.534,61.0,71.0,0.859,26.0,99.0,125.0,66.0,34.0,23.0,39.0,82.0,427.0,0.0,,2022,2021-22
160.0,Josh Richardson,28.0,SAS,SG,21.0,7.0,513.0,82.0,191.0,0.429,40.0,90.0,0.444,42.0,101.0,0.416,0.534,35.0,37.0,0.946,16.0,44.0,60.0,49.0,22.0,6.0,27.0,34.0,239.0,0.0,,2022,2021-22
161.0,Precious Achiuwa,22.0,TOR,C,73.0,28.0,1725.0,265.0,603.0,0.439,56.0,156.0,0.359,209.0,447.0,0.468,0.486,78.0,131.0,0.595,146.0,327.0,473.0,82.0,37.0,41.0,84.0,151.0,664.0,0.0,,2022,2021-22
162.0,Bryn Forbes,28.0,2TM,SG,75.0,2.0,1286.0,231.0,539.0,0.429,122.0,295.0,0.414,109.0,244.0,0.447,0.542,79.0,87.0,0.908,10.0,83.0,93.0,75.0,25.0,5.0,56.0,95.0,663.0,0.0,,2022,2021-22
162.0,Bryn Forbes,28.0,SAS,SG,40.0,1.0,676.0,128.0,296.0,0.432,63.0,151.0,0.417,65.0,145.0,0.448,0.539,44.0,49.0,0.898,4.0,59.0,63.0,41.0,17.0,3.0,33.0,42.0,363.0,0.0,,2022,2021-22
162.0,Bryn Forbes,28.0,DEN,SG,35.0,1.0,610.0,103.0,243.0,0.424,59.0,144.0,0.41,44.0,99.0,0.444,0.545,35.0,38.0,0.921,6.0,24.0,30.0,34.0,8.0,2.0,23.0,53.0,300.0,0.0,,2022,2021-22
163.0,Ben McLemore,28.0,POR,SG,64.0,6.0,1285.0,216.0,539.0,0.401,151.0,417.0,0.362,65.0,122.0,0.533,0.541,72.0,88.0,0.818,12.0,91.0,103.0,59.0,38.0,10.0,55.0,103.0,655.0,0.0,,2022,2021-22
164.0,Jaxson Hayes,21.0,NOP,C,70.0,28.0,1398.0,245.0,398.0,0.616,20.0,57.0,0.351,225.0,341.0,0.66,0.641,144.0,188.0,0.766,115.0,200.0,315.0,43.0,33.0,55.0,54.0,155.0,654.0,0.0,,2022,2021-22
165.0,Jonathan Kuminga,19.0,GSW,SF,70.0,12.0,1185.0,236.0,460.0,0.513,50.0,149.0,0.336,186.0,311.0,0.598,0.567,130.0,190.0,0.684,54.0,180.0,234.0,64.0,31.0,22.0,74.0,146.0,652.0,0.0,,2022,2021-22
166.0,Klay Thompson,31.0,GSW,SG,32.0,32.0,941.0,246.0,573.0,0.429,114.0,296.0,0.385,132.0,277.0,0.477,0.529,46.0,51.0,0.902,15.0,110.0,125.0,88.0,16.0,17.0,43.0,54.0,652.0,0.0,,2022,2021-22
167.0,Garrison Mathews,25.0,HOU,SG,65.0,33.0,1712.0,184.0,461.0,0.399,139.0,386.0,0.36,45.0,75.0,0.6,0.55,143.0,180.0,0.794,32.0,158.0,190.0,64.0,57.0,24.0,41.0,168.0,650.0,0.0,,2022,2021-22
168.0,Obi Toppin,23.0,NYK,PF,72.0,10.0,1230.0,251.0,473.0,0.531,52.0,169.0,0.308,199.0,304.0,0.655,0.586,94.0,124.0,0.758,69.0,199.0,268.0,77.0,25.0,33.0,56.0,102.0,648.0,0.0,,2022,2021-22
169.0,Bruce Brown,25.0,BRK,SF,72.0,45.0,1774.0,256.0,506.0,0.506,38.0,94.0,0.404,218.0,412.0,0.529,0.543,97.0,128.0,0.758,100.0,245.0,345.0,148.0,77.0,52.0,56.0,176.0,647.0,0.0,,2022,2021-22
170.0,Jaden McDaniels,21.0,MIN,PF,70.0,31.0,1803.0,255.0,554.0,0.46,80.0,252.0,0.317,175.0,302.0,0.579,0.532,57.0,71.0,0.803,76.0,217.0,293.0,79.0,52.0,54.0,75.0,224.0,647.0,0.0,,2022,2021-22
171.0,Pat Connaughton,29.0,MIL,SF,65.0,19.0,1691.0,227.0,496.0,0.458,146.0,370.0,0.395,81.0,126.0,0.643,0.605,45.0,54.0,0.833,45.0,228.0,273.0,82.0,59.0,15.0,35.0,86.0,645.0,0.0,,2022,2021-22
172.0,Naz Reid,22.0,MIN,C,77.0,6.0,1215.0,233.0,476.0,0.489,57.0,166.0,0.343,176.0,310.0,0.568,0.549,114.0,149.0,0.765,102.0,199.0,301.0,71.0,40.0,71.0,82.0,172.0,637.0,0.0,,2022,2021-22
173.0,Hamidou Diallo,23.0,DET,SG,58.0,29.0,1269.0,261.0,526.0,0.496,23.0,93.0,0.247,238.0,433.0,0.55,0.518,91.0,140.0,0.65,69.0,208.0,277.0,73.0,71.0,17.0,58.0,143.0,636.0,0.0,,2022,2021-22
174.0,Corey Kispert,22.0,WAS,SF,77.0,36.0,1801.0,234.0,514.0,0.455,112.0,320.0,0.35,122.0,194.0,0.629,0.564,54.0,62.0,0.871,53.0,156.0,209.0,85.0,35.0,22.0,50.0,93.0,634.0,0.0,,2022,2021-22
175.0,Jae Crowder,31.0,PHO,PF,67.0,67.0,1886.0,217.0,544.0,0.399,127.0,365.0,0.348,90.0,179.0,0.503,0.516,71.0,90.0,0.789,30.0,324.0,354.0,124.0,95.0,30.0,55.0,173.0,632.0,0.0,,2022,2021-22
176.0,Tyus Jones,25.0,MEM,PG,73.0,23.0,1549.0,249.0,552.0,0.451,80.0,205.0,0.39,169.0,347.0,0.487,0.524,54.0,66.0,0.818,17.0,159.0,176.0,324.0,66.0,2.0,46.0,32.0,632.0,0.0,6MOY-11,2022,2021-22
177.0,Terrence Ross,30.0,ORL,SG,63.0,0.0,1448.0,220.0,554.0,0.397,77.0,264.0,0.292,143.0,290.0,0.493,0.467,112.0,130.0,0.862,20.0,141.0,161.0,116.0,28.0,12.0,75.0,68.0,629.0,0.0,,2022,2021-22
178.0,Cameron Payne,27.0,PHO,PG,58.0,12.0,1278.0,240.0,587.0,0.409,71.0,211.0,0.336,169.0,376.0,0.449,0.469,75.0,89.0,0.843,24.0,151.0,175.0,282.0,40.0,17.0,103.0,119.0,626.0,0.0,,2022,2021-22
179.0,Tre Mann,20.0,OKC,PG,60.0,26.0,1367.0,231.0,588.0,0.393,98.0,272.0,0.36,133.0,316.0,0.421,0.476,65.0,82.0,0.793,25.0,146.0,171.0,91.0,47.0,12.0,71.0,102.0,625.0,0.0,,2022,2021-22
180.0,Amir Coffey,24.0,LAC,SG,69.0,30.0,1567.0,211.0,466.0,0.453,96.0,254.0,0.378,115.0,212.0,0.542,0.556,101.0,117.0,0.863,26.0,171.0,197.0,124.0,38.0,15.0,45.0,87.0,619.0,0.0,,2022,2021-22
181.0,Oshae Brissett,23.0,IND,SF,67.0,25.0,1564.0,208.0,506.0,0.411,83.0,237.0,0.35,125.0,269.0,0.465,0.493,114.0,164.0,0.695,108.0,250.0,358.0,72.0,44.0,29.0,54.0,116.0,613.0,0.0,,2022,2021-22
182.0,Mitchell Robinson,23.0,NYK,C,72.0,62.0,1848.0,261.0,343.0,0.761,0.0,0.0,,261.0,343.0,0.761,0.761,88.0,181.0,0.486,295.0,322.0,617.0,38.0,58.0,133.0,60.0,195.0,610.0,0.0,,2022,2021-22
183.0,LaMarcus Aldridge,36.0,BRK,C,47.0,12.0,1050.0,252.0,458.0,0.55,14.0,46.0,0.304,238.0,412.0,0.578,0.566,89.0,102.0,0.873,73.0,185.0,258.0,42.0,14.0,47.0,44.0,78.0,607.0,0.0,,2022,2021-22
184.0,Robert Williams,24.0,BOS,C,61.0,61.0,1804.0,271.0,368.0,0.736,0.0,1.0,0.0,271.0,367.0,0.738,0.736,65.0,90.0,0.722,238.0,350.0,588.0,121.0,56.0,134.0,63.0,137.0,607.0,1.0,"DPOY-7,DEF2",2022,2021-22
185.0,Chuma Okeke,23.0,ORL,PF,70.0,20.0,1749.0,216.0,575.0,0.376,118.0,371.0,0.318,98.0,204.0,0.48,0.478,55.0,65.0,0.846,47.0,300.0,347.0,118.0,97.0,42.0,57.0,95.0,605.0,0.0,,2022,2021-22
186.0,Robert Covington,31.0,2TM,PF,71.0,42.0,1940.0,209.0,498.0,0.42,128.0,339.0,0.378,81.0,159.0,0.509,0.548,58.0,69.0,0.841,59.0,332.0,391.0,92.0,103.0,91.0,75.0,190.0,604.0,0.0,,2022,2021-22
186.0,Robert Covington,31.0,POR,PF,48.0,40.0,1431.0,128.0,336.0,0.381,79.0,230.0,0.343,49.0,106.0,0.462,0.499,30.0,36.0,0.833,41.0,233.0,274.0,68.0,74.0,63.0,58.0,132.0,365.0,0.0,,2022,2021-22
186.0,Robert Covington,31.0,LAC,PF,23.0,2.0,509.0,81.0,162.0,0.5,49.0,109.0,0.45,32.0,53.0,0.604,0.651,28.0,33.0,0.848,18.0,99.0,117.0,24.0,29.0,28.0,17.0,58.0,239.0,0.0,,2022,2021-22
187.0,Grant Williams,23.0,BOS,PF,77.0,21.0,1875.0,205.0,432.0,0.475,106.0,258.0,0.411,99.0,174.0,0.569,0.597,86.0,95.0,0.905,64.0,210.0,274.0,78.0,38.0,57.0,62.0,186.0,602.0,0.0,,2022,2021-22
188.0,Tim Hardaway Jr.,29.0,DAL,SG,42.0,20.0,1245.0,209.0,530.0,0.394,102.0,304.0,0.336,107.0,226.0,0.473,0.491,78.0,103.0,0.757,13.0,143.0,156.0,92.0,38.0,6.0,34.0,74.0,598.0,0.0,,2022,2021-22
189.0,Talen Horton-Tucker,21.0,LAL,SG,60.0,19.0,1511.0,224.0,538.0,0.416,49.0,182.0,0.269,175.0,356.0,0.492,0.462,100.0,125.0,0.8,37.0,156.0,193.0,159.0,59.0,29.0,82.0,148.0,597.0,0.0,,2022,2021-22
190.0,Gabe Vincent,25.0,MIA,PG,68.0,27.0,1589.0,214.0,513.0,0.417,119.0,323.0,0.368,95.0,190.0,0.5,0.533,44.0,54.0,0.815,22.0,104.0,126.0,210.0,62.0,12.0,98.0,158.0,591.0,0.0,,2022,2021-22
191.0,Dillon Brooks,26.0,MEM,SF,32.0,31.0,885.0,227.0,526.0,0.432,46.0,149.0,0.309,181.0,377.0,0.48,0.475,90.0,106.0,0.849,29.0,73.0,102.0,88.0,36.0,8.0,50.0,105.0,590.0,0.0,,2022,2021-22
192.0,Isaiah Stewart,20.0,DET,C,71.0,71.0,1816.0,250.0,490.0,0.51,15.0,46.0,0.326,235.0,444.0,0.529,0.526,74.0,103.0,0.718,226.0,391.0,617.0,82.0,22.0,78.0,85.0,211.0,589.0,0.0,,2022,2021-22
193.0,Isaac Okoro,21.0,CLE,SF,67.0,61.0,1981.0,207.0,431.0,0.48,55.0,157.0,0.35,152.0,274.0,0.555,0.544,119.0,155.0,0.768,72.0,129.0,201.0,121.0,56.0,22.0,58.0,164.0,588.0,0.0,,2022,2021-22
194.0,Josh Christopher,20.0,HOU,SG,74.0,2.0,1334.0,224.0,500.0,0.448,56.0,189.0,0.296,168.0,311.0,0.54,0.504,83.0,113.0,0.735,52.0,134.0,186.0,150.0,65.0,13.0,114.0,97.0,587.0,0.0,,2022,2021-22
195.0,Reggie Bullock,30.0,DAL,SF,68.0,37.0,1902.0,201.0,501.0,0.401,141.0,392.0,0.36,60.0,109.0,0.55,0.542,40.0,48.0,0.833,33.0,208.0,241.0,83.0,41.0,14.0,40.0,111.0,583.0,0.0,,2022,2021-22
196.0,Andre Drummond,28.0,2TM,C,73.0,36.0,1437.0,247.0,433.0,0.57,0.0,3.0,0.0,247.0,430.0,0.574,0.57,86.0,164.0,0.524,229.0,451.0,680.0,131.0,78.0,68.0,115.0,192.0,580.0,0.0,,2022,2021-22
196.0,Andre Drummond,28.0,PHI,C,49.0,12.0,902.0,128.0,238.0,0.538,0.0,2.0,0.0,128.0,236.0,0.542,0.538,42.0,82.0,0.512,136.0,297.0,433.0,97.0,56.0,45.0,79.0,121.0,298.0,0.0,,2022,2021-22
196.0,Andre Drummond,28.0,BRK,C,24.0,24.0,535.0,119.0,195.0,0.61,0.0,1.0,0.0,119.0,194.0,0.613,0.61,44.0,82.0,0.537,93.0,154.0,247.0,34.0,22.0,23.0,36.0,71.0,282.0,0.0,,2022,2021-22
197.0,Doug McDermott,30.0,SAS,PF,51.0,51.0,1223.0,215.0,465.0,0.462,108.0,256.0,0.422,107.0,209.0,0.512,0.578,40.0,51.0,0.784,18.0,97.0,115.0,64.0,13.0,6.0,43.0,79.0,578.0,0.0,,2022,2021-22
198.0,Landry Shamet,24.0,PHO,SG,69.0,14.0,1437.0,191.0,485.0,0.394,123.0,334.0,0.368,68.0,151.0,0.45,0.521,68.0,81.0,0.84,16.0,110.0,126.0,108.0,28.0,9.0,41.0,92.0,573.0,0.0,,2022,2021-22
199.0,Royce O'Neale,28.0,UTA,SF,77.0,77.0,2406.0,203.0,444.0,0.457,119.0,306.0,0.389,84.0,138.0,0.609,0.591,45.0,56.0,0.804,64.0,304.0,368.0,191.0,86.0,32.0,79.0,183.0,570.0,0.0,,2022,2021-22
200.0,Cam Thomas,20.0,BRK,SG,67.0,2.0,1176.0,218.0,503.0,0.433,47.0,174.0,0.27,171.0,329.0,0.52,0.48,87.0,105.0,0.829,16.0,145.0,161.0,78.0,33.0,8.0,55.0,66.0,570.0,0.0,,2022,2021-22
201.0,Jalen Suggs,20.0,ORL,PG,48.0,45.0,1307.0,198.0,548.0,0.361,42.0,196.0,0.214,156.0,352.0,0.443,0.4,126.0,163.0,0.773,26.0,145.0,171.0,209.0,59.0,19.0,143.0,142.0,564.0,0.0,,2022,2021-22
202.0,Moritz Wagner,24.0,ORL,C,63.0,3.0,960.0,197.0,396.0,0.497,66.0,201.0,0.328,131.0,195.0,0.672,0.581,104.0,129.0,0.806,42.0,190.0,232.0,87.0,20.0,13.0,56.0,123.0,564.0,0.0,,2022,2021-22
203.0,Isaiah Hartenstein,23.0,LAC,C,68.0,0.0,1216.0,229.0,366.0,0.626,14.0,30.0,0.467,215.0,336.0,0.64,0.645,91.0,132.0,0.689,117.0,215.0,332.0,160.0,50.0,77.0,84.0,167.0,563.0,0.0,,2022,2021-22
204.0,Frank Jackson,23.0,DET,PG,53.0,7.0,1164.0,194.0,483.0,0.402,86.0,279.0,0.308,108.0,204.0,0.529,0.491,86.0,104.0,0.827,19.0,68.0,87.0,55.0,27.0,9.0,38.0,89.0,560.0,0.0,,2022,2021-22
205.0,Caleb Martin,26.0,MIA,SF,60.0,12.0,1372.0,208.0,410.0,0.507,64.0,155.0,0.413,144.0,255.0,0.565,0.585,71.0,93.0,0.763,70.0,160.0,230.0,64.0,58.0,30.0,52.0,104.0,551.0,0.0,,2022,2021-22
206.0,Drew Eubanks,24.0,2TM,C,71.0,31.0,1245.0,221.0,371.0,0.596,5.0,23.0,0.217,216.0,348.0,0.621,0.602,99.0,130.0,0.762,130.0,252.0,382.0,85.0,31.0,40.0,81.0,122.0,546.0,0.0,,2022,2021-22
206.0,Drew Eubanks,24.0,SAS,C,49.0,9.0,595.0,84.0,159.0,0.528,1.0,8.0,0.125,83.0,151.0,0.55,0.531,59.0,79.0,0.747,64.0,132.0,196.0,50.0,13.0,30.0,46.0,61.0,228.0,0.0,,2022,2021-22
206.0,Drew Eubanks,24.0,POR,C,22.0,22.0,650.0,137.0,212.0,0.646,4.0,15.0,0.267,133.0,197.0,0.675,0.656,40.0,51.0,0.784,66.0,120.0,186.0,35.0,18.0,10.0,35.0,61.0,318.0,0.0,,2022,2021-22
207.0,Cody Martin,26.0,CHO,SF,71.0,11.0,1866.0,204.0,423.0,0.482,61.0,159.0,0.384,143.0,264.0,0.542,0.554,75.0,107.0,0.701,82.0,203.0,285.0,179.0,88.0,32.0,61.0,116.0,544.0,0.0,,2022,2021-22
208.0,Myles Turner,25.0,IND,C,42.0,42.0,1235.0,200.0,393.0,0.509,61.0,183.0,0.333,139.0,210.0,0.662,0.587,79.0,105.0,0.752,65.0,232.0,297.0,44.0,28.0,118.0,54.0,119.0,540.0,0.0,,2022,2021-22
209.0,Marvin Bagley III,22.0,2TM,PF,48.0,25.0,1146.0,225.0,446.0,0.504,23.0,97.0,0.237,202.0,349.0,0.579,0.53,67.0,101.0,0.663,105.0,233.0,338.0,36.0,22.0,18.0,39.0,93.0,540.0,0.0,,2022,2021-22
209.0,Marvin Bagley III,22.0,SAC,PF,30.0,17.0,656.0,114.0,246.0,0.463,15.0,62.0,0.242,99.0,184.0,0.538,0.494,35.0,47.0,0.745,67.0,148.0,215.0,17.0,9.0,11.0,21.0,50.0,278.0,0.0,,2022,2021-22
209.0,Marvin Bagley III,22.0,DET,PF,18.0,8.0,490.0,111.0,200.0,0.555,8.0,35.0,0.229,103.0,165.0,0.624,0.575,32.0,54.0,0.593,38.0,85.0,123.0,19.0,13.0,7.0,18.0,43.0,262.0,0.0,,2022,2021-22
210.0,P.J. Tucker,36.0,MIA,PF,71.0,70.0,1981.0,207.0,428.0,0.484,80.0,193.0,0.415,127.0,235.0,0.54,0.577,45.0,61.0,0.738,100.0,287.0,387.0,149.0,58.0,15.0,66.0,161.0,539.0,0.0,,2022,2021-22
211.0,Eric Bledsoe,32.0,LAC,PG,54.0,29.0,1361.0,197.0,468.0,0.421,51.0,163.0,0.313,146.0,305.0,0.479,0.475,89.0,117.0,0.761,28.0,154.0,182.0,225.0,69.0,19.0,116.0,85.0,534.0,0.0,,2022,2021-22
212.0,Chimezie Metu,24.0,SAC,C,60.0,20.0,1279.0,203.0,449.0,0.452,57.0,186.0,0.306,146.0,263.0,0.555,0.516,71.0,91.0,0.78,34.0,301.0,335.0,60.0,51.0,32.0,61.0,93.0,534.0,0.0,,2022,2021-22
213.0,Hassan Whiteside,32.0,UTA,C,65.0,8.0,1162.0,215.0,330.0,0.652,0.0,0.0,,215.0,330.0,0.652,0.652,104.0,167.0,0.623,166.0,328.0,494.0,26.0,22.0,103.0,53.0,179.0,534.0,0.0,,2022,2021-22
214.0,Patrick Beverley,33.0,MIN,PG,58.0,54.0,1476.0,177.0,436.0,0.406,83.0,242.0,0.343,94.0,194.0,0.485,0.501,96.0,133.0,0.722,62.0,178.0,240.0,268.0,67.0,52.0,73.0,174.0,533.0,0.0,,2022,2021-22
215.0,Steven Adams,28.0,MEM,C,76.0,75.0,1999.0,210.0,384.0,0.547,0.0,1.0,0.0,210.0,383.0,0.548,0.547,108.0,199.0,0.543,349.0,411.0,760.0,256.0,65.0,60.0,115.0,153.0,528.0,0.0,,2022,2021-22
216.0,Jaylen Nowell,22.0,MIN,SG,62.0,1.0,975.0,196.0,413.0,0.475,63.0,160.0,0.394,133.0,253.0,0.526,0.551,72.0,92.0,0.783,22.0,101.0,123.0,130.0,27.0,10.0,36.0,73.0,527.0,0.0,,2022,2021-22
217.0,Raul Neto,29.0,WAS,PG,70.0,19.0,1372.0,204.0,441.0,0.463,35.0,120.0,0.292,169.0,321.0,0.526,0.502,83.0,108.0,0.769,13.0,121.0,134.0,217.0,55.0,3.0,79.0,104.0,526.0,0.0,,2022,2021-22
218.0,Kyle Anderson,28.0,MEM,PF,69.0,11.0,1484.0,209.0,469.0,0.446,36.0,109.0,0.33,173.0,360.0,0.481,0.484,67.0,105.0,0.638,69.0,299.0,368.0,183.0,77.0,45.0,71.0,108.0,521.0,0.0,,2022,2021-22
219.0,Cory Joseph,30.0,DET,PG,65.0,39.0,1600.0,178.0,400.0,0.445,65.0,157.0,0.414,113.0,243.0,0.465,0.526,100.0,113.0,0.885,29.0,145.0,174.0,237.0,42.0,17.0,85.0,147.0,521.0,0.0,,2022,2021-22
220.0,Torrey Craig,31.0,2TM,SF,78.0,16.0,1596.0,200.0,441.0,0.454,77.0,234.0,0.329,123.0,207.0,0.594,0.541,39.0,52.0,0.75,86.0,224.0,310.0,91.0,46.0,36.0,67.0,151.0,516.0,0.0,,2022,2021-22
220.0,Torrey Craig,31.0,IND,SF,51.0,14.0,1034.0,128.0,281.0,0.456,46.0,138.0,0.333,82.0,143.0,0.573,0.537,27.0,35.0,0.771,59.0,136.0,195.0,58.0,24.0,19.0,39.0,95.0,329.0,0.0,,2022,2021-22
220.0,Torrey Craig,31.0,PHO,SF,27.0,2.0,562.0,72.0,160.0,0.45,31.0,96.0,0.323,41.0,64.0,0.641,0.547,12.0,17.0,0.706,27.0,88.0,115.0,33.0,22.0,17.0,28.0,56.0,187.0,0.0,,2022,2021-22
221.0,Otto Porter Jr.,28.0,GSW,PF,63.0,15.0,1396.0,193.0,416.0,0.464,80.0,216.0,0.37,113.0,200.0,0.565,0.56,49.0,61.0,0.803,86.0,276.0,362.0,94.0,68.0,29.0,37.0,83.0,515.0,0.0,,2022,2021-22
222.0,Jarred Vanderbilt,22.0,MIN,PF,74.0,67.0,1880.0,212.0,361.0,0.587,2.0,14.0,0.143,210.0,347.0,0.605,0.59,86.0,131.0,0.656,215.0,409.0,624.0,94.0,99.0,46.0,73.0,181.0,512.0,0.0,,2022,2021-22
223.0,Furkan Korkmaz,24.0,PHI,SG,67.0,19.0,1414.0,182.0,470.0,0.387,77.0,266.0,0.289,105.0,204.0,0.515,0.469,68.0,84.0,0.81,22.0,153.0,175.0,127.0,33.0,9.0,48.0,58.0,509.0,0.0,,2022,2021-22
224.0,Gary Payton II,29.0,GSW,SG,71.0,16.0,1247.0,212.0,344.0,0.616,43.0,120.0,0.358,169.0,224.0,0.754,0.679,35.0,58.0,0.603,72.0,175.0,247.0,64.0,96.0,22.0,40.0,131.0,502.0,0.0,,2022,2021-22
225.0,Taurean Prince,27.0,MIN,PF,69.0,8.0,1177.0,177.0,390.0,0.454,86.0,229.0,0.376,91.0,161.0,0.565,0.564,62.0,82.0,0.756,26.0,148.0,174.0,68.0,47.0,23.0,53.0,116.0,502.0,0.0,,2022,2021-22
226.0,Ziaire Williams,20.0,MEM,SF,62.0,31.0,1346.0,191.0,424.0,0.45,76.0,242.0,0.314,115.0,182.0,0.632,0.54,43.0,55.0,0.782,26.0,103.0,129.0,65.0,35.0,12.0,41.0,113.0,501.0,0.0,,2022,2021-22
227.0,Cam Reddish,22.0,2TM,SF,49.0,7.0,1012.0,165.0,408.0,0.404,66.0,184.0,0.359,99.0,224.0,0.442,0.485,101.0,112.0,0.902,25.0,80.0,105.0,48.0,47.0,15.0,57.0,60.0,497.0,0.0,,2022,2021-22
227.0,Cam Reddish,22.0,ATL,SF,34.0,7.0,797.0,138.0,343.0,0.402,58.0,153.0,0.379,80.0,190.0,0.421,0.487,72.0,80.0,0.9,20.0,64.0,84.0,38.0,35.0,11.0,44.0,45.0,406.0,0.0,,2022,2021-22
227.0,Cam Reddish,22.0,NYK,SF,15.0,0.0,215.0,27.0,65.0,0.415,8.0,31.0,0.258,19.0,34.0,0.559,0.477,29.0,32.0,0.906,5.0,16.0,21.0,10.0,12.0,4.0,13.0,15.0,91.0,0.0,,2022,2021-22
228.0,Nicolas Batum,33.0,LAC,PF,59.0,54.0,1462.0,179.0,387.0,0.463,108.0,270.0,0.4,71.0,117.0,0.607,0.602,25.0,38.0,0.658,29.0,225.0,254.0,100.0,58.0,42.0,40.0,80.0,491.0,0.0,,2022,2021-22
229.0,Kevon Looney,25.0,GSW,C,82.0,80.0,1732.0,208.0,364.0,0.571,0.0,1.0,0.0,208.0,363.0,0.573,0.571,75.0,125.0,0.6,208.0,388.0,596.0,165.0,50.0,52.0,67.0,215.0,491.0,0.0,,2022,2021-22
230.0,R.J. Hampton,20.0,ORL,SG,64.0,14.0,1402.0,175.0,457.0,0.383,64.0,183.0,0.35,111.0,274.0,0.405,0.453,75.0,117.0,0.641,23.0,171.0,194.0,158.0,42.0,13.0,87.0,101.0,489.0,0.0,,2022,2021-22
231.0,Jordan Nwora,23.0,MIL,SF,62.0,13.0,1185.0,186.0,462.0,0.403,79.0,227.0,0.348,107.0,235.0,0.455,0.488,36.0,43.0,0.837,37.0,184.0,221.0,59.0,25.0,17.0,57.0,78.0,487.0,0.0,,2022,2021-22
232.0,Mason Plumlee,31.0,CHO,C,73.0,73.0,1793.0,205.0,320.0,0.641,0.0,2.0,0.0,205.0,318.0,0.645,0.641,67.0,171.0,0.392,176.0,389.0,565.0,226.0,61.0,52.0,100.0,224.0,477.0,0.0,,2022,2021-22
233.0,Rui Hachimura,23.0,WAS,PF,42.0,13.0,943.0,187.0,381.0,0.491,55.0,123.0,0.447,132.0,258.0,0.512,0.563,46.0,66.0,0.697,25.0,135.0,160.0,48.0,23.0,9.0,33.0,53.0,475.0,0.0,,2022,2021-22
234.0,Duane Washington Jr.,21.0,IND,PG,48.0,7.0,968.0,173.0,427.0,0.405,81.0,215.0,0.377,92.0,212.0,0.434,0.5,46.0,61.0,0.754,4.0,79.0,83.0,85.0,26.0,3.0,57.0,66.0,473.0,0.0,,2022,2021-22
235.0,Jalen Smith,21.0,2TM,PF,51.0,8.0,925.0,176.0,350.0,0.503,40.0,122.0,0.328,136.0,228.0,0.596,0.56,78.0,102.0,0.765,101.0,206.0,307.0,24.0,15.0,41.0,42.0,96.0,470.0,0.0,,2022,2021-22
235.0,Jalen Smith,21.0,PHO,PF,29.0,4.0,382.0,63.0,137.0,0.46,9.0,39.0,0.231,54.0,98.0,0.551,0.493,40.0,52.0,0.769,55.0,84.0,139.0,6.0,6.0,18.0,22.0,52.0,175.0,0.0,,2022,2021-22
235.0,Jalen Smith,21.0,IND,PF,22.0,4.0,543.0,113.0,213.0,0.531,31.0,83.0,0.373,82.0,130.0,0.631,0.603,38.0,50.0,0.76,46.0,122.0,168.0,18.0,9.0,23.0,20.0,44.0,295.0,0.0,,2022,2021-22
236.0,Javonte Green,28.0,CHI,SF,65.0,45.0,1519.0,176.0,325.0,0.542,36.0,101.0,0.356,140.0,224.0,0.625,0.597,80.0,96.0,0.833,91.0,185.0,276.0,60.0,67.0,32.0,30.0,132.0,468.0,0.0,,2022,2021-22
237.0,Richaun Holmes,28.0,SAC,C,45.0,37.0,1074.0,198.0,300.0,0.66,2.0,5.0,0.4,196.0,295.0,0.664,0.663,70.0,90.0,0.778,93.0,224.0,317.0,48.0,17.0,41.0,56.0,128.0,468.0,0.0,,2022,2021-22
238.0,Damion Lee,29.0,GSW,SG,63.0,5.0,1256.0,169.0,383.0,0.441,63.0,187.0,0.337,106.0,196.0,0.541,0.523,66.0,75.0,0.88,27.0,176.0,203.0,63.0,39.0,6.0,38.0,95.0,467.0,0.0,,2022,2021-22
239.0,Aleksej Pokusevski,20.0,OKC,PF,61.0,12.0,1233.0,186.0,456.0,0.408,57.0,197.0,0.289,129.0,259.0,0.498,0.47,35.0,50.0,0.7,73.0,245.0,318.0,131.0,39.0,38.0,94.0,88.0,464.0,1.0,,2022,2021-22
240.0,Lonzo Ball,24.0,CHI,PG,35.0,35.0,1212.0,162.0,383.0,0.423,110.0,260.0,0.423,52.0,123.0,0.423,0.567,21.0,28.0,0.75,35.0,155.0,190.0,178.0,64.0,31.0,82.0,85.0,455.0,1.0,,2022,2021-22
241.0,Damian Jones,26.0,SAC,C,56.0,15.0,1017.0,175.0,266.0,0.658,10.0,29.0,0.345,165.0,237.0,0.696,0.677,94.0,131.0,0.718,75.0,171.0,246.0,69.0,26.0,47.0,59.0,130.0,454.0,0.0,,2022,2021-22
242.0,Isaiah Roby,23.0,OKC,PF,45.0,28.0,948.0,166.0,323.0,0.514,44.0,99.0,0.444,122.0,224.0,0.545,0.582,78.0,116.0,0.672,75.0,142.0,217.0,71.0,36.0,34.0,43.0,109.0,454.0,0.0,,2022,2021-22
243.0,Killian Hayes,20.0,DET,PG,66.0,40.0,1647.0,176.0,459.0,0.383,44.0,167.0,0.263,132.0,292.0,0.452,0.431,57.0,74.0,0.77,36.0,174.0,210.0,277.0,78.0,35.0,111.0,183.0,453.0,0.0,,2022,2021-22
244.0,Willy Hernangómez,27.0,NOP,C,50.0,8.0,839.0,170.0,327.0,0.52,4.0,12.0,0.333,166.0,315.0,0.527,0.526,109.0,141.0,0.773,143.0,195.0,338.0,63.0,21.0,19.0,51.0,97.0,453.0,0.0,,2022,2021-22
245.0,Shake Milton,25.0,PHI,SG,55.0,6.0,1179.0,173.0,403.0,0.429,43.0,133.0,0.323,130.0,270.0,0.481,0.483,61.0,73.0,0.836,30.0,112.0,142.0,139.0,28.0,17.0,44.0,99.0,450.0,0.0,,2022,2021-22
246.0,Rudy Gay,35.0,UTA,PF,55.0,1.0,1038.0,157.0,379.0,0.414,70.0,203.0,0.345,87.0,176.0,0.494,0.507,62.0,79.0,0.785,55.0,187.0,242.0,56.0,25.0,19.0,47.0,95.0,446.0,0.0,,2022,2021-22
247.0,Ricky Rubio,31.0,CLE,PG,34.0,8.0,970.0,149.0,411.0,0.363,59.0,174.0,0.339,90.0,237.0,0.38,0.434,88.0,103.0,0.854,15.0,126.0,141.0,225.0,49.0,7.0,90.0,75.0,445.0,0.0,,2022,2021-22
248.0,Austin Reaves,23.0,LAL,SG,61.0,19.0,1418.0,146.0,318.0,0.459,53.0,167.0,0.317,93.0,151.0,0.616,0.542,99.0,118.0,0.839,45.0,148.0,193.0,110.0,29.0,20.0,40.0,87.0,444.0,1.0,,2022,2021-22
249.0,Payton Pritchard,24.0,BOS,PG,71.0,2.0,1001.0,160.0,373.0,0.429,101.0,245.0,0.412,59.0,128.0,0.461,0.564,21.0,21.0,1.0,32.0,102.0,134.0,139.0,25.0,6.0,41.0,61.0,442.0,0.0,,2022,2021-22
250.0,Nemanja Bjelica,33.0,GSW,C,71.0,0.0,1142.0,160.0,342.0,0.468,54.0,149.0,0.362,106.0,193.0,0.549,0.547,59.0,81.0,0.728,62.0,232.0,294.0,159.0,41.0,26.0,87.0,128.0,433.0,0.0,,2022,2021-22
251.0,JaMychal Green,31.0,DEN,PF,67.0,8.0,1085.0,159.0,327.0,0.486,33.0,124.0,0.266,126.0,203.0,0.621,0.537,81.0,93.0,0.871,81.0,200.0,281.0,59.0,43.0,26.0,57.0,158.0,432.0,0.0,,2022,2021-22
252.0,Kemba Walker,31.0,NYK,PG,37.0,37.0,948.0,149.0,370.0,0.403,73.0,199.0,0.367,76.0,171.0,0.444,0.501,60.0,71.0,0.845,14.0,97.0,111.0,131.0,26.0,7.0,48.0,37.0,431.0,1.0,,2022,2021-22
253.0,DeMarcus Cousins,31.0,2TM,C,48.0,7.0,718.0,149.0,324.0,0.46,37.0,122.0,0.303,112.0,202.0,0.554,0.517,95.0,125.0,0.76,74.0,196.0,270.0,71.0,35.0,21.0,85.0,139.0,430.0,0.0,,2022,2021-22
253.0,DeMarcus Cousins,31.0,MIL,C,17.0,5.0,287.0,55.0,118.0,0.466,13.0,48.0,0.271,42.0,70.0,0.6,0.521,31.0,38.0,0.816,24.0,74.0,98.0,18.0,16.0,8.0,16.0,46.0,154.0,0.0,,2022,2021-22
253.0,DeMarcus Cousins,31.0,DEN,C,31.0,2.0,431.0,94.0,206.0,0.456,24.0,74.0,0.324,70.0,132.0,0.53,0.515,64.0,87.0,0.736,50.0,122.0,172.0,53.0,19.0,13.0,69.0,93.0,276.0,0.0,,2022,2021-22
254.0,Dewayne Dedmon,32.0,MIA,C,67.0,15.0,1065.0,164.0,290.0,0.566,19.0,47.0,0.404,145.0,243.0,0.597,0.598,75.0,100.0,0.75,105.0,281.0,386.0,47.0,24.0,42.0,70.0,174.0,422.0,0.0,,2022,2021-22
255.0,Aaron Wiggins,23.0,OKC,SG,50.0,35.0,1209.0,156.0,337.0,0.463,42.0,138.0,0.304,114.0,199.0,0.573,0.525,62.0,85.0,0.729,51.0,127.0,178.0,68.0,30.0,10.0,54.0,93.0,416.0,0.0,,2022,2021-22
256.0,Tre Jones,22.0,SAS,PG,69.0,11.0,1148.0,166.0,339.0,0.49,10.0,51.0,0.196,156.0,288.0,0.542,0.504,71.0,91.0,0.78,29.0,126.0,155.0,233.0,42.0,7.0,46.0,78.0,413.0,0.0,,2022,2021-22
257.0,Maxi Kleber,30.0,DAL,PF,59.0,21.0,1450.0,141.0,354.0,0.398,83.0,255.0,0.325,58.0,99.0,0.586,0.516,46.0,65.0,0.708,70.0,280.0,350.0,68.0,30.0,58.0,47.0,137.0,411.0,0.0,6MOY-11,2022,2021-22
258.0,Nic Claxton,22.0,BRK,C,47.0,19.0,974.0,178.0,264.0,0.674,0.0,0.0,,178.0,264.0,0.674,0.674,54.0,93.0,0.581,91.0,173.0,264.0,43.0,24.0,51.0,38.0,110.0,410.0,0.0,,2022,2021-22
259.0,Nassir Little,21.0,POR,SF,42.0,23.0,1088.0,145.0,315.0,0.46,51.0,154.0,0.331,94.0,161.0,0.584,0.541,69.0,94.0,0.734,58.0,178.0,236.0,54.0,25.0,36.0,40.0,82.0,410.0,0.0,,2022,2021-22
260.0,Jeremy Lamb,29.0,2TM,SF,56.0,0.0,935.0,133.0,347.0,0.383,55.0,170.0,0.324,78.0,177.0,0.441,0.463,89.0,106.0,0.84,26.0,128.0,154.0,81.0,31.0,22.0,37.0,59.0,410.0,0.0,,2022,2021-22
260.0,Jeremy Lamb,29.0,IND,SF,39.0,0.0,613.0,85.0,228.0,0.373,39.0,117.0,0.333,46.0,111.0,0.414,0.458,67.0,80.0,0.838,15.0,79.0,94.0,51.0,23.0,14.0,24.0,44.0,276.0,0.0,,2022,2021-22
260.0,Jeremy Lamb,29.0,SAC,SG,17.0,0.0,322.0,48.0,119.0,0.403,16.0,53.0,0.302,32.0,66.0,0.485,0.471,22.0,26.0,0.846,11.0,49.0,60.0,30.0,8.0,8.0,13.0,15.0,134.0,0.0,,2022,2021-22
261.0,Ish Smith,33.0,2TM,PG,65.0,1.0,1126.0,185.0,430.0,0.43,25.0,67.0,0.373,160.0,363.0,0.441,0.459,15.0,24.0,0.625,25.0,115.0,140.0,244.0,47.0,23.0,78.0,78.0,410.0,0.0,,2022,2021-22
261.0,Ish Smith,33.0,CHO,PG,37.0,1.0,511.0,73.0,185.0,0.395,10.0,25.0,0.4,63.0,160.0,0.394,0.422,12.0,19.0,0.632,11.0,46.0,57.0,98.0,20.0,10.0,36.0,34.0,168.0,0.0,,2022,2021-22
261.0,Ish Smith,33.0,WAS,PG,28.0,0.0,615.0,112.0,245.0,0.457,15.0,42.0,0.357,97.0,203.0,0.478,0.488,3.0,5.0,0.6,14.0,69.0,83.0,146.0,27.0,13.0,42.0,44.0,242.0,0.0,,2022,2021-22
262.0,Austin Rivers,29.0,DEN,SG,67.0,18.0,1480.0,146.0,350.0,0.417,79.0,231.0,0.342,67.0,119.0,0.563,0.53,32.0,44.0,0.727,19.0,95.0,114.0,90.0,51.0,6.0,54.0,121.0,403.0,0.0,,2022,2021-22
263.0,Aaron Holiday,25.0,2TM,PG,63.0,15.0,1021.0,151.0,338.0,0.447,39.0,103.0,0.379,112.0,235.0,0.477,0.504,59.0,68.0,0.868,24.0,98.0,122.0,153.0,42.0,9.0,67.0,92.0,400.0,0.0,,2022,2021-22
263.0,Aaron Holiday,25.0,WAS,PG,41.0,14.0,663.0,100.0,214.0,0.467,23.0,67.0,0.343,77.0,147.0,0.524,0.521,28.0,35.0,0.8,9.0,58.0,67.0,78.0,24.0,9.0,39.0,60.0,251.0,0.0,,2022,2021-22
263.0,Aaron Holiday,25.0,PHO,PG,22.0,1.0,358.0,51.0,124.0,0.411,16.0,36.0,0.444,35.0,88.0,0.398,0.476,31.0,33.0,0.939,15.0,40.0,55.0,75.0,18.0,0.0,28.0,32.0,149.0,0.0,,2022,2021-22
264.0,Avery Bradley,31.0,LAL,SG,62.0,45.0,1406.0,148.0,350.0,0.423,82.0,210.0,0.39,66.0,140.0,0.471,0.54,16.0,18.0,0.889,31.0,105.0,136.0,47.0,53.0,9.0,38.0,118.0,394.0,0.0,,2022,2021-22
265.0,Onyeka Okongwu,21.0,ATL,C,48.0,6.0,992.0,156.0,226.0,0.69,0.0,0.0,,156.0,226.0,0.69,0.69,80.0,110.0,0.727,115.0,168.0,283.0,53.0,31.0,60.0,44.0,149.0,392.0,0.0,,2022,2021-22
266.0,Lance Stephenson,31.0,2TM,SG,46.0,1.0,814.0,147.0,323.0,0.455,27.0,90.0,0.3,120.0,233.0,0.515,0.497,63.0,80.0,0.788,12.0,115.0,127.0,165.0,24.0,4.0,72.0,96.0,384.0,0.0,,2022,2021-22
266.0,Lance Stephenson,31.0,ATL,SG,6.0,0.0,70.0,5.0,13.0,0.385,0.0,3.0,0.0,5.0,10.0,0.5,0.385,1.0,2.0,0.5,1.0,14.0,15.0,11.0,0.0,0.0,4.0,8.0,11.0,0.0,,2022,2021-22
266.0,Lance Stephenson,31.0,IND,PG,40.0,1.0,744.0,142.0,310.0,0.458,27.0,87.0,0.31,115.0,223.0,0.516,0.502,62.0,78.0,0.795,11.0,101.0,112.0,154.0,24.0,4.0,68.0,88.0,373.0,0.0,,2022,2021-22
267.0,Daniel Theis,29.0,2TM,C,47.0,27.0,977.0,151.0,291.0,0.519,33.0,107.0,0.308,118.0,184.0,0.641,0.576,49.0,72.0,0.681,59.0,169.0,228.0,41.0,20.0,31.0,46.0,111.0,384.0,0.0,,2022,2021-22
267.0,Daniel Theis,29.0,HOU,C,26.0,21.0,584.0,84.0,179.0,0.469,23.0,79.0,0.291,61.0,100.0,0.61,0.534,27.0,40.0,0.675,32.0,98.0,130.0,20.0,11.0,17.0,31.0,62.0,218.0,0.0,,2022,2021-22
267.0,Daniel Theis,29.0,BOS,C,21.0,6.0,393.0,67.0,112.0,0.598,10.0,28.0,0.357,57.0,84.0,0.679,0.643,22.0,32.0,0.688,27.0,71.0,98.0,21.0,9.0,14.0,15.0,49.0,166.0,0.0,,2022,2021-22
268.0,Lamar Stevens,24.0,CLE,PF,63.0,13.0,1015.0,156.0,319.0,0.489,18.0,65.0,0.277,138.0,254.0,0.543,0.517,53.0,75.0,0.707,47.0,117.0,164.0,44.0,31.0,18.0,41.0,106.0,383.0,0.0,,2022,2021-22
269.0,Donte DiVincenzo,25.0,2TM,SG,42.0,1.0,1006.0,118.0,336.0,0.351,74.0,218.0,0.339,44.0,118.0,0.373,0.461,70.0,83.0,0.843,40.0,130.0,170.0,118.0,48.0,8.0,72.0,69.0,380.0,0.0,,2022,2021-22
269.0,Donte DiVincenzo,25.0,MIL,SG,17.0,0.0,341.0,39.0,118.0,0.331,21.0,74.0,0.284,18.0,44.0,0.409,0.419,23.0,27.0,0.852,18.0,42.0,60.0,29.0,11.0,3.0,28.0,26.0,122.0,0.0,,2022,2021-22
269.0,Donte DiVincenzo,25.0,SAC,SG,25.0,1.0,665.0,79.0,218.0,0.362,53.0,144.0,0.368,26.0,74.0,0.351,0.484,47.0,56.0,0.839,22.0,88.0,110.0,89.0,37.0,5.0,44.0,43.0,258.0,0.0,,2022,2021-22
270.0,Matisse Thybulle,24.0,PHI,SG,66.0,50.0,1685.0,150.0,300.0,0.5,45.0,144.0,0.313,105.0,156.0,0.673,0.575,34.0,43.0,0.791,42.0,109.0,151.0,75.0,115.0,71.0,39.0,158.0,379.0,0.0,"DPOY-11,DEF2",2022,2021-22
271.0,Dwight Howard,36.0,LAL,C,60.0,27.0,971.0,134.0,219.0,0.612,8.0,15.0,0.533,126.0,204.0,0.618,0.63,96.0,146.0,0.658,118.0,238.0,356.0,35.0,34.0,36.0,47.0,115.0,372.0,0.0,,2022,2021-22
272.0,Danny Green,34.0,PHI,SF,62.0,28.0,1353.0,126.0,320.0,0.394,103.0,271.0,0.38,23.0,49.0,0.469,0.555,11.0,14.0,0.786,32.0,125.0,157.0,64.0,60.0,37.0,45.0,105.0,366.0,0.0,,2022,2021-22
273.0,Jeremiah Robinson-Earl,21.0,OKC,C,49.0,36.0,1087.0,134.0,324.0,0.414,58.0,165.0,0.352,76.0,159.0,0.478,0.503,40.0,54.0,0.741,75.0,199.0,274.0,49.0,29.0,15.0,39.0,75.0,366.0,0.0,,2022,2021-22
274.0,Kelly Olynyk,30.0,DET,C,40.0,1.0,764.0,128.0,286.0,0.448,40.0,119.0,0.336,88.0,167.0,0.527,0.517,69.0,89.0,0.775,54.0,123.0,177.0,111.0,31.0,19.0,58.0,100.0,365.0,0.0,,2022,2021-22
275.0,Serge Ibaka,32.0,2TM,C,54.0,12.0,877.0,148.0,296.0,0.5,37.0,99.0,0.374,111.0,197.0,0.563,0.563,32.0,44.0,0.727,62.0,188.0,250.0,49.0,11.0,33.0,43.0,102.0,365.0,0.0,,2022,2021-22
275.0,Serge Ibaka,32.0,LAC,C,35.0,10.0,538.0,94.0,192.0,0.49,24.0,62.0,0.387,70.0,130.0,0.538,0.552,20.0,29.0,0.69,40.0,110.0,150.0,36.0,7.0,26.0,33.0,56.0,232.0,0.0,,2022,2021-22
275.0,Serge Ibaka,32.0,MIL,C,19.0,2.0,339.0,54.0,104.0,0.519,13.0,37.0,0.351,41.0,67.0,0.612,0.582,12.0,15.0,0.8,22.0,78.0,100.0,13.0,4.0,7.0,10.0,46.0,133.0,0.0,,2022,2021-22
276.0,Trendon Watford,21.0,POR,SF,48.0,10.0,869.0,142.0,267.0,0.532,9.0,38.0,0.237,133.0,229.0,0.581,0.549,71.0,94.0,0.755,57.0,142.0,199.0,81.0,25.0,28.0,44.0,116.0,364.0,0.0,,2022,2021-22
277.0,Kenrich Williams,27.0,OKC,SF,49.0,0.0,1072.0,146.0,317.0,0.461,41.0,121.0,0.339,105.0,196.0,0.536,0.525,30.0,55.0,0.545,75.0,145.0,220.0,108.0,44.0,10.0,46.0,81.0,363.0,0.0,,2022,2021-22
278.0,Théo Maledon,20.0,OKC,PG,51.0,7.0,908.0,119.0,317.0,0.375,44.0,150.0,0.293,75.0,167.0,0.449,0.445,79.0,100.0,0.79,20.0,111.0,131.0,111.0,31.0,11.0,65.0,67.0,361.0,0.0,,2022,2021-22
279.0,Blake Griffin,32.0,BRK,C,56.0,24.0,958.0,133.0,313.0,0.425,38.0,145.0,0.262,95.0,168.0,0.565,0.486,55.0,76.0,0.724,60.0,168.0,228.0,105.0,27.0,14.0,31.0,95.0,359.0,0.0,,2022,2021-22
280.0,Lou Williams,35.0,ATL,PG,56.0,0.0,799.0,125.0,320.0,0.391,37.0,102.0,0.363,88.0,218.0,0.404,0.448,67.0,78.0,0.859,16.0,71.0,87.0,105.0,28.0,3.0,43.0,48.0,354.0,0.0,,2022,2021-22
281.0,Goga Bitadze,22.0,IND,C,50.0,16.0,729.0,131.0,252.0,0.52,23.0,80.0,0.288,108.0,172.0,0.628,0.565,64.0,94.0,0.681,79.0,98.0,177.0,55.0,21.0,42.0,46.0,107.0,349.0,0.0,,2022,2021-22
282.0,John Konchar,25.0,MEM,SG,72.0,7.0,1292.0,135.0,262.0,0.515,52.0,126.0,0.413,83.0,136.0,0.61,0.615,27.0,49.0,0.551,87.0,242.0,329.0,109.0,45.0,22.0,29.0,90.0,349.0,1.0,,2022,2021-22
283.0,Draymond Green,31.0,GSW,PF,46.0,44.0,1329.0,135.0,257.0,0.525,16.0,54.0,0.296,119.0,203.0,0.586,0.556,60.0,91.0,0.659,45.0,291.0,336.0,320.0,61.0,50.0,139.0,136.0,346.0,1.0,"DPOY-10,AS,DEF2",2022,2021-22
284.0,Mike Muscala,30.0,OKC,C,43.0,0.0,592.0,113.0,248.0,0.456,70.0,163.0,0.429,43.0,85.0,0.506,0.597,48.0,57.0,0.842,21.0,108.0,129.0,22.0,18.0,26.0,14.0,58.0,344.0,0.0,,2022,2021-22
285.0,Tristan Thompson,30.0,3TM,C,57.0,6.0,897.0,141.0,267.0,0.528,1.0,3.0,0.333,140.0,264.0,0.53,0.53,61.0,116.0,0.526,120.0,168.0,288.0,34.0,23.0,21.0,45.0,98.0,344.0,0.0,,2022,2021-22
285.0,Tristan Thompson,30.0,SAC,C,30.0,3.0,455.0,76.0,151.0,0.503,1.0,1.0,1.0,75.0,150.0,0.5,0.507,32.0,60.0,0.533,72.0,89.0,161.0,18.0,11.0,12.0,29.0,52.0,185.0,0.0,,2022,2021-22
285.0,Tristan Thompson,30.0,IND,C,4.0,0.0,66.0,13.0,24.0,0.542,0.0,0.0,,13.0,24.0,0.542,0.542,3.0,8.0,0.375,7.0,11.0,18.0,2.0,0.0,2.0,4.0,7.0,29.0,0.0,,2022,2021-22
285.0,Tristan Thompson,30.0,CHI,C,23.0,3.0,376.0,52.0,92.0,0.565,0.0,2.0,0.0,52.0,90.0,0.578,0.565,26.0,48.0,0.542,41.0,68.0,109.0,14.0,12.0,7.0,12.0,39.0,130.0,0.0,,2022,2021-22
286.0,Brandon Boston Jr.,20.0,LAC,SG,51.0,0.0,760.0,125.0,325.0,0.385,34.0,111.0,0.306,91.0,214.0,0.425,0.437,59.0,72.0,0.819,17.0,94.0,111.0,51.0,26.0,13.0,31.0,43.0,343.0,0.0,,2022,2021-22
287.0,Delon Wright,29.0,ATL,SG,77.0,8.0,1452.0,122.0,269.0,0.454,44.0,116.0,0.379,78.0,153.0,0.51,0.535,54.0,63.0,0.857,50.0,170.0,220.0,188.0,93.0,19.0,45.0,56.0,342.0,0.0,,2022,2021-22
288.0,Ty Jerome,24.0,OKC,SG,48.0,4.0,801.0,124.0,328.0,0.378,54.0,186.0,0.29,70.0,142.0,0.493,0.46,38.0,47.0,0.809,19.0,59.0,78.0,109.0,30.0,5.0,37.0,73.0,340.0,0.0,,2022,2021-22
289.0,James Johnson,34.0,BRK,PF,62.0,10.0,1191.0,144.0,307.0,0.469,23.0,85.0,0.271,121.0,222.0,0.545,0.507,29.0,55.0,0.527,51.0,164.0,215.0,130.0,30.0,34.0,48.0,162.0,340.0,0.0,,2022,2021-22
290.0,Jalen McDaniels,24.0,CHO,SF,55.0,2.0,895.0,123.0,254.0,0.484,41.0,108.0,0.38,82.0,146.0,0.562,0.565,53.0,72.0,0.736,37.0,133.0,170.0,58.0,26.0,22.0,36.0,93.0,340.0,0.0,,2022,2021-22
291.0,CJ Elleby,21.0,POR,SF,58.0,28.0,1174.0,121.0,308.0,0.393,37.0,126.0,0.294,84.0,182.0,0.462,0.453,60.0,84.0,0.714,66.0,161.0,227.0,87.0,35.0,19.0,56.0,116.0,339.0,0.0,,2022,2021-22
292.0,Keita Bates-Diop,26.0,SAS,SF,59.0,14.0,956.0,136.0,263.0,0.517,17.0,55.0,0.309,119.0,208.0,0.572,0.549,46.0,61.0,0.754,62.0,169.0,231.0,41.0,27.0,14.0,45.0,61.0,335.0,0.0,,2022,2021-22
293.0,George Hill,35.0,MIL,PG,54.0,17.0,1253.0,118.0,275.0,0.429,41.0,134.0,0.306,77.0,141.0,0.546,0.504,57.0,62.0,0.919,38.0,117.0,155.0,120.0,42.0,6.0,41.0,70.0,334.0,0.0,,2022,2021-22
294.0,Trey Murphy III,21.0,NOP,SF,62.0,1.0,864.0,109.0,277.0,0.394,71.0,186.0,0.382,38.0,91.0,0.418,0.522,45.0,51.0,0.882,47.0,100.0,147.0,38.0,23.0,7.0,16.0,60.0,334.0,0.0,,2022,2021-22
295.0,Eric Paschall,25.0,UTA,PF,58.0,3.0,736.0,114.0,235.0,0.485,40.0,108.0,0.37,74.0,127.0,0.583,0.57,66.0,86.0,0.767,30.0,76.0,106.0,36.0,9.0,5.0,27.0,51.0,334.0,0.0,,2022,2021-22
296.0,Facundo Campazzo,30.0,DEN,PG,65.0,4.0,1184.0,107.0,296.0,0.361,58.0,193.0,0.301,49.0,103.0,0.476,0.459,60.0,78.0,0.769,23.0,94.0,117.0,220.0,63.0,23.0,67.0,124.0,332.0,0.0,,2022,2021-22
297.0,Jose Alvarado,23.0,NOP,PG,54.0,1.0,834.0,131.0,294.0,0.446,32.0,110.0,0.291,99.0,184.0,0.538,0.5,36.0,53.0,0.679,25.0,75.0,100.0,152.0,71.0,7.0,40.0,73.0,330.0,0.0,,2022,2021-22
298.0,Josh Jackson,24.0,2TM,SF,51.0,3.0,830.0,120.0,300.0,0.4,33.0,130.0,0.254,87.0,170.0,0.512,0.455,55.0,77.0,0.714,21.0,120.0,141.0,54.0,26.0,22.0,47.0,88.0,328.0,0.0,,2022,2021-22
298.0,Josh Jackson,24.0,DET,SF,39.0,3.0,707.0,103.0,251.0,0.41,30.0,113.0,0.265,73.0,138.0,0.529,0.47,40.0,56.0,0.714,17.0,106.0,123.0,49.0,21.0,18.0,38.0,71.0,276.0,0.0,,2022,2021-22
298.0,Josh Jackson,24.0,SAC,SF,12.0,0.0,123.0,17.0,49.0,0.347,3.0,17.0,0.176,14.0,32.0,0.438,0.378,15.0,21.0,0.714,4.0,14.0,18.0,5.0,5.0,4.0,9.0,17.0,52.0,0.0,,2022,2021-22
299.0,Joe Ingles,34.0,UTA,SF,45.0,15.0,1122.0,115.0,285.0,0.404,78.0,225.0,0.347,37.0,60.0,0.617,0.54,17.0,22.0,0.773,12.0,119.0,131.0,158.0,23.0,5.0,46.0,82.0,325.0,0.0,,2022,2021-22
300.0,Thaddeus Young,33.0,2TM,PF,52.0,1.0,845.0,141.0,272.0,0.518,17.0,48.0,0.354,124.0,224.0,0.554,0.55,23.0,49.0,0.469,80.0,128.0,208.0,104.0,54.0,18.0,52.0,81.0,322.0,0.0,,2022,2021-22
300.0,Thaddeus Young,33.0,SAS,PF,26.0,1.0,370.0,74.0,128.0,0.578,0.0,5.0,0.0,74.0,123.0,0.602,0.578,10.0,22.0,0.455,40.0,53.0,93.0,59.0,23.0,7.0,30.0,38.0,158.0,0.0,,2022,2021-22
300.0,Thaddeus Young,33.0,TOR,PF,26.0,0.0,475.0,67.0,144.0,0.465,17.0,43.0,0.395,50.0,101.0,0.495,0.524,13.0,27.0,0.481,40.0,75.0,115.0,45.0,31.0,11.0,22.0,43.0,164.0,0.0,,2022,2021-22
301.0,Larry Nance Jr.,29.0,2TM,PF,46.0,11.0,1040.0,129.0,247.0,0.522,23.0,70.0,0.329,106.0,177.0,0.599,0.569,40.0,57.0,0.702,72.0,176.0,248.0,81.0,43.0,20.0,37.0,84.0,321.0,0.0,,2022,2021-22
301.0,Larry Nance Jr.,29.0,POR,C,37.0,11.0,858.0,102.0,198.0,0.515,19.0,62.0,0.306,83.0,136.0,0.61,0.563,32.0,49.0,0.653,58.0,151.0,209.0,73.0,38.0,13.0,27.0,67.0,255.0,0.0,,2022,2021-22
301.0,Larry Nance Jr.,29.0,NOP,PF,9.0,0.0,182.0,27.0,49.0,0.551,4.0,8.0,0.5,23.0,41.0,0.561,0.592,8.0,8.0,1.0,14.0,25.0,39.0,8.0,5.0,7.0,10.0,17.0,66.0,0.0,,2022,2021-22
302.0,Stanley Johnson,25.0,LAL,PF,48.0,27.0,1094.0,117.0,251.0,0.466,33.0,105.0,0.314,84.0,146.0,0.575,0.532,53.0,74.0,0.716,34.0,121.0,155.0,80.0,43.0,14.0,35.0,109.0,320.0,0.0,,2022,2021-22
303.0,Josh Green,21.0,DAL,SG,67.0,3.0,1039.0,130.0,256.0,0.508,28.0,78.0,0.359,102.0,178.0,0.573,0.563,31.0,45.0,0.689,52.0,109.0,161.0,79.0,45.0,14.0,44.0,115.0,319.0,0.0,,2022,2021-22
304.0,Terry Taylor,22.0,IND,PF,33.0,7.0,714.0,135.0,220.0,0.614,12.0,38.0,0.316,123.0,182.0,0.676,0.641,36.0,51.0,0.706,95.0,77.0,172.0,41.0,14.0,8.0,23.0,61.0,318.0,0.0,,2022,2021-22
305.0,Naji Marshall,24.0,NOP,SF,55.0,4.0,735.0,109.0,269.0,0.405,21.0,105.0,0.2,88.0,164.0,0.537,0.444,74.0,93.0,0.796,38.0,104.0,142.0,62.0,33.0,8.0,46.0,69.0,313.0,0.0,,2022,2021-22
306.0,Terence Davis,24.0,SAC,SG,30.0,11.0,536.0,113.0,267.0,0.423,49.0,149.0,0.329,64.0,118.0,0.542,0.515,36.0,44.0,0.818,11.0,83.0,94.0,40.0,25.0,11.0,33.0,70.0,311.0,0.0,,2022,2021-22
307.0,Derrick Rose,33.0,NYK,PG,26.0,4.0,636.0,122.0,274.0,0.445,37.0,92.0,0.402,85.0,182.0,0.467,0.513,30.0,31.0,0.968,21.0,57.0,78.0,103.0,22.0,12.0,39.0,15.0,311.0,0.0,,2022,2021-22
308.0,Dāvis Bertāns,29.0,2TM,PF,56.0,0.0,807.0,99.0,275.0,0.36,77.0,230.0,0.335,22.0,45.0,0.489,0.5,36.0,40.0,0.9,12.0,105.0,117.0,31.0,17.0,12.0,19.0,85.0,311.0,0.0,,2022,2021-22
308.0,Dāvis Bertāns,29.0,WAS,PF,34.0,0.0,501.0,60.0,171.0,0.351,46.0,144.0,0.319,14.0,27.0,0.519,0.485,28.0,30.0,0.933,6.0,55.0,61.0,16.0,11.0,6.0,14.0,55.0,194.0,0.0,,2022,2021-22
308.0,Dāvis Bertāns,29.0,DAL,PF,22.0,0.0,306.0,39.0,104.0,0.375,31.0,86.0,0.36,8.0,18.0,0.444,0.524,8.0,10.0,0.8,6.0,50.0,56.0,15.0,6.0,6.0,5.0,30.0,117.0,0.0,,2022,2021-22
309.0,Garrett Temple,35.0,NOP,SG,59.0,16.0,1098.0,111.0,295.0,0.376,59.0,185.0,0.319,52.0,110.0,0.473,0.476,28.0,41.0,0.683,29.0,114.0,143.0,74.0,43.0,23.0,42.0,81.0,309.0,0.0,,2022,2021-22
310.0,Brandon Williams,22.0,POR,PG,24.0,16.0,640.0,105.0,282.0,0.372,31.0,106.0,0.292,74.0,176.0,0.42,0.427,68.0,97.0,0.701,19.0,55.0,74.0,94.0,24.0,10.0,58.0,52.0,309.0,0.0,,2022,2021-22
311.0,Alex Caruso,27.0,CHI,SG,41.0,18.0,1147.0,102.0,256.0,0.398,42.0,126.0,0.333,60.0,130.0,0.462,0.48,58.0,73.0,0.795,33.0,115.0,148.0,165.0,71.0,15.0,57.0,106.0,304.0,0.0,,2022,2021-22
312.0,Omer Yurtseven,23.0,MIA,C,56.0,12.0,706.0,130.0,247.0,0.526,1.0,11.0,0.091,129.0,236.0,0.547,0.528,38.0,61.0,0.623,85.0,209.0,294.0,49.0,17.0,20.0,41.0,84.0,299.0,0.0,,2022,2021-22
313.0,Juan Toscano-Anderson,28.0,GSW,SF,73.0,6.0,994.0,115.0,235.0,0.489,28.0,87.0,0.322,87.0,148.0,0.588,0.549,40.0,70.0,0.571,28.0,148.0,176.0,127.0,48.0,17.0,68.0,115.0,298.0,0.0,,2022,2021-22
314.0,Isaiah Jackson,20.0,IND,C,36.0,15.0,541.0,116.0,206.0,0.563,5.0,16.0,0.313,111.0,190.0,0.584,0.575,60.0,88.0,0.682,60.0,89.0,149.0,10.0,25.0,52.0,40.0,92.0,297.0,0.0,,2022,2021-22
315.0,D.J. Augustin,34.0,2TM,PG,55.0,2.0,883.0,94.0,222.0,0.423,68.0,164.0,0.415,26.0,58.0,0.448,0.577,38.0,43.0,0.884,11.0,57.0,68.0,107.0,17.0,1.0,56.0,39.0,294.0,0.0,,2022,2021-22
315.0,D.J. Augustin,34.0,HOU,PG,34.0,2.0,510.0,55.0,136.0,0.404,39.0,96.0,0.406,16.0,40.0,0.4,0.548,33.0,38.0,0.868,7.0,34.0,41.0,74.0,10.0,0.0,45.0,17.0,182.0,0.0,,2022,2021-22
315.0,D.J. Augustin,34.0,LAL,PG,21.0,0.0,373.0,39.0,86.0,0.453,29.0,68.0,0.426,10.0,18.0,0.556,0.622,5.0,5.0,1.0,4.0,23.0,27.0,33.0,7.0,1.0,11.0,22.0,112.0,0.0,,2022,2021-22
316.0,Joshua Primo,19.0,SAS,SF,50.0,16.0,965.0,101.0,270.0,0.374,42.0,137.0,0.307,59.0,133.0,0.444,0.452,44.0,59.0,0.746,32.0,81.0,113.0,81.0,20.0,23.0,57.0,79.0,288.0,0.0,,2022,2021-22
317.0,Armoni Brooks,23.0,2TM,SG,54.0,11.0,844.0,98.0,289.0,0.339,74.0,249.0,0.297,24.0,40.0,0.6,0.467,18.0,21.0,0.857,20.0,83.0,103.0,62.0,28.0,11.0,27.0,74.0,288.0,0.0,,2022,2021-22
317.0,Armoni Brooks,23.0,HOU,SG,41.0,8.0,690.0,87.0,251.0,0.347,64.0,213.0,0.3,23.0,38.0,0.605,0.474,16.0,19.0,0.842,12.0,69.0,81.0,49.0,21.0,8.0,23.0,60.0,254.0,0.0,,2022,2021-22
317.0,Armoni Brooks,23.0,TOR,PG,13.0,3.0,154.0,11.0,38.0,0.289,10.0,36.0,0.278,1.0,2.0,0.5,0.421,2.0,2.0,1.0,8.0,14.0,22.0,13.0,7.0,3.0,4.0,14.0,34.0,0.0,,2022,2021-22
318.0,Wayne Ellington,34.0,LAL,SG,43.0,9.0,810.0,98.0,237.0,0.414,82.0,211.0,0.389,16.0,26.0,0.615,0.586,9.0,11.0,0.818,10.0,67.0,77.0,30.0,23.0,5.0,19.0,42.0,287.0,0.0,,2022,2021-22
319.0,Derrick Jones Jr.,24.0,CHI,PF,51.0,8.0,899.0,105.0,195.0,0.538,20.0,61.0,0.328,85.0,134.0,0.634,0.59,56.0,70.0,0.8,60.0,109.0,169.0,30.0,25.0,33.0,30.0,105.0,286.0,0.0,,2022,2021-22
320.0,Kessler Edwards,21.0,BRK,SF,48.0,23.0,987.0,110.0,267.0,0.412,48.0,136.0,0.353,62.0,131.0,0.473,0.502,16.0,19.0,0.842,44.0,128.0,172.0,31.0,29.0,24.0,42.0,85.0,284.0,0.0,,2022,2021-22
321.0,DeAndre' Bembry,27.0,2TM,SF,56.0,20.0,1026.0,124.0,221.0,0.561,15.0,36.0,0.417,109.0,185.0,0.589,0.595,21.0,35.0,0.6,42.0,121.0,163.0,66.0,49.0,25.0,31.0,113.0,284.0,0.0,,2022,2021-22
321.0,DeAndre' Bembry,27.0,BRK,SF,48.0,20.0,949.0,121.0,213.0,0.568,15.0,36.0,0.417,106.0,177.0,0.599,0.603,21.0,35.0,0.6,38.0,114.0,152.0,60.0,47.0,25.0,30.0,104.0,278.0,0.0,,2022,2021-22
321.0,DeAndre' Bembry,27.0,MIL,SF,8.0,0.0,77.0,3.0,8.0,0.375,0.0,0.0,,3.0,8.0,0.375,0.375,0.0,0.0,,4.0,7.0,11.0,6.0,2.0,0.0,1.0,9.0,6.0,0.0,,2022,2021-22
322.0,Troy Brown Jr.,22.0,CHI,SF,66.0,7.0,1055.0,108.0,258.0,0.419,47.0,133.0,0.353,61.0,125.0,0.488,0.51,20.0,26.0,0.769,39.0,164.0,203.0,66.0,36.0,5.0,26.0,62.0,283.0,0.0,,2022,2021-22
323.0,Jevon Carter,26.0,2TM,PG,66.0,3.0,905.0,98.0,253.0,0.387,66.0,170.0,0.388,32.0,83.0,0.386,0.518,15.0,18.0,0.833,14.0,96.0,110.0,96.0,24.0,14.0,34.0,67.0,277.0,0.0,,2022,2021-22
323.0,Jevon Carter,26.0,BRK,PG,46.0,1.0,552.0,58.0,174.0,0.333,42.0,127.0,0.331,16.0,47.0,0.34,0.454,7.0,10.0,0.7,9.0,58.0,67.0,46.0,14.0,10.0,26.0,45.0,165.0,0.0,,2022,2021-22
323.0,Jevon Carter,26.0,MIL,PG,20.0,2.0,353.0,40.0,79.0,0.506,24.0,43.0,0.558,16.0,36.0,0.444,0.658,8.0,8.0,1.0,5.0,38.0,43.0,50.0,10.0,4.0,8.0,22.0,112.0,0.0,,2022,2021-22
324.0,Quentin Grimes,21.0,NYK,SG,46.0,6.0,786.0,95.0,235.0,0.404,72.0,189.0,0.381,23.0,46.0,0.5,0.557,13.0,19.0,0.684,24.0,70.0,94.0,44.0,31.0,11.0,28.0,72.0,275.0,0.0,,2022,2021-22
325.0,Justise Winslow,25.0,2TM,PF,48.0,11.0,774.0,110.0,257.0,0.428,15.0,66.0,0.227,95.0,191.0,0.497,0.457,39.0,66.0,0.591,50.0,152.0,202.0,84.0,35.0,25.0,49.0,67.0,274.0,0.0,,2022,2021-22
325.0,Justise Winslow,25.0,LAC,PF,37.0,1.0,479.0,63.0,141.0,0.447,5.0,29.0,0.172,58.0,112.0,0.518,0.465,25.0,41.0,0.61,30.0,103.0,133.0,52.0,21.0,18.0,37.0,46.0,156.0,0.0,,2022,2021-22
325.0,Justise Winslow,25.0,POR,PF,11.0,10.0,295.0,47.0,116.0,0.405,10.0,37.0,0.27,37.0,79.0,0.468,0.448,14.0,25.0,0.56,20.0,49.0,69.0,32.0,14.0,7.0,12.0,21.0,118.0,0.0,,2022,2021-22
326.0,Rodney McGruder,30.0,DET,SG,51.0,2.0,754.0,98.0,225.0,0.436,58.0,146.0,0.397,40.0,79.0,0.506,0.564,19.0,26.0,0.731,31.0,80.0,111.0,48.0,21.0,7.0,24.0,58.0,273.0,0.0,,2022,2021-22
327.0,Zeke Nnaji,21.0,DEN,PF,41.0,1.0,698.0,96.0,186.0,0.516,37.0,80.0,0.463,59.0,106.0,0.557,0.616,41.0,65.0,0.631,56.0,91.0,147.0,17.0,16.0,13.0,23.0,79.0,270.0,0.0,,2022,2021-22
328.0,Dean Wade,25.0,CLE,PF,51.0,28.0,980.0,99.0,217.0,0.456,51.0,142.0,0.359,48.0,75.0,0.64,0.574,20.0,30.0,0.667,31.0,119.0,150.0,52.0,29.0,7.0,16.0,88.0,269.0,0.0,,2022,2021-22
329.0,Keon Johnson,19.0,2TM,SG,37.0,12.0,697.0,96.0,272.0,0.353,34.0,100.0,0.34,62.0,172.0,0.36,0.415,41.0,51.0,0.804,24.0,57.0,81.0,76.0,28.0,12.0,46.0,69.0,267.0,0.0,,2022,2021-22
329.0,Keon Johnson,19.0,LAC,SG,15.0,0.0,135.0,17.0,51.0,0.333,3.0,11.0,0.273,14.0,40.0,0.35,0.363,16.0,21.0,0.762,6.0,15.0,21.0,13.0,7.0,2.0,7.0,21.0,53.0,0.0,,2022,2021-22
329.0,Keon Johnson,19.0,POR,SG,22.0,12.0,562.0,79.0,221.0,0.357,31.0,89.0,0.348,48.0,132.0,0.364,0.428,25.0,30.0,0.833,18.0,42.0,60.0,63.0,21.0,10.0,39.0,48.0,214.0,0.0,,2022,2021-22
330.0,Jock Landale,26.0,SAS,C,54.0,1.0,589.0,101.0,204.0,0.495,29.0,89.0,0.326,72.0,115.0,0.626,0.566,34.0,41.0,0.829,63.0,75.0,138.0,45.0,10.0,14.0,31.0,53.0,265.0,0.0,,2022,2021-22
331.0,Svi Mykhailiuk,24.0,TOR,SF,56.0,5.0,716.0,91.0,234.0,0.389,41.0,134.0,0.306,50.0,100.0,0.5,0.476,32.0,37.0,0.865,20.0,72.0,92.0,45.0,26.0,4.0,32.0,54.0,255.0,0.0,,2022,2021-22
332.0,Robin Lopez,33.0,ORL,C,36.0,9.0,612.0,110.0,199.0,0.553,2.0,6.0,0.333,108.0,193.0,0.56,0.558,32.0,54.0,0.593,68.0,58.0,126.0,54.0,2.0,18.0,44.0,67.0,254.0,0.0,,2022,2021-22
333.0,Xavier Tillman Sr.,23.0,MEM,PF,53.0,2.0,701.0,98.0,216.0,0.454,10.0,49.0,0.204,88.0,167.0,0.527,0.477,46.0,71.0,0.648,66.0,95.0,161.0,62.0,49.0,15.0,34.0,63.0,252.0,0.0,,2022,2021-22
334.0,Wesley Matthews,35.0,MIL,SG,49.0,14.0,1002.0,87.0,220.0,0.395,53.0,157.0,0.338,34.0,63.0,0.54,0.516,22.0,28.0,0.786,30.0,62.0,92.0,36.0,23.0,8.0,18.0,87.0,249.0,0.0,,2022,2021-22
335.0,Danuel House Jr.,28.0,3TM,SF,42.0,7.0,727.0,80.0,198.0,0.404,44.0,117.0,0.376,36.0,81.0,0.444,0.515,44.0,58.0,0.759,18.0,93.0,111.0,44.0,21.0,17.0,33.0,51.0,248.0,0.0,,2022,2021-22
335.0,Danuel House Jr.,28.0,HOU,SF,16.0,1.0,233.0,25.0,74.0,0.338,10.0,34.0,0.294,15.0,40.0,0.375,0.405,17.0,19.0,0.895,4.0,39.0,43.0,19.0,5.0,5.0,18.0,16.0,77.0,0.0,,2022,2021-22
335.0,Danuel House Jr.,28.0,NYK,SF,1.0,0.0,3.0,0.0,1.0,0.0,0.0,1.0,0.0,0.0,0.0,,0.0,0.0,0.0,,0.0,0.0,0.0,0.0,0.0,0.0,0.0,0.0,0.0,0.0,,2022,2021-22
335.0,Danuel House Jr.,28.0,UTA,SF,25.0,6.0,491.0,55.0,123.0,0.447,34.0,82.0,0.415,21.0,41.0,0.512,0.585,27.0,39.0,0.692,14.0,54.0,68.0,25.0,16.0,12.0,15.0,35.0,171.0,0.0,,2022,2021-22
336.0,Khem Birch,29.0,TOR,C,55.0,28.0,991.0,97.0,200.0,0.485,0.0,14.0,0.0,97.0,186.0,0.522,0.485,53.0,71.0,0.746,122.0,117.0,239.0,56.0,30.0,26.0,29.0,104.0,247.0,0.0,,2022,2021-22
337.0,Frank Ntilikina,23.0,DAL,SG,58.0,5.0,685.0,89.0,223.0,0.399,38.0,111.0,0.342,51.0,112.0,0.455,0.484,24.0,25.0,0.96,12.0,67.0,79.0,69.0,27.0,7.0,31.0,61.0,240.0,0.0,,2022,2021-22
338.0,Alex Len,28.0,SAC,C,39.0,10.0,620.0,94.0,176.0,0.534,6.0,21.0,0.286,88.0,155.0,0.568,0.551,41.0,63.0,0.651,52.0,109.0,161.0,45.0,13.0,25.0,43.0,100.0,235.0,0.0,,2022,2021-22
339.0,Jordan McLaughlin,25.0,MIN,PG,62.0,3.0,902.0,88.0,200.0,0.44,27.0,85.0,0.318,61.0,115.0,0.53,0.508,30.0,40.0,0.75,22.0,72.0,94.0,180.0,57.0,10.0,38.0,54.0,233.0,0.0,,2022,2021-22
340.0,David Nwaba,29.0,HOU,SF,46.0,4.0,609.0,85.0,176.0,0.483,15.0,49.0,0.306,70.0,127.0,0.551,0.526,48.0,67.0,0.716,41.0,110.0,151.0,35.0,28.0,20.0,21.0,55.0,233.0,0.0,,2022,2021-22
341.0,Taj Gibson,36.0,NYK,C,52.0,4.0,946.0,86.0,166.0,0.518,15.0,38.0,0.395,71.0,128.0,0.555,0.563,42.0,52.0,0.808,88.0,141.0,229.0,32.0,22.0,40.0,27.0,137.0,229.0,0.0,,2022,2021-22
342.0,T.J. McConnell,29.0,IND,PG,27.0,8.0,652.0,100.0,208.0,0.481,10.0,33.0,0.303,90.0,175.0,0.514,0.505,19.0,23.0,0.826,20.0,70.0,90.0,131.0,29.0,10.0,29.0,53.0,229.0,0.0,,2022,2021-22
343.0,Moses Moody,19.0,GSW,SG,52.0,11.0,607.0,80.0,183.0,0.437,40.0,110.0,0.364,40.0,73.0,0.548,0.546,28.0,36.0,0.778,17.0,63.0,80.0,23.0,7.0,10.0,13.0,43.0,228.0,0.0,,2022,2021-22
344.0,Timothé Luwawu-Cabarrot,26.0,ATL,SF,52.0,18.0,685.0,74.0,186.0,0.398,44.0,122.0,0.361,30.0,64.0,0.469,0.516,35.0,41.0,0.854,17.0,65.0,82.0,40.0,18.0,6.0,20.0,76.0,227.0,0.0,,2022,2021-22
345.0,Greg Brown III,20.0,POR,SF,48.0,6.0,640.0,81.0,190.0,0.426,19.0,61.0,0.311,62.0,129.0,0.481,0.476,44.0,65.0,0.677,38.0,97.0,135.0,35.0,26.0,24.0,36.0,90.0,225.0,0.0,,2022,2021-22
346.0,Zach Collins,24.0,SAS,C,28.0,4.0,502.0,76.0,155.0,0.49,14.0,41.0,0.341,62.0,114.0,0.544,0.535,52.0,65.0,0.8,46.0,107.0,153.0,61.0,13.0,23.0,45.0,67.0,218.0,0.0,,2022,2021-22
347.0,Romeo Langford,22.0,2TM,SG,48.0,5.0,771.0,83.0,191.0,0.435,29.0,85.0,0.341,54.0,106.0,0.509,0.51,23.0,42.0,0.548,30.0,78.0,108.0,21.0,22.0,16.0,16.0,47.0,218.0,0.0,,2022,2021-22
347.0,Romeo Langford,22.0,BOS,SG,44.0,5.0,728.0,79.0,184.0,0.429,29.0,83.0,0.349,50.0,101.0,0.495,0.508,20.0,34.0,0.588,30.0,74.0,104.0,19.0,21.0,16.0,16.0,46.0,207.0,0.0,,2022,2021-22
347.0,Romeo Langford,22.0,SAS,SG,4.0,0.0,43.0,4.0,7.0,0.571,0.0,2.0,0.0,4.0,5.0,0.8,0.571,3.0,8.0,0.375,0.0,4.0,4.0,2.0,1.0,0.0,0.0,1.0,11.0,0.0,,2022,2021-22
348.0,Maurice Harkless,28.0,SAC,SF,47.0,24.0,863.0,83.0,181.0,0.459,31.0,101.0,0.307,52.0,80.0,0.65,0.544,20.0,28.0,0.714,12.0,100.0,112.0,23.0,29.0,24.0,31.0,77.0,217.0,0.0,,2022,2021-22
349.0,Trey Burke,29.0,DAL,PG,42.0,0.0,441.0,84.0,215.0,0.391,26.0,82.0,0.317,58.0,133.0,0.436,0.451,20.0,23.0,0.87,4.0,29.0,33.0,57.0,12.0,0.0,26.0,39.0,214.0,0.0,,2022,2021-22
350.0,Bismack Biyombo,29.0,PHO,C,36.0,3.0,506.0,86.0,145.0,0.593,0.0,0.0,,86.0,145.0,0.593,0.593,38.0,71.0,0.535,63.0,104.0,167.0,23.0,12.0,26.0,25.0,70.0,210.0,0.0,,2022,2021-22
351.0,Ignas Brazdeikis,23.0,ORL,SF,42.0,1.0,536.0,81.0,188.0,0.431,27.0,87.0,0.31,54.0,101.0,0.535,0.503,21.0,32.0,0.656,23.0,49.0,72.0,37.0,10.0,3.0,17.0,48.0,210.0,0.0,,2022,2021-22
352.0,Davon Reed,26.0,DEN,SG,48.0,5.0,668.0,81.0,161.0,0.503,37.0,86.0,0.43,44.0,75.0,0.587,0.618,10.0,15.0,0.667,14.0,94.0,108.0,53.0,24.0,9.0,16.0,63.0,209.0,0.0,,2022,2021-22
353.0,Saben Lee,22.0,DET,PG,37.0,0.0,604.0,69.0,177.0,0.39,14.0,60.0,0.233,55.0,117.0,0.47,0.429,56.0,71.0,0.789,18.0,69.0,87.0,107.0,36.0,12.0,36.0,44.0,208.0,0.0,,2022,2021-22
354.0,Derrick Favors,30.0,OKC,C,39.0,18.0,653.0,94.0,182.0,0.516,2.0,16.0,0.125,92.0,166.0,0.554,0.522,16.0,25.0,0.64,58.0,126.0,184.0,25.0,17.0,12.0,9.0,62.0,206.0,0.0,,2022,2021-22
355.0,Dennis Smith Jr.,24.0,POR,PG,37.0,4.0,638.0,79.0,189.0,0.418,6.0,27.0,0.222,73.0,162.0,0.451,0.434,42.0,64.0,0.656,20.0,68.0,88.0,132.0,45.0,12.0,51.0,52.0,206.0,0.0,,2022,2021-22
356.0,DeAndre Jordan,33.0,2TM,C,48.0,20.0,622.0,92.0,143.0,0.643,0.0,0.0,,92.0,143.0,0.643,0.643,22.0,40.0,0.55,83.0,181.0,264.0,21.0,12.0,35.0,37.0,71.0,206.0,0.0,,2022,2021-22
356.0,DeAndre Jordan,33.0,LAL,C,32.0,19.0,408.0,60.0,89.0,0.674,0.0,0.0,,60.0,89.0,0.674,0.674,12.0,26.0,0.462,51.0,121.0,172.0,13.0,10.0,26.0,21.0,50.0,132.0,0.0,,2022,2021-22
356.0,DeAndre Jordan,33.0,PHI,C,16.0,1.0,214.0,32.0,54.0,0.593,0.0,0.0,,32.0,54.0,0.593,0.593,10.0,14.0,0.714,32.0,60.0,92.0,8.0,2.0,9.0,16.0,21.0,74.0,0.0,,2022,2021-22
357.0,Dalano Banton,22.0,TOR,PG,64.0,1.0,696.0,83.0,202.0,0.411,13.0,51.0,0.255,70.0,151.0,0.464,0.443,26.0,44.0,0.591,38.0,86.0,124.0,99.0,28.0,10.0,53.0,68.0,205.0,0.0,,2022,2021-22
358.0,Thomas Bryant,24.0,WAS,C,27.0,9.0,439.0,77.0,148.0,0.52,12.0,42.0,0.286,65.0,106.0,0.613,0.561,35.0,40.0,0.875,26.0,82.0,108.0,23.0,6.0,21.0,19.0,43.0,201.0,0.0,,2022,2021-22
359.0,Lindy Waters III,24.0,OKC,SG,25.0,1.0,465.0,71.0,175.0,0.406,53.0,146.0,0.363,18.0,29.0,0.621,0.557,4.0,5.0,0.8,6.0,67.0,73.0,24.0,19.0,8.0,11.0,31.0,199.0,0.0,,2022,2021-22
360.0,Isaiah Joe,22.0,PHI,SG,55.0,1.0,609.0,62.0,177.0,0.35,45.0,135.0,0.333,17.0,42.0,0.405,0.477,29.0,31.0,0.935,6.0,50.0,56.0,35.0,14.0,3.0,19.0,47.0,198.0,0.0,,2022,2021-22
361.0,Day'Ron Sharpe,20.0,BRK,PF,32.0,8.0,391.0,86.0,149.0,0.577,2.0,7.0,0.286,84.0,142.0,0.592,0.584,24.0,41.0,0.585,81.0,79.0,160.0,17.0,10.0,15.0,30.0,60.0,198.0,0.0,,2022,2021-22
362.0,Tomáš Satoranský,30.0,3TM,SG,55.0,13.0,906.0,72.0,191.0,0.377,11.0,53.0,0.208,61.0,138.0,0.442,0.406,43.0,54.0,0.796,27.0,99.0,126.0,184.0,29.0,5.0,46.0,71.0,198.0,0.0,,2022,2021-22
362.0,Tomáš Satoranský,30.0,NOP,SG,32.0,3.0,481.0,32.0,107.0,0.299,5.0,31.0,0.161,27.0,76.0,0.355,0.322,19.0,25.0,0.76,18.0,46.0,64.0,76.0,14.0,1.0,23.0,33.0,88.0,0.0,,2022,2021-22
362.0,Tomáš Satoranský,30.0,SAS,SF,1.0,0.0,9.0,0.0,0.0,,0.0,0.0,,0.0,0.0,,,3.0,4.0,0.75,0.0,1.0,1.0,0.0,0.0,0.0,0.0,0.0,3.0,0.0,,2022,2021-22
362.0,Tomáš Satoranský,30.0,WAS,PG,22.0,10.0,416.0,40.0,84.0,0.476,6.0,22.0,0.273,34.0,62.0,0.548,0.512,21.0,25.0,0.84,9.0,52.0,61.0,108.0,15.0,4.0,23.0,38.0,107.0,0.0,,2022,2021-22
363.0,Aaron Nesmith,22.0,BOS,SF,52.0,3.0,574.0,72.0,182.0,0.396,31.0,115.0,0.27,41.0,67.0,0.612,0.481,21.0,26.0,0.808,15.0,74.0,89.0,22.0,20.0,5.0,31.0,70.0,196.0,0.0,,2022,2021-22
364.0,Trent Forrest,23.0,UTA,PG,60.0,6.0,765.0,76.0,155.0,0.49,5.0,27.0,0.185,71.0,128.0,0.555,0.506,38.0,48.0,0.792,23.0,76.0,99.0,106.0,30.0,6.0,48.0,43.0,195.0,0.0,,2022,2021-22
365.0,Markelle Fultz,23.0,ORL,PG,18.0,3.0,360.0,83.0,175.0,0.474,4.0,17.0,0.235,79.0,158.0,0.5,0.486,25.0,31.0,0.806,4.0,45.0,49.0,99.0,20.0,5.0,40.0,22.0,195.0,0.0,,2022,2021-22
366.0,Malachi Flynn,23.0,TOR,PG,44.0,5.0,537.0,72.0,183.0,0.393,30.0,90.0,0.333,42.0,93.0,0.452,0.475,15.0,24.0,0.625,10.0,53.0,63.0,70.0,20.0,4.0,13.0,45.0,189.0,0.0,,2022,2021-22
367.0,Vit Krejci,21.0,OKC,SG,30.0,8.0,690.0,68.0,167.0,0.407,32.0,98.0,0.327,36.0,69.0,0.522,0.503,19.0,22.0,0.864,18.0,83.0,101.0,57.0,19.0,8.0,29.0,65.0,187.0,0.0,,2022,2021-22
368.0,Tony Snell,30.0,2TM,SG,53.0,12.0,823.0,69.0,171.0,0.404,45.0,128.0,0.352,24.0,43.0,0.558,0.535,4.0,4.0,1.0,16.0,87.0,103.0,28.0,16.0,9.0,19.0,70.0,187.0,0.0,,2022,2021-22
368.0,Tony Snell,30.0,POR,SG,38.0,10.0,546.0,36.0,97.0,0.371,24.0,75.0,0.32,12.0,22.0,0.545,0.495,3.0,3.0,1.0,11.0,61.0,72.0,20.0,8.0,7.0,11.0,44.0,99.0,0.0,,2022,2021-22
368.0,Tony Snell,30.0,NOP,SG,15.0,2.0,277.0,33.0,74.0,0.446,21.0,53.0,0.396,12.0,21.0,0.571,0.588,1.0,1.0,1.0,5.0,26.0,31.0,8.0,8.0,2.0,8.0,26.0,88.0,0.0,,2022,2021-22
369.0,Luka Garza,23.0,DET,C,32.0,5.0,389.0,66.0,147.0,0.449,16.0,49.0,0.327,50.0,98.0,0.51,0.503,38.0,61.0,0.623,58.0,42.0,100.0,20.0,9.0,6.0,18.0,55.0,186.0,0.0,,2022,2021-22
370.0,Rajon Rondo,35.0,2TM,PG,39.0,1.0,697.0,68.0,176.0,0.386,31.0,88.0,0.352,37.0,88.0,0.42,0.474,19.0,26.0,0.731,15.0,93.0,108.0,170.0,30.0,6.0,68.0,56.0,186.0,0.0,,2022,2021-22
370.0,Rajon Rondo,35.0,LAL,PG,18.0,0.0,289.0,23.0,71.0,0.324,8.0,30.0,0.267,15.0,41.0,0.366,0.38,1.0,2.0,0.5,10.0,39.0,49.0,67.0,12.0,5.0,34.0,25.0,55.0,0.0,,2022,2021-22
370.0,Rajon Rondo,35.0,CLE,PG,21.0,1.0,408.0,45.0,105.0,0.429,23.0,58.0,0.397,22.0,47.0,0.468,0.538,18.0,24.0,0.75,5.0,54.0,59.0,103.0,18.0,1.0,34.0,31.0,131.0,0.0,,2022,2021-22
371.0,Isaiah Thomas,32.0,3TM,PG,22.0,1.0,333.0,67.0,167.0,0.401,28.0,83.0,0.337,39.0,84.0,0.464,0.485,22.0,26.0,0.846,4.0,25.0,29.0,34.0,7.0,5.0,15.0,34.0,184.0,0.0,,2022,2021-22
371.0,Isaiah Thomas,32.0,LAL,PG,4.0,1.0,101.0,12.0,39.0,0.308,5.0,22.0,0.227,7.0,17.0,0.412,0.372,8.0,11.0,0.727,1.0,7.0,8.0,6.0,0.0,2.0,5.0,12.0,37.0,0.0,,2022,2021-22
371.0,Isaiah Thomas,32.0,DAL,PG,1.0,0.0,13.0,3.0,8.0,0.375,0.0,3.0,0.0,3.0,5.0,0.6,0.375,0.0,0.0,,0.0,0.0,0.0,4.0,0.0,0.0,0.0,0.0,6.0,0.0,,2022,2021-22
371.0,Isaiah Thomas,32.0,CHO,PG,17.0,0.0,219.0,52.0,120.0,0.433,23.0,58.0,0.397,29.0,62.0,0.468,0.529,14.0,15.0,0.933,3.0,18.0,21.0,24.0,7.0,3.0,10.0,22.0,141.0,0.0,,2022,2021-22
372.0,Anthony Gill,29.0,WAS,PF,44.0,0.0,463.0,62.0,109.0,0.569,14.0,26.0,0.538,48.0,83.0,0.578,0.633,42.0,52.0,0.808,33.0,52.0,85.0,27.0,5.0,11.0,18.0,58.0,180.0,0.0,,2022,2021-22
373.0,Keifer Sykes,28.0,IND,PG,32.0,11.0,566.0,69.0,190.0,0.363,27.0,90.0,0.3,42.0,100.0,0.42,0.434,15.0,17.0,0.882,8.0,37.0,45.0,62.0,12.0,4.0,33.0,51.0,180.0,0.0,,2022,2021-22
374.0,Collin Sexton,23.0,CLE,SG,11.0,11.0,316.0,68.0,151.0,0.45,11.0,45.0,0.244,57.0,106.0,0.538,0.487,29.0,39.0,0.744,13.0,23.0,36.0,23.0,10.0,0.0,31.0,25.0,176.0,0.0,,2022,2021-22
375.0,Thanasis Antetokounmpo,29.0,MIL,SF,48.0,6.0,473.0,70.0,128.0,0.547,2.0,14.0,0.143,68.0,114.0,0.596,0.555,29.0,46.0,0.63,40.0,61.0,101.0,22.0,16.0,12.0,26.0,68.0,171.0,0.0,,2022,2021-22
376.0,Brandon Goodwin,26.0,CLE,PG,36.0,5.0,502.0,64.0,154.0,0.416,19.0,55.0,0.345,45.0,99.0,0.455,0.477,24.0,38.0,0.632,14.0,53.0,67.0,91.0,25.0,1.0,36.0,39.0,171.0,0.0,,2022,2021-22
377.0,Kelan Martin,26.0,2TM,SF,30.0,1.0,450.0,70.0,171.0,0.409,22.0,75.0,0.293,48.0,96.0,0.5,0.474,9.0,13.0,0.692,17.0,38.0,55.0,21.0,13.0,9.0,14.0,36.0,171.0,0.0,,2022,2021-22
377.0,Kelan Martin,26.0,IND,SF,27.0,1.0,444.0,70.0,168.0,0.417,22.0,74.0,0.297,48.0,94.0,0.511,0.482,9.0,13.0,0.692,16.0,37.0,53.0,21.0,13.0,9.0,14.0,36.0,171.0,0.0,,2022,2021-22
377.0,Kelan Martin,26.0,BOS,SF,3.0,0.0,6.0,0.0,3.0,0.0,0.0,1.0,0.0,0.0,2.0,0.0,0.0,0.0,0.0,,1.0,1.0,2.0,0.0,0.0,0.0,0.0,0.0,0.0,0.0,,2022,2021-22
378.0,Moses Brown,22.0,2TM,C,40.0,6.0,345.0,64.0,108.0,0.593,0.0,0.0,,64.0,108.0,0.593,0.593,43.0,72.0,0.597,39.0,96.0,135.0,1.0,7.0,16.0,20.0,53.0,171.0,0.0,,2022,2021-22
378.0,Moses Brown,22.0,DAL,C,26.0,1.0,169.0,27.0,50.0,0.54,0.0,0.0,,27.0,50.0,0.54,0.54,27.0,43.0,0.628,16.0,45.0,61.0,1.0,3.0,9.0,14.0,28.0,81.0,0.0,,2022,2021-22
378.0,Moses Brown,22.0,CLE,C,14.0,5.0,176.0,37.0,58.0,0.638,0.0,0.0,,37.0,58.0,0.638,0.638,16.0,29.0,0.552,23.0,51.0,74.0,0.0,4.0,7.0,6.0,25.0,90.0,0.0,,2022,2021-22
379.0,Tony Bradley,24.0,CHI,C,55.0,7.0,549.0,72.0,123.0,0.585,0.0,0.0,,72.0,123.0,0.585,0.585,19.0,29.0,0.655,67.0,119.0,186.0,27.0,10.0,33.0,34.0,62.0,163.0,0.0,,2022,2021-22
380.0,Yuta Watanabe,27.0,TOR,SF,38.0,4.0,445.0,56.0,138.0,0.406,27.0,79.0,0.342,29.0,59.0,0.492,0.504,24.0,40.0,0.6,18.0,74.0,92.0,21.0,11.0,16.0,19.0,38.0,163.0,0.0,,2022,2021-22
381.0,Rodney Hood,29.0,2TM,SF,52.0,0.0,709.0,58.0,157.0,0.369,30.0,91.0,0.33,28.0,66.0,0.424,0.465,17.0,19.0,0.895,15.0,62.0,77.0,38.0,15.0,6.0,11.0,31.0,163.0,0.0,,2022,2021-22
381.0,Rodney Hood,29.0,MIL,PF,39.0,0.0,581.0,46.0,131.0,0.351,24.0,80.0,0.3,22.0,51.0,0.431,0.443,13.0,14.0,0.929,13.0,54.0,67.0,30.0,12.0,4.0,7.0,27.0,129.0,0.0,,2022,2021-22
381.0,Rodney Hood,29.0,LAC,SF,13.0,0.0,128.0,12.0,26.0,0.462,6.0,11.0,0.545,6.0,15.0,0.4,0.577,4.0,5.0,0.8,2.0,8.0,10.0,8.0,3.0,2.0,4.0,4.0,34.0,0.0,,2022,2021-22
382.0,Jared Butler,21.0,UTA,SG,42.0,1.0,360.0,61.0,151.0,0.404,28.0,88.0,0.318,33.0,63.0,0.524,0.497,11.0,16.0,0.688,5.0,40.0,45.0,63.0,17.0,8.0,33.0,47.0,161.0,0.0,,2022,2021-22
383.0,Brook Lopez,33.0,MIL,C,13.0,11.0,298.0,61.0,131.0,0.466,19.0,53.0,0.358,42.0,78.0,0.538,0.538,20.0,23.0,0.87,19.0,34.0,53.0,6.0,8.0,15.0,12.0,34.0,161.0,0.0,,2022,2021-22
384.0,Matt Thomas,27.0,CHI,SG,40.0,0.0,459.0,55.0,134.0,0.41,35.0,91.0,0.385,20.0,43.0,0.465,0.541,16.0,20.0,0.8,3.0,47.0,50.0,20.0,8.0,3.0,8.0,18.0,161.0,0.0,,2022,2021-22
385.0,Sterling Brown,26.0,DAL,SG,49.0,3.0,628.0,59.0,155.0,0.381,28.0,92.0,0.304,31.0,63.0,0.492,0.471,14.0,15.0,0.933,26.0,123.0,149.0,34.0,14.0,7.0,23.0,56.0,160.0,0.0,,2022,2021-22
386.0,Joe Harris,30.0,BRK,SF,14.0,14.0,423.0,56.0,124.0,0.452,41.0,88.0,0.466,15.0,36.0,0.417,0.617,5.0,6.0,0.833,5.0,51.0,56.0,14.0,7.0,2.0,16.0,31.0,158.0,0.0,,2022,2021-22
387.0,Goran Dragić,35.0,2TM,PG,21.0,8.0,498.0,57.0,151.0,0.377,16.0,63.0,0.254,41.0,88.0,0.466,0.43,27.0,33.0,0.818,13.0,52.0,65.0,86.0,19.0,4.0,34.0,45.0,157.0,0.0,,2022,2021-22
387.0,Goran Dragić,35.0,TOR,PG,5.0,2.0,90.0,13.0,34.0,0.382,4.0,14.0,0.286,9.0,20.0,0.45,0.441,10.0,10.0,1.0,2.0,12.0,14.0,9.0,5.0,1.0,1.0,8.0,40.0,0.0,,2022,2021-22
387.0,Goran Dragić,35.0,BRK,PG,16.0,6.0,408.0,44.0,117.0,0.376,12.0,49.0,0.245,32.0,68.0,0.471,0.427,17.0,23.0,0.739,11.0,40.0,51.0,77.0,14.0,3.0,33.0,37.0,117.0,0.0,,2022,2021-22
388.0,Marquese Chriss,24.0,DAL,PF,34.0,0.0,346.0,62.0,134.0,0.463,8.0,25.0,0.32,54.0,109.0,0.495,0.493,22.0,33.0,0.667,33.0,70.0,103.0,17.0,13.0,12.0,17.0,64.0,154.0,0.0,,2022,2021-22
389.0,Gorgui Dieng,32.0,ATL,C,44.0,3.0,371.0,53.0,112.0,0.473,29.0,68.0,0.426,24.0,44.0,0.545,0.603,19.0,26.0,0.731,32.0,89.0,121.0,34.0,11.0,13.0,20.0,52.0,154.0,0.0,,2022,2021-22
390.0,Sandro Mamukelashvili,22.0,MIL,PF,41.0,3.0,407.0,57.0,115.0,0.496,22.0,52.0,0.423,35.0,63.0,0.556,0.591,18.0,22.0,0.818,35.0,47.0,82.0,22.0,9.0,9.0,15.0,28.0,154.0,0.0,,2022,2021-22
391.0,Olivier Sarr,22.0,OKC,C,22.0,2.0,421.0,58.0,101.0,0.574,13.0,29.0,0.448,45.0,72.0,0.625,0.639,24.0,29.0,0.828,34.0,59.0,93.0,19.0,6.0,15.0,22.0,52.0,153.0,0.0,,2022,2021-22
392.0,Patrick Williams,20.0,CHI,PF,17.0,9.0,422.0,54.0,102.0,0.529,15.0,29.0,0.517,39.0,73.0,0.534,0.603,30.0,41.0,0.732,17.0,52.0,69.0,15.0,9.0,9.0,16.0,28.0,153.0,0.0,,2022,2021-22
393.0,Elfrid Payton,27.0,PHO,PG,50.0,1.0,549.0,67.0,175.0,0.383,4.0,18.0,0.222,63.0,157.0,0.401,0.394,12.0,32.0,0.375,21.0,67.0,88.0,99.0,25.0,6.0,47.0,38.0,150.0,0.0,,2022,2021-22
394.0,Nick Richards,24.0,CHO,C,50.0,5.0,367.0,60.0,90.0,0.667,0.0,0.0,,60.0,90.0,0.667,0.667,30.0,43.0,0.698,34.0,52.0,86.0,13.0,9.0,21.0,24.0,51.0,150.0,0.0,,2022,2021-22
395.0,Admiral Schofield,24.0,ORL,SF,38.0,1.0,469.0,54.0,129.0,0.419,26.0,79.0,0.329,28.0,50.0,0.56,0.519,12.0,15.0,0.8,17.0,72.0,89.0,25.0,4.0,5.0,21.0,58.0,146.0,0.0,,2022,2021-22
396.0,James Bouknight,21.0,CHO,SG,31.0,0.0,304.0,49.0,141.0,0.348,17.0,49.0,0.347,32.0,92.0,0.348,0.408,27.0,31.0,0.871,22.0,30.0,52.0,26.0,7.0,1.0,15.0,29.0,142.0,0.0,,2022,2021-22
397.0,Kira Lewis Jr.,20.0,NOP,PG,24.0,0.0,341.0,59.0,146.0,0.404,13.0,58.0,0.224,46.0,88.0,0.523,0.449,10.0,12.0,0.833,9.0,30.0,39.0,49.0,11.0,1.0,26.0,17.0,141.0,0.0,,2022,2021-22
398.0,Wenyen Gabriel,24.0,3TM,PF,26.0,5.0,358.0,54.0,110.0,0.491,8.0,28.0,0.286,46.0,82.0,0.561,0.527,25.0,42.0,0.595,39.0,58.0,97.0,14.0,5.0,11.0,16.0,68.0,141.0,0.0,,2022,2021-22
398.0,Wenyen Gabriel,24.0,BRK,PF,1.0,0.0,1.0,0.0,0.0,,0.0,0.0,,0.0,0.0,,,0.0,0.0,,0.0,1.0,1.0,0.0,0.0,0.0,0.0,0.0,0.0,0.0,,2022,2021-22
398.0,Wenyen Gabriel,24.0,LAC,PF,6.0,0.0,46.0,5.0,13.0,0.385,2.0,5.0,0.4,3.0,8.0,0.375,0.462,2.0,4.0,0.5,5.0,9.0,14.0,2.0,1.0,2.0,3.0,11.0,14.0,0.0,,2022,2021-22
398.0,Wenyen Gabriel,24.0,LAL,PF,19.0,5.0,311.0,49.0,97.0,0.505,6.0,23.0,0.261,43.0,74.0,0.581,0.536,23.0,38.0,0.605,34.0,48.0,82.0,12.0,4.0,9.0,13.0,57.0,127.0,0.0,,2022,2021-22
399.0,Cody Zeller,29.0,POR,C,27.0,0.0,355.0,51.0,90.0,0.567,0.0,4.0,0.0,51.0,86.0,0.593,0.567,38.0,49.0,0.776,50.0,75.0,125.0,22.0,8.0,6.0,19.0,56.0,140.0,0.0,,2022,2021-22
400.0,Nathan Knight,24.0,MIN,PF,37.0,2.0,267.0,45.0,88.0,0.511,4.0,13.0,0.308,41.0,75.0,0.547,0.534,44.0,60.0,0.733,32.0,53.0,85.0,22.0,7.0,8.0,18.0,42.0,138.0,0.0,,2022,2021-22
401.0,Josh Okogie,23.0,MIN,SG,49.0,6.0,516.0,42.0,104.0,0.404,14.0,47.0,0.298,28.0,57.0,0.491,0.471,35.0,51.0,0.686,29.0,41.0,70.0,25.0,26.0,12.0,23.0,53.0,133.0,0.0,,2022,2021-22
402.0,Santi Aldama,21.0,MEM,PF,32.0,0.0,360.0,53.0,132.0,0.402,6.0,48.0,0.125,47.0,84.0,0.56,0.424,20.0,32.0,0.625,33.0,54.0,87.0,21.0,6.0,10.0,16.0,36.0,132.0,0.0,,2022,2021-22
403.0,Kent Bazemore,32.0,LAL,SF,39.0,14.0,545.0,45.0,139.0,0.324,29.0,80.0,0.363,16.0,59.0,0.271,0.428,13.0,17.0,0.765,13.0,56.0,69.0,34.0,25.0,9.0,21.0,70.0,132.0,0.0,,2022,2021-22
404.0,Juancho Hernangómez,26.0,3TM,PF,40.0,9.0,445.0,44.0,106.0,0.415,24.0,69.0,0.348,20.0,37.0,0.541,0.528,19.0,34.0,0.559,28.0,72.0,100.0,20.0,14.0,10.0,16.0,25.0,131.0,0.0,,2022,2021-22
404.0,Juancho Hernangómez,26.0,BOS,PF,18.0,0.0,96.0,5.0,27.0,0.185,3.0,18.0,0.167,2.0,9.0,0.222,0.241,6.0,9.0,0.667,9.0,16.0,25.0,3.0,4.0,2.0,6.0,7.0,19.0,0.0,,2022,2021-22
404.0,Juancho Hernangómez,26.0,SAS,PF,5.0,0.0,51.0,2.0,6.0,0.333,0.0,3.0,0.0,2.0,3.0,0.667,0.333,3.0,4.0,0.75,4.0,11.0,15.0,3.0,1.0,1.0,2.0,0.0,7.0,0.0,,2022,2021-22
404.0,Juancho Hernangómez,26.0,UTA,PF,17.0,9.0,298.0,37.0,73.0,0.507,21.0,48.0,0.438,16.0,25.0,0.64,0.651,10.0,21.0,0.476,15.0,45.0,60.0,14.0,9.0,7.0,8.0,18.0,105.0,0.0,,2022,2021-22
405.0,Jarrett Culver,22.0,MEM,SG,37.0,0.0,338.0,51.0,135.0,0.378,12.0,47.0,0.255,39.0,88.0,0.443,0.422,16.0,34.0,0.471,13.0,35.0,48.0,33.0,20.0,5.0,20.0,42.0,130.0,0.0,,2022,2021-22
406.0,Markieff Morris,32.0,MIA,PF,17.0,1.0,298.0,54.0,114.0,0.474,13.0,39.0,0.333,41.0,75.0,0.547,0.531,8.0,9.0,0.889,17.0,28.0,45.0,23.0,6.0,1.0,20.0,33.0,129.0,0.0,,2022,2021-22
407.0,Enes Freedom,29.0,BOS,C,35.0,1.0,411.0,51.0,97.0,0.526,2.0,5.0,0.4,49.0,92.0,0.533,0.536,24.0,28.0,0.857,61.0,99.0,160.0,8.0,5.0,14.0,20.0,42.0,128.0,0.0,,2022,2021-22
408.0,Markus Howard,22.0,DEN,SG,31.0,0.0,176.0,39.0,101.0,0.386,28.0,70.0,0.4,11.0,31.0,0.355,0.525,20.0,23.0,0.87,2.0,10.0,12.0,7.0,9.0,0.0,7.0,17.0,126.0,0.0,,2022,2021-22
409.0,Elijah Hughes,23.0,2TM,SG,36.0,4.0,434.0,47.0,144.0,0.326,25.0,95.0,0.263,22.0,49.0,0.449,0.413,7.0,9.0,0.778,6.0,52.0,58.0,22.0,14.0,8.0,17.0,39.0,126.0,0.0,,2022,2021-22
409.0,Elijah Hughes,23.0,UTA,SF,14.0,1.0,112.0,15.0,36.0,0.417,10.0,28.0,0.357,5.0,8.0,0.625,0.556,3.0,3.0,1.0,2.0,15.0,17.0,6.0,4.0,1.0,7.0,7.0,43.0,0.0,,2022,2021-22
409.0,Elijah Hughes,23.0,POR,SG,22.0,3.0,322.0,32.0,108.0,0.296,15.0,67.0,0.224,17.0,41.0,0.415,0.366,4.0,6.0,0.667,4.0,37.0,41.0,16.0,10.0,7.0,10.0,32.0,83.0,0.0,,2022,2021-22
410.0,Andre Iguodala,38.0,GSW,SF,31.0,0.0,603.0,46.0,121.0,0.38,17.0,74.0,0.23,29.0,47.0,0.617,0.45,15.0,20.0,0.75,21.0,79.0,100.0,114.0,27.0,22.0,28.0,34.0,124.0,0.0,,2022,2021-22
411.0,Isaiah Livers,23.0,DET,SF,19.0,5.0,383.0,41.0,90.0,0.456,27.0,64.0,0.422,14.0,26.0,0.538,0.606,12.0,14.0,0.857,15.0,42.0,57.0,21.0,13.0,7.0,15.0,37.0,121.0,0.0,,2022,2021-22
412.0,Killian Tillie,23.0,MEM,C,36.0,3.0,461.0,43.0,127.0,0.339,27.0,86.0,0.314,16.0,41.0,0.39,0.445,5.0,8.0,0.625,21.0,39.0,60.0,22.0,23.0,15.0,13.0,58.0,118.0,0.0,,2022,2021-22
413.0,Paul Reed,22.0,PHI,C,38.0,2.0,302.0,54.0,96.0,0.563,2.0,8.0,0.25,52.0,88.0,0.591,0.573,6.0,14.0,0.429,44.0,48.0,92.0,16.0,33.0,14.0,10.0,57.0,116.0,0.0,,2022,2021-22
414.0,Paul Millsap,36.0,2TM,C,33.0,1.0,376.0,45.0,115.0,0.391,8.0,35.0,0.229,37.0,80.0,0.463,0.426,17.0,24.0,0.708,41.0,73.0,114.0,29.0,10.0,13.0,19.0,67.0,115.0,0.0,,2022,2021-22
414.0,Paul Millsap,36.0,BRK,C,24.0,0.0,270.0,32.0,85.0,0.376,6.0,27.0,0.222,26.0,58.0,0.448,0.412,12.0,17.0,0.706,29.0,60.0,89.0,24.0,5.0,11.0,11.0,48.0,82.0,0.0,,2022,2021-22
414.0,Paul Millsap,36.0,PHI,C,9.0,1.0,106.0,13.0,30.0,0.433,2.0,8.0,0.25,11.0,22.0,0.5,0.467,5.0,7.0,0.714,12.0,13.0,25.0,5.0,5.0,2.0,8.0,19.0,33.0,0.0,,2022,2021-22
415.0,Dylan Windler,25.0,CLE,SF,50.0,0.0,459.0,37.0,98.0,0.378,21.0,70.0,0.3,16.0,28.0,0.571,0.485,15.0,18.0,0.833,21.0,68.0,89.0,34.0,14.0,3.0,16.0,47.0,110.0,0.0,,2022,2021-22
416.0,Ish Wainright,27.0,PHO,PF,45.0,0.0,359.0,41.0,104.0,0.394,19.0,59.0,0.322,22.0,45.0,0.489,0.486,7.0,12.0,0.583,27.0,27.0,54.0,15.0,20.0,6.0,13.0,49.0,108.0,0.0,,2022,2021-22
417.0,Kris Dunn,27.0,POR,PG,14.0,3.0,336.0,44.0,102.0,0.431,1.0,11.0,0.091,43.0,91.0,0.473,0.436,17.0,18.0,0.944,9.0,40.0,49.0,79.0,23.0,3.0,32.0,38.0,106.0,0.0,,2022,2021-22
418.0,David Duke Jr.,22.0,BRK,PG,22.0,7.0,341.0,39.0,108.0,0.361,9.0,37.0,0.243,30.0,71.0,0.423,0.403,17.0,21.0,0.81,30.0,37.0,67.0,17.0,14.0,7.0,9.0,36.0,104.0,0.0,,2022,2021-22
419.0,Jaylen Hoard,22.0,OKC,SF,7.0,5.0,240.0,44.0,90.0,0.489,9.0,25.0,0.36,35.0,65.0,0.538,0.539,6.0,14.0,0.429,30.0,54.0,84.0,17.0,6.0,5.0,8.0,14.0,103.0,0.0,,2022,2021-22
420.0,Justin Anderson,28.0,2TM,SF,16.0,6.0,316.0,36.0,95.0,0.379,15.0,59.0,0.254,21.0,36.0,0.583,0.458,15.0,19.0,0.789,4.0,42.0,46.0,33.0,8.0,6.0,8.0,22.0,102.0,0.0,,2022,2021-22
420.0,Justin Anderson,28.0,CLE,SF,3.0,0.0,47.0,4.0,8.0,0.5,2.0,6.0,0.333,2.0,2.0,1.0,0.625,3.0,4.0,0.75,0.0,6.0,6.0,6.0,1.0,0.0,2.0,4.0,13.0,0.0,,2022,2021-22
420.0,Justin Anderson,28.0,IND,SF,13.0,6.0,269.0,32.0,87.0,0.368,13.0,53.0,0.245,19.0,34.0,0.559,0.443,12.0,15.0,0.8,4.0,36.0,40.0,27.0,7.0,6.0,6.0,18.0,89.0,0.0,,2022,2021-22
421.0,Gary Clark,27.0,NOP,PF,38.0,1.0,378.0,33.0,88.0,0.375,28.0,70.0,0.4,5.0,18.0,0.278,0.534,7.0,10.0,0.7,23.0,67.0,90.0,18.0,13.0,7.0,10.0,20.0,101.0,0.0,,2022,2021-22
422.0,Victor Oladipo,29.0,MIA,SG,8.0,1.0,173.0,35.0,73.0,0.479,15.0,36.0,0.417,20.0,37.0,0.541,0.582,14.0,19.0,0.737,3.0,20.0,23.0,28.0,5.0,1.0,16.0,13.0,99.0,0.0,,2022,2021-22
423.0,Boban Marjanović,33.0,DAL,C,23.0,0.0,128.0,42.0,70.0,0.6,1.0,4.0,0.25,41.0,66.0,0.621,0.607,13.0,22.0,0.591,8.0,31.0,39.0,3.0,0.0,3.0,15.0,24.0,98.0,0.0,,2022,2021-22
424.0,Semi Ojeleye,27.0,2TM,PF,30.0,0.0,406.0,30.0,99.0,0.303,15.0,50.0,0.3,15.0,49.0,0.306,0.379,23.0,29.0,0.793,27.0,47.0,74.0,9.0,7.0,6.0,9.0,30.0,98.0,0.0,,2022,2021-22
424.0,Semi Ojeleye,27.0,MIL,PF,20.0,0.0,308.0,18.0,70.0,0.257,11.0,41.0,0.268,7.0,29.0,0.241,0.336,10.0,13.0,0.769,25.0,33.0,58.0,5.0,5.0,5.0,5.0,26.0,57.0,0.0,,2022,2021-22
424.0,Semi Ojeleye,27.0,LAC,PF,10.0,0.0,98.0,12.0,29.0,0.414,4.0,9.0,0.444,8.0,20.0,0.4,0.483,13.0,16.0,0.813,2.0,14.0,16.0,4.0,2.0,1.0,4.0,4.0,41.0,0.0,,2022,2021-22
425.0,PJ Dozier,25.0,DEN,SG,18.0,0.0,340.0,36.0,99.0,0.364,15.0,48.0,0.313,21.0,51.0,0.412,0.439,10.0,13.0,0.769,14.0,49.0,63.0,29.0,11.0,6.0,13.0,33.0,97.0,0.0,,2022,2021-22
426.0,Trevor Ariza,36.0,LAL,SF,24.0,11.0,462.0,33.0,99.0,0.333,20.0,74.0,0.27,13.0,25.0,0.52,0.434,10.0,18.0,0.556,10.0,72.0,82.0,27.0,13.0,6.0,11.0,20.0,96.0,0.0,,2022,2021-22
427.0,Keljin Blevins,26.0,POR,SF,31.0,1.0,349.0,34.0,111.0,0.306,21.0,72.0,0.292,13.0,39.0,0.333,0.401,6.0,11.0,0.545,16.0,29.0,45.0,19.0,13.0,1.0,17.0,29.0,95.0,0.0,,2022,2021-22
428.0,Frank Kaminsky,28.0,PHO,C,9.0,0.0,181.0,36.0,66.0,0.545,5.0,15.0,0.333,31.0,51.0,0.608,0.583,18.0,20.0,0.9,11.0,30.0,41.0,13.0,8.0,7.0,5.0,14.0,95.0,0.0,,2022,2021-22
429.0,Kevin Knox,22.0,2TM,SF,30.0,0.0,222.0,31.0,85.0,0.365,15.0,54.0,0.278,16.0,31.0,0.516,0.453,16.0,22.0,0.727,14.0,30.0,44.0,10.0,4.0,2.0,7.0,19.0,93.0,0.0,,2022,2021-22
429.0,Kevin Knox,22.0,NYK,SF,13.0,0.0,111.0,15.0,40.0,0.375,10.0,28.0,0.357,5.0,12.0,0.417,0.5,7.0,10.0,0.7,8.0,14.0,22.0,3.0,2.0,1.0,5.0,5.0,47.0,0.0,,2022,2021-22
429.0,Kevin Knox,22.0,ATL,SF,17.0,0.0,111.0,16.0,45.0,0.356,5.0,26.0,0.192,11.0,19.0,0.579,0.411,9.0,12.0,0.75,6.0,16.0,22.0,7.0,2.0,1.0,2.0,14.0,46.0,0.0,,2022,2021-22
430.0,Reggie Perry,21.0,2TM,PF,10.0,1.0,187.0,40.0,79.0,0.506,3.0,16.0,0.188,37.0,63.0,0.587,0.525,9.0,15.0,0.6,15.0,32.0,47.0,12.0,9.0,6.0,11.0,33.0,92.0,0.0,,2022,2021-22
430.0,Reggie Perry,21.0,POR,PF,9.0,1.0,177.0,39.0,78.0,0.5,3.0,16.0,0.188,36.0,62.0,0.581,0.519,9.0,15.0,0.6,15.0,31.0,46.0,12.0,9.0,6.0,11.0,30.0,90.0,0.0,,2022,2021-22
430.0,Reggie Perry,21.0,IND,PF,1.0,0.0,10.0,1.0,1.0,1.0,0.0,0.0,,1.0,1.0,1.0,1.0,0.0,0.0,,0.0,1.0,1.0,0.0,0.0,0.0,0.0,3.0,2.0,0.0,,2022,2021-22
431.0,Jericho Sims,23.0,NYK,PF,41.0,5.0,555.0,39.0,54.0,0.722,0.0,0.0,,39.0,54.0,0.722,0.722,12.0,29.0,0.414,61.0,108.0,169.0,21.0,11.0,22.0,20.0,66.0,90.0,0.0,,2022,2021-22
432.0,Miles McBride,21.0,NYK,PG,40.0,2.0,372.0,32.0,108.0,0.296,17.0,68.0,0.25,15.0,40.0,0.375,0.375,8.0,12.0,0.667,4.0,38.0,42.0,41.0,14.0,1.0,5.0,45.0,89.0,0.0,,2022,2021-22
433.0,Michael Porter Jr.,23.0,DEN,SF,9.0,9.0,265.0,37.0,103.0,0.359,10.0,48.0,0.208,27.0,55.0,0.491,0.408,5.0,9.0,0.556,9.0,50.0,59.0,17.0,10.0,2.0,12.0,16.0,89.0,0.0,,2022,2021-22
434.0,Bruno Fernando,23.0,2TM,C,30.0,0.0,152.0,36.0,55.0,0.655,1.0,2.0,0.5,35.0,53.0,0.66,0.664,15.0,24.0,0.625,18.0,37.0,55.0,7.0,1.0,11.0,14.0,24.0,88.0,0.0,,2022,2021-22
434.0,Bruno Fernando,23.0,BOS,C,20.0,0.0,58.0,7.0,14.0,0.5,1.0,1.0,1.0,6.0,13.0,0.462,0.536,4.0,5.0,0.8,7.0,8.0,15.0,4.0,0.0,3.0,5.0,6.0,19.0,0.0,,2022,2021-22
434.0,Bruno Fernando,23.0,HOU,C,10.0,0.0,94.0,29.0,41.0,0.707,0.0,1.0,0.0,29.0,40.0,0.725,0.707,11.0,19.0,0.579,11.0,29.0,40.0,3.0,1.0,8.0,9.0,18.0,69.0,0.0,,2022,2021-22
435.0,Georgios Kalaitzakis,23.0,2TM,SF,13.0,4.0,214.0,31.0,67.0,0.463,10.0,26.0,0.385,21.0,41.0,0.512,0.537,14.0,30.0,0.467,6.0,15.0,21.0,12.0,11.0,2.0,20.0,19.0,86.0,0.0,,2022,2021-22
435.0,Georgios Kalaitzakis,23.0,MIL,SF,9.0,0.0,48.0,5.0,11.0,0.455,2.0,4.0,0.5,3.0,7.0,0.429,0.545,4.0,9.0,0.444,4.0,4.0,8.0,0.0,1.0,1.0,4.0,8.0,16.0,0.0,,2022,2021-22
435.0,Georgios Kalaitzakis,23.0,OKC,SF,4.0,4.0,166.0,26.0,56.0,0.464,8.0,22.0,0.364,18.0,34.0,0.529,0.536,10.0,21.0,0.476,2.0,11.0,13.0,12.0,10.0,1.0,16.0,11.0,70.0,0.0,,2022,2021-22
436.0,Nerlens Noel,27.0,NYK,C,25.0,11.0,562.0,32.0,60.0,0.533,0.0,3.0,0.0,32.0,57.0,0.561,0.533,21.0,30.0,0.7,48.0,93.0,141.0,23.0,30.0,31.0,20.0,67.0,85.0,0.0,,2022,2021-22
437.0,Brad Wanamaker,32.0,2TM,PG,23.0,2.0,320.0,28.0,77.0,0.364,4.0,17.0,0.235,24.0,60.0,0.4,0.39,23.0,25.0,0.92,6.0,33.0,39.0,55.0,7.0,6.0,23.0,45.0,83.0,0.0,,2022,2021-22
437.0,Brad Wanamaker,32.0,IND,PG,22.0,1.0,293.0,26.0,72.0,0.361,4.0,17.0,0.235,22.0,55.0,0.4,0.389,20.0,22.0,0.909,6.0,29.0,35.0,48.0,5.0,6.0,23.0,42.0,76.0,0.0,,2022,2021-22
437.0,Brad Wanamaker,32.0,WAS,PG,1.0,1.0,27.0,2.0,5.0,0.4,0.0,0.0,,2.0,5.0,0.4,0.4,3.0,3.0,1.0,0.0,4.0,4.0,7.0,2.0,0.0,0.0,3.0,7.0,0.0,,2022,2021-22
438.0,Justin Champagnie,20.0,TOR,SF,36.0,0.0,281.0,31.0,67.0,0.463,10.0,28.0,0.357,21.0,39.0,0.538,0.537,9.0,9.0,1.0,37.0,35.0,72.0,11.0,8.0,4.0,8.0,32.0,81.0,0.0,,2022,2021-22
439.0,Jake Layman,27.0,MIN,SF,34.0,1.0,231.0,30.0,73.0,0.411,8.0,35.0,0.229,22.0,38.0,0.579,0.466,13.0,18.0,0.722,6.0,30.0,36.0,9.0,7.0,5.0,10.0,12.0,81.0,0.0,,2022,2021-22
440.0,Udoka Azubuike,22.0,UTA,C,17.0,6.0,195.0,37.0,49.0,0.755,0.0,0.0,,37.0,49.0,0.755,0.755,6.0,11.0,0.545,18.0,53.0,71.0,0.0,1.0,11.0,12.0,25.0,80.0,0.0,,2022,2021-22
441.0,Skylar Mays,24.0,ATL,SG,28.0,5.0,220.0,32.0,64.0,0.5,8.0,25.0,0.32,24.0,39.0,0.615,0.563,8.0,9.0,0.889,5.0,20.0,25.0,17.0,7.0,0.0,10.0,9.0,80.0,0.0,,2022,2021-22
442.0,Lindell Wigginton,23.0,MIL,PG,19.0,0.0,199.0,26.0,61.0,0.426,9.0,26.0,0.346,17.0,35.0,0.486,0.5,19.0,35.0,0.543,3.0,22.0,25.0,23.0,5.0,1.0,12.0,17.0,80.0,0.0,,2022,2021-22
443.0,Braxton Key,24.0,2TM,SF,11.0,0.0,197.0,33.0,72.0,0.458,6.0,21.0,0.286,27.0,51.0,0.529,0.5,7.0,13.0,0.538,13.0,37.0,50.0,11.0,10.0,11.0,11.0,26.0,79.0,0.0,,2022,2021-22
443.0,Braxton Key,24.0,PHI,SF,2.0,0.0,6.0,1.0,2.0,0.5,0.0,1.0,0.0,1.0,1.0,1.0,0.5,0.0,0.0,,1.0,1.0,2.0,1.0,1.0,0.0,2.0,1.0,2.0,0.0,,2022,2021-22
443.0,Braxton Key,24.0,DET,SF,9.0,0.0,191.0,32.0,70.0,0.457,6.0,20.0,0.3,26.0,50.0,0.52,0.5,7.0,13.0,0.538,12.0,36.0,48.0,10.0,9.0,11.0,9.0,25.0,77.0,0.0,,2022,2021-22
444.0,Justin Robinson,24.0,3TM,PG,25.0,0.0,304.0,28.0,93.0,0.301,18.0,61.0,0.295,10.0,32.0,0.313,0.398,4.0,8.0,0.5,4.0,17.0,21.0,32.0,9.0,1.0,17.0,27.0,78.0,0.0,,2022,2021-22
444.0,Justin Robinson,24.0,MIL,PG,17.0,0.0,198.0,18.0,57.0,0.316,10.0,37.0,0.27,8.0,20.0,0.4,0.404,2.0,2.0,1.0,2.0,11.0,13.0,21.0,8.0,0.0,11.0,17.0,48.0,0.0,,2022,2021-22
444.0,Justin Robinson,24.0,SAC,PG,3.0,0.0,15.0,1.0,8.0,0.125,0.0,3.0,0.0,1.0,5.0,0.2,0.125,0.0,0.0,,0.0,1.0,1.0,2.0,0.0,0.0,1.0,2.0,2.0,0.0,,2022,2021-22
444.0,Justin Robinson,24.0,DET,PG,5.0,0.0,91.0,9.0,28.0,0.321,8.0,21.0,0.381,1.0,7.0,0.143,0.464,2.0,6.0,0.333,2.0,5.0,7.0,9.0,1.0,1.0,5.0,8.0,28.0,0.0,,2022,2021-22
445.0,Daishen Nix,19.0,HOU,SG,24.0,0.0,261.0,27.0,67.0,0.403,7.0,26.0,0.269,20.0,41.0,0.488,0.455,16.0,30.0,0.533,7.0,26.0,33.0,40.0,15.0,0.0,26.0,21.0,77.0,0.0,,2022,2021-22
446.0,KZ Okpala,22.0,MIA,PF,21.0,0.0,244.0,30.0,69.0,0.435,9.0,26.0,0.346,21.0,43.0,0.488,0.5,8.0,11.0,0.727,11.0,30.0,41.0,14.0,4.0,7.0,5.0,25.0,77.0,0.0,,2022,2021-22
447.0,Greg Monroe,31.0,4TM,C,14.0,0.0,195.0,32.0,57.0,0.561,0.0,0.0,,32.0,57.0,0.561,0.561,12.0,23.0,0.522,30.0,34.0,64.0,22.0,8.0,10.0,12.0,24.0,76.0,0.0,,2022,2021-22
447.0,Greg Monroe,31.0,MIN,C,4.0,0.0,81.0,13.0,22.0,0.591,0.0,0.0,,13.0,22.0,0.591,0.591,3.0,7.0,0.429,6.0,18.0,24.0,16.0,4.0,6.0,7.0,9.0,29.0,0.0,,2022,2021-22
447.0,Greg Monroe,31.0,WAS,C,2.0,0.0,18.0,4.0,8.0,0.5,0.0,0.0,,4.0,8.0,0.5,0.5,0.0,0.0,,7.0,3.0,10.0,1.0,1.0,1.0,2.0,2.0,8.0,0.0,,2022,2021-22
447.0,Greg Monroe,31.0,MIL,C,5.0,0.0,70.0,11.0,22.0,0.5,0.0,0.0,,11.0,22.0,0.5,0.5,5.0,9.0,0.556,11.0,10.0,21.0,2.0,3.0,2.0,3.0,7.0,27.0,0.0,,2022,2021-22
447.0,Greg Monroe,31.0,UTA,C,3.0,0.0,26.0,4.0,5.0,0.8,0.0,0.0,,4.0,5.0,0.8,0.8,4.0,7.0,0.571,6.0,3.0,9.0,3.0,0.0,1.0,0.0,6.0,12.0,0.0,,2022,2021-22
448.0,Kyle Guy,24.0,MIA,SG,19.0,0.0,186.0,26.0,65.0,0.4,14.0,40.0,0.35,12.0,25.0,0.48,0.508,8.0,12.0,0.667,4.0,13.0,17.0,17.0,7.0,1.0,13.0,12.0,74.0,0.0,,2022,2021-22
449.0,Malcolm Hill,26.0,2TM,SG,19.0,0.0,212.0,24.0,52.0,0.462,13.0,36.0,0.361,11.0,16.0,0.688,0.587,11.0,14.0,0.786,11.0,24.0,35.0,8.0,7.0,3.0,3.0,24.0,72.0,0.0,,2022,2021-22
449.0,Malcolm Hill,26.0,ATL,SG,3.0,0.0,46.0,5.0,8.0,0.625,3.0,5.0,0.6,2.0,3.0,0.667,0.813,4.0,4.0,1.0,2.0,4.0,6.0,1.0,4.0,1.0,0.0,7.0,17.0,0.0,,2022,2021-22
449.0,Malcolm Hill,26.0,CHI,SF,16.0,0.0,166.0,19.0,44.0,0.432,10.0,31.0,0.323,9.0,13.0,0.692,0.545,7.0,10.0,0.7,9.0,20.0,29.0,7.0,3.0,2.0,3.0,17.0,55.0,0.0,,2022,2021-22
450.0,Charles Bassey,21.0,PHI,C,23.0,0.0,168.0,30.0,47.0,0.638,0.0,4.0,0.0,30.0,43.0,0.698,0.638,9.0,12.0,0.75,22.0,40.0,62.0,7.0,5.0,17.0,8.0,32.0,69.0,0.0,,2022,2021-22
451.0,Denzel Valentine,28.0,2TM,SG,24.0,0.0,222.0,25.0,66.0,0.379,19.0,47.0,0.404,6.0,19.0,0.316,0.523,0.0,0.0,,9.0,33.0,42.0,11.0,8.0,0.0,12.0,20.0,69.0,0.0,,2022,2021-22
451.0,Denzel Valentine,28.0,CLE,SG,22.0,0.0,204.0,23.0,62.0,0.371,18.0,44.0,0.409,5.0,18.0,0.278,0.516,0.0,0.0,,9.0,29.0,38.0,11.0,7.0,0.0,10.0,17.0,64.0,0.0,,2022,2021-22
451.0,Denzel Valentine,28.0,UTA,SG,2.0,0.0,18.0,2.0,4.0,0.5,1.0,3.0,0.333,1.0,1.0,1.0,0.625,0.0,0.0,,0.0,4.0,4.0,0.0,1.0,0.0,2.0,3.0,5.0,0.0,,2022,2021-22
452.0,Mychal Mulder,27.0,2TM,PG,17.0,3.0,239.0,24.0,77.0,0.312,17.0,54.0,0.315,7.0,23.0,0.304,0.422,4.0,4.0,1.0,2.0,22.0,24.0,5.0,4.0,2.0,8.0,13.0,69.0,0.0,,2022,2021-22
452.0,Mychal Mulder,27.0,ORL,PG,15.0,2.0,195.0,20.0,67.0,0.299,13.0,46.0,0.283,7.0,21.0,0.333,0.396,2.0,2.0,1.0,2.0,19.0,21.0,3.0,4.0,1.0,8.0,12.0,55.0,0.0,,2022,2021-22
452.0,Mychal Mulder,27.0,MIA,PG,2.0,1.0,44.0,4.0,10.0,0.4,4.0,8.0,0.5,0.0,2.0,0.0,0.6,2.0,2.0,1.0,0.0,3.0,3.0,2.0,0.0,1.0,0.0,1.0,14.0,0.0,,2022,2021-22
453.0,Chris Chiozza,26.0,GSW,PG,34.0,1.0,372.0,24.0,81.0,0.296,17.0,53.0,0.321,7.0,28.0,0.25,0.401,2.0,3.0,0.667,9.0,27.0,36.0,65.0,13.0,0.0,32.0,32.0,67.0,0.0,,2022,2021-22
454.0,Tyler Cook,24.0,CHI,PF,20.0,2.0,200.0,23.0,38.0,0.605,0.0,0.0,,23.0,38.0,0.605,0.605,21.0,32.0,0.656,16.0,37.0,53.0,3.0,4.0,4.0,7.0,28.0,67.0,0.0,,2022,2021-22
455.0,JT Thor,19.0,CHO,PF,33.0,0.0,262.0,24.0,55.0,0.436,7.0,27.0,0.259,17.0,28.0,0.607,0.5,12.0,20.0,0.6,11.0,32.0,43.0,19.0,8.0,11.0,10.0,26.0,67.0,0.0,,2022,2021-22
456.0,Sam Hauser,24.0,BOS,SF,26.0,0.0,158.0,23.0,50.0,0.46,19.0,44.0,0.432,4.0,6.0,0.667,0.65,0.0,0.0,,5.0,24.0,29.0,10.0,1.0,2.0,2.0,7.0,65.0,0.0,,2022,2021-22
457.0,Vlatko Čančar,24.0,DEN,PF,15.0,1.0,176.0,23.0,41.0,0.561,7.0,12.0,0.583,16.0,29.0,0.552,0.646,9.0,14.0,0.643,8.0,23.0,31.0,17.0,2.0,3.0,9.0,18.0,62.0,0.0,,2022,2021-22
458.0,Joe Wieskamp,22.0,SAS,SG,29.0,0.0,205.0,20.0,56.0,0.357,14.0,43.0,0.326,6.0,13.0,0.462,0.482,7.0,13.0,0.538,4.0,10.0,14.0,9.0,4.0,3.0,2.0,14.0,61.0,0.0,,2022,2021-22
459.0,Jahmi'us Ramsey,20.0,SAC,SG,19.0,0.0,134.0,24.0,58.0,0.414,5.0,18.0,0.278,19.0,40.0,0.475,0.457,7.0,14.0,0.5,4.0,9.0,13.0,7.0,1.0,1.0,5.0,10.0,60.0,0.0,,2022,2021-22
460.0,Alfonzo McKinnie,29.0,CHI,SF,17.0,3.0,206.0,24.0,61.0,0.393,9.0,27.0,0.333,15.0,34.0,0.441,0.467,2.0,8.0,0.25,13.0,20.0,33.0,5.0,2.0,3.0,7.0,26.0,59.0,0.0,,2022,2021-22
461.0,Xavier Moon,27.0,LAC,SG,10.0,0.0,137.0,25.0,51.0,0.49,5.0,14.0,0.357,20.0,37.0,0.541,0.539,3.0,5.0,0.6,2.0,12.0,14.0,24.0,7.0,3.0,6.0,9.0,58.0,0.0,,2022,2021-22
462.0,Mamadi Diakite,25.0,OKC,PF,13.0,3.0,188.0,25.0,47.0,0.532,0.0,5.0,0.0,25.0,42.0,0.595,0.532,6.0,11.0,0.545,17.0,42.0,59.0,2.0,5.0,9.0,7.0,33.0,56.0,0.0,,2022,2021-22
463.0,Jabari Parker,26.0,BOS,PF,12.0,0.0,112.0,18.0,38.0,0.474,8.0,16.0,0.5,10.0,22.0,0.455,0.579,9.0,9.0,1.0,5.0,23.0,28.0,6.0,4.0,1.0,8.0,13.0,53.0,0.0,,2022,2021-22
464.0,Jalen Johnson,20.0,ATL,PF,22.0,0.0,120.0,22.0,41.0,0.537,3.0,13.0,0.231,19.0,28.0,0.679,0.573,5.0,7.0,0.714,2.0,24.0,26.0,3.0,3.0,2.0,9.0,9.0,52.0,0.0,,2022,2021-22
465.0,Cassius Stanley,22.0,DET,SG,9.0,1.0,155.0,19.0,46.0,0.413,4.0,17.0,0.235,15.0,29.0,0.517,0.457,10.0,10.0,1.0,5.0,14.0,19.0,4.0,5.0,2.0,6.0,17.0,52.0,0.0,,2022,2021-22
466.0,Javonte Smart,22.0,2TM,PG,17.0,1.0,200.0,19.0,60.0,0.317,8.0,27.0,0.296,11.0,33.0,0.333,0.383,5.0,6.0,0.833,5.0,19.0,24.0,16.0,6.0,3.0,11.0,12.0,51.0,0.0,,2022,2021-22
466.0,Javonte Smart,22.0,MIL,PG,13.0,1.0,160.0,11.0,43.0,0.256,4.0,18.0,0.222,7.0,25.0,0.28,0.302,5.0,6.0,0.833,4.0,15.0,19.0,14.0,4.0,2.0,9.0,11.0,31.0,0.0,,2022,2021-22
466.0,Javonte Smart,22.0,MIA,PG,4.0,0.0,40.0,8.0,17.0,0.471,4.0,9.0,0.444,4.0,8.0,0.5,0.588,0.0,0.0,,1.0,4.0,5.0,2.0,2.0,1.0,2.0,1.0,20.0,0.0,,2022,2021-22
467.0,Leandro Bolmaro,21.0,MIN,SF,35.0,2.0,241.0,17.0,54.0,0.315,5.0,18.0,0.278,12.0,36.0,0.333,0.361,11.0,13.0,0.846,16.0,27.0,43.0,21.0,6.0,0.0,13.0,26.0,50.0,0.0,,2022,2021-22
468.0,Devin Cannady,25.0,ORL,PG,5.0,0.0,145.0,15.0,44.0,0.341,15.0,37.0,0.405,0.0,7.0,0.0,0.511,5.0,7.0,0.714,1.0,5.0,6.0,10.0,5.0,3.0,5.0,9.0,50.0,0.0,,2022,2021-22
469.0,Hassani Gravett,25.0,ORL,PG,8.0,3.0,171.0,18.0,38.0,0.474,11.0,26.0,0.423,7.0,12.0,0.583,0.618,3.0,4.0,0.75,1.0,20.0,21.0,20.0,5.0,1.0,9.0,13.0,50.0,0.0,,2022,2021-22
470.0,Jamorko Pickett,24.0,DET,PF,13.0,0.0,176.0,18.0,50.0,0.36,13.0,39.0,0.333,5.0,11.0,0.455,0.49,1.0,2.0,0.5,6.0,26.0,32.0,7.0,0.0,7.0,5.0,12.0,50.0,0.0,,2022,2021-22
471.0,Jay Scrubb,21.0,LAC,SG,18.0,0.0,121.0,18.0,46.0,0.391,6.0,21.0,0.286,12.0,25.0,0.48,0.457,7.0,10.0,0.7,2.0,14.0,16.0,8.0,4.0,3.0,7.0,9.0,49.0,0.0,,2022,2021-22
472.0,Usman Garuba,19.0,HOU,PF,24.0,2.0,239.0,19.0,44.0,0.432,5.0,20.0,0.25,14.0,24.0,0.583,0.489,5.0,7.0,0.714,21.0,62.0,83.0,17.0,10.0,11.0,6.0,28.0,48.0,0.0,,2022,2021-22
473.0,Theo Pinson,26.0,DAL,SF,19.0,0.0,148.0,14.0,39.0,0.359,10.0,30.0,0.333,4.0,9.0,0.444,0.487,10.0,10.0,1.0,2.0,19.0,21.0,17.0,5.0,2.0,5.0,12.0,48.0,0.0,,2022,2021-22
474.0,Devontae Cacok,25.0,SAS,PF,15.0,0.0,121.0,21.0,31.0,0.677,0.0,0.0,,21.0,31.0,0.677,0.677,4.0,7.0,0.571,8.0,34.0,42.0,6.0,8.0,7.0,3.0,16.0,46.0,0.0,,2022,2021-22
475.0,Louis King,22.0,SAC,SF,10.0,0.0,104.0,15.0,47.0,0.319,8.0,27.0,0.296,7.0,20.0,0.35,0.404,7.0,10.0,0.7,0.0,12.0,12.0,9.0,2.0,1.0,0.0,14.0,45.0,0.0,,2022,2021-22
476.0,Neemias Queta,22.0,SAC,C,15.0,0.0,120.0,17.0,38.0,0.447,0.0,0.0,,17.0,38.0,0.447,0.447,11.0,17.0,0.647,14.0,17.0,31.0,6.0,1.0,8.0,6.0,18.0,45.0,0.0,,2022,2021-22
477.0,Zavier Simpson,24.0,OKC,PG,4.0,4.0,174.0,19.0,52.0,0.365,1.0,8.0,0.125,18.0,44.0,0.409,0.375,5.0,5.0,1.0,2.0,19.0,21.0,30.0,5.0,4.0,10.0,15.0,44.0,0.0,,2022,2021-22
478.0,Haywood Highsmith,25.0,MIA,SF,19.0,1.0,163.0,16.0,46.0,0.348,9.0,28.0,0.321,7.0,18.0,0.389,0.446,2.0,5.0,0.4,10.0,16.0,26.0,6.0,2.0,3.0,3.0,13.0,43.0,0.0,,2022,2021-22
479.0,Trevelin Queen,24.0,HOU,SG,10.0,0.0,74.0,15.0,33.0,0.455,9.0,24.0,0.375,6.0,9.0,0.667,0.591,4.0,4.0,1.0,7.0,9.0,16.0,4.0,5.0,1.0,7.0,6.0,43.0,0.0,,2022,2021-22
480.0,Alize Johnson,25.0,3TM,PF,23.0,0.0,167.0,17.0,39.0,0.436,0.0,4.0,0.0,17.0,35.0,0.486,0.436,7.0,12.0,0.583,28.0,33.0,61.0,9.0,5.0,0.0,12.0,18.0,41.0,0.0,,2022,2021-22
480.0,Alize Johnson,25.0,CHI,PF,16.0,0.0,121.0,12.0,23.0,0.522,0.0,2.0,0.0,12.0,21.0,0.571,0.522,4.0,7.0,0.571,16.0,20.0,36.0,8.0,3.0,0.0,8.0,15.0,28.0,0.0,,2022,2021-22
480.0,Alize Johnson,25.0,WAS,PF,3.0,0.0,18.0,2.0,6.0,0.333,0.0,2.0,0.0,2.0,4.0,0.5,0.333,0.0,1.0,0.0,5.0,7.0,12.0,0.0,0.0,0.0,3.0,0.0,4.0,0.0,,2022,2021-22
480.0,Alize Johnson,25.0,NOP,PF,4.0,0.0,28.0,3.0,10.0,0.3,0.0,0.0,,3.0,10.0,0.3,0.3,3.0,4.0,0.75,7.0,6.0,13.0,1.0,2.0,0.0,1.0,3.0,9.0,0.0,,2022,2021-22
481.0,Kevin Pangos,29.0,CLE,PG,24.0,3.0,166.0,15.0,46.0,0.326,6.0,26.0,0.231,9.0,20.0,0.45,0.391,3.0,4.0,0.75,2.0,9.0,11.0,30.0,3.0,0.0,7.0,11.0,39.0,0.0,,2022,2021-22
482.0,Tim Frazier,31.0,2TM,PG,12.0,3.0,208.0,14.0,45.0,0.311,6.0,17.0,0.353,8.0,28.0,0.286,0.378,5.0,9.0,0.556,5.0,14.0,19.0,34.0,3.0,1.0,15.0,27.0,39.0,0.0,,2022,2021-22
482.0,Tim Frazier,31.0,ORL,PG,10.0,3.0,200.0,13.0,43.0,0.302,6.0,17.0,0.353,7.0,26.0,0.269,0.372,5.0,9.0,0.556,5.0,14.0,19.0,33.0,3.0,1.0,13.0,24.0,37.0,0.0,,2022,2021-22
482.0,Tim Frazier,31.0,CLE,PG,2.0,0.0,8.0,1.0,2.0,0.5,0.0,0.0,,1.0,2.0,0.5,0.5,0.0,0.0,,0.0,0.0,0.0,1.0,0.0,0.0,2.0,3.0,2.0,0.0,,2022,2021-22
483.0,Jared Harper,24.0,NOP,PG,5.0,0.0,43.0,14.0,26.0,0.538,5.0,12.0,0.417,9.0,14.0,0.643,0.635,4.0,4.0,1.0,2.0,0.0,2.0,14.0,4.0,1.0,2.0,5.0,37.0,0.0,,2022,2021-22
484.0,Didi Louzada,22.0,2TM,SF,9.0,1.0,129.0,12.0,33.0,0.364,9.0,23.0,0.391,3.0,10.0,0.3,0.5,2.0,2.0,1.0,5.0,12.0,17.0,5.0,2.0,2.0,5.0,13.0,35.0,0.0,,2022,2021-22
484.0,Didi Louzada,22.0,NOP,SF,2.0,0.0,7.0,0.0,3.0,0.0,0.0,3.0,0.0,0.0,0.0,,0.0,0.0,0.0,,2.0,0.0,2.0,1.0,0.0,0.0,0.0,0.0,0.0,0.0,,2022,2021-22
484.0,Didi Louzada,22.0,POR,SG,7.0,1.0,122.0,12.0,30.0,0.4,9.0,20.0,0.45,3.0,10.0,0.3,0.55,2.0,2.0,1.0,3.0,12.0,15.0,4.0,2.0,2.0,5.0,13.0,35.0,0.0,,2022,2021-22
485.0,Willie Cauley-Stein,28.0,2TM,C,20.0,2.0,183.0,16.0,35.0,0.457,1.0,2.0,0.5,15.0,33.0,0.455,0.471,1.0,2.0,0.5,13.0,27.0,40.0,10.0,6.0,3.0,7.0,19.0,34.0,0.0,,2022,2021-22
485.0,Willie Cauley-Stein,28.0,DAL,C,18.0,2.0,177.0,16.0,35.0,0.457,1.0,2.0,0.5,15.0,33.0,0.455,0.471,1.0,2.0,0.5,13.0,25.0,38.0,9.0,6.0,3.0,7.0,17.0,34.0,0.0,,2022,2021-22
485.0,Willie Cauley-Stein,28.0,PHI,C,2.0,0.0,6.0,0.0,0.0,,0.0,0.0,,0.0,0.0,,,0.0,0.0,,0.0,2.0,2.0,1.0,0.0,0.0,0.0,2.0,0.0,0.0,,2022,2021-22
486.0,Abdel Nader,28.0,PHO,SF,14.0,0.0,145.0,12.0,35.0,0.343,4.0,14.0,0.286,8.0,21.0,0.381,0.4,6.0,10.0,0.6,4.0,23.0,27.0,7.0,8.0,4.0,11.0,20.0,34.0,0.0,,2022,2021-22
487.0,Bol Bol,22.0,DEN,PF,14.0,0.0,81.0,15.0,27.0,0.556,1.0,4.0,0.25,14.0,23.0,0.609,0.574,2.0,5.0,0.4,4.0,16.0,20.0,5.0,1.0,2.0,4.0,4.0,33.0,0.0,,2022,2021-22
488.0,Melvin Frazier,25.0,OKC,SG,3.0,0.0,120.0,13.0,48.0,0.271,1.0,21.0,0.048,12.0,27.0,0.444,0.281,5.0,7.0,0.714,5.0,8.0,13.0,1.0,1.0,0.0,3.0,8.0,32.0,0.0,,2022,2021-22
489.0,Udonis Haslem,41.0,MIA,C,13.0,0.0,83.0,14.0,31.0,0.452,1.0,4.0,0.25,13.0,27.0,0.481,0.468,3.0,3.0,1.0,4.0,21.0,25.0,4.0,1.0,1.0,5.0,15.0,32.0,0.0,,2022,2021-22
490.0,Brandon Knight,30.0,DAL,PG,5.0,0.0,65.0,10.0,25.0,0.4,4.0,17.0,0.235,6.0,8.0,0.75,0.48,8.0,8.0,1.0,0.0,8.0,8.0,8.0,1.0,0.0,4.0,5.0,32.0,0.0,,2022,2021-22
491.0,Paul Watson,27.0,OKC,SF,9.0,3.0,156.0,12.0,35.0,0.343,6.0,26.0,0.231,6.0,9.0,0.667,0.429,1.0,2.0,0.5,3.0,24.0,27.0,8.0,3.0,3.0,4.0,10.0,31.0,0.0,,2022,2021-22
492.0,Chaundee Brown Jr.,23.0,2TM,SF,5.0,2.0,104.0,10.0,32.0,0.313,6.0,18.0,0.333,4.0,14.0,0.286,0.406,5.0,6.0,0.833,1.0,15.0,16.0,4.0,2.0,0.0,1.0,7.0,31.0,0.0,,2022,2021-22
492.0,Chaundee Brown Jr.,23.0,LAL,SF,2.0,0.0,21.0,1.0,7.0,0.143,0.0,3.0,0.0,1.0,4.0,0.25,0.143,0.0,0.0,,0.0,2.0,2.0,0.0,0.0,0.0,1.0,0.0,2.0,0.0,,2022,2021-22
492.0,Chaundee Brown Jr.,23.0,ATL,SG,3.0,2.0,83.0,9.0,25.0,0.36,6.0,15.0,0.4,3.0,10.0,0.3,0.48,5.0,6.0,0.833,1.0,13.0,14.0,4.0,2.0,0.0,0.0,7.0,29.0,0.0,,2022,2021-22
493.0,Quinndary Weatherspoon,25.0,GSW,SG,11.0,0.0,73.0,12.0,21.0,0.571,1.0,5.0,0.2,11.0,16.0,0.688,0.595,5.0,5.0,1.0,2.0,12.0,14.0,5.0,1.0,1.0,3.0,15.0,30.0,0.0,,2022,2021-22
494.0,D.J. Wilson,25.0,TOR,PF,4.0,1.0,54.0,11.0,15.0,0.733,0.0,2.0,0.0,11.0,13.0,0.846,0.733,8.0,10.0,0.8,1.0,15.0,16.0,5.0,5.0,1.0,2.0,6.0,30.0,0.0,,2022,2021-22
495.0,Charlie Brown Jr.,24.0,2TM,SG,22.0,2.0,177.0,10.0,39.0,0.256,1.0,12.0,0.083,9.0,27.0,0.333,0.269,9.0,10.0,0.9,14.0,18.0,32.0,6.0,10.0,4.0,5.0,18.0,30.0,0.0,,2022,2021-22
495.0,Charlie Brown Jr.,24.0,DAL,SG,3.0,0.0,15.0,1.0,5.0,0.2,0.0,3.0,0.0,1.0,2.0,0.5,0.2,0.0,0.0,,0.0,1.0,1.0,1.0,2.0,1.0,0.0,2.0,2.0,0.0,,2022,2021-22
495.0,Charlie Brown Jr.,24.0,PHI,SG,19.0,2.0,162.0,9.0,34.0,0.265,1.0,9.0,0.111,8.0,25.0,0.32,0.279,9.0,10.0,0.9,14.0,17.0,31.0,5.0,8.0,3.0,5.0,16.0,28.0,0.0,,2022,2021-22
496.0,Luke Kornet,26.0,3TM,C,15.0,0.0,103.0,13.0,27.0,0.481,0.0,5.0,0.0,13.0,22.0,0.591,0.481,4.0,6.0,0.667,13.0,16.0,29.0,9.0,3.0,3.0,0.0,9.0,30.0,0.0,,2022,2021-22
496.0,Luke Kornet,26.0,CLE,C,2.0,0.0,15.0,1.0,5.0,0.2,0.0,1.0,0.0,1.0,4.0,0.25,0.2,2.0,3.0,0.667,2.0,1.0,3.0,1.0,0.0,1.0,0.0,1.0,4.0,0.0,,2022,2021-22
496.0,Luke Kornet,26.0,MIL,C,1.0,0.0,3.0,0.0,1.0,0.0,0.0,0.0,,0.0,1.0,0.0,0.0,0.0,0.0,,1.0,0.0,1.0,0.0,0.0,0.0,0.0,1.0,0.0,0.0,,2022,2021-22
496.0,Luke Kornet,26.0,BOS,C,12.0,0.0,85.0,12.0,21.0,0.571,0.0,4.0,0.0,12.0,17.0,0.706,0.571,2.0,3.0,0.667,10.0,15.0,25.0,8.0,3.0,2.0,0.0,7.0,26.0,0.0,,2022,2021-22
497.0,Devon Dotson,22.0,CHI,PG,11.0,0.0,85.0,11.0,23.0,0.478,2.0,9.0,0.222,9.0,14.0,0.643,0.522,5.0,9.0,0.556,1.0,8.0,9.0,15.0,1.0,0.0,5.0,11.0,29.0,0.0,,2022,2021-22
498.0,James Ennis III,31.0,3TM,SF,7.0,0.0,56.0,11.0,24.0,0.458,3.0,8.0,0.375,8.0,16.0,0.5,0.521,4.0,5.0,0.8,5.0,7.0,12.0,3.0,2.0,2.0,2.0,5.0,29.0,0.0,,2022,2021-22
498.0,James Ennis III,31.0,BRK,SF,2.0,0.0,14.0,2.0,7.0,0.286,1.0,2.0,0.5,1.0,5.0,0.2,0.357,0.0,0.0,,2.0,3.0,5.0,0.0,1.0,1.0,0.0,0.0,5.0,0.0,,2022,2021-22
498.0,James Ennis III,31.0,LAC,SF,2.0,0.0,28.0,7.0,11.0,0.636,2.0,4.0,0.5,5.0,7.0,0.714,0.727,4.0,4.0,1.0,2.0,3.0,5.0,0.0,1.0,1.0,1.0,4.0,20.0,0.0,,2022,2021-22
498.0,James Ennis III,31.0,DEN,SF,3.0,0.0,14.0,2.0,6.0,0.333,0.0,2.0,0.0,2.0,4.0,0.5,0.333,0.0,1.0,0.0,1.0,1.0,2.0,3.0,0.0,0.0,1.0,1.0,4.0,0.0,,2022,2021-22
499.0,Ed Davis,32.0,CLE,C,31.0,3.0,201.0,11.0,16.0,0.688,0.0,0.0,,11.0,16.0,0.688,0.688,6.0,14.0,0.429,14.0,50.0,64.0,7.0,3.0,9.0,5.0,33.0,28.0,0.0,,2022,2021-22
500.0,Mason Jones,23.0,LAL,SG,4.0,0.0,51.0,7.0,15.0,0.467,1.0,4.0,0.25,6.0,11.0,0.545,0.5,12.0,15.0,0.8,1.0,9.0,10.0,4.0,2.0,0.0,1.0,8.0,27.0,0.0,,2022,2021-22
501.0,B.J. Johnson,26.0,ORL,SF,4.0,0.0,65.0,11.0,25.0,0.44,4.0,10.0,0.4,7.0,15.0,0.467,0.52,0.0,0.0,,6.0,9.0,15.0,0.0,0.0,1.0,0.0,4.0,26.0,0.0,,2022,2021-22
502.0,Chris Silva,25.0,2TM,PF,10.0,0.0,91.0,8.0,15.0,0.533,0.0,0.0,,8.0,15.0,0.533,0.533,10.0,12.0,0.833,13.0,23.0,36.0,7.0,0.0,1.0,8.0,20.0,26.0,0.0,,2022,2021-22
502.0,Chris Silva,25.0,MIN,PF,1.0,0.0,3.0,0.0,0.0,,0.0,0.0,,0.0,0.0,,,0.0,0.0,,0.0,1.0,1.0,0.0,0.0,0.0,0.0,0.0,0.0,0.0,,2022,2021-22
502.0,Chris Silva,25.0,MIA,PF,9.0,0.0,88.0,8.0,15.0,0.533,0.0,0.0,,8.0,15.0,0.533,0.533,10.0,12.0,0.833,13.0,22.0,35.0,7.0,0.0,1.0,8.0,20.0,26.0,0.0,,2022,2021-22
503.0,Sam Merrill,25.0,MEM,SG,6.0,0.0,58.0,8.0,24.0,0.333,7.0,23.0,0.304,1.0,1.0,1.0,0.479,2.0,4.0,0.5,1.0,6.0,7.0,4.0,0.0,0.0,2.0,3.0,25.0,0.0,,2022,2021-22
504.0,Carsen Edwards,23.0,DET,SG,4.0,0.0,79.0,9.0,30.0,0.3,4.0,16.0,0.25,5.0,14.0,0.357,0.367,1.0,1.0,1.0,2.0,4.0,6.0,14.0,2.0,0.0,5.0,4.0,23.0,0.0,,2022,2021-22
505.0,Cameron Oliver,25.0,ATL,SF,2.0,0.0,43.0,10.0,15.0,0.667,1.0,3.0,0.333,9.0,12.0,0.75,0.7,2.0,3.0,0.667,2.0,4.0,6.0,3.0,1.0,1.0,0.0,5.0,23.0,0.0,,2022,2021-22
506.0,Wes Iwundu,27.0,ATL,SF,3.0,1.0,82.0,8.0,18.0,0.444,3.0,5.0,0.6,5.0,13.0,0.385,0.528,3.0,4.0,0.75,3.0,10.0,13.0,0.0,1.0,0.0,1.0,8.0,22.0,0.0,,2022,2021-22
507.0,Kai Jones,21.0,CHO,C,21.0,0.0,63.0,9.0,14.0,0.643,1.0,2.0,0.5,8.0,12.0,0.667,0.679,3.0,8.0,0.375,3.0,8.0,11.0,4.0,1.0,2.0,6.0,8.0,22.0,0.0,,2022,2021-22
508.0,Freddie Gillespie,24.0,ORL,PF,9.0,2.0,119.0,9.0,22.0,0.409,0.0,1.0,0.0,9.0,21.0,0.429,0.409,3.0,7.0,0.429,13.0,23.0,36.0,5.0,3.0,9.0,5.0,18.0,21.0,0.0,,2022,2021-22
509.0,Brodric Thomas,25.0,BOS,SG,12.0,0.0,60.0,8.0,18.0,0.444,2.0,9.0,0.222,6.0,9.0,0.667,0.5,3.0,5.0,0.6,2.0,8.0,10.0,11.0,1.0,1.0,6.0,7.0,21.0,0.0,,2022,2021-22
510.0,Malik Fitts,24.0,2TM,PF,15.0,0.0,63.0,8.0,19.0,0.421,5.0,10.0,0.5,3.0,9.0,0.333,0.553,0.0,0.0,,2.0,15.0,17.0,5.0,0.0,0.0,2.0,4.0,21.0,0.0,,2022,2021-22
510.0,Malik Fitts,24.0,UTA,PF,7.0,0.0,35.0,2.0,9.0,0.222,2.0,4.0,0.5,0.0,5.0,0.0,0.333,0.0,0.0,,0.0,10.0,10.0,0.0,0.0,0.0,2.0,3.0,6.0,0.0,,2022,2021-22
510.0,Malik Fitts,24.0,BOS,PF,8.0,0.0,28.0,6.0,10.0,0.6,3.0,6.0,0.5,3.0,4.0,0.75,0.75,0.0,0.0,,2.0,5.0,7.0,5.0,0.0,0.0,0.0,1.0,15.0,0.0,,2022,2021-22
511.0,Rayjon Tucker,24.0,2TM,SG,5.0,0.0,71.0,6.0,9.0,0.667,4.0,5.0,0.8,2.0,4.0,0.5,0.889,5.0,7.0,0.714,3.0,5.0,8.0,10.0,4.0,0.0,1.0,5.0,21.0,0.0,,2022,2021-22
511.0,Rayjon Tucker,24.0,DEN,SG,3.0,0.0,29.0,1.0,2.0,0.5,1.0,2.0,0.5,0.0,0.0,,0.75,3.0,4.0,0.75,1.0,3.0,4.0,4.0,1.0,0.0,0.0,3.0,6.0,0.0,,2022,2021-22
511.0,Rayjon Tucker,24.0,MIL,SG,2.0,0.0,42.0,5.0,7.0,0.714,3.0,3.0,1.0,2.0,4.0,0.5,0.929,2.0,3.0,0.667,2.0,2.0,4.0,6.0,3.0,0.0,1.0,2.0,15.0,0.0,,2022,2021-22
512.0,Isaiah Todd,20.0,WAS,PF,12.0,0.0,74.0,7.0,26.0,0.269,4.0,16.0,0.25,3.0,10.0,0.3,0.346,2.0,6.0,0.333,3.0,9.0,12.0,4.0,4.0,2.0,4.0,4.0,20.0,0.0,,2022,2021-22
513.0,Vernon Carey Jr.,20.0,2TM,C,7.0,1.0,44.0,7.0,13.0,0.538,0.0,0.0,,7.0,13.0,0.538,0.538,6.0,13.0,0.462,8.0,4.0,12.0,0.0,2.0,1.0,3.0,4.0,20.0,0.0,,2022,2021-22
513.0,Vernon Carey Jr.,20.0,CHO,C,4.0,1.0,17.0,3.0,6.0,0.5,0.0,0.0,,3.0,6.0,0.5,0.5,2.0,3.0,0.667,3.0,2.0,5.0,0.0,1.0,0.0,1.0,1.0,8.0,0.0,,2022,2021-22
513.0,Vernon Carey Jr.,20.0,WAS,C,3.0,0.0,27.0,4.0,7.0,0.571,0.0,0.0,,4.0,7.0,0.571,0.571,4.0,10.0,0.4,5.0,2.0,7.0,0.0,1.0,1.0,2.0,3.0,12.0,0.0,,2022,2021-22
514.0,Derrick Walton,26.0,DET,PG,3.0,3.0,108.0,6.0,26.0,0.231,3.0,13.0,0.231,3.0,13.0,0.231,0.288,4.0,4.0,1.0,2.0,8.0,10.0,21.0,7.0,4.0,11.0,8.0,19.0,0.0,,2022,2021-22
515.0,Jeff Dowtin Jr.,24.0,3TM,PG,9.0,0.0,108.0,8.0,26.0,0.308,1.0,9.0,0.111,7.0,17.0,0.412,0.327,2.0,2.0,1.0,8.0,10.0,18.0,10.0,5.0,1.0,5.0,5.0,19.0,0.0,,2022,2021-22
515.0,Jeff Dowtin Jr.,24.0,GSW,PG,4.0,0.0,28.0,3.0,6.0,0.5,0.0,1.0,0.0,3.0,5.0,0.6,0.5,0.0,0.0,,1.0,6.0,7.0,3.0,0.0,1.0,1.0,2.0,6.0,0.0,,2022,2021-22
515.0,Jeff Dowtin Jr.,24.0,MIL,PG,1.0,0.0,3.0,0.0,1.0,0.0,0.0,1.0,0.0,0.0,0.0,,0.0,0.0,0.0,,0.0,0.0,0.0,0.0,0.0,0.0,0.0,0.0,0.0,0.0,,2022,2021-22
515.0,Jeff Dowtin Jr.,24.0,ORL,PG,4.0,0.0,77.0,5.0,19.0,0.263,1.0,7.0,0.143,4.0,12.0,0.333,0.289,2.0,2.0,1.0,7.0,4.0,11.0,7.0,5.0,0.0,4.0,3.0,13.0,0.0,,2022,2021-22
516.0,Gabriel Deck,26.0,OKC,PF,7.0,0.0,56.0,8.0,14.0,0.571,2.0,4.0,0.5,6.0,10.0,0.6,0.643,0.0,0.0,,1.0,5.0,6.0,5.0,1.0,0.0,2.0,2.0,18.0,0.0,,2022,2021-22
517.0,Nik Stauskas,28.0,2TM,SG,8.0,0.0,39.0,5.0,14.0,0.357,4.0,10.0,0.4,1.0,4.0,0.25,0.5,4.0,6.0,0.667,1.0,2.0,3.0,2.0,0.0,0.0,1.0,1.0,18.0,0.0,,2022,2021-22
517.0,Nik Stauskas,28.0,MIA,SG,2.0,0.0,24.0,3.0,8.0,0.375,2.0,4.0,0.5,1.0,4.0,0.25,0.5,3.0,4.0,0.75,1.0,2.0,3.0,1.0,0.0,0.0,0.0,1.0,11.0,0.0,,2022,2021-22
517.0,Nik Stauskas,28.0,BOS,SG,6.0,0.0,15.0,2.0,6.0,0.333,2.0,6.0,0.333,0.0,0.0,,0.5,1.0,2.0,0.5,0.0,0.0,0.0,1.0,0.0,0.0,1.0,0.0,7.0,0.0,,2022,2021-22
518.0,Marko Simonovic,22.0,CHI,C,9.0,0.0,35.0,4.0,15.0,0.267,1.0,5.0,0.2,3.0,10.0,0.3,0.3,8.0,11.0,0.727,5.0,5.0,10.0,0.0,1.0,1.0,2.0,6.0,17.0,0.0,,2022,2021-22
519.0,Tyrone Wallace,27.0,NOP,SG,6.0,0.0,75.0,7.0,20.0,0.35,2.0,8.0,0.25,5.0,12.0,0.417,0.4,1.0,5.0,0.2,0.0,8.0,8.0,1.0,3.0,1.0,2.0,7.0,17.0,0.0,,2022,2021-22
520.0,Tyler Johnson,29.0,2TM,PG,6.0,0.0,91.0,6.0,20.0,0.3,5.0,13.0,0.385,1.0,7.0,0.143,0.425,0.0,0.0,,3.0,9.0,12.0,7.0,3.0,3.0,2.0,7.0,17.0,0.0,,2022,2021-22
520.0,Tyler Johnson,29.0,PHI,PG,3.0,0.0,38.0,4.0,10.0,0.4,3.0,7.0,0.429,1.0,3.0,0.333,0.55,0.0,0.0,,1.0,5.0,6.0,2.0,1.0,1.0,1.0,4.0,11.0,0.0,,2022,2021-22
520.0,Tyler Johnson,29.0,SAS,PG,3.0,0.0,53.0,2.0,10.0,0.2,2.0,6.0,0.333,0.0,4.0,0.0,0.3,0.0,0.0,,2.0,4.0,6.0,5.0,2.0,2.0,1.0,3.0,6.0,0.0,,2022,2021-22
521.0,Ryan Arcidiacono,27.0,NYK,PG,10.0,0.0,76.0,6.0,12.0,0.5,4.0,9.0,0.444,2.0,3.0,0.667,0.667,0.0,0.0,,0.0,8.0,8.0,4.0,1.0,0.0,3.0,5.0,16.0,0.0,,2022,2021-22
522.0,RJ Nembhard Jr.,22.0,CLE,SG,14.0,0.0,63.0,6.0,18.0,0.333,0.0,2.0,0.0,6.0,16.0,0.375,0.333,3.0,4.0,0.75,3.0,4.0,7.0,12.0,1.0,0.0,3.0,2.0,15.0,0.0,,2022,2021-22
523.0,Justin Jackson,26.0,2TM,SF,7.0,0.0,37.0,5.0,15.0,0.333,3.0,9.0,0.333,2.0,6.0,0.333,0.433,2.0,2.0,1.0,1.0,6.0,7.0,2.0,0.0,0.0,1.0,3.0,15.0,0.0,,2022,2021-22
523.0,Justin Jackson,26.0,BOS,SF,1.0,0.0,2.0,0.0,1.0,0.0,0.0,0.0,,0.0,1.0,0.0,0.0,2.0,2.0,1.0,0.0,0.0,0.0,0.0,0.0,0.0,0.0,0.0,2.0,0.0,,2022,2021-22
523.0,Justin Jackson,26.0,PHO,SF,6.0,0.0,35.0,5.0,14.0,0.357,3.0,9.0,0.333,2.0,5.0,0.4,0.464,0.0,0.0,,1.0,6.0,7.0,2.0,0.0,0.0,1.0,3.0,13.0,0.0,,2022,2021-22
524.0,Petr Cornelie,26.0,DEN,PF,13.0,0.0,38.0,5.0,15.0,0.333,1.0,8.0,0.125,4.0,7.0,0.571,0.367,3.0,4.0,0.75,7.0,7.0,14.0,3.0,1.0,1.0,4.0,7.0,14.0,0.0,,2022,2021-22
525.0,Sekou Doumbouya,21.0,LAL,PF,2.0,0.0,16.0,5.0,8.0,0.625,1.0,2.0,0.5,4.0,6.0,0.667,0.688,3.0,4.0,0.75,2.0,4.0,6.0,0.0,3.0,2.0,2.0,1.0,14.0,0.0,,2022,2021-22
526.0,Aleem Ford,24.0,ORL,SF,5.0,0.0,74.0,6.0,20.0,0.3,2.0,15.0,0.133,4.0,5.0,0.8,0.35,0.0,0.0,,2.0,13.0,15.0,2.0,1.0,0.0,4.0,7.0,14.0,0.0,,2022,2021-22
527.0,Cameron McGriff,24.0,POR,SF,3.0,0.0,46.0,5.0,14.0,0.357,2.0,6.0,0.333,3.0,8.0,0.375,0.429,2.0,2.0,1.0,6.0,9.0,15.0,3.0,0.0,1.0,0.0,7.0,14.0,0.0,,2022,2021-22
528.0,Cassius Winston,23.0,WAS,PG,7.0,0.0,39.0,4.0,11.0,0.364,2.0,6.0,0.333,2.0,5.0,0.4,0.455,4.0,4.0,1.0,0.0,1.0,1.0,7.0,0.0,0.0,3.0,9.0,14.0,0.0,,2022,2021-22
529.0,Langston Galloway,30.0,2TM,SG,7.0,0.0,107.0,6.0,26.0,0.231,2.0,16.0,0.125,4.0,10.0,0.4,0.269,0.0,0.0,,3.0,15.0,18.0,12.0,1.0,0.0,6.0,7.0,14.0,0.0,,2022,2021-22
529.0,Langston Galloway,30.0,BRK,SG,4.0,0.0,58.0,5.0,13.0,0.385,2.0,8.0,0.25,3.0,5.0,0.6,0.462,0.0,0.0,,1.0,7.0,8.0,5.0,0.0,0.0,5.0,5.0,12.0,0.0,,2022,2021-22
529.0,Langston Galloway,30.0,MIL,SG,3.0,0.0,49.0,1.0,13.0,0.077,0.0,8.0,0.0,1.0,5.0,0.2,0.077,0.0,0.0,,2.0,8.0,10.0,7.0,1.0,0.0,1.0,2.0,2.0,0.0,,2022,2021-22
530.0,Marcus Garrett,23.0,MIA,SG,12.0,0.0,128.0,5.0,21.0,0.238,1.0,4.0,0.25,4.0,17.0,0.235,0.262,2.0,5.0,0.4,9.0,14.0,23.0,7.0,5.0,3.0,2.0,16.0,13.0,0.0,,2022,2021-22
531.0,Gabriel Lundberg,27.0,PHO,SG,4.0,0.0,44.0,5.0,19.0,0.263,3.0,8.0,0.375,2.0,11.0,0.182,0.342,0.0,0.0,,2.0,5.0,7.0,11.0,3.0,0.0,3.0,7.0,13.0,0.0,,2022,2021-22
532.0,Yves Pons,22.0,MEM,SF,12.0,0.0,71.0,5.0,16.0,0.313,3.0,9.0,0.333,2.0,7.0,0.286,0.406,0.0,2.0,0.0,5.0,7.0,12.0,1.0,1.0,4.0,1.0,6.0,13.0,0.0,,2022,2021-22
533.0,Myles Powell,24.0,PHI,PG,11.0,0.0,52.0,5.0,17.0,0.294,1.0,6.0,0.167,4.0,11.0,0.364,0.324,2.0,2.0,1.0,1.0,5.0,6.0,3.0,1.0,0.0,3.0,8.0,13.0,0.0,,2022,2021-22
534.0,Isaac Bonga,22.0,TOR,SF,15.0,0.0,69.0,3.0,13.0,0.231,1.0,4.0,0.25,2.0,9.0,0.222,0.269,5.0,8.0,0.625,4.0,3.0,7.0,4.0,8.0,2.0,2.0,10.0,12.0,0.0,,2022,2021-22
535.0,Tacko Fall,26.0,CLE,C,11.0,1.0,59.0,5.0,12.0,0.417,0.0,0.0,,5.0,12.0,0.417,0.417,2.0,7.0,0.286,7.0,16.0,23.0,2.0,0.0,6.0,3.0,3.0,12.0,0.0,,2022,2021-22
536.0,Micah Potter,23.0,DET,C,3.0,0.0,31.0,5.0,11.0,0.455,0.0,2.0,0.0,5.0,9.0,0.556,0.455,2.0,2.0,1.0,4.0,5.0,9.0,0.0,1.0,1.0,1.0,4.0,12.0,0.0,,2022,2021-22
537.0,Cheick Diallo,25.0,DET,C,3.0,0.0,31.0,3.0,8.0,0.375,0.0,0.0,,3.0,8.0,0.375,0.375,5.0,6.0,0.833,4.0,8.0,12.0,0.0,1.0,0.0,1.0,6.0,11.0,0.0,,2022,2021-22
538.0,Tremont Waters,24.0,2TM,PG,3.0,0.0,50.0,4.0,14.0,0.286,2.0,9.0,0.222,2.0,5.0,0.4,0.357,0.0,0.0,,0.0,4.0,4.0,7.0,5.0,0.0,4.0,4.0,10.0,0.0,,2022,2021-22
538.0,Tremont Waters,24.0,TOR,PG,2.0,0.0,42.0,3.0,12.0,0.25,2.0,9.0,0.222,1.0,3.0,0.333,0.333,0.0,0.0,,0.0,4.0,4.0,7.0,4.0,0.0,4.0,2.0,8.0,0.0,,2022,2021-22
538.0,Tremont Waters,24.0,WAS,PG,1.0,0.0,8.0,1.0,2.0,0.5,0.0,0.0,,1.0,2.0,0.5,0.5,0.0,0.0,,0.0,0.0,0.0,0.0,1.0,0.0,0.0,2.0,2.0,0.0,,2022,2021-22
539.0,Daniel Oturu,22.0,TOR,C,3.0,0.0,27.0,3.0,6.0,0.5,0.0,1.0,0.0,3.0,5.0,0.6,0.5,3.0,5.0,0.6,1.0,4.0,5.0,0.0,0.0,2.0,0.0,1.0,9.0,0.0,,2022,2021-22
540.0,Solomon Hill,30.0,ATL,SF,13.0,1.0,139.0,3.0,20.0,0.15,2.0,13.0,0.154,1.0,7.0,0.143,0.2,0.0,0.0,,6.0,17.0,23.0,12.0,4.0,2.0,1.0,16.0,8.0,0.0,,2022,2021-22
541.0,Malik Newman,24.0,CLE,PG,1.0,0.0,8.0,3.0,5.0,0.6,0.0,1.0,0.0,3.0,4.0,0.75,0.6,2.0,2.0,1.0,0.0,1.0,1.0,1.0,0.0,0.0,1.0,0.0,8.0,0.0,,2022,2021-22
542.0,Gabe York,28.0,IND,SG,2.0,0.0,21.0,2.0,7.0,0.286,1.0,6.0,0.167,1.0,1.0,1.0,0.357,3.0,5.0,0.6,0.0,2.0,2.0,4.0,2.0,1.0,1.0,4.0,8.0,0.0,,2022,2021-22
543.0,Mac McClung,23.0,2TM,SG,2.0,0.0,25.0,3.0,6.0,0.5,1.0,3.0,0.333,2.0,3.0,0.667,0.583,1.0,1.0,1.0,0.0,3.0,3.0,1.0,1.0,1.0,3.0,5.0,8.0,0.0,,2022,2021-22
543.0,Mac McClung,23.0,CHI,PG,1.0,0.0,3.0,1.0,1.0,1.0,0.0,0.0,,1.0,1.0,1.0,1.0,0.0,0.0,,0.0,0.0,0.0,0.0,0.0,0.0,1.0,0.0,2.0,0.0,,2022,2021-22
543.0,Mac McClung,23.0,LAL,SG,1.0,0.0,22.0,2.0,5.0,0.4,1.0,3.0,0.333,1.0,2.0,0.5,0.5,1.0,1.0,1.0,0.0,3.0,3.0,1.0,1.0,1.0,2.0,5.0,6.0,0.0,,2022,2021-22
544.0,Sharife Cooper,20.0,ATL,PG,13.0,0.0,39.0,3.0,14.0,0.214,1.0,6.0,0.167,2.0,8.0,0.25,0.25,0.0,0.0,,0.0,5.0,5.0,5.0,0.0,0.0,5.0,1.0,7.0,0.0,,2022,2021-22
545.0,Eugene Omoruyi,24.0,DAL,SF,4.0,0.0,18.0,2.0,5.0,0.4,1.0,2.0,0.5,1.0,3.0,0.333,0.5,2.0,4.0,0.5,2.0,5.0,7.0,2.0,0.0,0.0,0.0,2.0,7.0,0.0,,2022,2021-22
546.0,Robert Woodard II,22.0,SAC,SF,12.0,0.0,42.0,2.0,16.0,0.125,1.0,4.0,0.25,1.0,12.0,0.083,0.156,2.0,2.0,1.0,5.0,6.0,11.0,3.0,1.0,1.0,1.0,3.0,7.0,0.0,,2022,2021-22
547.0,Paris Bass,26.0,PHO,SF,2.0,0.0,7.0,2.0,6.0,0.333,0.0,2.0,0.0,2.0,4.0,0.5,0.333,2.0,2.0,1.0,2.0,2.0,4.0,0.0,1.0,0.0,2.0,2.0,6.0,0.0,,2022,2021-22
548.0,Dakota Mathias,26.0,MEM,SG,6.0,0.0,16.0,2.0,6.0,0.333,2.0,6.0,0.333,0.0,0.0,,0.5,0.0,0.0,,0.0,2.0,2.0,1.0,1.0,0.0,0.0,1.0,6.0,0.0,,2022,2021-22
549.0,Norvel Pelle,28.0,UTA,C,3.0,0.0,19.0,3.0,5.0,0.6,0.0,0.0,,3.0,5.0,0.6,0.6,0.0,0.0,,3.0,3.0,6.0,0.0,0.0,1.0,2.0,1.0,6.0,0.0,,2022,2021-22
550.0,Tre Scott,25.0,CLE,SF,2.0,0.0,11.0,3.0,6.0,0.5,0.0,1.0,0.0,3.0,5.0,0.6,0.5,0.0,0.0,,1.0,1.0,2.0,0.0,1.0,1.0,0.0,2.0,6.0,0.0,,2022,2021-22
551.0,Craig Sword,28.0,WAS,SG,3.0,0.0,19.0,3.0,4.0,0.75,0.0,1.0,0.0,3.0,3.0,1.0,0.75,0.0,0.0,,0.0,0.0,0.0,1.0,4.0,0.0,1.0,7.0,6.0,0.0,,2022,2021-22
552.0,Juwan Morgan,24.0,2TM,PF,2.0,0.0,31.0,2.0,3.0,0.667,1.0,2.0,0.5,1.0,1.0,1.0,0.833,0.0,0.0,,2.0,2.0,4.0,1.0,0.0,0.0,0.0,3.0,5.0,0.0,,2022,2021-22
552.0,Juwan Morgan,24.0,TOR,PF,1.0,0.0,27.0,2.0,3.0,0.667,1.0,2.0,0.5,1.0,1.0,1.0,0.833,0.0,0.0,,2.0,2.0,4.0,1.0,0.0,0.0,0.0,3.0,5.0,0.0,,2022,2021-22
552.0,Juwan Morgan,24.0,BOS,PF,1.0,0.0,4.0,0.0,0.0,,0.0,0.0,,0.0,0.0,,,0.0,0.0,,0.0,0.0,0.0,0.0,0.0,0.0,0.0,0.0,0.0,0.0,,2022,2021-22
553.0,Miye Oni,24.0,UTA,SG,16.0,0.0,44.0,2.0,9.0,0.222,1.0,8.0,0.125,1.0,1.0,1.0,0.278,0.0,1.0,0.0,1.0,6.0,7.0,5.0,0.0,0.0,1.0,7.0,5.0,0.0,,2022,2021-22
554.0,Jordan Schakel,23.0,WAS,SG,4.0,0.0,30.0,1.0,11.0,0.091,1.0,6.0,0.167,0.0,5.0,0.0,0.136,2.0,2.0,1.0,2.0,6.0,8.0,0.0,1.0,0.0,1.0,0.0,5.0,0.0,,2022,2021-22
555.0,Wayne Selden,27.0,NYK,SG,3.0,0.0,19.0,1.0,4.0,0.25,1.0,2.0,0.5,0.0,2.0,0.0,0.375,2.0,4.0,0.5,0.0,1.0,1.0,1.0,0.0,0.0,0.0,1.0,5.0,0.0,,2022,2021-22
556.0,Xavier Sneed,24.0,2TM,SF,9.0,0.0,39.0,2.0,10.0,0.2,1.0,8.0,0.125,1.0,2.0,0.5,0.25,0.0,0.0,,2.0,4.0,6.0,1.0,0.0,0.0,0.0,2.0,5.0,0.0,,2022,2021-22
556.0,Xavier Sneed,24.0,MEM,SF,2.0,0.0,8.0,0.0,2.0,0.0,0.0,2.0,0.0,0.0,0.0,,0.0,0.0,0.0,,1.0,1.0,2.0,0.0,0.0,0.0,0.0,2.0,0.0,0.0,,2022,2021-22
556.0,Xavier Sneed,24.0,UTA,SF,7.0,0.0,31.0,2.0,8.0,0.25,1.0,6.0,0.167,1.0,2.0,0.5,0.313,0.0,0.0,,1.0,3.0,4.0,1.0,0.0,0.0,0.0,0.0,5.0,0.0,,2022,2021-22
557.0,McKinley Wright IV,23.0,MIN,PG,5.0,0.0,19.0,2.0,3.0,0.667,1.0,2.0,0.5,1.0,1.0,1.0,0.833,0.0,0.0,,0.0,0.0,0.0,3.0,0.0,0.0,1.0,1.0,5.0,0.0,,2022,2021-22
558.0,Moses Wright,23.0,2TM,PF,4.0,0.0,14.0,1.0,4.0,0.25,0.0,1.0,0.0,1.0,3.0,0.333,0.25,3.0,3.0,1.0,1.0,2.0,3.0,2.0,0.0,1.0,0.0,0.0,5.0,0.0,,2022,2021-22
558.0,Moses Wright,23.0,LAC,PF,1.0,0.0,1.0,0.0,0.0,,0.0,0.0,,0.0,0.0,,,0.0,0.0,,0.0,0.0,0.0,1.0,0.0,0.0,0.0,0.0,0.0,0.0,,2022,2021-22
558.0,Moses Wright,23.0,DAL,PF,3.0,0.0,13.0,1.0,4.0,0.25,0.0,1.0,0.0,1.0,3.0,0.333,0.25,3.0,3.0,1.0,1.0,2.0,3.0,1.0,0.0,1.0,0.0,0.0,5.0,0.0,,2022,2021-22
559.0,Darren Collison,34.0,LAL,PG,3.0,0.0,37.0,2.0,7.0,0.286,0.0,3.0,0.0,2.0,4.0,0.5,0.286,0.0,0.0,,0.0,4.0,4.0,2.0,1.0,0.0,1.0,5.0,4.0,0.0,,2022,2021-22
560.0,Damyean Dotson,27.0,NYK,SG,2.0,0.0,21.0,2.0,4.0,0.5,0.0,1.0,0.0,2.0,3.0,0.667,0.5,0.0,0.0,,0.0,2.0,2.0,1.0,0.0,0.0,0.0,0.0,4.0,0.0,,2022,2021-22
561.0,Shaquille Harrison,28.0,BRK,SG,2.0,0.0,23.0,2.0,6.0,0.333,0.0,2.0,0.0,2.0,4.0,0.5,0.333,0.0,0.0,,1.0,3.0,4.0,3.0,1.0,1.0,2.0,3.0,4.0,0.0,,2022,2021-22
562.0,Scotty Hopson,32.0,OKC,SG,1.0,0.0,18.0,2.0,4.0,0.5,0.0,1.0,0.0,2.0,3.0,0.667,0.5,0.0,0.0,,0.0,1.0,1.0,1.0,0.0,0.0,2.0,1.0,4.0,0.0,,2022,2021-22
563.0,Chandler Hutchison,25.0,PHO,SF,6.0,0.0,22.0,1.0,2.0,0.5,0.0,0.0,,1.0,2.0,0.5,0.5,2.0,2.0,1.0,0.0,5.0,5.0,2.0,0.0,0.0,4.0,1.0,4.0,0.0,,2022,2021-22
564.0,Jemerrio Jones,26.0,LAL,SF,2.0,0.0,15.0,2.0,3.0,0.667,0.0,0.0,,2.0,3.0,0.667,0.667,0.0,0.0,,2.0,1.0,3.0,0.0,1.0,0.0,0.0,2.0,4.0,0.0,,2022,2021-22
565.0,Carlik Jones,24.0,2TM,PG,5.0,0.0,23.0,1.0,9.0,0.111,0.0,1.0,0.0,1.0,8.0,0.125,0.111,2.0,2.0,1.0,1.0,2.0,3.0,5.0,1.0,0.0,3.0,0.0,4.0,0.0,,2022,2021-22
565.0,Carlik Jones,24.0,DAL,PG,3.0,0.0,19.0,0.0,7.0,0.0,0.0,1.0,0.0,0.0,6.0,0.0,0.0,2.0,2.0,1.0,1.0,2.0,3.0,5.0,1.0,0.0,3.0,0.0,2.0,0.0,,2022,2021-22
565.0,Carlik Jones,24.0,DEN,PG,2.0,0.0,4.0,1.0,2.0,0.5,0.0,0.0,,1.0,2.0,0.5,0.5,0.0,0.0,,0.0,0.0,0.0,0.0,0.0,0.0,0.0,0.0,2.0,0.0,,2022,2021-22
566.0,Rob Edwards,25.0,OKC,SG,2.0,0.0,11.0,1.0,4.0,0.25,1.0,4.0,0.25,0.0,0.0,,0.375,0.0,0.0,,0.0,3.0,3.0,0.0,0.0,0.0,1.0,0.0,3.0,0.0,,2022,2021-22
567.0,Emmanuel Mudiay,25.0,SAC,PG,2.0,0.0,11.0,0.0,2.0,0.0,0.0,0.0,,0.0,2.0,0.0,0.0,3.0,4.0,0.75,0.0,0.0,0.0,4.0,1.0,0.0,1.0,1.0,3.0,0.0,,2022,2021-22
568.0,Matt Ryan,24.0,BOS,SF,1.0,0.0,5.0,1.0,5.0,0.2,1.0,5.0,0.2,0.0,0.0,,0.3,0.0,0.0,,0.0,0.0,0.0,0.0,1.0,0.0,0.0,0.0,3.0,0.0,,2022,2021-22
569.0,Deividas Sirvydis,21.0,DET,SG,3.0,0.0,27.0,1.0,10.0,0.1,1.0,7.0,0.143,0.0,3.0,0.0,0.15,0.0,0.0,,0.0,6.0,6.0,1.0,3.0,1.0,0.0,4.0,3.0,0.0,,2022,2021-22
570.0,Joel Ayayi,21.0,WAS,SG,7.0,0.0,20.0,1.0,6.0,0.167,0.0,1.0,0.0,1.0,5.0,0.2,0.167,0.0,0.0,,1.0,2.0,3.0,4.0,0.0,0.0,0.0,0.0,2.0,0.0,,2022,2021-22
571.0,Shaq Buchanan,25.0,MEM,SG,2.0,0.0,10.0,1.0,4.0,0.25,0.0,2.0,0.0,1.0,2.0,0.5,0.25,0.0,0.0,,1.0,1.0,2.0,2.0,1.0,0.0,2.0,1.0,2.0,0.0,,2022,2021-22
572.0,Ahmad Caver,25.0,IND,SG,1.0,0.0,1.0,1.0,1.0,1.0,0.0,0.0,,1.0,1.0,1.0,1.0,0.0,0.0,,0.0,0.0,0.0,0.0,0.0,0.0,0.0,0.0,2.0,0.0,,2022,2021-22
573.0,Jarron Cumberland,24.0,POR,SG,3.0,0.0,12.0,1.0,2.0,0.5,0.0,1.0,0.0,1.0,1.0,1.0,0.5,0.0,0.0,,1.0,2.0,3.0,1.0,0.0,0.0,0.0,2.0,2.0,0.0,,2022,2021-22
574.0,Aaron Henry,22.0,PHI,SF,6.0,0.0,17.0,1.0,5.0,0.2,0.0,1.0,0.0,1.0,4.0,0.25,0.2,0.0,0.0,,0.0,1.0,1.0,0.0,0.0,2.0,2.0,2.0,2.0,0.0,,2022,2021-22
575.0,DaQuan Jeffries,24.0,MEM,SG,3.0,0.0,9.0,1.0,2.0,0.5,0.0,1.0,0.0,1.0,1.0,1.0,0.5,0.0,0.0,,0.0,2.0,2.0,1.0,0.0,0.0,0.0,1.0,2.0,0.0,,2022,2021-22
576.0,Joe Johnson,40.0,BOS,SG,1.0,0.0,2.0,1.0,1.0,1.0,0.0,0.0,,1.0,1.0,1.0,1.0,0.0,0.0,,0.0,0.0,0.0,0.0,0.0,0.0,0.0,0.0,2.0,0.0,,2022,2021-22
577.0,Jaylen Morris,26.0,SAS,SG,3.0,0.0,16.0,0.0,6.0,0.0,0.0,2.0,0.0,0.0,4.0,0.0,0.0,2.0,4.0,0.5,0.0,2.0,2.0,2.0,0.0,0.0,1.0,2.0,2.0,0.0,,2022,2021-22
578.0,Jaden Springer,19.0,PHI,SG,2.0,0.0,6.0,1.0,1.0,1.0,0.0,0.0,,1.0,1.0,1.0,1.0,0.0,0.0,,1.0,1.0,2.0,0.0,0.0,2.0,1.0,0.0,2.0,0.0,,2022,2021-22
579.0,Tyrell Terry,21.0,MEM,PG,2.0,0.0,3.0,1.0,1.0,1.0,0.0,0.0,,1.0,1.0,1.0,1.0,0.0,0.0,,0.0,0.0,0.0,0.0,0.0,0.0,0.0,1.0,2.0,0.0,,2022,2021-22
580.0,George King,28.0,DAL,SF,4.0,0.0,19.0,0.0,5.0,0.0,0.0,4.0,0.0,0.0,1.0,0.0,0.0,1.0,2.0,0.5,0.0,5.0,5.0,0.0,0.0,0.0,1.0,4.0,1.0,0.0,,2022,2021-22
581.0,Scottie Lewis,21.0,CHO,SG,2.0,0.0,7.0,0.0,0.0,,0.0,0.0,,0.0,0.0,,,1.0,2.0,0.5,0.0,0.0,0.0,1.0,1.0,0.0,0.0,0.0,1.0,0.0,,2022,2021-22
582.0,Cat Barber,27.0,ATL,PG,3.0,0.0,13.0,0.0,4.0,0.0,0.0,0.0,,0.0,4.0,0.0,0.0,0.0,4.0,0.0,1.0,2.0,3.0,3.0,0.0,0.0,1.0,1.0,0.0,0.0,,2022,2021-22
583.0,Jordan Bell,27.0,CHI,C,1.0,0.0,2.0,0.0,0.0,,0.0,0.0,,0.0,0.0,,,0.0,0.0,,1.0,0.0,1.0,0.0,1.0,0.0,0.0,2.0,0.0,0.0,,2022,2021-22
584.0,Zylan Cheatham,26.0,UTA,SF,1.0,0.0,5.0,0.0,3.0,0.0,0.0,2.0,0.0,0.0,1.0,0.0,0.0,0.0,0.0,,0.0,0.0,0.0,0.0,0.0,0.0,0.0,0.0,0.0,0.0,,2022,2021-22
585.0,Sam Dekker,27.0,TOR,PF,1.0,0.0,1.0,0.0,0.0,,0.0,0.0,,0.0,0.0,,,0.0,0.0,,0.0,0.0,0.0,0.0,0.0,0.0,0.0,0.0,0.0,0.0,,2022,2021-22
586.0,Javin DeLaurier,23.0,MIL,C,1.0,0.0,3.0,0.0,0.0,,0.0,0.0,,0.0,0.0,,,0.0,0.0,,0.0,1.0,1.0,0.0,1.0,0.0,0.0,1.0,0.0,0.0,,2022,2021-22
587.0,Jaime Echenique,24.0,WAS,C,1.0,0.0,3.0,0.0,0.0,,0.0,0.0,,0.0,0.0,,,0.0,0.0,,0.0,0.0,0.0,0.0,0.0,0.0,0.0,0.0,0.0,0.0,,2022,2021-22
588.0,Jordan Goodwin,23.0,WAS,SG,2.0,0.0,6.0,0.0,3.0,0.0,0.0,1.0,0.0,0.0,2.0,0.0,0.0,0.0,0.0,,0.0,1.0,1.0,0.0,0.0,0.0,0.0,1.0,0.0,0.0,,2022,2021-22
589.0,Tyler Hall,24.0,NYK,SG,1.0,0.0,2.0,0.0,0.0,,0.0,0.0,,0.0,0.0,,,0.0,0.0,,0.0,0.0,0.0,0.0,0.0,0.0,0.0,0.0,0.0,0.0,,2022,2021-22
590.0,Nate Hinton,22.0,IND,SG,2.0,0.0,2.0,0.0,1.0,0.0,0.0,0.0,,0.0,1.0,0.0,0.0,0.0,0.0,,0.0,0.0,0.0,0.0,0.0,0.0,1.0,0.0,0.0,0.0,,2022,2021-22
591.0,Jay Huff,23.0,LAL,C,4.0,0.0,20.0,0.0,3.0,0.0,0.0,2.0,0.0,0.0,1.0,0.0,0.0,0.0,0.0,,1.0,3.0,4.0,1.0,1.0,1.0,1.0,1.0,0.0,0.0,,2022,2021-22
592.0,Feron Hunt,22.0,NYK,SF,2.0,0.0,8.0,0.0,2.0,0.0,0.0,0.0,,0.0,2.0,0.0,0.0,0.0,0.0,,1.0,0.0,1.0,1.0,1.0,0.0,1.0,1.0,0.0,0.0,,2022,2021-22
593.0,DeJon Jarreau,24.0,IND,SG,1.0,0.0,1.0,0.0,0.0,,0.0,0.0,,0.0,0.0,,,0.0,0.0,,0.0,0.0,0.0,0.0,0.0,0.0,0.0,0.0,0.0,0.0,,2022,2021-22
594.0,David Johnson,20.0,TOR,SG,2.0,0.0,2.0,0.0,1.0,0.0,0.0,1.0,0.0,0.0,0.0,,0.0,0.0,0.0,,0.0,0.0,0.0,0.0,0.0,0.0,0.0,0.0,0.0,0.0,,2022,2021-22
595.0,Arnoldas Kulboka,24.0,CHO,SF,2.0,0.0,5.0,0.0,1.0,0.0,0.0,1.0,0.0,0.0,0.0,,0.0,0.0,0.0,,0.0,0.0,0.0,0.0,0.0,0.0,0.0,1.0,0.0,0.0,,2022,2021-22
596.0,Anthony Lamb,24.0,SAS,SF,2.0,0.0,8.0,0.0,2.0,0.0,0.0,2.0,0.0,0.0,0.0,,0.0,0.0,0.0,,0.0,1.0,1.0,2.0,0.0,0.0,0.0,0.0,0.0,0.0,,2022,2021-22
597.0,JaQuori McLaughlin,24.0,DAL,PG,4.0,0.0,11.0,0.0,2.0,0.0,0.0,1.0,0.0,0.0,1.0,0.0,0.0,0.0,0.0,,0.0,0.0,0.0,2.0,0.0,0.0,0.0,1.0,0.0,0.0,,2022,2021-22
598.0,C.J. Miles,34.0,BOS,SG,1.0,0.0,2.0,0.0,0.0,,0.0,0.0,,0.0,0.0,,,0.0,0.0,,0.0,0.0,0.0,0.0,0.0,0.0,0.0,1.0,0.0,0.0,,2022,2021-22
599.0,Matt Mooney,25.0,NYK,SG,1.0,0.0,2.0,0.0,1.0,0.0,0.0,1.0,0.0,0.0,0.0,,0.0,0.0,0.0,,0.0,0.0,0.0,0.0,1.0,0.0,1.0,0.0,0.0,0.0,,2022,2021-22
600.0,Ade Murkey,24.0,SAC,SG,1.0,0.0,1.0,0.0,0.0,,0.0,0.0,,0.0,0.0,,,0.0,0.0,,0.0,0.0,0.0,0.0,0.0,0.0,0.0,0.0,0.0,0.0,,2022,2021-22
601.0,Jaysean Paige,27.0,DET,PG,1.0,0.0,7.0,0.0,3.0,0.0,0.0,2.0,0.0,0.0,1.0,0.0,0.0,0.0,0.0,,0.0,1.0,1.0,1.0,0.0,0.0,1.0,2.0,0.0,0.0,,2022,2021-22
602.0,Trayvon Palmer,27.0,DET,SG,1.0,0.0,17.0,0.0,1.0,0.0,0.0,0.0,,0.0,1.0,0.0,0.0,0.0,0.0,,0.0,2.0,2.0,0.0,0.0,0.0,1.0,2.0,0.0,0.0,,2022,2021-22
603.0,Emanuel Terry,25.0,PHO,PF,3.0,0.0,18.0,0.0,5.0,0.0,0.0,0.0,,0.0,5.0,0.0,0.0,0.0,0.0,,8.0,7.0,15.0,2.0,1.0,0.0,5.0,4.0,0.0,0.0,,2022,2021-22
604.0,Jon Teske,24.0,MEM,C,3.0,0.0,8.0,0.0,1.0,0.0,0.0,0.0,,0.0,1.0,0.0,0.0,0.0,2.0,0.0,0.0,2.0,2.0,1.0,1.0,0.0,0.0,1.0,0.0,0.0,,2022,2021-22
605.0,M.J. Walker,23.0,PHO,SG,2.0,0.0,8.0,0.0,4.0,0.0,0.0,2.0,0.0,0.0,2.0,0.0,0.0,0.0,0.0,,0.0,1.0,1.0,1.0,2.0,0.0,0.0,1.0,0.0,0.0,,2022,2021-22
,League Average,,,,,,,,,0.461,,,0.354,,,0.533,0.532,,,0.775,,,,,,,,,,,,2022,2021-22
